time,timebounds_lower,timebounds_upper,ghg_p05,ghg_p17,ghg_p50,ghg_p83,ghg_p95,natural_p05,natural_p17,natural_p50,natural_p83,natural_p95,other_human_forcing_p05,other_human_forcing_p17,other_human_forcing_p50,other_human_forcing_p83,other_human_forcing_p95,anthropogenic_p05,anthropogenic_p17,anthropogenic_p50,anthropogenic_p83,anthropogenic_p95,total_p05,total_p17,total_p50,total_p83,total_p95,residual_p05,residual_p17,residual_p50,residual_p83,residual_p95,aerosol-cloud_interactions_p05,aerosol-cloud_interactions_p17,aerosol-cloud_interactions_p50,aerosol-cloud_interactions_p83,aerosol-cloud_interactions_p95,aerosol-radiation_interactions_p05,aerosol-radiation_interactions_p17,aerosol-radiation_interactions_p50,aerosol-radiation_interactions_p83,aerosol-radiation_interactions,bc_snow_p05,bc_snow_p17,bc_snow_p50,bc_snow_p83,bc_snow_p95,ch4_p05,ch4_p17,ch4_p50,ch4_p83,ch4_p95,co2_p05,co2_p17,co2_p50,co2_p83,co2_p95,contrails_p05,contrails_p17,contrails_p50,contrails_p83,contrails_p95,h2o_strat_p05,h2o_strat_p17,h2o_strat_p50,h2o_strat_p83,h2o_strat_p95,halogen_p05,halogen_p17,halogen_p50,halogen_p83,halogen_p95,land_use_p05,land_use_p17,land_use_p50,land_use_p83,land_use_p95,n2o_p05,n2o_p17,n2o_p50,n2o_p83,n2o_p95,o3_p05,o3_p17,o3_p50,o3_p83,o3_p95,solar_p05,solar_p17,solar_p50,solar_p83,solar_p95,volcanic_p05,volcanic_p17,volcanic_p50,volcanic_p83,volcanic_p95
1850.5,1850,1851,-0.06655252,-0.06118012,-0.05507367,-0.049222764,-0.042502932,0.000828465,0.0050893,0.020570863,0.039545734,0.051843901,0.012979169,0.019187218,0.032298081,0.060601075,0.084955927,-0.039088488,-0.033907753,-0.021654971,0.002907658,0.026034958,-0.032452415,-0.020383179,0.00333257,0.032976473,0.057338091,-0.201066882,-0.142918038,-0.074637474,-0.004937692,0.040830551,0.01081469,0.015434799,0.02679638,0.054935847,0.078965173,-0.003960027,0.00014031,0.003738983,0.007756779,0.011741097,-0.009300507,-0.005287591,-0.002375943,-0.000937692,-4.78E-05,-0.017813584,-0.015923645,-0.013565708,-0.011388947,-0.009864021,-0.043939669,-0.040483919,-0.03645954,-0.0324341,-0.027679513,0,0,0,0,0,-0.002531861,-0.001609888,-0.000726355,-0.000287198,-3.10E-05,-7.92E-08,-7.02E-08,-5.83E-08,-4.77E-08,-4.01E-08,0.003222492,0.005756033,0.011080909,0.020434461,0.032953542,-0.006319367,-0.005713809,-0.004980493,-0.004278733,-0.003680755,-0.019444981,-0.012037678,-0.006502263,-0.003520072,-0.002279726,0.000353175,0.001668769,0.004002998,0.007152644,0.009932864,-0.001330619,0.00183052,0.016383705,0.033471556,0.044029784
1851.5,1851,1852,-0.065213702,-0.059951448,-0.053969988,-0.048237658,-0.041652399,0.003897375,0.011627749,0.027750805,0.048078787,0.06187881,0.012821832,0.018912686,0.031755003,0.059173934,0.082842583,-0.038176917,-0.033101803,-0.02111016,0.00263927,0.025050987,-0.028327344,-0.014108874,0.011202353,0.041908289,0.066385342,-0.057984188,0.00474057,0.084860469,0.156526025,0.203097285,0.010693678,0.01526076,0.026440016,0.05372509,0.077072426,-0.003773026,0.000215088,0.003763842,0.00774358,0.011693095,-0.009072862,-0.00515864,-0.002318321,-0.000915357,-4.66E-05,-0.01750217,-0.015646647,-0.013330645,-0.011192142,-0.009693825,-0.042954945,-0.039578112,-0.03564625,-0.031711842,-0.027062272,0,0,0,0,0,-0.00248878,-0.001582599,-0.000714075,-0.000282379,-3.04E-05,-7.85E-08,-6.96E-08,-5.77E-08,-4.72E-08,-3.96E-08,0.003129194,0.005590802,0.010763901,0.019851401,0.032021862,-0.006250358,-0.005651433,-0.004926206,-0.004232138,-0.003640671,-0.019232126,-0.0119079,-0.006432929,-0.00348313,-0.002256391,0.000299701,0.001468606,0.003545565,0.006375053,0.008917348,0.003118591,0.009232205,0.023881296,0.042594435,0.054884085
1852.5,1852,1853,-0.06373002,-0.058586397,-0.052739964,-0.047138825,-0.040705213,0.005387812,0.015793092,0.033511125,0.05464161,0.069647238,0.012693644,0.018752757,0.031634108,0.059187803,0.083102441,-0.037089411,-0.032059318,-0.019982272,0.003939816,0.026517346,-0.025189384,-0.009027751,0.01800919,0.050081174,0.075443584,-0.005837071,0.045777136,0.117877782,0.188518113,0.239434505,0.010678602,0.015271743,0.026616025,0.054146656,0.077617074,-0.003572622,0.000310411,0.003877893,0.007883967,0.011891508,-0.009024467,-0.005132022,-0.002306844,-0.000911508,-4.64E-05,-0.017208527,-0.015385526,-0.013109033,-0.011006423,-0.009533206,-0.041833778,-0.038544799,-0.034715786,-0.030884527,-0.026356392,0,0,0,0,0,-0.002448113,-0.001556858,-0.000702489,-0.000277835,-2.99E-05,-7.75E-08,-6.87E-08,-5.69E-08,-4.65E-08,-3.91E-08,0.003025577,0.005406877,0.010410999,0.019202342,0.030982176,-0.006152675,-0.005563257,-0.004849801,-0.004166951,-0.003584811,-0.019267904,-0.011931766,-0.006446871,-0.003491451,-0.002262412,0.00023387,0.00123797,0.003057162,0.005593253,0.007928582,0.004773027,0.013942536,0.030034205,0.049735533,0.06345465
1853.5,1853,1854,-0.062105288,-0.057090167,-0.051391236,-0.045933855,-0.039666925,0.004935662,0.01440154,0.030158457,0.049470739,0.063480181,0.012511967,0.018483692,0.031233049,0.058401006,0.082203502,-0.035949581,-0.031007723,-0.019036565,0.004572938,0.02697647,-0.024790685,-0.009795086,0.015353745,0.046056725,0.070925943,-0.048955676,0.011380812,0.080489171,0.142589109,0.194380131,0.010595391,0.015168513,0.0264923,0.053726926,0.077056428,-0.00337893,0.000392413,0.003937782,0.007942409,0.011959966,-0.008886558,-0.005053959,-0.002271831,-0.000897848,-4.57E-05,-0.016870493,-0.015083961,-0.012852478,-0.010791146,-0.009346797,-0.04063349,-0.037438328,-0.033719214,-0.029998555,-0.025600115,0,0,0,0,0,-0.002401232,-0.00152709,-0.000689071,-0.000272546,-2.94E-05,-7.64E-08,-6.77E-08,-5.60E-08,-4.58E-08,-3.84E-08,0.002915844,0.005211835,0.010036703,0.018513868,0.029877595,-0.006032658,-0.005454991,-0.004755969,-0.004086884,-0.00351632,-0.019162135,-0.01186729,-0.006412243,-0.003472949,-0.002250585,8.30E-05,0.000787285,0.002175841,0.004248652,0.006236715,0.004503758,0.013102712,0.027643817,0.045782772,0.058725328
1854.5,1854,1855,-0.060407154,-0.055527368,-0.049983805,-0.044677171,-0.038582787,0.001108137,0.00389114,0.013432785,0.02794254,0.03781346,0.012179055,0.017891854,0.029955929,0.055080626,0.077206427,-0.034949451,-0.030218624,-0.018968275,0.002734478,0.023447434,-0.029647968,-0.020410806,-0.001832134,0.023635707,0.045538777,-0.038116705,0.00338037,0.064955568,0.123784367,0.163804365,0.010275514,0.014680202,0.025385633,0.05056666,0.07236719,-0.003183933,0.000437733,0.003844251,0.007712325,0.011572806,-0.008425378,-0.004791001,-0.002153217,-0.000850378,-4.33E-05,-0.01648147,-0.01473637,-0.012556541,-0.010542728,-0.009131762,-0.03942781,-0.036327723,-0.032720491,-0.029111419,-0.024842539,0,0,0,0,0,-0.002347196,-0.001492741,-0.000673577,-0.000266425,-2.87E-05,-7.51E-08,-6.65E-08,-5.50E-08,-4.49E-08,-3.77E-08,0.002801933,0.005009064,0.009647324,0.017797659,0.028726924,-0.005891503,-0.005327526,-0.004645382,-0.003992487,-0.003435567,-0.018608094,-0.011522925,-0.00622576,-0.003371508,-0.00218446,-0.000835751,-0.000164268,0.000586994,0.001990796,0.003394429,0.001127067,0.003700022,0.012618668,0.026447124,0.035694297
1855.5,1855,1856,-0.05869054,-0.053949477,-0.048565,-0.04341069,-0.037488852,-0.003852499,-0.000498098,0.00850439,0.019943026,0.028256802,0.011867074,0.017305894,0.028666587,0.051641141,0.072032384,-0.033930279,-0.029423335,-0.018895519,0.00080234,0.019814257,-0.031959173,-0.024189281,-0.008049859,0.014418417,0.034170028,-0.012935816,0.020852645,0.06974362,0.127288935,0.190968484,0.009920882,0.014145807,0.024205066,0.04718751,0.067380013,-0.002950317,0.000508881,0.003762709,0.007492801,0.011191969,-0.00791041,-0.004497758,-0.002020974,-0.000797616,-4.06E-05,-0.016046421,-0.014347358,-0.012225163,-0.010264645,-0.008890985,-0.038263694,-0.035256745,-0.031759307,-0.028258162,-0.024113262,0,0,0,0,0,-0.002286654,-0.001454262,-0.000656214,-0.000259558,-2.80E-05,-7.37E-08,-6.53E-08,-5.40E-08,-4.40E-08,-3.69E-08,0.002684684,0.00480028,0.009246191,0.017059603,0.027540888,-0.005733561,-0.005184841,-0.004521403,-0.003886527,-0.003344882,-0.017939522,-0.011107917,-0.006001062,-0.003249516,-0.002105119,-0.004244407,-0.002695319,-0.001151802,-0.000113782,0.000575493,-0.001801457,0.000913477,0.009664072,0.021351426,0.029546554
1856.5,1856,1857,-0.056951113,-0.052352278,-0.047129801,-0.042129595,-0.036381744,0.001216862,0.005369252,0.016284146,0.030196824,0.039849418,0.011573082,0.016847289,0.027857192,0.049887529,0.069549633,-0.032839127,-0.028479093,-0.018290357,0.000552113,0.018805008,-0.026872088,-0.017161988,0.000990762,0.024289514,0.04382457,-0.07616235,-0.029137642,0.025681969,0.082626169,0.118857066,0.009712857,0.01385113,0.023656406,0.045750588,0.065228252,-0.00275452,0.000573855,0.003752615,0.007418335,0.011054816,-0.007643371,-0.004346066,-0.001953175,-0.000771206,-3.93E-05,-0.015576855,-0.013927454,-0.011867431,-0.009964425,-0.008631104,-0.037123911,-0.034209076,-0.030819437,-0.027423698,-0.023399843,0,0,0,0,0,-0.00222129,-0.001412687,-0.000637449,-0.000252138,-2.72E-05,-7.23E-08,-6.40E-08,-5.29E-08,-4.31E-08,-3.61E-08,0.002564753,0.004586618,0.00883566,0.016304152,0.026325626,-0.005561448,-0.005029193,-0.004386064,-0.003770704,-0.003245621,-0.017611702,-0.010905971,-0.005892578,-0.003191148,-0.002067704,-0.008096272,-0.005665299,-0.003103276,-0.001234755,-0.000267663,0.002806545,0.008264927,0.019922059,0.034522524,0.044788286
1857.5,1857,1858,-0.055102439,-0.05065305,-0.045601271,-0.040764845,-0.035202649,-0.019351191,-0.011364836,-0.001664087,0.003578517,0.007986082,0.011287523,0.016337423,0.026815366,0.04730413,0.065717575,-0.03167013,-0.027498649,-0.017848141,-0.000420168,0.016589308,-0.039644274,-0.032031707,-0.020293932,-0.002437721,0.014358577,-0.200382416,-0.153402299,-0.088840041,-0.027123414,0.019501571,0.009431433,0.0134358,0.022782424,0.043334225,0.061656824,-0.002556261,0.000639009,0.003703352,0.007267571,0.010789012,-0.007253208,-0.004124024,-0.001853258,-0.000731568,-3.73E-05,-0.015081856,-0.013484783,-0.011490386,-0.00964798,-0.008357087,-0.035905842,-0.033087948,-0.029811293,-0.026527607,-0.022634889,0,0,0,0,0,-0.002152281,-0.001368814,-0.000617641,-0.000244305,-2.63E-05,-7.07E-08,-6.26E-08,-5.17E-08,-4.21E-08,-3.53E-08,0.00244262,0.004368775,0.008417105,0.015533716,0.025085914,-0.005382323,-0.00486718,-0.004244968,-0.003649765,-0.003141802,-0.017033837,-0.010547758,-0.005698754,-0.003086039,-0.00199945,-0.009521349,-0.006807087,-0.003867516,-0.00165511,-0.000475232,-0.012737451,-0.006747192,0.000440663,0.007812595,0.012789967
1858.5,1858,1859,-0.053091557,-0.048802546,-0.043934754,-0.039276278,-0.033918023,-0.056297036,-0.042795505,-0.026952167,-0.013520112,-0.004766738,0.011134552,0.015888184,0.025646876,0.043829061,0.060335925,-0.030283572,-0.026344592,-0.017436322,-0.002101329,0.013086997,-0.071578637,-0.058456614,-0.042395384,-0.026565985,-0.013265044,-0.104347904,-0.05718637,0.002000722,0.063918249,0.115336726,0.009073966,0.012899559,0.02155814,0.039697619,0.056275645,-0.002280847,0.000743903,0.003649843,0.007086978,0.010446307,-0.006678588,-0.003796506,-0.001705341,-0.000672462,-3.43E-05,-0.014546446,-0.013005678,-0.0110821,-0.009305248,-0.008060391,-0.034562197,-0.031849144,-0.028695145,-0.025535048,-0.021787914,0,0,0,0,0,-0.002077559,-0.001321261,-0.000596168,-0.00023581,-2.54E-05,-6.92E-08,-6.12E-08,-5.06E-08,-4.11E-08,-3.45E-08,0.002318503,0.004147395,0.00799154,0.014750211,0.023824528,-0.005204993,-0.004706714,-0.004105135,-0.00352973,-0.003038608,-0.016030334,-0.009923843,-0.005360302,-0.002902022,-0.001879287,-0.007078012,-0.004961659,-0.002760555,-0.00113521,-0.000265483,-0.051304748,-0.038366694,-0.02374783,-0.011779144,-0.004165047
1859.5,1859,1860,-0.050922792,-0.046805526,-0.042135367,-0.037668424,-0.032530563,-0.033627984,-0.023276268,-0.012750534,-0.00591698,-0.002138395,0.010843812,0.0153246,0.024448493,0.0408198,0.055737817,-0.028880204,-0.025165633,-0.016921915,-0.003190206,0.010436471,-0.049144618,-0.040278342,-0.029805419,-0.017063285,-0.004480857,6.20E-05,0.036074776,0.094024024,0.152039044,0.206804683,0.008727078,0.012384001,0.020462032,0.036759785,0.051920257,-0.002085333,0.000800934,0.003564974,0.006881683,0.010090293,-0.006222783,-0.003537158,-0.001588699,-0.000626314,-3.19E-05,-0.013965853,-0.012485926,-0.01063899,-0.008933127,-0.007738201,-0.033116039,-0.030515163,-0.027492382,-0.024465142,-0.020875279,0,0,0,0,0,-0.001996391,-0.001269577,-0.000572843,-0.00022657,-2.44E-05,-6.76E-08,-5.98E-08,-4.93E-08,-4.01E-08,-3.36E-08,0.002192651,0.003922808,0.007559856,0.013955428,0.022544545,-0.005013346,-0.004533265,-0.003953964,-0.003399936,-0.00292704,-0.015247759,-0.00943869,-0.005097864,-0.002759824,-0.001787138,-0.002298214,-0.001273263,-0.000291556,0.00045708,0.001231075,-0.032615668,-0.022731573,-0.012429016,-0.005689326,-0.002052065
1860.5,1860,1861,-0.0485899,-0.044655942,-0.040196179,-0.035934906,-0.031034963,-0.001706885,3.81E-05,0.00940826,0.017246505,0.023158977,0.010356503,0.01458919,0.023151735,0.038193931,0.051893833,-0.027502344,-0.024004158,-0.016350282,-0.003780055,0.008600216,-0.025228655,-0.018749312,-0.006346279,0.009290517,0.022573105,-0.140534059,-0.109261504,-0.052122649,0.014631224,0.056151814,0.008369371,0.011856114,0.019448487,0.034458298,0.048556049,-0.00197777,0.000793488,0.003431949,0.006620725,0.009680529,-0.005882457,-0.003343938,-0.001502097,-0.000592388,-3.02E-05,-0.013355987,-0.011939937,-0.010173317,-0.008542054,-0.007399569,-0.031563033,-0.029081844,-0.026198969,-0.023314313,-0.019893928,0,0,0,0,0,-0.001911019,-0.001215213,-0.000548304,-0.000216847,-2.34E-05,-6.60E-08,-5.83E-08,-4.81E-08,-3.90E-08,-3.26E-08,0.002068527,0.003701382,0.007133932,0.013170635,0.021281523,-0.00478875,-0.00432983,-0.003776552,-0.003247563,-0.00279618,-0.0147247,-0.009116191,-0.004924256,-0.002666269,-0.00172709,0.000111582,0.000741466,0.00200562,0.0038682,0.005634513,-0.003488466,-0.001418393,0.007448031,0.013890416,0.018771784
1861.5,1861,1862,-0.046110545,-0.042370248,-0.038132735,-0.034089024,-0.029442529,0.004297274,0.012473389,0.025115891,0.038990113,0.048577172,0.009974327,0.013974209,0.02202702,0.035835367,0.048415584,-0.025925181,-0.022621675,-0.015474383,-0.003965645,0.007320538,-0.017541213,-0.006124234,0.011484408,0.030869488,0.045580073,-0.231318685,-0.178645478,-0.114768988,-0.054752973,-0.01639456,0.008012288,0.011340506,0.018483413,0.032247047,0.045302023,-0.001806069,0.000827716,0.003339291,0.006408078,0.009336005,-0.005515445,-0.003135301,-0.001408377,-0.00055541,-2.83E-05,-0.012722371,-0.011372729,-0.009689603,-0.008135795,-0.007047619,-0.029915179,-0.027560541,-0.024825427,-0.022091359,-0.018851581,0,0,0,0,0,-0.001822193,-0.001158668,-0.000522777,-0.000206736,-2.23E-05,-6.43E-08,-5.68E-08,-4.68E-08,-3.79E-08,-3.17E-08,0.001951241,0.003492229,0.006731212,0.012427707,0.020086807,-0.004532253,-0.004097102,-0.00357325,-0.003072729,-0.00264597,-0.014067679,-0.008709164,-0.004704248,-0.002547127,-0.001649911,0.000386558,0.001488366,0.003397961,0.0059594,0.008209522,0.003623997,0.01048056,0.021352106,0.033626946,0.041705029
1862.5,1862,1863,-0.043531899,-0.039993889,-0.035988514,-0.032169917,-0.027786451,-0.02086076,-0.013917895,-0.007287182,-0.002916951,-0.000623176,0.009712584,0.01352781,0.021189748,0.03406625,0.045772994,-0.024148068,-0.020994139,-0.014207527,-0.00349377,0.006951904,-0.035737725,-0.029317284,-0.021976599,-0.011609445,-0.001380158,-0.286699672,-0.24874441,-0.176052689,-0.108781608,-0.063094534,0.007736244,0.010949159,0.017761653,0.030577016,0.042782063,-0.001642066,0.000872309,0.003288164,0.006267014,0.00910093,-0.005215124,-0.002964823,-0.001331991,-0.000525494,-2.68E-05,-0.012034797,-0.010756811,-0.009163793,-0.007693905,-0.006664431,-0.028242046,-0.026016728,-0.023432773,-0.020851748,-0.017794245,0,0,0,0,0,-0.00172557,-0.001097153,-0.000494993,-0.000195716,-2.11E-05,-6.17E-08,-5.45E-08,-4.49E-08,-3.63E-08,-3.04E-08,0.001840255,0.003294433,0.006350248,0.011724215,0.018957169,-0.004252084,-0.003842553,-0.003350411,-0.002880676,-0.002480561,-0.013405227,-0.008298939,-0.004482528,-0.002427138,-0.00157217,0.000435171,0.001612531,0.003595257,0.006203768,0.008437099,-0.026693361,-0.019031552,-0.011479579,-0.005494968,-0.001907727
1863.5,1863,1864,-0.04086809,-0.037540984,-0.033776808,-0.030190425,-0.026076551,-0.119467994,-0.097281329,-0.06644001,-0.034516665,-0.011984146,0.009401143,0.013110753,0.020576705,0.033234615,0.044730655,-0.022316982,-0.019254118,-0.012595223,-0.002077628,0.008150086,-0.128077925,-0.105948619,-0.076556486,-0.04690288,-0.026264868,-0.084523561,-0.030708139,0.05224713,0.13588885,0.190505725,0.007554562,0.010702684,0.01739945,0.030052597,0.041977584,-0.001540648,0.000875514,0.003240282,0.006150726,0.008936969,-0.005095353,-0.00289755,-0.001302265,-0.000514389,-2.62E-05,-0.01126213,-0.010063429,-0.008570909,-0.007194727,-0.00623075,-0.026572681,-0.024477916,-0.022046291,-0.019618372,-0.016741769,0,0,0,0,0,-0.001616634,-0.001027703,-0.00046361,-0.000183245,-1.98E-05,-5.85E-08,-5.17E-08,-4.26E-08,-3.45E-08,-2.88E-08,0.001732516,0.003102529,0.005980718,0.011041607,0.017862106,-0.003964474,-0.003581132,-0.003121223,-0.002682819,-0.002309832,-0.0129644,-0.008027676,-0.0043366,-0.002348585,-0.001521743,0.000343944,0.00132001,0.002946253,0.005099504,0.006965873,-0.124854072,-0.102005019,-0.069786419,-0.036246012,-0.01256879
1864.5,1864,1865,-0.038101649,-0.034994505,-0.031481338,-0.028135217,-0.024299933,-0.113550411,-0.094566296,-0.065635423,-0.03443502,-0.011979308,0.009166494,0.012762894,0.020047475,0.032468417,0.043918659,-0.02037355,-0.017397926,-0.010825738,-0.000472103,0.009812663,-0.120010021,-0.101578651,-0.074141799,-0.044990118,-0.024268836,-0.195813555,-0.142966622,-0.069573193,0.015894227,0.077803072,0.007320112,0.010395651,0.016966344,0.029382915,0.041073437,-0.001334114,0.000940779,0.003231412,0.006077436,0.008820937,-0.004896574,-0.002784634,-0.001251637,-0.00049456,-2.52E-05,-0.01039983,-0.009288275,-0.007906644,-0.006634302,-0.005742624,-0.024887431,-0.022924909,-0.020647592,-0.018374076,-0.01567987,0,0,0,0,0,-0.001494504,-0.000949786,-0.00042838,-0.000169231,-1.83E-05,-5.60E-08,-4.95E-08,-4.07E-08,-3.29E-08,-2.74E-08,0.001626731,0.002914213,0.005618089,0.010372134,0.016787498,-0.003676851,-0.003319766,-0.002891931,-0.002484685,-0.002138725,-0.012325115,-0.007631754,-0.004122573,-0.002232657,-0.001446569,0.000189861,0.000815774,0.001902054,0.003416058,0.004803302,-0.117213437,-0.097681139,-0.067811997,-0.03557004,-0.012363556
1865.5,1865,1866,-0.035251372,-0.032372109,-0.029117725,-0.026018625,-0.022469545,-0.055821065,-0.044476262,-0.029253567,-0.014874168,-0.0053408,0.008876885,0.012210241,0.018925158,0.029948045,0.040141573,-0.018473048,-0.015697755,-0.009659083,-0.000466012,0.00867286,-0.062682106,-0.051920914,-0.037352356,-0.023419426,-0.013820033,-0.1260482,-0.066146068,0.005226841,0.085988965,0.13778575,0.006871567,0.009750038,0.015758766,0.026670509,0.037115255,-0.001141398,0.000984559,0.003122229,0.005820837,0.008397541,-0.004430626,-0.002519389,-0.001132027,-0.000446823,-2.28E-05,-0.009475827,-0.008456587,-0.007192504,-0.006030762,-0.005215891,-0.023183693,-0.021355431,-0.019234305,-0.017116891,-0.014606939,0,0,0,0,0,-0.001363071,-0.000865912,-0.000390454,-0.000154128,-1.67E-05,-5.37E-08,-4.74E-08,-3.89E-08,-3.14E-08,-2.62E-08,0.00152218,0.002728306,0.005260304,0.009711272,0.015727752,-0.003384452,-0.003054112,-0.002658687,-0.002283024,-0.001964445,-0.01125559,-0.006966374,-0.003761699,-0.002036424,-0.001318569,-8.72E-05,0.000164393,0.00075023,0.001683269,0.002588966,-0.057590015,-0.04593747,-0.030160348,-0.015285709,-0.005489368
1866.5,1866,1867,-0.032336784,-0.029691165,-0.026701885,-0.023854443,-0.020597253,-0.016726368,-0.010957283,-0.00441425,0.000173936,0.009339728,0.008558433,0.011624801,0.017736291,0.02730957,0.036081548,-0.016545073,-0.01397788,-0.008525259,-0.000507782,0.00729016,-0.025500739,-0.020051826,-0.013110325,-0.002797435,0.006509936,-0.150311951,-0.10683925,-0.037354963,0.049372808,0.105540561,0.006408872,0.009076715,0.014489922,0.023860719,0.032947723,-0.001005474,0.000998935,0.002985647,0.005526591,0.007923222,-0.003970413,-0.002257412,-0.001014082,-0.000399995,-2.04E-05,-0.008508491,-0.007585262,-0.006443009,-0.005395933,-0.004660981,-0.02146865,-0.019775852,-0.017812524,-0.015852217,-0.013527441,0,0,0,0,0,-0.001224958,-0.000777745,-0.000350559,-0.000138247,-1.50E-05,-5.16E-08,-4.54E-08,-3.73E-08,-3.00E-08,-2.50E-08,0.001418508,0.002544149,0.004905917,0.009056893,0.014678694,-0.003082063,-0.002779096,-0.002416936,-0.002073699,-0.001783456,-0.010160278,-0.006285572,-0.003392677,-0.001835801,-0.001187918,-0.002216,-0.001357596,-0.000538449,-3.07E-05,0.00032564,-0.016091114,-0.010483322,-0.003782165,0.000931852,0.01115445
1867.5,1867,1868,-0.029349657,-0.026943891,-0.024226059,-0.021635711,-0.018677421,0.000706848,0.003589026,0.008651551,0.016510106,0.025176988,0.00825247,0.011078876,0.016626608,0.024895836,0.032404473,-0.01455052,-0.012174627,-0.007254907,-0.000261724,0.00640287,-0.011487754,-0.006382743,0.002718307,0.014361544,0.024288346,-0.184094744,-0.130057508,-0.045476124,0.036030396,0.087745275,0.005940978,0.008402244,0.013254571,0.021229025,0.029045379,-0.000844732,0.001028194,0.002867171,0.005256678,0.00748553,-0.003509134,-0.001994849,-0.0008959,-0.000353134,-1.80E-05,-0.007493339,-0.006669672,-0.005653185,-0.0047248,-0.00407335,-0.019737764,-0.018182101,-0.016378327,-0.014576507,-0.012438474,0,0,0,0,0,-0.001079289,-0.000684659,-0.000308448,-0.000121451,-1.32E-05,-4.85E-08,-4.27E-08,-3.50E-08,-2.82E-08,-2.34E-08,0.001315538,0.002361173,0.004554153,0.0084072,0.013637936,-0.002771345,-0.002496235,-0.002167903,-0.001857723,-0.001596595,-0.009012189,-0.00557175,-0.003005468,-0.001625361,-0.001050814,-0.005681778,-0.004035979,-0.002267932,-0.000979691,-0.000301074,0.001645161,0.004945196,0.011220896,0.020026881,0.029477052
1868.5,1868,1869,-0.026338425,-0.024176276,-0.02173273,-0.019402073,-0.016743012,0.003533908,0.010106072,0.019684419,0.029718883,0.037567682,0.007776533,0.010256114,0.014878731,0.021126833,0.026487536,-0.012729607,-0.010707199,-0.006742157,-0.001260871,0.003673116,-0.006870767,0.001460519,0.013746284,0.026599521,0.036232638,-0.144792814,-0.09119896,-0.020551895,0.053155416,0.104188962,0.005153982,0.007268584,0.011229254,0.017121183,0.022966089,-0.000776814,0.001007983,0.002648146,0.004815975,0.006787117,-0.00282774,-0.001606074,-0.000719963,-0.000282432,-1.44E-05,-0.00645567,-0.005733585,-0.004843249,-0.004034486,-0.003468153,-0.018017284,-0.016598664,-0.014954491,-0.013310261,-0.011357393,0,0,0,0,0,-0.000929792,-0.000589019,-0.00026518,-0.000104179,-1.13E-05,-4.49E-08,-3.96E-08,-3.24E-08,-2.61E-08,-2.16E-08,0.001212869,0.002179225,0.004204355,0.007761098,0.01260333,-0.002451694,-0.002205057,-0.001910949,-0.001634274,-0.001403053,-0.007509623,-0.004633107,-0.002493883,-0.001345823,-0.000867421,-0.00697057,-0.005073394,-0.002937482,-0.001325545,-0.000448442,0.004128677,0.011857822,0.023019143,0.034388202,0.04298043
1869.5,1869,1870,-0.023404606,-0.021483724,-0.019313366,-0.017239511,-0.014869236,0.004042987,0.011602265,0.022167873,0.032169791,0.039005914,0.007218509,0.009397602,0.013287083,0.018232294,0.022248729,-0.011124142,-0.009395056,-0.006091553,-0.001501133,0.002670314,-0.004995414,0.003984532,0.01661004,0.029006304,0.037851294,-0.078687801,-0.044199634,0.019184,0.089662255,0.131854405,0.004294292,0.006159155,0.009497556,0.014132126,0.018677555,-0.000698494,0.000969501,0.002449431,0.00442908,0.006196972,-0.002286823,-0.001298012,-0.000580989,-0.000227248,-1.16E-05,-0.005433656,-0.004811352,-0.004044687,-0.003352788,-0.002871165,-0.016375132,-0.015089375,-0.0135997,-0.012106078,-0.010328384,0,0,0,0,0,-0.000782134,-0.000494544,-0.00022245,-8.71E-05,-9.48E-06,-4.21E-08,-3.70E-08,-3.03E-08,-2.43E-08,-2.01E-08,0.001110429,0.001998008,0.003856049,0.00711796,0.011573837,-0.002124544,-0.001906865,-0.001646966,-0.001403965,-0.001203353,-0.006225271,-0.003833244,-0.002058969,-0.001108956,-0.000712876,-0.004074221,-0.002897303,-0.00163796,-0.000718883,-0.0002265,0.004382241,0.012590137,0.02404708,0.034831334,0.04211376
1870.5,1870,1871,-0.020572343,-0.018888572,-0.016987424,-0.015164918,-0.01307069,0.004664555,0.013416409,0.025484669,0.036644068,0.043902701,0.006596706,0.008513462,0.011828947,0.015910545,0.01913033,-0.009752166,-0.008173196,-0.005291297,-0.001289324,0.002464258,-0.003071322,0.006899314,0.020641845,0.033785725,0.042902014,-0.098612295,-0.053307195,0.012650895,0.070443109,0.113621132,0.00341386,0.005144796,0.008072261,0.0119131,0.015584721,-0.000604883,0.000929976,0.002274736,0.004085187,0.005687987,-0.001856133,-0.001053229,-0.000471153,-0.000184159,-9.39E-06,-0.004455921,-0.003929669,-0.003282107,-0.002703153,-0.002304365,-0.0148011,-0.013643879,-0.012301827,-0.010951094,-0.009341383,0,0,0,0,0,-0.000640774,-0.000404181,-0.000181603,-7.09E-05,-7.73E-06,-3.95E-08,-3.47E-08,-2.83E-08,-2.26E-08,-1.86E-08,0.001000593,0.00180381,0.003483086,0.006429879,0.010469991,-0.001797443,-0.001608485,-0.001382037,-0.0011723,-0.001002307,-0.00515537,-0.003169964,-0.001700205,-0.000914576,-0.000587139,8.36E-05,0.000387129,0.001043574,0.002112951,0.003233452,0.004451253,0.012778425,0.024192052,0.034752241,0.041634833
1871.5,1871,1872,-0.017817951,-0.01636687,-0.014729199,-0.013151574,-0.01132548,0.006634929,0.019115258,0.03634527,0.052350807,0.062793837,0.005950909,0.007620563,0.010436995,0.01382064,0.016462442,-0.008451841,-0.00695387,-0.004448529,-0.000975945,0.002419834,0.000225959,0.013766191,0.032359354,0.049862777,0.061690946,-0.15174413,-0.10927851,-0.047838746,0.011652413,0.071689827,0.002594658,0.004249321,0.006828205,0.01001619,0.01301992,-0.000455391,0.000904379,0.002122866,0.003769465,0.005227914,-0.001468933,-0.000833274,-0.000372571,-0.00014555,-7.42E-06,-0.003555665,-0.003119259,-0.002584901,-0.002114317,-0.001794246,-0.013239131,-0.01220821,-0.011009831,-0.009798898,-0.008357595,0,0,0,0,0,-0.000510999,-0.000321457,-0.00014426,-5.61E-05,-6.13E-06,-3.61E-08,-3.16E-08,-2.58E-08,-2.05E-08,-1.69E-08,0.000872186,0.001576099,0.00304588,0.00562416,0.009172357,-0.001466439,-0.001305808,-0.001111639,-0.000934396,-0.00079472,-0.004168107,-0.002558792,-0.001370017,-0.000735889,-0.000471686,0.00058251,0.001746043,0.003814636,0.006591191,0.009042151,0.00591307,0.016997772,0.032167352,0.046135737,0.055089493
1872.5,1872,1873,-0.015094681,-0.013872958,-0.012493445,-0.011155788,-0.009597031,0.004132648,0.011716823,0.022420844,0.033491742,0.041359799,0.005598051,0.007102304,0.009610469,0.012490408,0.01468872,-0.006290663,-0.005140412,-0.003065763,-0.000233694,0.002635736,-0.000630437,0.007910275,0.019766276,0.032105046,0.041112033,-0.061704357,-0.029702644,0.024888982,0.078299697,0.126573983,0.003026714,0.004246517,0.006298178,0.008901544,0.011367172,-0.000161481,0.00091403,0.00201864,0.003515516,0.004864296,-0.001283295,-0.000729043,-0.000327101,-0.000128742,-6.54E-06,-0.00274036,-0.002388516,-0.001961471,-0.001593669,-0.001347101,-0.011629895,-0.010726904,-0.00967343,-0.00860565,-0.007339313,0,0,0,0,0,-0.000394354,-0.00024737,-0.000110868,-4.29E-05,-4.71E-06,-3.23E-08,-2.83E-08,-2.30E-08,-1.82E-08,-1.49E-08,0.000726681,0.001317107,0.002548692,0.004708673,0.007692789,-0.001130712,-0.000997471,-0.000833529,-0.000687035,-0.000575296,-0.00358804,-0.002207154,-0.001184899,-0.000638343,-0.000411216,0.000809897,0.002367736,0.005108113,0.008703857,0.011758087,0.003106815,0.008650783,0.016818016,0.025509685,0.031541238
1873.5,1873,1874,-0.012343906,-0.011350741,-0.01022659,-0.00912836,-0.007844221,-0.02704794,-0.01705523,-0.007899778,-0.002485546,-0.000299447,0.004661207,0.005864279,0.007819448,0.010053279,0.011836951,-0.005110906,-0.00421983,-0.002590708,-0.000271449,0.002111572,-0.029175513,-0.019080181,-0.010075166,-0.005039791,-0.002390589,-0.041272877,-0.008911978,0.05171003,0.109723507,0.150444615,0.002375717,0.003329081,0.004929817,0.006960354,0.00890694,2.68E-05,0.000850701,0.001792945,0.003083893,0.004235139,-0.000903623,-0.000513185,-0.000229907,-9.02E-05,-4.59E-06,-0.001999589,-0.001728756,-0.001402886,-0.001130708,-0.00095183,-0.009913268,-0.009144886,-0.008244633,-0.007330416,-0.006251719,0,0,0,0,0,-0.000289202,-0.000180814,-8.09E-05,-3.12E-05,-3.43E-06,-2.93E-08,-2.55E-08,-2.06E-08,-1.63E-08,-1.33E-08,0.000570915,0.001039665,0.002016054,0.003728221,0.006106485,-0.000798519,-0.000691341,-0.000552338,-0.000436373,-0.000342026,-0.002843126,-0.001748557,-0.000938241,-0.00050544,-0.000325534,0.000833125,0.002413689,0.005176744,0.008785562,0.011829686,-0.034755531,-0.024286045,-0.013853385,-0.006537662,-0.002269004
1874.5,1874,1875,-0.009523749,-0.008760826,-0.007892527,-0.007036436,-0.006037938,-0.026238916,-0.019667052,-0.011469592,-0.005215041,-0.001792763,0.002368847,0.003589558,0.005245538,0.007136385,0.008744579,-0.00604661,-0.004533841,-0.002639814,-0.000441884,0.001618316,-0.029108102,-0.022252312,-0.013864979,-0.007587773,-0.004274507,-0.081851762,-0.044468907,0.005282116,0.061754282,0.112582109,-0.00035766,0.000856958,0.002747888,0.004878732,0.00656691,7.30E-05,0.000712841,0.001490894,0.002541889,0.003474152,-0.000338368,-0.00018885,-8.04E-05,-2.70E-05,-9.64E-07,-0.001292391,-0.00109976,-0.000866819,-0.00068046,-0.000564074,-0.008093539,-0.007466538,-0.006728487,-0.005977688,-0.00509809,0,0,0,0,0,-0.000188289,-0.000116765,-5.20E-05,-1.99E-05,-2.19E-06,-2.56E-08,-2.21E-08,-1.78E-08,-1.40E-08,-1.13E-08,0.000407374,0.000749036,0.001458647,0.002703726,0.004447122,-0.000475022,-0.000395481,-0.000266806,-0.000187587,-8.31E-05,-0.001700374,-0.001034669,-0.00054683,-0.000290444,-0.000183196,0.000645084,0.001852563,0.003964531,0.006760079,0.009159373,-0.032425092,-0.025392028,-0.016203011,-0.008066813,-0.002796479
1875.5,1875,1876,-0.006592241,-0.006063249,-0.005451985,-0.004842753,-0.004145745,-0.000817577,0.000609401,0.003523293,0.007939223,0.011362695,-0.000449963,0.001513476,0.003749793,0.005591674,0.006994928,-0.006488953,-0.004202164,-0.001571644,0.000391393,0.001953906,-0.004599845,-0.001933685,0.001860754,0.006751766,0.010809015,-0.096316537,-0.069034893,-0.01434108,0.039359444,0.096223827,-0.002702302,-0.00114247,0.001746058,0.003811078,0.005132876,9.12E-05,0.000626921,0.001287248,0.002180195,0.002982093,-1.62E-05,-2.12E-06,5.18E-06,2.81E-05,6.37E-05,-0.000595662,-0.000479232,-0.000321702,-0.000200376,-0.00013453,-0.006162509,-0.005684896,-0.005118701,-0.004541965,-0.003873645,0,0,0,0,0,-8.70E-05,-5.15E-05,-2.23E-05,-7.94E-06,-8.94E-07,-2.15E-08,-1.85E-08,-1.47E-08,-1.15E-08,-9.21E-09,0.000235763,0.000446815,0.000880671,0.001647658,0.002733546,-0.000162433,-0.000114379,1.07E-05,8.45E-05,0.000184318,-0.000776568,-0.00045829,-0.000228345,-0.000113319,-6.59E-05,0.000258313,0.000737407,0.001784385,0.003301057,0.004646968,-0.002816708,-0.000433328,0.001410922,0.005551869,0.008334489
1876.5,1876,1877,-0.003592514,-0.003295273,-0.002929497,-0.00256017,-0.002175863,0.002459579,0.006987627,0.013342591,0.019972191,0.025139434,-0.002442471,-0.000261155,0.002560214,0.004099428,0.005150128,-0.005663205,-0.0033371,-0.000268421,0.001274893,0.002397115,0.000903739,0.005749968,0.012482008,0.019507299,0.024936638,-0.157858543,-0.118574216,-0.064614521,-0.010152829,0.034841081,-0.004067091,-0.002325538,0.001110388,0.002801393,0.003736756,0.000158687,0.000546398,0.001082003,0.001814526,0.00248896,1.30E-06,2.52E-05,6.46E-05,0.000144756,0.000255349,2.76E-05,8.41E-05,0.000195949,0.00031259,0.000384194,-0.004124281,-0.003802957,-0.00341661,-0.003023464,-0.002578886,0,0,0,0,0,-3.70E-06,-4.09E-07,4.37E-06,1.51E-05,2.90E-05,-1.73E-08,-1.47E-08,-1.15E-08,-8.79E-09,-6.99E-09,3.96E-05,0.000119531,0.000284708,0.000577707,0.000985715,0.000114336,0.000160443,0.000280705,0.000379388,0.000466906,-0.000149344,-7.12E-05,-8.31E-06,4.13E-05,8.84E-05,-0.001750924,-0.000721578,-1.19E-05,0.000300994,0.000675011,0.002476938,0.007043841,0.013531577,0.020359596,0.025623633
1877.5,1877,1878,-0.000693172,-0.00056333,-0.000368265,-0.000171563,-3.72E-05,0.004213472,0.012033742,0.022646179,0.032733813,0.039839369,-0.006143516,-0.002801074,0.001192303,0.002696793,0.003525252,-0.006587611,-0.003203094,0.000829035,0.002347965,0.003211198,0.003739425,0.011672396,0.022357705,0.032608996,0.039895513,0.159443239,0.204268604,0.255909498,0.303512973,0.354272985,-0.007240405,-0.004418424,0.000161501,0.001775369,0.002388423,8.51E-05,0.000406601,0.000832719,0.001435264,0.002017462,3.11E-06,6.10E-05,0.00015488,0.000344941,0.00060719,0.000489641,0.000581196,0.000717785,0.000875885,0.001000626,-0.002033699,-0.001863395,-0.001650356,-0.00144087,-0.001230057,0,0,0,0,0,1.43E-06,1.31E-05,3.38E-05,7.54E-05,0.000119826,-1.30E-08,-1.08E-08,-8.25E-09,-6.00E-09,-4.62E-09,-0.000933788,-0.000574995,-0.000301641,-0.000146997,-7.12E-05,0.000349143,0.000422473,0.000544014,0.000670708,0.000772099,9.78E-05,0.000153546,0.000287792,0.000538866,0.000881728,-0.003930869,-0.002662036,-0.001391708,-0.000578729,-0.000182944,0.004497985,0.01287731,0.024330598,0.035156817,0.042678495
1878.5,1878,1879,0.00166243,0.001919593,0.002226889,0.002565891,0.002852259,0.005660975,0.01617236,0.030355014,0.043603173,0.052601099,-0.010386201,-0.005789116,-0.000166434,0.001551118,0.002390197,-0.007967527,-0.003460267,0.001957441,0.003748341,0.004602687,0.006131388,0.016618416,0.030714836,0.043974745,0.053086186,0.250814024,0.281262075,0.335373852,0.389277543,0.431973915,-0.011130513,-0.007063717,-0.000957149,0.000882719,0.001281042,-7.59E-05,0.000230471,0.00062854,0.001195188,0.001800636,5.47E-06,0.000107303,0.000271344,0.000603439,0.001061274,0.000889199,0.001038656,0.001250102,0.00148424,0.001672538,-4.16E-05,6.40E-05,0.000169066,0.000279269,0.00033056,0,0,0,0,0,2.67E-06,2.46E-05,6.25E-05,0.000138721,0.000218684,-8.57E-09,-6.80E-09,-4.86E-09,-3.10E-09,-2.01E-09,-0.002716752,-0.00170173,-0.000921908,-0.000476757,-0.00027113,0.000561667,0.000665423,0.000806306,0.000957789,0.001079439,0.000235947,0.000364637,0.000674615,0.001249021,0.002021595,-0.006592157,-0.004786452,-0.002746815,-0.001241842,-0.000411351,0.006202477,0.0177719,0.033489142,0.048054953,0.057752511
1879.5,1879,1880,0.003773326,0.004344765,0.004900839,0.005501198,0.00602738,0.006724927,0.019194465,0.035966809,0.051639651,0.062208294,-0.015518158,-0.009298805,-0.002046617,0.000276463,0.001320483,-0.010181871,-0.004159014,0.002669328,0.005093202,0.006048692,0.00759592,0.019986805,0.036645157,0.052268309,0.062894076,-0.056076519,-0.017434157,0.029583231,0.082776216,0.134325839,-0.015700844,-0.010058173,-0.002393442,-3.36E-05,0.000300501,-0.000600588,-0.00011053,0.000342964,0.000936146,0.0015932,7.95E-06,0.000156121,0.000394561,0.000877344,0.001542585,0.001297343,0.001507194,0.001804631,0.00213015,0.002392707,0.001501574,0.001760086,0.002019946,0.002276496,0.002487207,0,0,0,0,0,3.95E-06,3.65E-05,9.25E-05,0.000205098,0.000322935,-4.18E-09,-2.85E-09,-1.38E-09,-3.46E-11,9.80E-10,-0.00457038,-0.002848163,-0.001545538,-0.000803172,-0.000452899,0.000764675,0.000898389,0.001066139,0.001245387,0.001390869,0.000365774,0.000564314,0.001042191,0.001927974,0.003113831,-0.009124004,-0.006733682,-0.003932032,-0.001805287,-0.000605043,0.0074999,0.021481262,0.040401838,0.057915444,0.069445821
1880.5,1880,1881,0.005906345,0.006813765,0.007647759,0.008538139,0.009323375,0.007146376,0.020369921,0.038099768,0.054815628,0.066164952,-0.020415721,-0.012883868,-0.00445569,-0.001424449,-0.000180842,-0.01216132,-0.004859611,0.002929886,0.006009329,0.007129958,0.008135767,0.02123636,0.038856672,0.055456688,0.066754667,-0.068681383,-0.033976012,0.011357713,0.064664875,0.098621399,-0.019721719,-0.012764091,-0.004077326,-0.001274846,-0.000712359,-0.001335374,-0.000705628,-8.67E-05,0.000568013,0.001310596,1.01E-05,0.00019858,0.000502183,0.001116897,0.001963887,0.001730165,0.002004738,0.002394762,0.002820183,0.003163579,0.002959849,0.00346397,0.003915834,0.004372187,0.004757664,0,0,0,0,0,5.31E-06,4.91E-05,0.000124407,0.00027591,0.000434272,-9.04E-11,8.14E-10,2.07E-09,3.41E-09,4.50E-09,-0.006415204,-0.003986745,-0.002163966,-0.001125145,-0.000631744,0.000961563,0.001124687,0.001322357,0.001531969,0.001703343,0.000465845,0.000718721,0.001327081,0.002455107,0.00396383,-0.008264952,-0.006111636,-0.003580375,-0.001649356,-0.000544109,0.007853284,0.022449428,0.042109988,0.060522072,0.072800723
1881.5,1881,1882,0.008106145,0.0093641,0.010491612,0.011687152,0.012742913,0.006630117,0.018832048,0.035199936,0.051096502,0.062173597,-0.024342454,-0.016060156,-0.006798259,-0.003113329,-0.001594711,-0.013074821,-0.005050989,0.003371595,0.007041157,0.008428594,0.007971591,0.020056063,0.036421608,0.052163126,0.063064854,0.023141146,0.056164081,0.109842783,0.160585135,0.195852487,-0.022992839,-0.015258331,-0.005878751,-0.002600635,-0.001674416,-0.002122496,-0.001311979,-0.00048633,0.000311345,0.001250574,1.23E-05,0.000241285,0.000610439,0.00135786,0.002387711,0.002179544,0.002521993,0.003009132,0.003539723,0.003967758,0.004468022,0.005231575,0.005893398,0.00656103,0.00713021,0,0,0,0,0,6.73E-06,6.23E-05,0.00015772,0.000349769,0.000550439,3.15E-09,4.23E-09,5.70E-09,7.32E-09,8.59E-09,-0.008183161,-0.005077675,-0.002756133,-0.001432926,-0.000802995,0.001151126,0.001342876,0.001571273,0.001812015,0.002009868,0.000574702,0.000886911,0.001637682,0.003030534,0.004893369,-0.004186877,-0.002952783,-0.001601714,-0.000681072,-0.000187221,0.00695185,0.019761709,0.037014219,0.053846562,0.065495446
1882.5,1882,1883,0.010374216,0.01199456,0.013427602,0.014939501,0.0162752,0.006908593,0.019640707,0.036758856,0.053432754,0.065133193,-0.027557277,-0.018781904,-0.008887293,-0.0046311,-0.002807153,-0.013189408,-0.004695789,0.004168316,0.008348179,0.009968114,0.009441125,0.021834965,0.038771547,0.055149795,0.066539979,-0.036321159,-0.004197313,0.043015064,0.099316074,0.149579013,-0.025653248,-0.01738461,-0.007487037,-0.003759998,-0.002516941,-0.002914958,-0.001860034,-0.000819412,0.00013577,0.001271129,1.43E-05,0.000279918,0.00070865,0.001576686,0.002772838,0.002634053,0.003045899,0.003632404,0.004270815,0.004785638,0.006043077,0.007078325,0.007963494,0.008853008,0.009614668,0,0,0,0,0,8.17E-06,7.56E-05,0.00019156,0.000424813,0.000668545,6.10E-09,7.51E-09,9.41E-09,1.15E-08,1.32E-08,-0.009877845,-0.006123528,-0.003323446,-0.00172744,-0.000966991,0.001332878,0.001552259,0.00181138,0.002083312,0.002307651,0.000678218,0.001047071,0.001933845,0.003579596,0.005781412,-0.001061069,-0.000529853,-2.19E-05,0.000536939,0.00128897,0.006888424,0.019562287,0.036661784,0.053530367,0.065402915
1883.5,1883,1884,0.012666249,0.014652541,0.016396967,0.018231871,0.019853044,0.006494607,0.018387908,0.034472015,0.050592088,0.062225093,-0.028827095,-0.020344759,-0.010797578,-0.006197762,-0.004095119,-0.011384625,-0.003178971,0.005240489,0.009647928,0.011469632,0.010841706,0.022142287,0.037825897,0.053392066,0.064456164,-0.084240742,-0.054706356,-0.007437542,0.036407872,0.078478755,-0.026177983,-0.018062209,-0.008711186,-0.004793752,-0.003293173,-0.003641308,-0.002390546,-0.001151978,-2.93E-05,0.001217334,1.51E-05,0.000296036,0.000751704,0.001674295,0.002946237,0.003094728,0.003577455,0.004265375,0.00501395,0.005617332,0.007638535,0.008948743,0.010063367,0.011180976,0.012139349,0,0,0,0,0,9.64E-06,8.92E-05,0.000225978,0.000501124,0.000788685,9.33E-09,1.13E-08,1.38E-08,1.67E-08,1.90E-08,-0.011536238,-0.007146908,-0.003878076,-0.002015231,-0.001127286,0.001509112,0.001755515,0.002045356,0.002348927,0.002599937,0.00073608,0.001138496,0.002105118,0.003900931,0.006308006,-0.000261575,5.18E-05,0.000540665,0.001341129,0.002182249,0.006342354,0.017925653,0.033680683,0.049699096,0.061327788
1884.5,1884,1885,0.01495692,0.017307937,0.019365835,0.021527426,0.023437339,-0.074844543,-0.054703768,-0.032716255,-0.015732764,-0.005420671,-0.030801488,-0.022192987,-0.012553657,-0.007543414,-0.005165055,-0.010226675,-0.001959387,0.006459364,0.011149657,0.013190746,-0.073662088,-0.053018128,-0.028713714,-0.00810981,0.004458247,-0.171262129,-0.134270843,-0.087023521,-0.037577722,0.003437152,-0.027726172,-0.019305444,-0.009951885,-0.005740026,-0.003999504,-0.004367583,-0.002913869,-0.001433798,-0.000131591,0.001316746,1.65E-05,0.000323939,0.000823036,0.001833673,0.003227354,0.003568192,0.004123947,0.004916162,0.00577806,0.006472522,0.009223819,0.010806521,0.012150642,0.013497623,0.014653555,0,0,0,0,0,1.12E-05,0.000103233,0.000261422,0.000579706,0.000912377,1.27E-08,1.52E-08,1.86E-08,2.24E-08,2.54E-08,-0.013173633,-0.008157202,-0.004425329,-0.002299032,-0.00128545,0.001680154,0.001953083,0.002273469,0.002608814,0.002886524,0.000826852,0.001278919,0.00236506,0.004383511,0.007089984,6.64E-06,0.000351391,0.001064963,0.002098324,0.003111694,-0.077134184,-0.056471531,-0.033961821,-0.016412222,-0.005656744
1885.5,1885,1886,0.017311261,0.020037572,0.022417424,0.024914253,0.027120496,-0.200074484,-0.162872491,-0.110663298,-0.057034981,-0.019716625,-0.034567811,-0.025042391,-0.014384113,-0.008737433,-0.006039727,-0.01072416,-0.001620239,0.007626261,0.012890452,0.015184389,-0.198880912,-0.160298949,-0.105234739,-0.048510561,-0.009135967,-0.127154387,-0.073170453,0.002657367,0.077629445,0.133862408,-0.031099592,-0.02176948,-0.011440448,-0.006669409,-0.004659064,-0.005167512,-0.003467414,-0.001734734,-0.000232032,0.001407347,1.86E-05,0.000366175,0.000929284,0.002069488,0.00364163,0.004064819,0.004696844,0.005598139,0.006578205,0.007367498,0.010852171,0.012715081,0.014294304,0.015875799,0.017234047,0,0,0,0,0,1.27E-05,0.000117933,0.000298622,0.00066215,0.001042107,1.57E-08,1.88E-08,2.30E-08,2.78E-08,3.13E-08,-0.014797831,-0.009159108,-0.004967656,-0.002580116,-0.001442187,0.001846796,0.00214585,0.002496633,0.002863728,0.003168103,0.000956041,0.001477316,0.002730235,0.005058247,0.008176807,6.24E-05,0.000483824,0.00131165,0.002456704,0.003560755,-0.202694329,-0.165050938,-0.112174735,-0.057824758,-0.019989444
1886.5,1886,1887,0.019762844,0.022880513,0.025594634,0.028438402,0.030950853,-0.22603915,-0.188254615,-0.130230099,-0.067853962,-0.023498548,-0.037708046,-0.027400121,-0.015925056,-0.009742443,-0.006772659,-0.010498281,-0.000681855,0.009218417,0.014950423,0.017461322,-0.224609955,-0.184350516,-0.123162179,-0.057576054,-0.011054295,-0.067609241,-0.008846835,0.072485206,0.149863181,0.204659269,-0.033845688,-0.023743086,-0.012646051,-0.007429756,-0.005199777,-0.005829348,-0.003927114,-0.001984731,-0.000314317,0.001483319,2.04E-05,0.000399858,0.001015157,0.002261178,0.003979134,0.004582338,0.005293764,0.006308638,0.007411554,0.008299342,0.012559217,0.014716683,0.016541645,0.018367057,0.019935818,0,0,0,0,0,1.44E-05,0.000133282,0.000337441,0.000748176,0.001177461,1.87E-08,2.23E-08,2.73E-08,3.29E-08,3.72E-08,-0.016412496,-0.010154907,-0.005506679,-0.002859417,-0.00159784,0.002007812,0.002332381,0.002713085,0.003111513,0.003442348,0.001077519,0.001664754,0.003076255,0.00569901,0.009211487,-0.000679433,-0.00021086,0.000228621,0.000834935,0.001483624,-0.226503273,-0.188679103,-0.130549631,-0.068039571,-0.023567118
1887.5,1887,1888,0.022308166,0.025832861,0.02889421,0.032097077,0.034926061,-0.205759885,-0.171550053,-0.118881505,-0.062352152,-0.021631766,-0.04115501,-0.02997177,-0.01752546,-0.010767888,-0.007506621,-0.010406272,0.000181612,0.010864519,0.017096107,0.019841676,-0.203978858,-0.166513043,-0.110182203,-0.050161911,-0.007132617,-0.166246379,-0.10525196,-0.022858811,0.053728698,0.105803483,-0.037055724,-0.026048251,-0.013984801,-0.008267637,-0.00579655,-0.006530492,-0.004409268,-0.002237424,-0.00037989,0.001611252,2.25E-05,0.000441546,0.001120554,0.002495451,0.004390876,0.005118791,0.005912566,0.007045255,0.008275522,0.009265139,0.014340265,0.016805278,0.018886794,0.020966115,0.022754001,0,0,0,0,0,1.61E-05,0.000149226,0.00037775,0.000837519,0.001318013,2.20E-08,2.62E-08,3.21E-08,3.89E-08,4.39E-08,-0.018021326,-0.011146824,-0.006043176,-0.003137344,-0.001752751,0.002166985,0.002517011,0.002927713,0.00335772,0.003715223,0.001214565,0.00187597,0.003465871,0.006419677,0.010374239,-0.004060911,-0.002826324,-0.001486324,-0.000554238,-8.08E-05,-0.202734752,-0.169019275,-0.117155501,-0.061491023,-0.021343544
1888.5,1888,1889,0.024961632,0.028911484,0.032334651,0.035910516,0.039068118,-0.139837391,-0.113609616,-0.076016899,-0.039768261,-0.013933095,-0.047224205,-0.034403916,-0.020160194,-0.01244832,-0.008727222,-0.012686858,-0.000626575,0.011563047,0.018700499,0.021814642,-0.13894873,-0.109002435,-0.066869672,-0.026335997,0.002202675,-0.060050048,-0.015910594,0.050470169,0.12024138,0.173543105,-0.042831841,-0.030231586,-0.016331707,-0.009682737,-0.006788673,-0.007798707,-0.005279131,-0.002714626,-0.000530475,0.001720346,2.60E-05,0.000510828,0.001293923,0.00287957,0.005064569,0.00567254,0.006551404,0.00780578,0.009167593,0.010262532,0.016211888,0.01900008,0.021351591,0.023697134,0.025714538,0,0,0,0,0,1.79E-05,0.000165715,0.000419445,0.000929917,0.001463325,2.55E-08,3.04E-08,3.73E-08,4.52E-08,5.11E-08,-0.019625322,-0.012135771,-0.006577966,-0.003414248,-0.001907027,0.002323583,0.00269883,0.003139312,0.003600822,0.003984941,0.001381978,0.002133536,0.003940391,0.007296533,0.011786998,-0.007489479,-0.005458957,-0.0031296,-0.001381781,-0.000359166,-0.13398584,-0.108724631,-0.072444313,-0.037893633,-0.013309164
1889.5,1889,1890,0.027721613,0.032114669,0.035914729,0.039877957,0.043376717,-0.082567796,-0.06434506,-0.038250303,-0.016328694,-0.005877247,-0.052743159,-0.038468581,-0.022736947,-0.014141841,-0.009982302,-0.014307644,-0.000946637,0.01247994,0.020428268,0.023889408,-0.082678391,-0.059645946,-0.028366686,-0.001710674,0.012854791,0.034640142,0.078168114,0.13483328,0.192756022,0.242685676,-0.048035569,-0.0339745,-0.018565543,-0.011071636,-0.007766962,-0.009068146,-0.00616029,-0.003199719,-0.000707487,0.00180181,2.91E-05,0.000572493,0.001449572,0.003225542,0.005672187,0.006241655,0.007208082,0.008587599,0.010084767,0.011287964,0.018173748,0.02130113,0.023936281,0.026561034,0.028818489,0,0,0,0,0,1.97E-05,0.000182697,0.00046238,0.001025087,0.001612976,2.91E-08,3.47E-08,4.27E-08,5.18E-08,5.86E-08,-0.021226473,-0.013122529,-0.007111492,-0.003690441,-0.002060829,0.002478501,0.002878733,0.00334894,0.00384198,0.004252755,0.001543683,0.002382926,0.004400616,0.008148067,0.013160894,-0.010106434,-0.007447815,-0.004332783,-0.001961037,-0.000545143,-0.074635326,-0.057800852,-0.033858567,-0.013083383,-0.004384981
1890.5,1890,1891,0.03055414,0.035401346,0.039588929,0.043951176,0.047800749,-0.055688113,-0.040497335,-0.021582704,-0.005132125,0.000713472,-0.057281657,-0.041936989,-0.025121916,-0.015769632,-0.011218697,-0.014862163,-0.000586724,0.013701912,0.022312392,0.026085639,-0.056093202,-0.035551927,-0.009876483,0.011090438,0.021747541,-0.232133478,-0.188641734,-0.130681044,-0.070443881,-0.029525834,-0.052265572,-0.03706141,-0.020570053,-0.012373593,-0.008693085,-0.010252926,-0.006993718,-0.00366085,-0.000894147,0.001875223,3.18E-05,0.000624709,0.001582009,0.003520317,0.006190647,0.006828003,0.007884671,0.009393151,0.011029823,0.012344609,0.020190626,0.023666225,0.026593686,0.029506696,0.032011637,0,0,0,0,0,2.16E-05,0.000200227,0.000506704,0.00112333,0.001767482,3.28E-08,3.92E-08,4.83E-08,5.87E-08,6.63E-08,-0.022821627,-0.014105463,-0.007642784,-0.003965461,-0.002214024,0.00263149,0.003056494,0.003556257,0.004080807,0.004518158,0.001695846,0.002617943,0.004834728,0.008951956,0.014459773,-0.011837401,-0.008741508,-0.005104371,-0.002328057,-0.000664514,-0.046732549,-0.032849936,-0.016797756,-0.000795651,0.002594359
1891.5,1891,1892,0.033442578,0.038752811,0.043336243,0.048106399,0.05231531,-0.037905258,-0.025356452,-0.010617415,0.000679759,0.009239002,-0.060791159,-0.044967168,-0.027583819,-0.017586748,-0.012668972,-0.014311747,0.000260917,0.014959062,0.024070258,0.028142256,-0.038219929,-0.019480384,0.002730462,0.019789678,0.028584243,-0.140607093,-0.102873304,-0.044613049,0.020859713,0.068956193,-0.055508614,-0.039565598,-0.02253711,-0.013760201,-0.009697785,-0.011478242,-0.007874615,-0.004145801,-0.001093473,0.001989749,3.42E-05,0.00067173,0.001701461,0.003786396,0.00665886,0.007427328,0.008576351,0.010216789,0.01199624,0.013425434,0.022257221,0.02608964,0.029316542,0.032525309,0.035284629,0,0,0,0,0,2.35E-05,0.000218181,0.000552101,0.001223953,0.001925743,3.66E-08,4.38E-08,5.41E-08,6.57E-08,7.43E-08,-0.024405519,-0.015081284,-0.008169986,-0.004238206,-0.002365882,0.00277628,0.003224923,0.003753102,0.004308118,0.004771148,0.001827417,0.002821676,0.005211722,0.009651161,0.015591315,-0.01067914,-0.007821313,-0.004532367,-0.002055872,-0.000557522,-0.030087782,-0.01873832,-0.006399739,0.004147748,0.014193945
1892.5,1892,1893,0.036402387,0.04218676,0.047176008,0.052365026,0.056942927,-0.018551683,-0.009721158,-0.000912379,0.011257,0.021472905,-0.061803518,-0.046355875,-0.029319266,-0.019027425,-0.013895485,-0.011354745,0.00272136,0.017142266,0.026329637,0.030569473,-0.01766972,-0.001350341,0.016941597,0.03055754,0.039695262,-0.270090186,-0.217291811,-0.166574716,-0.107341146,-0.058907686,-0.056323057,-0.04030667,-0.023703493,-0.01471917,-0.010416552,-0.012346054,-0.00853222,-0.004492278,-0.001250993,0.002140937,3.53E-05,0.000692597,0.001756468,0.003910563,0.006878713,0.008054274,0.009299688,0.011077921,0.013006207,0.014554506,0.024367873,0.028564504,0.032096936,0.035608163,0.038627601,0,0,0,0,0,2.56E-05,0.000237005,0.000599662,0.001329347,0.002091446,4.05E-08,4.85E-08,5.99E-08,7.28E-08,8.25E-08,-0.025978903,-0.016050824,-0.008693623,-0.004508989,-0.002516679,0.002918865,0.003390887,0.003947202,0.004532508,0.005021129,0.001924537,0.002973126,0.005493381,0.010175269,0.016443213,-0.005893893,-0.004021198,-0.002036562,-0.00071882,-0.000103863,-0.014457568,-0.006830466,0.000454201,0.013242901,0.023632312
1893.5,1893,1894,0.039388472,0.045649017,0.05104812,0.056662335,0.061614953,-0.003481616,-0.000221858,0.008263182,0.021725051,0.033242679,-0.06345503,-0.047919275,-0.030791518,-0.020147406,-0.014801724,-0.009054713,0.005049119,0.019599457,0.0289664,0.033357238,-0.001362009,0.013341159,0.028888821,0.041705032,0.052627247,-0.265158054,-0.227168705,-0.16439235,-0.104894241,-0.056844872,-0.057734287,-0.041376221,-0.024735039,-0.01547968,-0.010974657,-0.01308952,-0.009083253,-0.004785212,-0.001387341,0.002249641,3.64E-05,0.000714106,0.001812507,0.004036553,0.007101579,0.008710439,0.010056758,0.011979032,0.014062865,0.015735466,0.026468841,0.031026946,0.034862848,0.038676064,0.041955986,0,0,0,0,0,2.77E-05,0.000256748,0.000649535,0.001439858,0.002265186,4.44E-08,5.33E-08,6.59E-08,8.02E-08,9.08E-08,-0.027546489,-0.017016214,-0.009215061,-0.004778678,-0.002666792,0.003066574,0.003562795,0.004148106,0.004764483,0.005279154,0.002038555,0.00314977,0.005820468,0.010782214,0.017426578,-0.00165482,-0.000626288,0.000273154,0.001492487,0.002847619,-0.002563485,-0.000495698,0.007988377,0.020559067,0.031644382
1894.5,1894,1895,0.042354719,0.049087752,0.054894173,0.06093313,0.066261145,0.003114325,0.008890066,0.019851461,0.034471113,0.047129533,-0.067923022,-0.051266065,-0.032890929,-0.021492651,-0.015778853,-0.009288928,0.005766582,0.021236368,0.031287693,0.035990171,0.011368913,0.025334798,0.040371124,0.055387257,0.067219745,-0.260886028,-0.225444707,-0.165341372,-0.10468937,-0.05490741,-0.061816404,-0.044428833,-0.026568895,-0.01662246,-0.011776623,-0.014161048,-0.009832152,-0.005219684,-0.001566917,0.002256268,3.88E-05,0.000761703,0.001932146,0.004301882,0.007567718,0.009365962,0.010813417,0.012880123,0.015120292,0.016918033,0.028541377,0.033455865,0.03759046,0.041702744,0.045241248,0,0,0,0,0,2.98E-05,0.000276512,0.000699505,0.001550617,0.002439378,4.84E-08,5.81E-08,7.20E-08,8.76E-08,9.93E-08,-0.029110077,-0.017979061,-0.009735068,-0.005047559,-0.002816447,0.00322382,0.003745597,0.00436133,0.005010079,0.005551885,0.002209674,0.003412712,0.00630458,0.011676838,0.018867711,-0.000143649,0.000510074,0.001875024,0.003874441,0.005846997,0.002800934,0.007978337,0.017763286,0.030922051,0.042631271
1895.5,1895,1896,0.045278854,0.052476881,0.0586851,0.065144892,0.070845543,0.003413046,0.009696343,0.020037648,0.032828197,0.044555743,-0.073128981,-0.055179542,-0.035412416,-0.023168327,-0.017024689,-0.010242217,0.005859381,0.022393508,0.033205693,0.038258027,0.011500735,0.026225534,0.04172942,0.055691886,0.066218406,-0.223847289,-0.18753607,-0.1265806,-0.06808694,-0.025869272,-0.066774864,-0.048089743,-0.028806901,-0.018047218,-0.012785592,-0.015485692,-0.010760064,-0.0057401,-0.001769756,0.002332779,4.19E-05,0.000822738,0.002085376,0.00464171,0.008164434,0.009997467,0.011543019,0.013749607,0.016141757,0.018061691,0.030586584,0.035852317,0.040281572,0.044689864,0.048484878,0,0,0,0,0,3.19E-05,0.000295585,0.000747807,0.001657696,0.002607923,5.29E-08,6.36E-08,7.89E-08,9.60E-08,1.09E-07,-0.030671593,-0.01894044,-0.010254035,-0.00531591,-0.002965766,0.003391292,0.003940173,0.004587941,0.005270621,0.005840738,0.002392676,0.003694564,0.006824111,0.012637463,0.02041649,4.50E-05,0.000839547,0.002442478,0.00466442,0.006795399,0.002954842,0.008388812,0.017309537,0.028498824,0.039425495
1896.5,1896,1897,0.048108342,0.055756357,0.062354774,0.069225099,0.075290346,0.002984896,0.008459112,0.016975341,0.027319022,0.037650564,-0.075638129,-0.05756664,-0.037613377,-0.024884758,-0.018434764,-0.00895569,0.007170692,0.023917113,0.035028618,0.040313992,0.010526981,0.025356045,0.040631699,0.052871354,0.06178743,-0.049697061,-0.017172895,0.036110862,0.09359428,0.137445973,-0.068894397,-0.049777359,-0.030381327,-0.019201311,-0.013626801,-0.016661107,-0.011630659,-0.006224816,-0.002000339,0.002444435,4.34E-05,0.000852274,0.002161974,0.004813563,0.00846786,0.0105731,0.012209072,0.014544786,0.017077895,0.019112191,0.032595841,0.038206332,0.042924962,0.047626193,0.051675191,0,0,0,0,0,3.38E-05,0.00031299,0.000792017,0.001755786,0.002762505,5.76E-08,6.94E-08,8.61E-08,1.05E-07,1.19E-07,-0.032231551,-0.01990053,-0.010772267,-0.005583817,-0.003114766,0.00355939,0.004135485,0.004815591,0.005532524,0.006131191,0.002500908,0.003863351,0.007138139,0.01322209,0.021367274,-0.000141501,0.000533711,0.001857825,0.003694165,0.00551184,0.00263604,0.00747567,0.014896507,0.023972232,0.033652539
1897.5,1897,1898,0.050843549,0.058927222,0.065905758,0.073175863,0.079597611,0.004329845,0.012358126,0.023771915,0.03531109,0.044434632,-0.07895282,-0.060516819,-0.040084058,-0.026759506,-0.019946483,-0.008535886,0.007836791,0.025018108,0.036566913,0.042130759,0.017191268,0.031668862,0.047298979,0.060817842,0.070037343,-0.039239948,-0.001415077,0.060440971,0.11629755,0.151521258,-0.071766916,-0.052042834,-0.03222424,-0.020500283,-0.014566336,-0.017994516,-0.012606645,-0.006774553,-0.002255119,0.002535508,4.53E-05,0.000890062,0.00225817,0.005028033,0.008845438,0.011085636,0.01280383,0.015256671,0.017918708,0.020058289,0.034582455,0.04053289,0.045538574,0.050531026,0.054832603,0,0,0,0,0,3.55E-05,0.000328524,0.000831618,0.001843736,0.002901353,6.22E-08,7.49E-08,9.31E-08,1.14E-07,1.29E-07,-0.033789454,-0.020859764,-0.011290002,-0.005851483,-0.003263621,0.003723129,0.004325888,0.005037853,0.005788584,0.006415573,0.002622223,0.004051454,0.007486699,0.013869024,0.022415809,-0.001621602,-0.000634755,0.000252721,0.001321369,0.002488687,0.004286499,0.012266386,0.023552771,0.034740006,0.043361667
1898.5,1898,1899,0.053585725,0.062107593,0.06946793,0.077139026,0.083917824,0.00576156,0.016478045,0.0313191,0.045417381,0.055287387,-0.083909745,-0.064540918,-0.042999508,-0.028851827,-0.021572242,-0.009483933,0.007550194,0.025600083,0.037832857,0.043766981,0.02263113,0.037351777,0.054600841,0.070260955,0.080649169,-0.266859783,-0.2317431,-0.174588277,-0.117137759,-0.074730131,-0.076548281,-0.055650638,-0.034702146,-0.022167337,-0.015766826,-0.019578059,-0.013735392,-0.007395398,-0.002497695,0.002705923,4.86E-05,0.000955437,0.002421989,0.005391224,0.009482865,0.011598154,0.013398334,0.01596805,0.018758498,0.021002895,0.036578339,0.042870113,0.048164775,0.053450083,0.058005672,0,0,0,0,0,3.71E-05,0.000344084,0.000871243,0.00193171,0.003040098,6.70E-08,8.08E-08,1.01E-07,1.23E-07,1.39E-07,-0.035347517,-0.021818459,-0.011807422,-0.006118925,-0.003412267,0.00388601,0.004515309,0.005259002,0.006043521,0.006698723,0.002795279,0.004317754,0.00797737,0.01477621,0.023878472,-0.004065735,-0.002593263,-0.001017356,-7.57E-05,0.000541157,0.005996396,0.017197211,0.03271437,0.047303065,0.057290212
1899.5,1899,1900,0.056447993,0.065427552,0.073183651,0.081268256,0.088413229,0.006838323,0.019555583,0.036949564,0.053215759,0.064177111,-0.089753401,-0.069411311,-0.046708153,-0.031601833,-0.023751298,-0.01116978,0.006560196,0.025537178,0.038589919,0.044983464,0.025442752,0.040829295,0.059799271,0.077302454,0.088788015,-0.135351828,-0.102095703,-0.047416298,0.011179806,0.052018439,-0.081928309,-0.059816373,-0.037714268,-0.024227549,-0.017250376,-0.021652197,-0.015227164,-0.0082411,-0.002872662,0.002837608,5.22E-05,0.001024786,0.002596542,0.00577862,0.010163285,0.012156169,0.014044045,0.016738535,0.019665352,0.02202009,0.038639205,0.045284625,0.050877654,0.056463303,0.061279174,0,0,0,0,0,3.90E-05,0.000361041,0.000914238,0.002027092,0.003190387,7.21E-08,8.71E-08,1.08E-07,1.32E-07,1.50E-07,-0.036905215,-0.02277689,-0.012324574,-0.006386063,-0.003560697,0.004054674,0.004711341,0.005487629,0.006306714,0.006990799,0.002954601,0.00456387,0.008432106,0.015618417,0.025239554,-0.006123846,-0.004209674,-0.0021268,-0.000709781,-7.13E-06,0.007280121,0.020875611,0.039512497,0.056823482,0.068300156
1900.5,1900,1901,0.059454483,0.068916163,0.077085504,0.08559891,0.093124247,0.00749991,0.021417391,0.04030244,0.057970256,0.069802901,-0.095933137,-0.074674847,-0.050877455,-0.034752273,-0.026272414,-0.013052482,0.005338627,0.025216865,0.039137821,0.046031821,0.02634441,0.042482801,0.062718091,0.081511685,0.093812247,-0.036741906,0.006154766,0.067834766,0.118103729,0.156351893,-0.087351259,-0.064123808,-0.040958966,-0.026479784,-0.01887146,-0.02403583,-0.016951442,-0.009238632,-0.00335013,0.002922629,5.55E-05,0.001090625,0.002762902,0.006148516,0.010813315,0.012748892,0.014728988,0.017554943,0.02062486,0.023095098,0.040797272,0.04781375,0.053718399,0.059615623,0.064700788,0,0,0,0,0,4.09E-05,0.000379072,0.000959886,0.002128319,0.003349738,7.73E-08,9.35E-08,1.16E-07,1.42E-07,1.62E-07,-0.038498742,-0.02375684,-0.012853652,-0.006659541,-0.003712658,0.004232577,0.004917942,0.005728279,0.006583232,0.007297244,0.003100663,0.004789892,0.008850289,0.01639403,0.026494658,-0.008622696,-0.006133794,-0.003373943,-0.001364674,-0.000249107,0.008178919,0.023432985,0.044201335,0.063486638,0.076181414
1901.5,1901,1902,0.062528707,0.072482812,0.081075093,0.090027801,0.097942105,0.007954726,0.022679965,0.042558687,0.06128271,0.073870181,-0.100373715,-0.07876675,-0.054373834,-0.037483944,-0.028482663,-0.013263879,0.005324736,0.025736743,0.040216617,0.047484158,0.028080098,0.044474395,0.065434447,0.085112344,0.098028506,-0.088494956,-0.052738949,0.003245433,0.062772697,0.105814379,-0.091309229,-0.067342938,-0.043588541,-0.028355397,-0.020238346,-0.026084182,-0.018442592,-0.01008465,-0.003734805,0.003091305,5.82E-05,0.001143645,0.002897692,0.006448965,0.011341656,0.013358866,0.015433824,0.018395072,0.021612036,0.024200675,0.042996141,0.05039051,0.0566131,0.062828167,0.068188273,0,0,0,0,0,4.29E-05,0.00039766,0.001006948,0.002232695,0.003514058,8.27E-08,1.00E-07,1.25E-07,1.53E-07,1.73E-07,-0.040183119,-0.024791638,-0.013412948,-0.006948845,-0.003873286,0.004418037,0.005133301,0.005978924,0.00687104,0.007616014,0.003245947,0.005014761,0.009266353,0.017165362,0.027742679,-0.011182261,-0.008086304,-0.004584545,-0.001971243,-0.000452468,0.008869949,0.025389489,0.047780386,0.068662719,0.082431576
1902.5,1902,1903,0.065634089,0.076082689,0.085103754,0.094503013,0.102812037,0.008153579,0.023200683,0.043453269,0.062747338,0.075858535,-0.103793139,-0.082105279,-0.057367603,-0.039873445,-0.030425782,-0.01256651,0.006064568,0.026849043,0.041708114,0.049260114,0.029858127,0.046240419,0.067444759,0.087555267,0.100836652,-0.245136723,-0.208496372,-0.149479591,-0.09065191,-0.051822021,-0.094408133,-0.069903693,-0.045767931,-0.029929361,-0.021392765,-0.027876281,-0.019753271,-0.010815506,-0.004050843,0.003310136,6.05E-05,0.00118808,0.003011069,0.006702025,0.011787386,0.013998313,0.01617214,0.019274599,0.022644798,0.025356491,0.045171157,0.052938248,0.059476644,0.066009666,0.071644232,0,0,0,0,0,4.51E-05,0.000417173,0.001056326,0.002342162,0.003686349,9.82E-08,1.19E-07,1.50E-07,1.84E-07,2.12E-07,-0.041952366,-0.025877921,-0.014000408,-0.007252794,-0.004041998,0.004626945,0.005375493,0.006260053,0.007192708,0.007971256,0.00339331,0.0052427,0.009687935,0.017947041,0.029007628,-0.013438382,-0.009787777,-0.005615055,-0.002476263,-0.000610451,0.009275825,0.026516822,0.049814937,0.071718482,0.086280532
1903.5,1903,1904,0.06881339,0.079766819,0.089226139,0.099082668,0.107795414,0.006618453,0.018631585,0.034967502,0.051552153,0.063263223,-0.107022302,-0.085516242,-0.060645161,-0.042586676,-0.03265879,-0.01184711,0.006745339,0.027840926,0.043025369,0.050855036,0.02545275,0.041425222,0.06073149,0.078671657,0.090700259,-0.323694057,-0.286693017,-0.2355913,-0.184939699,-0.152866991,-0.097234593,-0.072372463,-0.048005008,-0.031566602,-0.022592099,-0.029930068,-0.021263803,-0.01166315,-0.004429424,0.003588639,6.25E-05,0.00122766,0.003112332,0.006928023,0.012185751,0.014677132,0.016955351,0.020206714,0.023738416,0.026579376,0.047339767,0.055477674,0.062331889,0.069183779,0.075093597,0,0,0,0,0,4.73E-05,0.000437921,0.001108793,0.002458449,0.0038692,1.31E-07,1.60E-07,2.03E-07,2.54E-07,2.96E-07,-0.043773253,-0.026995239,-0.014604503,-0.007565305,-0.004215308,0.004873004,0.005660551,0.006590169,0.007569278,0.008385856,0.003527173,0.005450394,0.010072685,0.018661318,0.030165341,-0.013156789,-0.009517878,-0.005426711,-0.00238142,-0.00057479,0.007724043,0.021909681,0.041139905,0.06021497,0.073341566
1904.5,1904,1905,0.072068984,0.083537394,0.093445225,0.103770379,0.112897103,0.005565377,0.015547597,0.029374753,0.043977385,0.054553397,-0.111891266,-0.089993273,-0.064408167,-0.045530024,-0.035025913,-0.012322446,0.006608827,0.028327543,0.044116819,0.052345747,0.020845528,0.037278883,0.056274826,0.073097656,0.084378302,-0.380706431,-0.341769161,-0.296158098,-0.240994639,-0.196609375,-0.101651584,-0.076008749,-0.050859208,-0.033588651,-0.024062712,-0.032269473,-0.022960877,-0.012631259,-0.004867198,0.003765629,6.55E-05,0.001286083,0.003259552,0.007255099,0.01276002,0.015417507,0.0178087,0.021221314,0.024927017,0.027906753,0.049492137,0.057998097,0.065166507,0.072337455,0.078521814,0,0,0,0,0,4.97E-05,0.000460615,0.001166069,0.002585327,0.004068576,1.74E-07,2.14E-07,2.75E-07,3.48E-07,4.12E-07,-0.04562956,-0.02813405,-0.015220457,-0.007883821,-0.004391796,0.005143964,0.005974769,0.006954308,0.007984805,0.008843441,0.003714581,0.005738665,0.010604053,0.019643558,0.031748887,-0.009959126,-0.00692098,-0.003716539,-0.001496927,-0.000281298,0.006329818,0.017785745,0.033660889,0.050237129,0.061971048
1905.5,1905,1906,0.07541355,0.087408526,0.097776752,0.108584328,0.118136371,0.006979053,0.019790711,0.036974772,0.053766385,0.065681307,-0.11842901,-0.095447639,-0.06850585,-0.048544319,-0.037386336,-0.013799648,0.005796885,0.028441023,0.045110151,0.053860134,0.025788939,0.042654258,0.063136407,0.082157166,0.09485912,-0.197905204,-0.160751888,-0.111638689,-0.06140092,-0.023713389,-0.10777812,-0.080817369,-0.054317185,-0.035985635,-0.025810683,-0.03476817,-0.024749862,-0.013661055,-0.005327873,0.003862629,6.96E-05,0.001366798,0.003462277,0.007704687,0.013549925,0.016227771,0.018741631,0.022330203,0.026224852,0.029354961,0.051644861,0.060519099,0.068002552,0.075493584,0.081953284,0,0,0,0,0,5.24E-05,0.000485519,0.001228834,0.002724351,0.004286967,2.29E-07,2.83E-07,3.67E-07,4.67E-07,5.55E-07,-0.047513244,-0.029289983,-0.015845465,-0.00820687,-0.004570776,0.005426696,0.006302702,0.007334841,0.008419707,0.009322796,0.00396684,0.006126218,0.011316964,0.020959847,0.033866296,-0.007014791,-0.004516118,-0.002004691,-0.00048104,0.000184224,0.007411842,0.021038901,0.039427189,0.057557227,0.070389632
1906.5,1906,1907,0.078892943,0.091436308,0.102281666,0.113588589,0.123580667,0.00852648,0.024275839,0.045382303,0.065484444,0.079383946,-0.124843654,-0.100998965,-0.072901503,-0.051891856,-0.040044247,-0.015154982,0.00498702,0.028497721,0.04597449,0.055228798,0.030870677,0.048375042,0.070973901,0.092685625,0.107191608,-0.119892222,-0.084193627,-0.028380208,0.021231016,0.052703657,-0.113899732,-0.08567227,-0.057915257,-0.038504361,-0.02764631,-0.037551866,-0.026752542,-0.014795802,-0.005821003,0.00408258,7.38E-05,0.001450281,0.003672558,0.008171637,0.014370295,0.017086317,0.019730888,0.023506332,0.02760181,0.030891398,0.053868921,0.063124389,0.070932003,0.078749934,0.085491297,0,0,0,0,0,5.52E-05,0.000511999,0.001295615,0.002872251,0.004519273,3.00E-07,3.72E-07,4.84E-07,6.20E-07,7.38E-07,-0.049420763,-0.030459584,-0.01647785,-0.008533722,-0.004751621,0.00571874,0.006641624,0.007728258,0.008869689,0.009819283,0.004212703,0.006504964,0.012015375,0.022251211,0.035948456,-0.005153967,-0.002984907,-0.000883619,0.000212413,0.001193389,0.008742879,0.024905683,0.046622762,0.067491298,0.082011919
1907.5,1907,1908,0.082575798,0.095700369,0.107047889,0.118877661,0.129331116,0.00747907,0.021135898,0.039509817,0.05786304,0.071114159,-0.133183233,-0.108109059,-0.078457768,-0.056105833,-0.043380909,-0.017894749,0.002970874,0.02759685,0.046147376,0.056069741,0.024564991,0.04269339,0.06494454,0.085760067,0.099789655,-0.285451261,-0.255342781,-0.209321345,-0.157493227,-0.116632134,-0.121886142,-0.091973043,-0.062544013,-0.041750168,-0.03002199,-0.041095057,-0.02929238,-0.016235284,-0.006446664,0.004331434,7.95E-05,0.001561078,0.003950952,0.008789373,0.015454931,0.017996387,0.020779744,0.024753587,0.02906244,0.032521242,0.056225552,0.065886771,0.074035029,0.082193236,0.089229109,0,0,0,0,0,5.83E-05,0.000540172,0.001366643,0.00302956,0.004766505,3.94E-07,4.90E-07,6.39E-07,8.21E-07,9.80E-07,-0.051348181,-0.031641434,-0.017116609,-0.008863844,-0.004934417,0.006022551,0.006994246,0.008137813,0.009338237,0.010336419,0.004490841,0.00693309,0.012804533,0.023709383,0.03829927,-0.003847007,-0.001904601,-0.000142207,0.001037672,0.002359193,0.00751661,0.021229911,0.039789767,0.05858346,0.072208579
1908.5,1908,1909,0.086410602,0.100143007,0.112013268,0.124385672,0.135317048,0.005107979,0.014018242,0.02733939,0.04196796,0.053517261,-0.141636806,-0.114854567,-0.083360795,-0.059650993,-0.046124555,-0.020259712,0.00157692,0.027472894,0.047128269,0.05768089,0.011856023,0.031503162,0.054258699,0.073367063,0.086053907,-0.286253112,-0.252351799,-0.202920689,-0.153607795,-0.118460141,-0.129994634,-0.098168751,-0.066860823,-0.044728495,-0.032203143,-0.044165616,-0.031481144,-0.017487662,-0.006994423,0.004436616,8.50E-05,0.001669753,0.004224917,0.009398281,0.016524409,0.018919833,0.02184485,0.026020968,0.030547776,0.034180254,0.058698174,0.068785935,0.077290997,0.08580378,0.093145462,0,0,0,0,0,6.13E-05,0.00056886,0.001439029,0.003189956,0.005018529,5.19E-07,6.47E-07,8.45E-07,1.09E-06,1.30E-06,-0.053293171,-0.032833492,-0.017761166,-0.009196831,-0.005118668,0.006345646,0.007369223,0.008573314,0.009836517,0.010886293,0.004800478,0.007409715,0.013683093,0.025333456,0.040917384,-0.003371487,-0.001519508,8.12E-05,0.001399208,0.002850582,0.005045393,0.013796991,0.027349715,0.042171334,0.054053377
1909.5,1909,1910,0.090316407,0.104665331,0.11706982,0.129997154,0.141417592,0.00585246,0.016391912,0.030750971,0.045956525,0.057997283,-0.147427052,-0.119518911,-0.086799072,-0.062145186,-0.048046786,-0.020254746,0.002253636,0.028997008,0.049345731,0.060294722,0.015423383,0.035454745,0.058779769,0.078716694,0.092000131,-0.31240723,-0.2793906,-0.232196216,-0.187526777,-0.151179395,-0.135556315,-0.102425143,-0.06984363,-0.046788371,-0.033707572,-0.046372858,-0.033063862,-0.018393917,-0.007393714,0.004533451,8.88E-05,0.001742691,0.004410501,0.009811713,0.017252109,0.019837663,0.022904206,0.027282001,0.032026819,0.035833561,0.061224733,0.07174723,0.080617654,0.089493804,0.09714928,0,0,0,0,0,6.44E-05,0.000597456,0.001511258,0.00335002,0.005270109,6.59E-07,8.22E-07,1.07E-06,1.38E-06,1.65E-06,-0.055253753,-0.034035502,-0.018410777,-0.009532392,-0.005304417,0.00668836,0.007767185,0.009035607,0.010365678,0.011470289,0.005079007,0.007839632,0.01447696,0.026802312,0.043289673,-0.003612002,-0.001728563,-3.90E-05,0.001178098,0.002603712,0.005861647,0.01642631,0.030915398,0.046349069,0.058748298
1910.5,1910,1911,0.094319203,0.10930088,0.122252741,0.135749601,0.147670442,0.007660014,0.021696704,0.040446397,0.05887944,0.07262069,-0.154282778,-0.125157126,-0.091082368,-0.065325951,-0.05052563,-0.021088666,0.002110484,0.02979249,0.050969868,0.062418754,0.023130013,0.043587852,0.068157087,0.09057918,0.105699693,-0.315873886,-0.281113613,-0.235454366,-0.18621058,-0.146254871,-0.142139026,-0.107535588,-0.073509946,-0.04935228,-0.035589962,-0.049178221,-0.035078499,-0.01954649,-0.007906721,0.004657404,9.33E-05,0.00183129,0.004634271,0.010308979,0.018126446,0.020771618,0.023981823,0.028565028,0.033531694,0.037516006,0.063812471,0.074779649,0.084024574,0.093273224,0.101249755,0,0,0,0,0,6.76E-05,0.000626621,0.001584948,0.003513304,0.005526765,8.29E-07,1.03E-06,1.35E-06,1.74E-06,2.07E-06,-0.057135684,-0.035189646,-0.019034042,-0.009853962,-0.005482302,0.007048897,0.008185994,0.009522343,0.010922922,0.012085452,0.005366253,0.008282757,0.015295007,0.028315479,0.045731227,-0.005348176,-0.003178301,-0.001006657,0.000118747,0.001213131,0.007902103,0.022431663,0.041886698,0.060979815,0.075230212
1911.5,1911,1912,0.098418772,0.114049473,0.127561544,0.141640179,0.154074825,0.008612496,0.024401774,0.045464771,0.065996875,0.081039359,-0.160006907,-0.129963052,-0.094804318,-0.068110004,-0.052683504,-0.02078011,0.002914339,0.031312738,0.053130877,0.06497896,0.027837914,0.048678538,0.074318103,0.098307784,0.114529881,-0.332116406,-0.303514958,-0.257303821,-0.205780321,-0.168614159,-0.14784362,-0.111982828,-0.076742323,-0.051620438,-0.037255201,-0.051713096,-0.036900237,-0.020579082,-0.008354461,0.00484201,9.73E-05,0.001910423,0.004834696,0.010754935,0.018910753,0.02170016,0.025053836,0.029841593,0.035029661,0.039191426,0.066474578,0.077900071,0.08752982,0.097161195,0.105468301,0,0,0,0,0,7.07E-05,0.000655699,0.001658465,0.003676203,0.005782939,1.48E-06,1.81E-06,2.33E-06,2.98E-06,3.55E-06,-0.058798131,-0.036210454,-0.019583093,-0.010136658,-0.005638874,0.007433538,0.008632753,0.010041769,0.011517857,0.012742113,0.005641551,0.008707714,0.016080009,0.029767985,0.048077411,-0.008691388,-0.00586386,-0.002882107,-0.000914927,4.64E-05,0.009220418,0.026214854,0.048962364,0.070933015,0.086851357
1912.5,1912,1913,0.102617926,0.118915214,0.133000753,0.147673203,0.160631929,0.004886501,0.013356145,0.026895893,0.042065653,0.054809836,-0.163033408,-0.13300836,-0.097560404,-0.070326935,-0.054431202,-0.018164159,0.00550208,0.034071395,0.056103644,0.068140841,0.014716011,0.035898145,0.060789882,0.081457691,0.095090221,-0.248611309,-0.222956042,-0.180823314,-0.131151692,-0.100010386,-0.151142417,-0.114738076,-0.078981866,-0.053229977,-0.038421674,-0.053778606,-0.038403258,-0.021409412,-0.008693791,0.005189,9.99E-05,0.00196149,0.004965587,0.01104711,0.019425455,0.022596981,0.026089478,0.031075487,0.036478799,0.040813917,0.069264351,0.08117029,0.091202069,0.101231734,0.109881772,0,0,0,0,0,7.37E-05,0.000683831,0.001729677,0.00383406,0.006031326,2.46E-06,3.03E-06,3.91E-06,4.99E-06,5.97E-06,-0.060255615,-0.037106078,-0.02006339,-0.010383437,-0.005775736,0.007822331,0.009084257,0.010566743,0.012119433,0.013406722,0.005863809,0.009051931,0.016716816,0.030948427,0.049986909,-0.011884744,-0.008355168,-0.004525917,-0.001788811,-0.000289516,0.006041446,0.016669234,0.032180863,0.049061196,0.062822947
1913.5,1913,1914,0.106913538,0.123898718,0.138570163,0.153846811,0.167338844,-0.026573101,-0.015176439,-0.003579684,0.004292404,0.01048954,-0.167704806,-0.137207801,-0.10103548,-0.073024016,-0.056532844,-0.016824542,0.007130727,0.03617989,0.05866745,0.071014124,-0.025002817,-0.000392429,0.030437042,0.055374918,0.069472518,-0.217673803,-0.184391076,-0.135688508,-0.082887585,-0.038668407,-0.156039276,-0.118636917,-0.081934962,-0.055318929,-0.039950268,-0.05626759,-0.040200325,-0.022406636,-0.009102574,0.005496236,0.000103709,0.002035485,0.005152567,0.01146285,0.020156968,0.02342573,0.027047612,0.032218263,0.037823227,0.042321197,0.07222839,0.084645731,0.095103459,0.10555233,0.114563778,0,0,0,0,0,7.65E-05,0.000709864,0.001795719,0.003980537,0.006262012,3.42E-06,4.25E-06,5.48E-06,6.96E-06,8.23E-06,-0.061593039,-0.037930231,-0.020504981,-0.010610108,-0.00590153,0.008206163,0.009529855,0.011084726,0.012712997,0.014062818,0.006100237,0.009417158,0.017391728,0.032198632,0.052006066,-0.014167466,-0.010103841,-0.005629043,-0.002350732,-0.00048461,-0.017571769,-0.007417705,0.001069265,0.010279966,0.01841609
1914.5,1914,1915,0.111225213,0.128903089,0.144163549,0.160046362,0.174075035,-0.024990121,-0.017011183,-0.006731975,0.00122519,0.005559318,-0.172498501,-0.140739986,-0.10331335,-0.074508687,-0.057558054,-0.015041928,0.009562338,0.039333167,0.062371162,0.07499788,-0.025265704,-0.000334173,0.031092002,0.056661583,0.071370994,-0.015199144,0.019943204,0.068548212,0.120027729,0.159903315,-0.1609328,-0.122223387,-0.084281226,-0.056911706,-0.041130786,-0.057797024,-0.04127973,-0.023026286,-0.009372606,0.005479632,0.000107028,0.002100486,0.005317561,0.011830393,0.020803624,0.024172575,0.02791259,0.03325191,0.03904183,0.043690776,0.075282114,0.088226433,0.099123516,0.110005921,0.119390716,0,0,0,0,0,7.91E-05,0.00073335,0.001855496,0.004113235,0.006471183,4.80E-06,6.00E-06,7.76E-06,9.84E-06,1.16E-05,-0.062851409,-0.038706947,-0.020920326,-0.010823339,-0.006020012,0.008600053,0.009987181,0.011616287,0.013322019,0.014735892,0.006365928,0.009827007,0.018148047,0.03359796,0.054265234,-0.015276224,-0.010916647,-0.006117516,-0.002593803,-0.000564374,-0.014479296,-0.008140478,-0.001244204,0.00740027,0.013789963
1915.5,1915,1916,0.115533374,0.1339035,0.149753382,0.166244027,0.180810162,0.002183092,0.006357381,0.013430903,0.02379891,0.033147385,-0.174360712,-0.1417586,-0.103583326,-0.074425642,-0.057309956,-0.01069215,0.014394384,0.044550749,0.067754637,0.080412717,0.00823251,0.031615619,0.059196095,0.0804713,0.092646284,0.028890078,0.061867223,0.110003087,0.160803666,0.194808624,-0.163061587,-0.123595967,-0.084954197,-0.057289508,-0.041394011,-0.058046329,-0.041435454,-0.023118486,-0.009408483,0.00540031,0.000108196,0.002123549,0.005379149,0.011969855,0.021050449,0.024880897,0.028733545,0.034233764,0.040200268,0.044993842,0.078365759,0.091841661,0.103184203,0.11450808,0.12427243,0,0,0,0,0,8.15E-05,0.000755681,0.001912347,0.004239445,0.0066703,7.02E-06,8.88E-06,1.16E-05,1.47E-05,1.75E-05,-0.064051422,-0.039447834,-0.021317014,-0.011026848,-0.006133315,0.008998757,0.010450082,0.012154252,0.013938398,0.01541712,0.00659626,0.01018338,0.018807148,0.034819676,0.056242652,-0.012608345,-0.008718964,-0.004644264,-0.001828136,-0.000295594,0.003629645,0.010097971,0.019076238,0.030538175,0.041363928
1916.5,1916,1917,0.120005877,0.139094906,0.155555066,0.172674166,0.187796565,0.005996578,0.016874778,0.031797139,0.047370108,0.059973712,-0.176300433,-0.143628646,-0.10520971,-0.075694624,-0.058242813,-0.006624394,0.018512681,0.048771736,0.072057051,0.084799212,0.031533684,0.053566469,0.079524634,0.101506267,0.116224756,-0.221836668,-0.186466997,-0.140091298,-0.09573383,-0.062787667,-0.165350764,-0.125455875,-0.086417869,-0.058325357,-0.042140229,-0.05941353,-0.042429059,-0.023671415,-0.009640704,0.005613615,0.00010988,0.002157042,0.005465603,0.012163433,0.021392077,0.025688553,0.029666701,0.035345956,0.041507721,0.046458439,0.081520219,0.095540019,0.107338171,0.119113559,0.129266978,0,0,0,0,0,8.43E-05,0.000781203,0.001976959,0.004382752,0.006895918,1.04E-05,1.34E-05,1.76E-05,2.26E-05,2.69E-05,-0.065206475,-0.040161986,-0.021698985,-0.01122278,-0.006242764,0.009386556,0.010900002,0.012676959,0.014537353,0.016079552,0.006810164,0.010514567,0.019419834,0.035956674,0.058083708,-0.007955554,-0.004912469,-0.001875422,-0.000174636,0.00080159,0.006496095,0.018378231,0.034453017,0.050747684,0.064035688
1917.5,1917,1918,0.124640152,0.144471262,0.161563473,0.179334353,0.195033427,0.008282574,0.023488152,0.044081085,0.064270707,0.079474172,-0.18101088,-0.147804835,-0.108617165,-0.078321105,-0.060218958,-0.004668448,0.020686354,0.051351703,0.075060657,0.088100768,0.045016183,0.066607355,0.093023807,0.117529755,0.13435612,-0.361046833,-0.329048127,-0.281286967,-0.226656499,-0.191642536,-0.170506561,-0.129551891,-0.089517936,-0.060535208,-0.043770553,-0.06202271,-0.044314513,-0.024728906,-0.010087868,0.005879091,0.000113852,0.002235474,0.005662387,0.012599698,0.022158722,0.026600188,0.03071823,0.036597115,0.042974816,0.04809858,0.084733065,0.099306462,0.111568776,0.123804778,0.134355734,0,0,0,0,0,8.74E-05,0.000810095,0.002049908,0.004544391,0.007149972,1.51E-05,1.98E-05,2.62E-05,3.38E-05,4.03E-05,-0.06632387,-0.0408544,-0.022069019,-0.011412824,-0.006348862,0.009765768,0.011339627,0.013187614,0.015122574,0.016726793,0.007094961,0.010953238,0.020229066,0.037453315,0.060497541,-0.003169774,-0.001039491,0.000818553,0.00316922,0.005576596,0.008110757,0.023005129,0.043051793,0.062689068,0.077725625
1918.5,1918,1919,0.129244395,0.149809081,0.167532946,0.185960593,0.202239882,0.009492735,0.026954052,0.050542467,0.073475404,0.090423639,-0.186052309,-0.151806695,-0.111464689,-0.080317998,-0.061573801,-0.002660835,0.023114447,0.054356373,0.078558419,0.091896837,0.052696222,0.074537106,0.102030117,0.128274464,0.146211982,-0.25812612,-0.218650054,-0.172748266,-0.126121613,-0.086220837,-0.176190018,-0.133818537,-0.092483658,-0.062593112,-0.045293996,-0.064210902,-0.045869828,-0.025595442,-0.010436263,0.006068136,0.000118219,0.002320543,0.00587661,0.013075396,0.022994893,0.027552956,0.031817376,0.037905121,0.04450884,0.049813626,0.087890136,0.103005058,0.115725239,0.128419838,0.139365303,0,0,0,0,0,9.06E-05,0.000840387,0.002126417,0.00471394,0.007416505,2.06E-05,2.72E-05,3.62E-05,4.66E-05,5.54E-05,-0.067410845,-0.041528832,-0.022429252,-0.01159794,-0.006452477,0.010128261,0.011759755,0.013675637,0.015681809,0.017345965,0.007424004,0.011459934,0.021163191,0.039180724,0.063282709,-0.000600443,0.000766646,0.00338148,0.007069963,0.010689793,0.008775803,0.024876085,0.046485421,0.067636867,0.083618579
1919.5,1919,1920,0.133725361,0.154996282,0.173340423,0.192420301,0.209276669,0.008649048,0.02441963,0.045736537,0.067257094,0.083795276,-0.186097405,-0.151306354,-0.110494429,-0.079205407,-0.060405989,0.003773631,0.029741899,0.061049421,0.085153636,0.09839167,0.056095806,0.077849919,0.104565572,0.129343146,0.146148478,-0.16290997,-0.127721772,-0.078420125,-0.026708613,0.009693513,-0.176874226,-0.134088543,-0.092352067,-0.062394365,-0.045121064,-0.063922103,-0.045633143,-0.025473449,-0.010395491,0.005886437,0.000118187,0.002319832,0.005880433,0.013088325,0.023020531,0.028596306,0.033019779,0.039335166,0.046184292,0.051684441,0.090885282,0.106511389,0.119668924,0.132808081,0.14413648,0,0,0,0,0,9.42E-05,0.000873658,0.002210355,0.004899878,0.007708757,2.63E-05,3.50E-05,4.65E-05,5.95E-05,7.03E-05,-0.068471469,-0.042188154,-0.022781842,-0.011779047,-0.006554088,0.010438043,0.01211825,0.014092008,0.016159689,0.017876267,0.007713926,0.011907876,0.021990816,0.040713573,0.065759163,-0.000512112,0.000869388,0.003488045,0.007097074,0.01066222,0.007897969,0.022242867,0.04159151,0.061379593,0.07695013
1920.5,1920,1921,0.13815251,0.160119658,0.179078937,0.198810794,0.216244323,0.008073589,0.022708562,0.042495395,0.062907698,0.078853877,-0.185820697,-0.150609986,-0.109424597,-0.078019564,-0.059181966,0.010414442,0.0364953,0.06779644,0.091764605,0.104890118,0.060532475,0.08223655,0.108457251,0.132172042,0.148088829,-0.1404298,-0.106823037,-0.055018962,-0.00384475,0.033795607,-0.17737927,-0.134230431,-0.092159916,-0.062159259,-0.044919143,-0.063604952,-0.045377738,-0.02533408,-0.010340198,0.005750453,0.000118171,0.002318927,0.00588227,0.01309563,0.023037553,0.02971272,0.034306899,0.040865848,0.047977087,0.053686175,0.09380036,0.109922807,0.123507837,0.137083355,0.148787211,0,0,0,0,0,9.81E-05,0.000909411,0.002300516,0.005099605,0.008022601,3.19E-05,4.25E-05,5.63E-05,7.16E-05,8.40E-05,-0.069554139,-0.042861043,-0.023142326,-0.011964505,-0.006658044,0.010700364,0.012421563,0.014444733,0.016565623,0.018328324,0.008016388,0.012374789,0.022853077,0.042310017,0.068337979,-0.001702653,-8.24E-05,0.00179299,0.004502281,0.007334703,0.007664025,0.0215574,0.040305669,0.059694984,0.075054871
1921.5,1921,1922,0.142545658,0.165201775,0.184773877,0.205157427,0.223168029,0.009051762,0.025579323,0.047707768,0.069714029,0.0862938,-0.184528142,-0.149180502,-0.107853518,-0.07644988,-0.057614147,0.017790427,0.043894818,0.07508298,0.098774644,0.111712749,0.072372756,0.093815382,0.120269382,0.144821576,0.161151245,-0.084298994,-0.04989217,-0.001111169,0.045876326,0.081545852,-0.177225803,-0.133805142,-0.091571623,-0.061636858,-0.044498565,-0.062982923,-0.044897934,-0.025026235,-0.010156104,0.005841422,0.000118114,0.002318572,0.005884862,0.013104246,0.023055514,0.03086404,0.035634826,0.042445649,0.04982878,0.055754089,0.096660458,0.113270635,0.127276249,0.141282187,0.153357761,0,0,0,0,0,0.000102027,0.000946423,0.00239389,0.005306424,0.008347855,3.70E-05,4.93E-05,6.51E-05,8.23E-05,9.60E-05,-0.070723701,-0.043589506,-0.023533678,-0.012166559,-0.006771426,0.01094533,0.012705561,0.014775758,0.016947203,0.018753639,0.008318641,0.012841431,0.023714956,0.043906174,0.070916463,-0.004147684,-0.001970417,9.02E-05,0.001914734,0.004050492,0.009035954,0.025590819,0.04774781,0.069605221,0.086079019
1922.5,1922,1923,0.14683553,0.170160965,0.190336046,0.211365402,0.229945751,0.009739635,0.027542494,0.051336497,0.07480837,0.092218275,-0.180184669,-0.14539431,-0.104627568,-0.073611997,-0.055013848,0.027359087,0.053275377,0.084042712,0.107144358,0.119713248,0.085107721,0.106054592,0.132484176,0.15742584,0.173813685,-0.189845705,-0.158825188,-0.115167336,-0.072652764,-0.040110826,-0.174044204,-0.131092337,-0.089421259,-0.059988827,-0.043204814,-0.061388895,-0.043719061,-0.024308726,-0.009793285,0.005931124,0.000115867,0.002272971,0.00577705,0.012872038,0.022653173,0.032028373,0.036977877,0.044044549,0.05170353,0.057849149,0.099407527,0.116484327,0.130898114,0.145325422,0.157761322,0,0,0,0,0,0.000106072,0.000983973,0.002488719,0.005516563,0.008678167,4.21E-05,5.62E-05,7.40E-05,9.31E-05,0.000108015,-0.071977862,-0.044370171,-0.023954362,-0.01238396,-0.00689357,0.011185997,0.012984879,0.015101874,0.017323624,0.019173218,0.008580451,0.013246716,0.024464347,0.045296661,0.073166934,-0.007083309,-0.004364635,-0.001451232,0.000141522,0.001705176,0.010087586,0.028617675,0.053421149,0.077593557,0.095363389
1923.5,1923,1924,0.151052809,0.175033477,0.195804288,0.21747338,0.236617894,0.010112709,0.028571893,0.053243235,0.077665663,0.095736177,-0.18325933,-0.147464068,-0.105605782,-0.073980253,-0.054858494,0.03094443,0.057215349,0.088438045,0.111752174,0.124436988,0.090344079,0.11166858,0.138695552,0.164266782,0.181010264,-0.168775976,-0.138054361,-0.095916606,-0.052955598,-0.020424534,-0.178708567,-0.134178393,-0.091242245,-0.061195205,-0.044131211,-0.062170322,-0.044248404,-0.024520356,-0.009745719,0.006323685,0.000120335,0.002362666,0.005996786,0.013353933,0.023496261,0.03317844,0.038305494,0.045625588,0.053558818,0.059923851,0.102065947,0.119593782,0.134405417,0.149246015,0.162035015,0,0,0,0,0,0.000110082,0.001021181,0.002582771,0.005725019,0.009005941,4.81E-05,6.44E-05,8.46E-05,0.000106192,0.000123051,-0.073278902,-0.045180203,-0.024391082,-0.012609981,-0.007020682,0.011453802,0.013295688,0.015464343,0.017741006,0.019637198,0.008947334,0.013811453,0.025505726,0.047221218,0.076270944,-0.010110375,-0.006746656,-0.003115185,-0.000788731,0.000394848,0.010791399,0.03061882,0.057169381,0.083033438,0.101869058
1924.5,1924,1925,0.155169295,0.179790662,0.20114856,0.223447438,0.243147773,0.009392276,0.026389181,0.04926576,0.072684393,0.090444671,-0.188531142,-0.151222228,-0.107800212,-0.075287174,-0.055429878,0.0325104,0.059425373,0.091431754,0.115221399,0.128193622,0.089262959,0.111267082,0.138250262,0.163148707,0.179533252,-0.160594041,-0.13274137,-0.091597738,-0.045456632,-0.010926826,-0.18541434,-0.138765064,-0.094060167,-0.063085079,-0.045557939,-0.063631186,-0.045255962,-0.024994573,-0.009794698,0.006769937,0.000126291,0.002480883,0.006290561,0.014002901,0.024632778,0.034261113,0.03955663,0.047116761,0.055311158,0.061886457,0.104684077,0.122654569,0.137859955,0.153109573,0.166247615,0,0,0,0,0,0.000113876,0.001056281,0.002671668,0.005922144,0.009316297,5.52E-05,7.41E-05,9.73E-05,0.000121976,0.000141248,-0.074609973,-0.046009849,-0.024838551,-0.012841455,-0.007150854,0.011733712,0.013620925,0.015843553,0.018177518,0.020121989,0.009306713,0.014365654,0.026528527,0.04911423,0.079326436,-0.011695984,-0.007956087,-0.00393573,-0.001257346,0.000103344,0.010243477,0.028950236,0.054093476,0.079269123,0.097983388
1925.5,1925,1926,0.158956604,0.184164624,0.206077751,0.228975774,0.249207048,0.008883779,0.024890012,0.046538355,0.069135898,0.08660028,-0.190425834,-0.152689203,-0.108803495,-0.075882661,-0.055617997,0.035963956,0.063115646,0.095413508,0.119314952,0.132360973,0.090827745,0.113065452,0.139828321,0.164085756,0.18006108,-0.133232174,-0.104438491,-0.062303981,-0.017059573,0.019629018,-0.18808753,-0.140599383,-0.095269866,-0.063878545,-0.046113134,-0.064558679,-0.045910283,-0.025314161,-0.009867711,0.007059873,0.000128622,0.00252572,0.006406721,0.014263693,0.025092671,0.035228212,0.04067605,0.048453405,0.056885219,0.063654021,0.107136617,0.125520575,0.141103889,0.156749276,0.170222286,0,0,0,0,0,0.000117269,0.001087668,0.00275143,0.006099128,0.009595101,6.34E-05,8.52E-05,0.000111809,0.000140086,0.000162118,-0.075961639,-0.046854218,-0.025294089,-0.013077283,-0.00728337,0.011975188,0.013902012,0.016172774,0.018558606,0.020547342,0.009570385,0.014774781,0.027286237,0.050521098,0.08160588,-0.010869524,-0.007221851,-0.003383889,-0.000958182,0.000256104,0.009632444,0.027129115,0.050769902,0.075002802,0.093371031
1926.5,1926,1927,0.162260755,0.187978523,0.210404921,0.23386187,0.254580754,0.00826845,0.023091689,0.043301215,0.064873344,0.081962086,-0.192286751,-0.154312694,-0.110105005,-0.076789698,-0.056152059,0.038782462,0.066021122,0.098498137,0.122517639,0.135661507,0.091114556,0.113514311,0.14008256,0.163651245,0.179203486,0.020809905,0.051970061,0.096910731,0.141363741,0.175518285,-0.190361189,-0.142313209,-0.096535552,-0.064749969,-0.046727481,-0.065736295,-0.046761986,-0.025785922,-0.01006224,0.007209284,0.000130367,0.002559787,0.006495461,0.014463182,0.025444477,0.036061416,0.04164303,0.049611448,0.05825386,0.065195734,0.109292867,0.128035774,0.143969052,0.159987983,0.173772602,0,0,0,0,0,0.00012023,0.00111471,0.002820476,0.006252467,0.009837206,7.30E-05,9.83E-05,0.000128924,0.000161469,0.000186823,-0.077331481,-0.047710272,-0.025756483,-0.013316742,-0.007418273,0.012180318,0.014141337,0.016454466,0.01888671,0.020915218,0.00982331,0.015167158,0.028012412,0.051869702,0.083789824,-0.008255513,-0.005030957,-0.001732225,-1.51E-05,0.0014267,0.008688138,0.024331723,0.045735097,0.068406386,0.086126032
1927.5,1927,1928,0.165322955,0.191510067,0.214426666,0.238415473,0.25959978,0.007841796,0.021865512,0.041097904,0.0619333,0.078810622,-0.195332953,-0.157169757,-0.112575802,-0.078716253,-0.057599759,0.040261955,0.067464559,0.100069743,0.124333823,0.137689508,0.090722563,0.113191856,0.139756252,0.163044114,0.178465619,-0.078285426,-0.049204322,-0.008059589,0.034435493,0.068753468,-0.19348659,-0.144920849,-0.098643476,-0.066279065,-0.047847405,-0.067769574,-0.048251209,-0.026663361,-0.010490436,0.007278774,0.000132527,0.002602338,0.006604226,0.014705932,0.025872401,0.036806593,0.042509765,0.0506518,0.059487087,0.066587997,0.111323796,0.130402876,0.146671669,0.163051132,0.177136205,0,0,0,0,0,0.000122876,0.001138945,0.002882486,0.006390354,0.010055137,8.34E-05,0.00011241,0.000147322,0.000184355,0.000213124,-0.07871756,-0.048576798,-0.026224597,-0.013559225,-0.00755491,0.0123649,0.014357238,0.016709652,0.019185074,0.021250656,0.010099507,0.015594028,0.028801556,0.053333948,0.086158133,-0.005202563,-0.002506585,4.59E-05,0.001969392,0.004192123,0.007829569,0.021811795,0.041214324,0.06235476,0.079470225
1928.5,1928,1929,0.168337338,0.194985232,0.21838521,0.242898383,0.264539388,0.009348364,0.026356789,0.04918472,0.072442149,0.090603034,-0.198770758,-0.16041571,-0.115350712,-0.080860612,-0.059245037,0.041466361,0.06855958,0.101229451,0.125794182,0.139413165,0.098761116,0.120864944,0.148016886,0.173223831,0.189973737,-0.075132119,-0.043942566,0.000779216,0.04450657,0.080427964,-0.196858881,-0.147834014,-0.101018795,-0.068015047,-0.04912869,-0.070077937,-0.049940036,-0.027681377,-0.011016325,0.00723075,0.000134649,0.002643603,0.006709804,0.014942005,0.026288313,0.037586125,0.043415058,0.051735983,0.060768807,0.068031926,0.113273449,0.132674342,0.149271036,0.166001352,0.180377807,0,0,0,0,0,0.000125647,0.001164353,0.00294726,0.006534247,0.010282409,9.44E-05,0.000127324,0.000166697,0.00020835,0.000240575,-0.080114469,-0.04945258,-0.026697728,-0.013804415,-0.007693371,0.012544782,0.014568071,0.016958981,0.019476592,0.021578481,0.010407509,0.01606947,0.029679639,0.054960107,0.088785452,-0.003156075,-0.000840324,0.001279178,0.004053803,0.006914488,0.009033848,0.025450823,0.047532137,0.070283234,0.088235819
1929.5,1929,1930,0.171342794,0.198449968,0.222331993,0.247370337,0.269464371,0.01066825,0.030176008,0.056300536,0.082252174,0.101900362,-0.202640017,-0.164203227,-0.118692143,-0.083516712,-0.061400191,0.04232915,0.069164229,0.101778651,0.126688585,0.140623138,0.105174682,0.126978085,0.155081633,0.182253505,0.200364563,-0.261081236,-0.229859062,-0.186196407,-0.144053603,-0.113873594,-0.200305181,-0.151020955,-0.103743937,-0.070050678,-0.050640516,-0.072890071,-0.052005477,-0.028957532,-0.011720334,0.007013134,0.000136369,0.002677435,0.006797203,0.01513791,0.026633927,0.038471799,0.044440104,0.052958981,0.062208519,0.06964737,0.115103231,0.134806724,0.151720186,0.168791345,0.183447226,0,0,0,0,0,0.000128782,0.001193303,0.003020667,0.006697108,0.010538901,0.000107326,0.000144948,0.000189722,0.00023705,0.000273646,-0.0815235,-0.05033644,-0.027175732,-0.014052426,-0.007833219,0.012720729,0.014774263,0.017202957,0.019762063,0.021899436,0.010732746,0.016571483,0.030606647,0.056677003,0.091558456,-0.002953878,-0.000681746,0.001418791,0.004251542,0.007213313,0.010331162,0.029227488,0.054527079,0.079759604,0.099018014
1930.5,1930,1931,0.174312987,0.201869438,0.226234227,0.251796229,0.274340135,0.01131347,0.031994239,0.059685599,0.087167357,0.107777879,-0.206618442,-0.167557181,-0.121181832,-0.085285771,-0.062757099,0.043587174,0.070323428,0.102997114,0.128296589,0.142547601,0.108976202,0.130767002,0.159572178,0.187842209,0.206752404,-0.043828073,-0.013815116,0.027896245,0.070167497,0.103153499,-0.203834103,-0.154046989,-0.106040549,-0.071719402,-0.051897241,-0.074979183,-0.053522337,-0.029926514,-0.01229399,0.00657349,0.000137865,0.00270673,0.006873418,0.015308964,0.026935742,0.039433202,0.045551172,0.054282915,0.063764432,0.071390089,0.116827411,0.136813784,0.154035681,0.171436878,0.18636261,0,0,0,0,0,0.000132178,0.001224805,0.003100422,0.006873946,0.010817274,0.000122752,0.000165988,0.000217335,0.000271624,0.000313656,-0.082928425,-0.05122023,-0.027653128,-0.01429992,-0.007973013,0.012883521,0.0149655,0.017430195,0.020029042,0.022200591,0.011074947,0.017099493,0.031581538,0.058482367,0.094474528,-0.00382004,-0.001358537,0.000780846,0.003314706,0.006045936,0.011117887,0.031475301,0.058736321,0.085764452,0.106082582
1931.5,1931,1932,0.177272045,0.20527704,0.230123375,0.256205234,0.2791972,0.011541577,0.032597575,0.060804202,0.08898361,0.110124293,-0.203751342,-0.164972263,-0.118925594,-0.083197299,-0.060907385,0.050328,0.076920079,0.109213552,0.134163441,0.148161675,0.116845088,0.138276206,0.166887856,0.195117773,0.213906005,0.01370681,0.043795873,0.084884301,0.127880675,0.161055756,-0.20075727,-0.151704137,-0.104241371,-0.070354827,-0.050809622,-0.073864494,-0.052703764,-0.02951915,-0.012217569,0.006111618,0.000134402,0.002636244,0.006706933,0.014950025,0.02631294,0.040402993,0.046672644,0.055620267,0.065337166,0.073152802,0.118512417,0.138776098,0.156299989,0.174025686,0.189214929,4.19E-07,7.31E-07,1.42E-06,2.66E-06,4.10E-06,0.000135625,0.001256669,0.003181183,0.007053042,0.011099395,0.000140768,0.00019055,0.000249611,0.000312065,0.000360476,-0.084307842,-0.052089785,-0.028123107,-0.014543238,-0.008111021,0.013061457,0.015174058,0.017676489,0.02031669,0.022523438,0.011275844,0.017413468,0.032166227,0.059573208,0.096251029,-0.005412386,-0.002702803,-4.39E-05,0.001930991,0.004346227,0.011574976,0.032757542,0.061148121,0.089355295,0.110448536
1932.5,1932,1933,0.180318364,0.208788087,0.234119395,0.260723881,0.28416486,0.01097261,0.030862995,0.057631903,0.085045135,0.105955288,-0.196892139,-0.158819559,-0.113670003,-0.078606433,-0.056809722,0.060371501,0.086906705,0.118671995,0.142930345,0.15645389,0.12519933,0.146090163,0.173493816,0.20030177,0.218037349,-0.036328976,-0.005933926,0.033712978,0.07390984,0.104851302,-0.194133225,-0.146317955,-0.100009866,-0.067159887,-0.048324849,-0.070681974,-0.050353136,-0.028175689,-0.011645558,0.005801819,0.000128759,0.002522637,0.006434291,0.014358361,0.025284599,0.041342104,0.047760172,0.056919239,0.066867241,0.074869967,0.120296916,0.140857573,0.158688267,0.176737653,0.192195198,1.49E-06,2.59E-06,4.99E-06,9.35E-06,1.43E-05,0.00013898,0.001287644,0.003259808,0.007227481,0.011374418,0.000161362,0.000218428,0.000286086,0.000357603,0.00041304,-0.085663834,-0.052945388,-0.028585857,-0.01478326,-0.00824701,0.013254352,0.015399451,0.017941857,0.020625224,0.022868194,0.011400666,0.017611445,0.032538984,0.060272923,0.09740211,-0.007882741,-0.00472887,-0.001341512,0.000411542,0.002443827,0.011323005,0.031964169,0.059724918,0.087779529,0.108983501
1933.5,1933,1934,0.18348308,0.212441582,0.238264441,0.265394075,0.289291019,0.008320867,0.022889969,0.043954117,0.067397579,0.08648768,-0.1930028,-0.155133865,-0.110340685,-0.075610471,-0.05403907,0.068172481,0.094741893,0.126204528,0.150111242,0.163448116,0.122858069,0.143526924,0.168775199,0.192142207,0.207970165,-0.20336441,-0.176351541,-0.140327826,-0.103104192,-0.073159523,-0.190429287,-0.143232852,-0.097488486,-0.065268034,-0.046888296,-0.068658431,-0.048862063,-0.027336178,-0.011306751,0.005486469,0.000125402,0.00245697,0.006274216,0.014010149,0.024677661,0.042262416,0.048826748,0.058193916,0.068369921,0.076557172,0.122218785,0.143101089,0.161246979,0.179624849,0.195356437,2.93E-06,5.09E-06,9.79E-06,1.83E-05,2.76E-05,0.000142281,0.00131806,0.003337088,0.007398985,0.011644829,0.000183981,0.000248888,0.000325728,0.000406849,0.000469655,-0.08700903,-0.053796835,-0.029046301,-0.01502188,-0.00838301,0.013447108,0.015624709,0.018207284,0.020933987,0.023213663,0.011572605,0.017879512,0.033037416,0.061201772,0.098914673,-0.010468966,-0.006757151,-0.002788651,-0.000427504,0.001065644,0.009026,0.025084701,0.047664541,0.072193234,0.09185
1934.5,1934,1935,0.186835281,0.21631168,0.242639496,0.270306532,0.294668705,0.006868289,0.018675354,0.036635629,0.057587974,0.075489153,-0.194503388,-0.156413902,-0.111329219,-0.076324545,-0.054567745,0.071549492,0.098089272,0.129513327,0.153535946,0.167025596,0.119366431,0.140492966,0.165621859,0.187783778,0.20283495,-0.048318516,-0.02171233,0.016496712,0.054106981,0.082424371,-0.191875773,-0.144486194,-0.098485127,-0.06605701,-0.047527883,-0.069514073,-0.049525281,-0.027771029,-0.011580694,0.005268121,0.000125916,0.002469565,0.006301968,0.014068762,0.024778578,0.043193488,0.049905247,0.059482635,0.069888339,0.078261795,0.124308379,0.145543951,0.164018134,0.182733776,0.19875001,4.63E-06,8.04E-06,1.54E-05,2.86E-05,4.31E-05,0.000145625,0.001348914,0.003415409,0.007572821,0.011918956,0.000208684,0.000282216,0.000369073,0.000460639,0.000531448,-0.088349194,-0.054647209,-0.029506056,-0.015260261,-0.008519112,0.013639517,0.015849801,0.018472663,0.021242715,0.023559019,0.011826629,0.01827128,0.033760808,0.062542561,0.101083838,-0.012191754,-0.008075251,-0.00368278,-0.000921512,0.000489135,0.00780862,0.021548743,0.041352625,0.063635337,0.08229577
1935.5,1935,1936,0.190427754,0.220462933,0.247313309,0.27553308,0.300376646,0.00868919,0.024273535,0.045352163,0.068065308,0.086876589,-0.19932686,-0.160672602,-0.114808966,-0.079076488,-0.056806509,0.072392666,0.098926512,0.130556483,0.155031259,0.16888876,0.127754268,0.148648503,0.174355898,0.198240784,0.214348948,-0.090757029,-0.064783803,-0.029553455,0.007247699,0.035899344,-0.196571333,-0.148410232,-0.101563328,-0.068360047,-0.049287763,-0.072141527,-0.05148275,-0.028950205,-0.012195391,0.005116006,0.000128913,0.002529769,0.006447438,0.014385605,0.025330685,0.044147822,0.051010232,0.060801845,0.071441872,0.080005039,0.126610701,0.148238226,0.167059051,0.186126455,0.202442218,6.53E-06,1.13E-05,2.16E-05,4.01E-05,6.00E-05,0.000149058,0.001380618,0.003495827,0.007751266,0.012200228,0.000236596,0.000319934,0.0004182,0.000521713,0.00060174,-0.089685213,-0.055498462,-0.029966128,-0.01549896,-0.008655893,0.013826305,0.01606849,0.018731077,0.021543795,0.023896037,0.012147335,0.018764936,0.03467097,0.064226367,0.10380158,-0.011407989,-0.00736443,-0.003125725,-0.000622921,0.000802198,0.009422962,0.026487291,0.049499316,0.073628502,0.093161326
1936.5,1936,1937,0.194541592,0.225226987,0.252632365,0.281436054,0.306797439,0.010649842,0.030044419,0.055984645,0.082178765,0.102688195,-0.205852996,-0.166322208,-0.119342208,-0.08261051,-0.059624952,0.072464122,0.0991054,0.131167143,0.156272654,0.170589223,0.136166062,0.157223623,0.184556974,0.211207299,0.22895341,-0.061513207,-0.035246128,0.00157203,0.040503365,0.072323015,-0.203035445,-0.153675615,-0.105589062,-0.071305163,-0.051509388,-0.075576555,-0.054005168,-0.03043667,-0.012928113,0.005053224,0.000133351,0.002618169,0.006664796,0.014862378,0.026163136,0.045101425,0.052114347,0.062120631,0.07299569,0.081749056,0.129412904,0.151522547,0.170726947,0.19017537,0.206824622,8.58E-06,1.49E-05,2.83E-05,5.24E-05,7.81E-05,0.000152496,0.001412344,0.00357641,0.007930049,0.012482058,0.000269721,0.000364646,0.00047655,0.000594462,0.00068574,-0.091021988,-0.05635168,-0.030427952,-0.015738595,-0.008793246,0.014022402,0.01629759,0.019000769,0.021857123,0.024246005,0.012508821,0.019321722,0.035697635,0.066125627,0.106861771,-0.00682013,-0.003568331,-0.000307618,0.001680531,0.004143041,0.010771574,0.030423325,0.056760497,0.083366461,0.104122238
1937.5,1937,1938,0.199222771,0.230658729,0.258667518,0.288095831,0.31401528,0.012190167,0.034496765,0.064419942,0.094086682,0.11655112,-0.213306506,-0.172848655,-0.12467238,-0.08680109,-0.062962029,0.072360225,0.099142205,0.131721135,0.15752607,0.172335435,0.142057125,0.163723719,0.193036015,0.222331058,0.241786008,0.079380152,0.109015838,0.149497316,0.188453639,0.215643863,-0.210383326,-0.159687782,-0.110221774,-0.074692062,-0.054047622,-0.079704378,-0.057022611,-0.032202848,-0.013786502,0.00501228,0.000138495,0.002719456,0.006916351,0.015416519,0.027132587,0.046034079,0.053195535,0.063413513,0.074519992,0.083461841,0.1327674,0.155458676,0.175102621,0.194976538,0.212003342,1.08E-05,1.86E-05,3.54E-05,6.54E-05,9.71E-05,0.00015588,0.001443503,0.00365557,0.00810577,0.012759132,0.000308729,0.000417217,0.000545185,0.00068011,0.000784704,-0.092362058,-0.057206809,-0.030891463,-0.015978847,-0.008931898,0.014238197,0.016549018,0.019295296,0.022197524,0.024624774,0.012896021,0.019918276,0.036797754,0.068160881,0.110142706,-0.002176547,4.68E-05,0.002852008,0.006880437,0.01096343,0.011535916,0.03260459,0.060847024,0.089177525,0.110896861
1938.5,1938,1939,0.203978564,0.236175478,0.264820746,0.294901706,0.321397175,0.013110858,0.037120972,0.069415934,0.101451317,0.12544664,-0.215452923,-0.175383619,-0.127219866,-0.088887182,-0.064612133,0.076196467,0.102909672,0.135482621,0.161386316,0.176302533,0.149366787,0.171257729,0.201596083,0.232329621,0.252724351,0.075957297,0.103668413,0.14330656,0.183684635,0.213271024,-0.212248558,-0.161637541,-0.11210276,-0.076105666,-0.055045941,-0.082099254,-0.058785779,-0.033260105,-0.014341617,0.004928806,0.000139276,0.002733673,0.006957843,0.015513663,0.027305867,0.046945849,0.054253343,0.064679302,0.076014092,0.08514118,0.136184698,0.159466323,0.179582936,0.199912335,0.217333151,1.30E-05,2.25E-05,4.28E-05,7.89E-05,0.000117013,0.000159203,0.001474042,0.003733222,0.008278196,0.013031095,0.000352271,0.00047584,0.000621564,0.000775148,0.000894198,-0.09370262,-0.058066485,-0.031356865,-0.016220383,-0.009071644,0.014478798,0.016828533,0.019621505,0.022572963,0.025041123,0.013158781,0.020326964,0.037556448,0.069572489,0.112436901,-0.000534557,0.001402829,0.005182862,0.010396789,0.015577196,0.011993018,0.033889748,0.063269434,0.092760621,0.115191333
1939.5,1939,1940,0.208690153,0.241639117,0.270934479,0.301682658,0.32876546,0.01363146,0.038578692,0.072175368,0.105647321,0.130650712,-0.217492201,-0.17740687,-0.128991118,-0.090203446,-0.065551502,0.0804272,0.107223089,0.139887366,0.165924633,0.180959513,0.15554694,0.177713968,0.208721263,0.240310681,0.261254133,0.039322051,0.06601723,0.10491601,0.144716915,0.174879696,-0.214135488,-0.163376248,-0.113574185,-0.07717305,-0.055807351,-0.083812816,-0.060044467,-0.034018417,-0.014748318,0.00477519,0.000140098,0.002748878,0.006999649,0.015609323,0.027475496,0.047893145,0.055350728,0.065990754,0.077559659,0.086876211,0.139508272,0.163359003,0.18395424,0.204753407,0.222572349,1.54E-05,2.66E-05,5.05E-05,9.31E-05,0.000137631,0.000162652,0.00150583,0.003813931,0.008457274,0.013313336,0.000399571,0.000539473,0.000704226,0.000877636,0.001011861,-0.095049187,-0.058930416,-0.03182483,-0.016463029,-0.009212656,0.0147309,0.01712154,0.019963335,0.022966118,0.025476941,0.01343015,0.020747859,0.038336202,0.071019261,0.114783851,-0.000193403,0.001847086,0.005936522,0.011503455,0.017051463,0.012370494,0.03495315,0.065271792,0.095729888,0.118776858
1940.5,1940,1941,0.213371589,0.247067811,0.277016982,0.308439468,0.336113012,0.013892902,0.039292578,0.073510449,0.107785673,0.133387497,-0.223136171,-0.182825964,-0.13381504,-0.094152281,-0.068783218,0.081570659,0.108271096,0.141132569,0.167609797,0.183024115,0.15759978,0.179888829,0.21137088,0.243676387,0.265248686,0.134253728,0.166767742,0.216272903,0.270107795,0.307078024,-0.219459047,-0.168059461,-0.117466754,-0.08009736,-0.057999383,-0.087825496,-0.063005756,-0.0357732,-0.015631307,0.004644238,0.000143461,0.002816328,0.007167029,0.015978311,0.028122647,0.048827409,0.056434111,0.067286603,0.07908785,0.088593605,0.142802534,0.167216408,0.188292422,0.209566755,0.227792432,1.79E-05,3.09E-05,5.84E-05,0.000107611,0.000158883,0.00016604,0.001537261,0.003893823,0.008634612,0.013592931,0.000451565,0.00060943,0.000794969,0.000990002,0.001140747,-0.096277084,-0.059725832,-0.032254746,-0.016684944,-0.009342479,0.014989461,0.017422123,0.020314133,0.023369638,0.025924201,0.013773078,0.021276526,0.039312068,0.072825987,0.117700872,-0.000283428,0.001698337,0.005624577,0.011026232,0.016497008,0.0126931,0.035861681,0.066984121,0.098281325,0.121882238
1941.5,1941,1942,0.217893949,0.252311026,0.282908406,0.315001534,0.343259782,0.013972003,0.0394766,0.073846692,0.108483861,0.134404332,-0.228323122,-0.188360558,-0.139118499,-0.098615783,-0.072446737,0.082453288,0.108919098,0.141862394,0.168710304,0.184461747,0.158767557,0.180936233,0.212541322,0.245237101,0.267265305,0.032517252,0.081213274,0.1716101,0.277522718,0.326354053,-0.224359595,-0.172645918,-0.121507591,-0.083135242,-0.060230362,-0.09243821,-0.066394879,-0.03777265,-0.016610323,0.004672018,0.000146672,0.002879453,0.007325548,0.016329507,0.028738577,0.049674606,0.057419833,0.068470404,0.080489365,0.090173644,0.146005475,0.170967006,0.192520173,0.214271181,0.232900647,2.03E-05,3.51E-05,6.63E-05,0.000121977,0.000179822,0.000169171,0.001565893,0.003966829,0.008796882,0.013849159,0.00051023,0.000688397,0.000897374,0.00111685,0.001286371,-0.097209791,-0.06033949,-0.032583383,-0.016852907,-0.009442524,0.015262586,0.017739434,0.020683679,0.023794157,0.026394223,0.014079247,0.021750742,0.040189595,0.074453141,0.120334949,-0.000684034,0.001183513,0.004690727,0.009669045,0.014819799,0.012949827,0.036581217,0.068344092,0.100344121,0.124437592
1942.5,1942,1943,0.222282289,0.257395621,0.288633256,0.321390637,0.350227812,0.013877272,0.039157811,0.073238428,0.107829953,0.133822072,-0.234395684,-0.193998343,-0.143945708,-0.102455791,-0.075461142,0.083073861,0.109503306,0.142734897,0.170067284,0.186186685,0.159195238,0.181304195,0.212936379,0.245809833,0.268156874,-0.00960847,0.043414297,0.136571545,0.238518329,0.295390647,-0.230399278,-0.177752842,-0.125558989,-0.086098559,-0.06243029,-0.096489776,-0.069345411,-0.039491803,-0.017427731,0.004676695,0.000150923,0.002963518,0.007535318,0.016793518,0.029551949,0.050524178,0.058407967,0.069655381,0.081891541,0.09175331,0.149046628,0.174522897,0.19654055,0.21876191,0.237787078,2.27E-05,3.92E-05,7.40E-05,0.000136159,0.000200461,0.000172319,0.001594647,0.004040058,0.008959643,0.014106226,0.000578539,0.00078037,0.001016737,0.001264938,0.001456752,-0.097866222,-0.060783843,-0.032820094,-0.01697161,-0.009516223,0.015552226,0.018075554,0.021074718,0.02424264,0.026890446,0.014379295,0.022215656,0.041050078,0.07604987,0.122919958,-0.001767653,0.00027596,0.003131716,0.007444146,0.012047222,0.013161806,0.037168739,0.069457355,0.102055077,0.126590817
1943.5,1943,1944,0.226508578,0.262286334,0.294151833,0.327566951,0.35697642,0.01255103,0.035186381,0.066048167,0.098478842,0.123439035,-0.240249087,-0.199070373,-0.147990012,-0.10550958,-0.077667532,0.0841347,0.11057202,0.14411265,0.171900575,0.188358664,0.155969503,0.177460576,0.207762601,0.239156561,0.260944719,0.015194739,0.059233575,0.149319187,0.249628998,0.303419086,-0.236578351,-0.182718987,-0.12928963,-0.088781254,-0.064429376,-0.09991484,-0.0718214,-0.040919329,-0.018084462,0.00473026,0.000155497,0.00305368,0.00776118,0.017293514,0.030428961,0.051403755,0.059429696,0.070878724,0.083336832,0.093378769,0.151791003,0.177729136,0.200187173,0.222863121,0.24226357,2.52E-05,4.35E-05,8.20E-05,0.000150695,0.000221621,0.000175547,0.001624476,0.004115912,0.009128123,0.014371914,0.000659542,0.000889397,0.001158374,0.001440942,0.001659674,-0.098358878,-0.061130513,-0.033003512,-0.017062661,-0.009575734,0.015925449,0.018506426,0.021571584,0.024807885,0.027512099,0.014696489,0.022706079,0.041957025,0.077731083,0.125640441,-0.004163367,-0.001423404,0.001081526,0.004535423,0.008362794,0.012282251,0.034525082,0.064711658,0.096032924,0.120077604
1944.5,1944,1945,0.23028952,0.266655977,0.299125275,0.333173182,0.363129611,0.010984963,0.030528652,0.057794832,0.087537515,0.111230349,-0.243878776,-0.202064084,-0.150154089,-0.106907252,-0.078295406,0.086808634,0.11320184,0.146870233,0.174871411,0.19150412,0.152930448,0.174027473,0.203020812,0.232568779,0.253458725,0.157822368,0.201069494,0.297172974,0.389610969,0.438581413,-0.241117008,-0.186200667,-0.131768783,-0.090501332,-0.065690771,-0.102046705,-0.073344933,-0.041780694,-0.018452887,0.00487228,0.000159093,0.00312398,0.007939425,0.017690132,0.031125091,0.052260288,0.060425904,0.072073325,0.084750257,0.094969984,0.154066735,0.180382862,0.203245108,0.226345682,0.24608905,2.77E-05,4.79E-05,9.02E-05,0.000165828,0.000243678,0.000178723,0.001653608,0.004190126,0.009292942,0.014632232,0.000755898,0.001018669,0.001326185,0.001649404,0.001900098,-0.09874042,-0.061412154,-0.033152041,-0.017135065,-0.00962659,0.016330705,0.018974815,0.022112457,0.025423962,0.028189686,0.015033565,0.023226866,0.042919488,0.079514322,0.128522785,-0.006796676,-0.003637714,-0.000262529,0.002306344,0.005496132,0.011115615,0.031066953,0.058548656,0.087949632,0.111164124
1945.5,1945,1946,0.233488545,0.270347763,0.303385167,0.338028346,0.36848913,0.011297293,0.031573876,0.059256875,0.088959984,0.112739968,-0.241975219,-0.199952061,-0.14785943,-0.104517721,-0.075650049,0.093666697,0.120046964,0.153471023,0.181122002,0.197541798,0.161521317,0.182190283,0.210810381,0.240026334,0.260587188,0.042123359,0.096534089,0.1862543,0.275338255,0.315076124,-0.240430358,-0.185336218,-0.130783492,-0.089632558,-0.064975676,-0.10100388,-0.072551453,-0.041311162,-0.018228429,0.004811101,0.000158341,0.003108048,0.007907925,0.017627393,0.031019775,0.053068801,0.06136878,0.073206856,0.086094594,0.096486131,0.155857516,0.182466479,0.205694748,0.229184002,0.249234191,3.04E-05,5.25E-05,9.89E-05,0.000181701,0.000266829,0.000181719,0.001681211,0.004260569,0.009449519,0.014879743,0.000867827,0.001165872,0.001514775,0.001880896,0.002164905,-0.099042246,-0.061646508,-0.033275974,-0.017194481,-0.0096711,0.016681832,0.019382612,0.022587662,0.025969269,0.028793353,0.015311603,0.023658814,0.043720691,0.081002013,0.130935752,-0.006940072,-0.003701438,-0.000254965,0.002230771,0.00539377,0.011413157,0.032022836,0.060036446,0.089579181,0.112937115
1946.5,1946,1947,0.236380588,0.273684163,0.307258603,0.342467866,0.373405598,0.012535627,0.035277285,0.065908537,0.097569979,0.122436684,-0.236317398,-0.194724439,-0.143120681,-0.100161741,-0.071282293,0.102940916,0.129300039,0.162272915,0.189318014,0.205364199,0.175796171,0.196448953,0.225612105,0.255697243,0.276325734,-0.097305892,-0.052119464,0.005255263,0.068736575,0.112337461,-0.236112872,-0.181607149,-0.127674182,-0.0871899,-0.063034201,-0.098243,-0.070495598,-0.040107025,-0.017656677,0.004783416,0.000154961,0.003038215,0.007743524,0.017272936,0.03040603,0.053871887,0.062304516,0.074331538,0.087428296,0.097989525,0.157354618,0.184204175,0.207770335,0.231620269,0.2519508,3.33E-05,5.75E-05,0.000108225,0.000198746,0.00029172,0.000184704,0.001708645,0.004330572,0.009605067,0.015125797,0.001005508,0.001338755,0.001730079,0.00213883,0.00245586,-0.099282296,-0.061845793,-0.033380622,-0.017242881,-0.009711604,0.017009772,0.019763878,0.023032679,0.026481294,0.029361015,0.015502026,0.02395841,0.044280369,0.082049631,0.13264644,-0.004342945,-0.001377784,0.001303327,0.004798796,0.008649855,0.01221372,0.034403032,0.064308972,0.095123497,0.119166758
1947.5,1947,1948,0.239258041,0.277005393,0.31109834,0.346858988,0.378268713,0.013094195,0.036887655,0.069006007,0.102072076,0.127852214,-0.234156613,-0.193188891,-0.142070475,-0.09916992,-0.06988125,0.108682853,0.134772958,0.167362744,0.194167952,0.210176142,0.183370219,0.204081781,0.233721386,0.264508783,0.285457026,-0.076055517,-0.032201934,0.027303838,0.087086652,0.125732863,-0.234959362,-0.180839138,-0.127230857,-0.08685364,-0.062723707,-0.098330685,-0.0705801,-0.040175574,-0.017707884,0.004794246,0.000153993,0.003018037,0.007695758,0.017170114,0.03022929,0.054743989,0.063316783,0.075543434,0.088859287,0.099598297,0.158773295,0.185852755,0.209739592,0.233932487,0.254527631,3.64E-05,6.28E-05,0.000118111,0.000216856,0.000318187,0.000187936,0.001738429,0.004406268,0.00977309,0.015390796,0.001174424,0.001543595,0.001979897,0.002432979,0.002784864,-0.099474518,-0.062017237,-0.033471233,-0.017282728,-0.009748884,0.017300447,0.020102822,0.02343018,0.026940519,0.029872298,0.015751038,0.024344738,0.044996309,0.083380962,0.134802165,-0.00147772,0.000681854,0.004161017,0.009127798,0.014272457,0.012159434,0.034197377,0.063996001,0.094918656,0.11912532
1948.5,1948,1949,0.242129666,0.280316851,0.314923138,0.35122962,0.383101436,0.013288961,0.037426659,0.070174685,0.104120605,0.130621653,-0.236331969,-0.195519652,-0.144280884,-0.100850021,-0.070695636,0.111076228,0.13674663,0.169081329,0.195947118,0.21216457,0.186104947,0.206759556,0.23673202,0.268129001,0.289653693,-0.102245399,-0.064290257,-0.010398306,0.044179533,0.082508669,-0.238045558,-0.183591598,-0.129563382,-0.088628257,-0.064062811,-0.100920056,-0.072513956,-0.041335324,-0.018297173,0.004685793,0.000156022,0.003059885,0.007797678,0.017393487,0.030620398,0.055689255,0.064411118,0.076850037,0.090397793,0.101324219,0.160131235,0.187434622,0.211630205,0.23615306,0.257004081,3.96E-05,6.83E-05,0.000128568,0.000236012,0.000346188,0.00019143,0.001770724,0.004488176,0.009954764,0.015677032,0.001366709,0.001774003,0.002258635,0.00275888,0.003148668,-0.099626653,-0.062166871,-0.033551106,-0.01731622,-0.009782765,0.017544052,0.020387897,0.023767122,0.027332521,0.030311345,0.016148471,0.024954724,0.046119659,0.085454721,0.138147448,-8.39E-05,0.002342852,0.007122084,0.013676192,0.020227754,0.011768564,0.033017925,0.061910024,0.092303551,0.116357634
1949.5,1949,1950,0.24494299,0.283559295,0.318673233,0.355515567,0.387843456,0.013982811,0.039442038,0.073951086,0.109464757,0.136987064,-0.239194835,-0.197957316,-0.146160665,-0.102109028,-0.071289734,0.113357169,0.138737876,0.170900452,0.197811824,0.214211989,0.190304675,0.211317702,0.242204902,0.274796897,0.297123907,-0.125176277,-0.089127274,-0.038636596,0.008996329,0.044466915,-0.24137631,-0.186382983,-0.131712581,-0.090241651,-0.065310769,-0.103123482,-0.074155234,-0.042337278,-0.018855577,0.004239858,0.000157671,0.003092428,0.007879847,0.017576114,0.030941337,0.056638934,0.065511633,0.078165776,0.091948529,0.103064776,0.16143718,0.188956078,0.213452988,0.238296463,0.259394365,4.31E-05,7.43E-05,0.000139786,0.000256565,0.000376241,0.000194956,0.001803279,0.004570817,0.010138199,0.015966027,0.001578323,0.00202685,0.002563755,0.003114927,0.003546594,-0.099747622,-0.062300345,-0.033622897,-0.017343936,-0.009813156,0.017754304,0.020635197,0.024061176,0.027676679,0.030698304,0.016518417,0.025525904,0.047174191,0.087407149,0.141300089,0.000356548,0.003253423,0.008777762,0.016254966,0.023647187,0.012157353,0.034180885,0.063963866,0.094961046,0.119353771
1950.5,1950,1951,0.247803253,0.286863014,0.322480095,0.359852082,0.392632511,0.014498538,0.040911729,0.076659967,0.113297429,0.141514203,-0.244491683,-0.202010112,-0.149064087,-0.104148497,-0.072742091,0.114133775,0.139276544,0.171524966,0.198719217,0.215457676,0.192295987,0.213740312,0.245506254,0.279141033,0.30219166,-0.209567724,-0.174986462,-0.12833343,-0.080614822,-0.044388926,-0.246699497,-0.19058918,-0.134766891,-0.092511441,-0.067082673,-0.105960554,-0.076278021,-0.043627582,-0.019593033,0.003499696,0.000160318,0.00314473,0.008010277,0.017864616,0.03144614,0.057530917,0.066548677,0.079410072,0.093419902,0.104720513,0.162840026,0.190591617,0.215386968,0.240545478,0.261891349,4.68E-05,8.07E-05,0.000151868,0.000278711,0.000408635,0.000198307,0.001833995,0.004649051,0.010311931,0.016240415,0.001805768,0.002298312,0.002890713,0.003496248,0.003972801,-0.099978697,-0.062504805,-0.033736204,-0.017393649,-0.009855085,0.017962625,0.020879612,0.024350982,0.028015431,0.0310784,0.016919442,0.02614421,0.04831583,0.089519733,0.144710075,0.000243703,0.003007034,0.008289528,0.015517326,0.022773951,0.012772727,0.035987322,0.067267371,0.099404694,0.124409588
1951.5,1951,1952,0.250778196,0.290297327,0.326417622,0.36431925,0.397554328,0.01438363,0.04052284,0.075927947,0.112485992,0.140703601,-0.248752776,-0.206248191,-0.153025151,-0.107387438,-0.075218077,0.114474094,0.139349485,0.171603577,0.199064052,0.216121814,0.191937016,0.213266455,0.245028831,0.278788435,0.302083493,-0.034447106,-0.003792269,0.040014212,0.084124266,0.115823176,-0.250755191,-0.194344243,-0.138001235,-0.094962915,-0.068894111,-0.110021211,-0.079309937,-0.045457857,-0.02055649,0.003053417,0.000162191,0.003181394,0.008104161,0.018074131,0.031814899,0.058405207,0.067565599,0.080630774,0.094864823,0.106348002,0.164345015,0.192348072,0.217444747,0.24291586,0.264513134,5.08E-05,8.77E-05,0.000164885,0.00030257,0.000443552,0.000201592,0.001864168,0.004725917,0.010482804,0.016510106,0.002048979,0.002588304,0.003238972,0.003901696,0.004425787,-0.100541205,-0.062919969,-0.033968102,-0.017506436,-0.009930034,0.018180125,0.021134169,0.024651686,0.028365485,0.031470433,0.017315343,0.026755415,0.049445303,0.091610795,0.148089591,-0.000277438,0.001958362,0.006372605,0.012692048,0.019225047,0.013026092,0.036691177,0.068608315,0.101397995,0.126808843
1952.5,1952,1953,0.253995636,0.294014539,0.33064463,0.369083332,0.40278616,0.013966615,0.039249802,0.073577896,0.109425528,0.137288656,-0.250671644,-0.209193894,-0.156510352,-0.11047839,-0.077778424,0.11582385,0.140590743,0.172764503,0.200330405,0.217577994,0.191741724,0.21276731,0.244068749,0.277395478,0.300574054,0.047214839,0.079000415,0.123028039,0.168077325,0.202048835,-0.251950386,-0.19624756,-0.140166432,-0.096632432,-0.07001938,-0.114032117,-0.082318455,-0.047300773,-0.02153481,0.002611618,0.000161535,0.003166511,0.008073454,0.018012654,0.03171191,0.05932137,0.068629218,0.081904271,0.096368807,0.108038293,0.166025119,0.194308941,0.219712631,0.245500668,0.267354656,5.51E-05,9.50E-05,0.000178698,0.000327897,0.000480612,0.000205019,0.001895814,0.004806408,0.010661453,0.016791807,0.002309753,0.002896685,0.003606476,0.004327137,0.004899931,-0.10141579,-0.063531707,-0.034310561,-0.017676719,-0.010035973,0.018403236,0.021395251,0.024959611,0.02872341,0.03187084,0.017632042,0.027247926,0.050358896,0.093307682,0.15084156,-0.00157408,0.000577788,0.004067222,0.00938155,0.015073592,0.013058905,0.036756216,0.06877474,0.101817675,0.127443029
1953.5,1953,1954,0.25767992,0.298269011,0.335423475,0.374422452,0.408622227,0.013662192,0.038328741,0.071846255,0.107080926,0.134639548,-0.255504362,-0.213674596,-0.160440976,-0.113577662,-0.080263393,0.116615837,0.141309524,0.173661076,0.201542731,0.219107255,0.19137592,0.212284681,0.243403896,0.276537978,0.299776384,0.117777065,0.147194938,0.19034321,0.236637921,0.272355843,-0.256214223,-0.200081607,-0.14333664,-0.099029397,-0.07181998,-0.118047342,-0.085318398,-0.049114695,-0.022508266,0.001987236,0.00016318,0.00319995,0.008157258,0.018198253,0.032037978,0.060359936,0.069828812,0.083333825,0.098048234,0.109919057,0.167974807,0.196588507,0.222310227,0.248424442,0.270549477,5.97E-05,0.000102979,0.00019363,0.000355282,0.000520684,0.000208902,0.001931673,0.004897199,0.010862705,0.017108546,0.002591533,0.003226403,0.003996387,0.004776733,0.005400287,-0.102441897,-0.064240088,-0.03470655,-0.017872873,-0.010154667,0.018662678,0.02169705,0.025312335,0.029130462,0.032323319,0.018063851,0.027912862,0.051585395,0.095575863,0.154499601,-0.003916325,-0.000959056,0.001847673,0.006274492,0.011136351,0.013211572,0.037186782,0.069582854,0.10301503,0.128908936
1954.5,1954,1955,0.261811018,0.303038743,0.340749707,0.380342479,0.415075,0.013503547,0.037849683,0.07091899,0.105778711,0.133174325,-0.260966431,-0.218405445,-0.164308865,-0.116463426,-0.082344582,0.117840469,0.142488041,0.175101685,0.203336734,0.22121839,0.192027649,0.212906817,0.244020908,0.277130656,0.300508024,-0.07722998,-0.047265775,-0.004232166,0.0387486,0.069567306,-0.261501959,-0.204503719,-0.146782383,-0.101584452,-0.073747316,-0.121963721,-0.08822485,-0.050848465,-0.023413888,0.001475341,0.000166046,0.003256971,0.00829907,0.018510998,0.032585534,0.061598892,0.071253508,0.085023358,0.100022973,0.112120477,0.170094199,0.199067978,0.225125736,0.251578631,0.2739876,6.47E-05,0.00011161,0.000209847,0.000385027,0.000564225,0.000213486,0.001974548,0.00500519,0.011101725,0.01748399,0.002902038,0.00358681,0.004421588,0.005267674,0.005947804,-0.103573546,-0.065014734,-0.035138135,-0.018085892,-0.010280806,0.018947178,0.02202756,0.025697593,0.02957373,0.032815019,0.018556953,0.028672142,0.052984533,0.098162936,0.158665232,-0.006553045,-0.003149174,0.000266252,0.003759195,0.007918969,0.01345608,0.03788986,0.070886238,0.104863444,0.131105152
1955.5,1955,1956,0.266218808,0.308127828,0.346433408,0.386654301,0.421954405,0.013537715,0.037945056,0.071050795,0.105910902,0.133366479,-0.26706086,-0.224079985,-0.169248754,-0.120291848,-0.085126402,0.118541853,0.143088234,0.175957217,0.204606364,0.222861705,0.192670601,0.213673341,0.245076199,0.278502913,0.302205234,-0.158402716,-0.129399804,-0.087534171,-0.043872321,-0.010982489,-0.2675879,-0.209734489,-0.150999303,-0.104712085,-0.076072753,-0.126976563,-0.091929048,-0.053046921,-0.024514351,0.001204975,0.000169755,0.003330491,0.008482036,0.018914686,0.033293193,0.063019835,0.07288446,0.08695459,0.102275955,0.114628593,0.172243882,0.201585127,0.227994371,0.254796903,0.277493154,7.01E-05,0.000120884,0.000227269,0.000416983,0.000611018,0.000218774,0.002023907,0.005129419,0.011376458,0.017914749,0.003247017,0.003986001,0.004892247,0.005812854,0.00655685,-0.104811103,-0.065858012,-0.035607832,-0.018318641,-0.010415024,0.019242358,0.022370694,0.026097829,0.030034217,0.033325715,0.019117679,0.029534786,0.054574347,0.10109991,0.163397876,-0.007916473,-0.00425394,-0.000301817,0.002684214,0.006519291,0.013664045,0.038481441,0.071996205,0.106483389,0.133064028
1956.5,1956,1957,0.270863439,0.313485424,0.352417322,0.393300499,0.429194024,0.013274257,0.037171474,0.06972246,0.104263134,0.131685477,-0.276824947,-0.232724768,-0.176486082,-0.125863852,-0.089246915,0.116952371,0.141298229,0.174685377,0.204079771,0.222939312,0.189824724,0.211033948,0.242759206,0.276476731,0.300587564,-0.225915718,-0.196327873,-0.152907405,-0.10872673,-0.077782944,-0.277503936,-0.217894832,-0.157359561,-0.109421375,-0.07964063,-0.133854751,-0.096985012,-0.056012785,-0.025964937,0.000966969,0.000176631,0.00346781,0.008821002,0.019660959,0.03459859,0.064625499,0.074725715,0.089133777,0.104815937,0.11745232,0.174350135,0.204050769,0.230818913,0.257975908,0.28096059,7.59E-05,0.000130889,0.000246068,0.000451461,0.00066151,0.000224802,0.002079997,0.005270441,0.011688287,0.018403653,0.00363227,0.004431405,0.00541777,0.006423843,0.00724096,-0.106118385,-0.066745386,-0.03610079,-0.018561594,-0.010553025,0.01956899,0.022749369,0.026537924,0.030538801,0.033884024,0.019827,0.030624295,0.056579478,0.104799709,0.169350418,-0.005461227,-0.002040238,0.001076625,0.004941939,0.009322462,0.013006367,0.036491085,0.068485008,0.102064398,0.1282962
1957.5,1957,1958,0.275730629,0.319102518,0.358688185,0.400264459,0.436784493,0.013087488,0.036640396,0.068929239,0.103448642,0.131078024,-0.28965736,-0.242951802,-0.184229441,-0.131501152,-0.093148741,0.114070455,0.138560112,0.172893337,0.203339565,0.222919753,0.186132888,0.208000103,0.240437587,0.274799643,0.299541608,0.009705059,0.039015014,0.081557,0.124390948,0.153637567,-0.290900143,-0.228193633,-0.164829056,-0.114848025,-0.083823406,-0.140838979,-0.102072257,-0.058955606,-0.027376376,0.000684034,0.000186742,0.003666946,0.009314505,0.020749302,0.036503477,0.066396926,0.076758331,0.091539821,0.107619885,0.120569439,0.176424588,0.20647816,0.233607649,0.261121614,0.284395965,8.22E-05,0.000141677,0.000266341,0.000488647,0.000715964,0.000231436,0.002142342,0.005427142,0.012034857,0.018946439,0.004063924,0.004930527,0.006007556,0.007112247,0.008012875,-0.107439705,-0.067643209,-0.036599091,-0.018805886,-0.010689265,0.019917502,0.023153365,0.027007055,0.0310762,0.034478103,0.020626741,0.031854153,0.058843617,0.108980325,0.176083609,-0.001293704,0.001070582,0.005265945,0.011224144,0.017399288,0.01189786,0.0331986,0.062685214,0.094491067,0.119931015
1958.5,1958,1959,0.280746185,0.324888205,0.365150609,0.407444162,0.44461287,0.013924149,0.039141912,0.07354083,0.109760985,0.138500315,-0.297967364,-0.250075358,-0.189815665,-0.135525938,-0.095569854,0.114464925,0.138980287,0.173777998,0.204790671,0.224759917,0.189724657,0.212079242,0.245658652,0.281526694,0.307319485,0.022425319,0.051294682,0.093280747,0.135645432,0.165684969,-0.300173867,-0.235477828,-0.170206711,-0.118676053,-0.086691045,-0.146112381,-0.105875482,-0.06113653,-0.028348326,0.00087122,0.000194582,0.003821318,0.009702789,0.021610774,0.038015939,0.068199816,0.078831106,0.093999016,0.110492098,0.123769118,0.178559938,0.208977968,0.236467783,0.264341752,0.287911199,8.89E-05,0.000153285,0.000288158,0.000528663,0.000774573,0.000238299,0.00220627,0.005588038,0.012391008,0.019505366,0.00454109,0.005483391,0.00666175,0.007877951,0.008871997,-0.108694924,-0.068497593,-0.037072833,-0.019035064,-0.010813407,0.020264347,0.023556213,0.027476061,0.031614518,0.035074025,0.021247028,0.032812827,0.06061542,0.112261742,0.18138569,0.00017603,0.00324321,0.009125133,0.017166816,0.025159185,0.011993672,0.033553516,0.063085765,0.094715238,0.120092218
1959.5,1959,1960,0.285896721,0.330836695,0.371791766,0.414819032,0.452651664,0.014872389,0.041915675,0.07865119,0.116776557,0.146641329,-0.30257182,-0.255199899,-0.194516479,-0.139141745,-0.097690605,0.11702775,0.141270369,0.17611681,0.207338662,0.227500799,0.195567949,0.21822714,0.252809478,0.290096148,0.316800099,-0.014800322,0.014946134,0.057339464,0.099182485,0.128993045,-0.305739602,-0.240365789,-0.174198085,-0.121490456,-0.0886791,-0.15085122,-0.109277699,-0.063092332,-0.029158086,0.001465724,0.000200263,0.003932635,0.009985244,0.02223992,0.039121532,0.069926018,0.080820431,0.096365287,0.113264268,0.126864156,0.180892434,0.211706382,0.239563781,0.26780547,0.291681517,9.61E-05,0.000165745,0.000311572,0.000571612,0.000837474,0.000244896,0.002267778,0.005743478,0.012735215,0.02004611,0.00505802,0.00608335,0.007372768,0.008711126,0.009805848,-0.109803666,-0.069258933,-0.037495847,-0.019234771,-0.010915979,0.020593941,0.023939895,0.027924408,0.032130824,0.035646904,0.021695129,0.033509387,0.061908417,0.114661863,0.185278437,0.000471512,0.003798171,0.010122966,0.01870112,0.027218779,0.012780556,0.035913541,0.067234762,0.099993165,0.125931123
1960.5,1960,1961,0.291510762,0.337322342,0.378989888,0.422773454,0.461299549,0.015264326,0.043014433,0.080682618,0.119712161,0.150110747,-0.309427093,-0.262133834,-0.200717573,-0.143993284,-0.100906686,0.117959164,0.142205115,0.177455406,0.209238645,0.229789214,0.197637811,0.220784463,0.25619445,0.29445341,0.321815399,-0.087783661,-0.055930722,-0.012482586,0.028787736,0.056659566,-0.313334323,-0.246827366,-0.179353109,-0.12515888,-0.091321051,-0.156925252,-0.113666483,-0.065625157,-0.030260771,0.001913337,0.000207314,0.004070896,0.010333126,0.023011331,0.04047507,0.07151649,0.082658282,0.098557376,0.115839621,0.129748071,0.183778703,0.215084004,0.243323044,0.271956499,0.296172332,0.000103916,0.000179179,0.000336818,0.000617916,0.000905289,0.000251047,0.002324782,0.005887809,0.013055231,0.020549295,0.005619056,0.006736604,0.008148534,0.00962205,0.010827349,-0.110828593,-0.069964296,-0.037886707,-0.019416382,-0.011004491,0.0209248,0.024324637,0.028373835,0.032648261,0.036221127,0.022200847,0.034291262,0.063354354,0.11733991,0.189608433,0.000259462,0.003351222,0.009257647,0.017405838,0.025639465,0.01334277,0.037551092,0.070252174,0.104100483,0.130608508
1961.5,1961,1962,0.297522159,0.344279861,0.386687735,0.431254203,0.470506815,0.01519201,0.042746034,0.080171199,0.119156209,0.149520628,-0.318688518,-0.270440674,-0.207693618,-0.149367417,-0.104949257,0.118104265,0.142365392,0.178238693,0.21073191,0.231817379,0.197377875,0.220776334,0.256597447,0.295320378,0.323101455,0.011850824,0.043265701,0.086165855,0.126298805,0.153089903,-0.322521485,-0.254415925,-0.185234841,-0.129462362,-0.094569583,-0.163817981,-0.118717318,-0.0685896,-0.031698875,0.001734145,0.000213847,0.004199082,0.010656688,0.023730192,0.041738075,0.072940256,0.084308436,0.100530488,0.118165743,0.132360136,0.187143229,0.219023802,0.247686379,0.276744054,0.301339812,0.000114018,0.000196606,0.00036962,0.000678154,0.000993742,0.000256618,0.002375981,0.00601785,0.013343802,0.021003857,0.006241233,0.007463432,0.009013997,0.010641768,0.011972744,-0.111796523,-0.070634072,-0.038258249,-0.019587269,-0.011083514,0.021276257,0.024732686,0.028848923,0.033193934,0.036825688,0.022809122,0.035228383,0.065083342,0.120538352,0.194766573,-0.000376541,0.002121559,0.007037602,0.014158582,0.021559837,0.013694541,0.038546564,0.072127192,0.10679087,0.13375682
1962.5,1962,1963,0.303922303,0.351688944,0.394877137,0.440267023,0.480285603,0.014818297,0.041593238,0.078030653,0.116331656,0.146278395,-0.327095158,-0.277869084,-0.213913257,-0.154090664,-0.108557081,0.119467165,0.143825609,0.18028559,0.21337417,0.234912273,0.197511124,0.220880828,0.256674805,0.295338669,0.323208193,-0.034611084,-0.002977004,0.040548711,0.081599468,0.108489046,-0.330565303,-0.261113673,-0.190443366,-0.133288875,-0.097441899,-0.170392978,-0.123574676,-0.071470304,-0.03316354,0.001294794,0.000218537,0.004290462,0.010889731,0.024249816,0.042652638,0.074431572,0.086032831,0.102587136,0.120584374,0.135071578,0.190703628,0.223194092,0.252321681,0.281837508,0.306836611,0.000127715,0.000220237,0.000414177,0.000760071,0.001114336,0.000262439,0.002429775,0.006154098,0.013645801,0.021478979,0.006939711,0.008282259,0.009991478,0.011797361,0.013272728,-0.112775411,-0.071305385,-0.038628312,-0.019759377,-0.011161943,0.021646183,0.025161691,0.02934791,0.03376625,0.037459329,0.023438352,0.036199171,0.066874298,0.123853107,0.200117635,-0.002347707,0.000257516,0.003950082,0.009751788,0.016016996,0.013928819,0.039202512,0.073376359,0.108649715,0.135980723
1963.5,1963,1964,0.310898104,0.359760339,0.403781916,0.450056547,0.490908656,0.008005146,0.022608292,0.048391506,0.078449638,0.103903104,-0.33750833,-0.286580394,-0.220892503,-0.159238885,-0.112303374,0.120373882,0.144930454,0.182162108,0.216030158,0.238143343,0.17462781,0.198109999,0.231433362,0.265484176,0.289888277,0.024924896,0.053834955,0.094920721,0.136183358,0.165143172,-0.340887953,-0.269389339,-0.196699234,-0.137889318,-0.100962452,-0.177794463,-0.129036041,-0.074699568,-0.03480921,0.00074544,0.000225081,0.004419392,0.011214008,0.02496898,0.043917465,0.076251228,0.088126066,0.105069546,0.123487724,0.13830897,0.194342275,0.227457757,0.257080678,0.287081491,0.312502169,0.000143207,0.000246977,0.000464589,0.000852728,0.001250724,0.000269439,0.002495658,0.00631993,0.014013037,0.022054875,0.007729831,0.009211242,0.011103706,0.013116329,0.014758747,-0.113820236,-0.072009956,-0.039016686,-0.019941873,-0.011248314,0.022036743,0.025614445,0.02987379,0.034368833,0.038125897,0.0242256,0.037410946,0.069106066,0.127976032,0.206755559,-0.00508495,-0.001616135,0.001618786,0.006445751,0.011808339,0.007977884,0.021983647,0.04643891,0.07432087,0.097893991
1964.5,1964,1965,0.318302024,0.368322242,0.413237231,0.460454307,0.502193396,-0.017476198,-0.002722806,0.010889876,0.032122909,0.049818593,-0.346869159,-0.294992638,-0.228096871,-0.164669175,-0.116272723,0.121819502,0.146617596,0.184636636,0.219254605,0.241988575,0.133145715,0.159779562,0.198196205,0.232928087,0.25564672,-0.210330269,-0.182869103,-0.142289536,-0.099542012,-0.06889385,-0.349948707,-0.27702453,-0.202715563,-0.14230398,-0.104249619,-0.186063055,-0.135160836,-0.078345083,-0.036682388,7.71E-05,0.0002299,0.004513897,0.011454675,0.025505423,0.044860231,0.0783071,0.090487655,0.107869366,0.126756583,0.14195149,0.198006558,0.231750007,0.261885681,0.292392824,0.318249137,0.000159132,0.00027445,0.00051633,0.000947742,0.001390301,0.000277533,0.002570605,0.006508239,0.014429915,0.022708873,0.00862848,0.010271438,0.012376962,0.014630503,0.016467189,-0.114845846,-0.072696552,-0.039393821,-0.020119883,-0.011332233,0.022442054,0.026083887,0.03041917,0.034993803,0.038816964,0.025052904,0.038684626,0.071453517,0.132315675,0.213752673,-0.007397251,-0.003554314,0.000307318,0.004269541,0.009022795,-0.01490236,-0.001867284,0.010592379,0.03050862,0.046485003
1965.5,1965,1966,0.325813189,0.377010675,0.422857827,0.471050851,0.51370904,-0.008930192,-0.000204319,0.010067344,0.029750979,0.047128884,-0.352146321,-0.301046451,-0.234041353,-0.169295311,-0.119438893,0.125422831,0.150350996,0.188999617,0.224095129,0.247455034,0.140466458,0.165027322,0.202794008,0.236882448,0.259905075,-0.11778086,-0.088431614,-0.04692255,-0.003970073,0.026239418,-0.35485992,-0.281950145,-0.207012241,-0.145379783,-0.106335006,-0.193899637,-0.140983338,-0.081839447,-0.038473938,-0.00046756,0.000231284,0.004539391,0.011525363,0.025667643,0.045151531,0.080384292,0.092879849,0.110711194,0.130081632,0.145659346,0.201601114,0.235959791,0.266617838,0.297641723,0.323938804,0.000176574,0.000304547,0.000572991,0.001051788,0.001543005,0.000285716,0.002646927,0.0067005,0.014855635,0.023377233,0.009648677,0.011478495,0.013830813,0.016363559,0.018424303,-0.115810012,-0.073343158,-0.039746844,-0.02028546,-0.01140757,0.022853051,0.026560595,0.030973457,0.035629364,0.039520282,0.025780795,0.039809244,0.07353112,0.136161663,0.21996643,-0.009023375,-0.00486887,-0.000379545,0.002998616,0.007358147,-0.006198692,0.001330253,0.010780509,0.029422598,0.045596112
1966.5,1966,1967,0.333753677,0.386203336,0.433015217,0.482218706,0.525835767,0.005617858,0.015164263,0.029940736,0.051076512,0.071598217,-0.358381423,-0.30734657,-0.23977608,-0.173603686,-0.122257329,0.129206328,0.154461279,0.19391641,0.229615944,0.253694108,0.167980065,0.191051644,0.226295506,0.259333261,0.282527388,-0.085186825,-0.055380689,-0.014306824,0.026845875,0.0554289,-0.360785125,-0.287378313,-0.211447882,-0.148542999,-0.108552008,-0.201443727,-0.146593834,-0.085206115,-0.040227895,-0.001043596,0.000233521,0.004583436,0.011639891,0.025924509,0.045606055,0.082372144,0.095173033,0.113440939,0.133282864,0.149238561,0.205553208,0.240587402,0.271781513,0.303344985,0.33011209,0.000197055,0.000339885,0.000639551,0.001174069,0.001722643,0.000293626,0.002720331,0.006885932,0.015266375,0.024023056,0.010797446,0.012842223,0.015477154,0.018328942,0.020643529,-0.116722236,-0.073955736,-0.040082222,-0.020440667,-0.011474987,0.023279328,0.02705489,0.031547754,0.036287415,0.040248201,0.026536179,0.040974837,0.075683188,0.14014507,0.226396611,-0.009052003,-0.004812627,-0.000302444,0.003012356,0.007329357,0.005977047,0.016424846,0.031225083,0.05105034,0.070488658
1967.5,1967,1968,0.342108048,0.39587711,0.443694572,0.493949612,0.538567465,0.008616611,0.023916895,0.045110837,0.069751842,0.091914735,-0.365567788,-0.313740874,-0.245063313,-0.17733392,-0.124423027,0.133781507,0.159351062,0.19956172,0.23582066,0.260551618,0.187048331,0.210168221,0.244987994,0.279662011,0.304886668,-0.073308933,-0.044244026,-0.00483509,0.034724323,0.062045941,-0.368056629,-0.29345995,-0.216136828,-0.151931503,-0.111056958,-0.208331523,-0.151713589,-0.088264894,-0.041831541,-0.001655257,0.000237424,0.004660554,0.011834583,0.026356845,0.046367386,0.084293268,0.097391652,0.116084619,0.136387288,0.152713388,0.209800618,0.245559913,0.277319486,0.30944924,0.336717083,0.000225165,0.000388427,0.000731164,0.001342642,0.00197105,0.000301307,0.002791624,0.007066239,0.015665872,0.024651635,0.012084351,0.014375279,0.017330796,0.020543739,0.023144536,-0.117718673,-0.074623876,-0.040449503,-0.020612192,-0.011551206,0.023723821,0.027570119,0.032145786,0.036972604,0.041005603,0.027358503,0.042242255,0.078022141,0.144469978,0.233373433,-0.007373862,-0.003281736,0.000595787,0.004536493,0.009196811,0.008559906,0.023936445,0.044870509,0.068180679,0.089050279
1968.5,1968,1969,0.350807027,0.405953624,0.454826614,0.506178658,0.551842485,0.009810317,0.027327021,0.051475531,0.078501373,0.101777629,-0.373090829,-0.320392082,-0.250507207,-0.181125171,-0.126478345,0.138578026,0.164484783,0.205507187,0.242369019,0.267838454,0.197662401,0.221121053,0.256694908,0.292790663,0.319743303,-0.138257548,-0.105473266,-0.063011251,-0.021827628,0.006355304,-0.375793836,-0.29986158,-0.221029131,-0.155451009,-0.113659006,-0.215410296,-0.156962996,-0.091395845,-0.04345732,-0.002212571,0.000242002,0.004751007,0.012062711,0.026863293,0.047258257,0.086328768,0.099738209,0.118876256,0.139661111,0.156372346,0.214069957,0.250560721,0.28291081,0.315630035,0.343410342,0.000261964,0.00045202,0.000851324,0.001563879,0.002297731,0.000309488,0.002867508,0.007257919,0.016090366,0.025318563,0.013523968,0.01609678,0.019415958,0.023036764,0.025959297,-0.119110866,-0.075543339,-0.040956641,-0.020861153,-0.011674853,0.024179114,0.02809766,0.032758538,0.037674665,0.041782231,0.028246672,0.043610791,0.080546766,0.14913804,0.240904338,-0.005629122,-0.001719138,0.001796224,0.006473369,0.011636765,0.009427771,0.026359996,0.049515017,0.074744373,0.096488924
1969.5,1969,1970,0.360216798,0.416853128,0.466846824,0.519363844,0.566153273,0.009541316,0.026420376,0.050219488,0.077396723,0.100850475,-0.379369318,-0.326911454,-0.256366131,-0.18545332,-0.128692258,0.143745163,0.170159694,0.212239986,0.249881317,0.276431592,0.201816888,0.225848854,0.262437311,0.299169605,0.327280617,-0.005093892,0.025825179,0.067569368,0.10886062,0.136676633,-0.382158874,-0.305629571,-0.225609715,-0.158576567,-0.115744283,-0.223146622,-0.162677021,-0.094793841,-0.045142397,-0.002487159,0.000245992,0.004828944,0.012260884,0.02730491,0.048035566,0.088545469,0.102291154,0.121910135,0.143213317,0.160337324,0.218633715,0.255908289,0.288873848,0.322209334,0.350531048,0.000299702,0.000517179,0.000974228,0.00178986,0.002630219,0.000318399,0.002950716,0.00746764,0.016554957,0.026048028,0.015133727,0.018028304,0.021758373,0.025839745,0.029124413,-0.120823037,-0.076661839,-0.041574326,-0.021170133,-0.011834635,0.02464233,0.028634587,0.033382437,0.038389883,0.042573311,0.029074429,0.044888842,0.082907053,0.153507253,0.247959319,-0.004374131,-0.000696755,0.002850392,0.008102538,0.01376394,0.008908322,0.024707629,0.046945323,0.07180432,0.093524372
1970.5,1970,1971,0.370794848,0.429118778,0.480346787,0.534138718,0.582163307,0.009982755,0.027728415,0.052506891,0.080409467,0.1041541,-0.388378568,-0.335689167,-0.26401189,-0.191162817,-0.131957747,0.148066175,0.175125264,0.218575665,0.257313365,0.285294584,0.208069941,0.232814569,0.270845461,0.308956931,0.339147224,-0.070613878,-0.038000861,0.003295646,0.044065416,0.071504743,-0.391007675,-0.313345298,-0.231608275,-0.162738983,-0.118646834,-0.23272208,-0.169737851,-0.098985734,-0.047228366,-0.002866218,0.000251745,0.00494368,0.01254875,0.02794308,0.04915686,0.090952063,0.105061399,0.125200923,0.147063523,0.164631208,0.223942151,0.26213555,0.295767526,0.329771204,0.358692265,0.000332353,0.000573445,0.0010799,0.001983599,0.002913465,0.000328073,0.003041794,0.00769692,0.017062664,0.026844905,0.01692684,0.020184946,0.024377616,0.028974825,0.032664074,-0.122502971,-0.077757606,-0.042176578,-0.021468691,-0.011987641,0.025112649,0.029179857,0.034016237,0.039116604,0.043377568,0.030018289,0.046343585,0.085589748,0.158469358,0.255965122,-0.00352987,-0.000110747,0.003682028,0.009372542,0.015449426,0.00916756,0.02549316,0.048236329,0.073448357,0.095158786
1971.5,1971,1972,0.381933584,0.442036455,0.494600442,0.549753832,0.599096765,0.01117286,0.031249316,0.058716761,0.088390728,0.112895568,-0.398814378,-0.344989379,-0.27155743,-0.196517765,-0.134650856,0.153387893,0.180968854,0.22554192,0.265201484,0.294348293,0.218637028,0.243946537,0.283371008,0.323306704,0.355723002,-0.21083588,-0.174887095,-0.131100191,-0.088020636,-0.059655038,-0.401886121,-0.322272192,-0.238326967,-0.16753058,-0.122231972,-0.242021968,-0.176575865,-0.103019468,-0.049227731,-0.003241033,0.000260021,0.005106589,0.012955987,0.028845129,0.050739709,0.093513233,0.108011369,0.128704732,0.151162556,0.16920477,0.229410096,0.268550748,0.302901321,0.337620323,0.367170986,0.000373101,0.000643752,0.001212222,0.002226597,0.003270102,0.00033856,0.003139505,0.007942905,0.017607572,0.027700078,0.018907102,0.022573241,0.027279723,0.032448094,0.036583176,-0.123998236,-0.078734719,-0.042712715,-0.02172933,-0.012112909,0.025590439,0.02973394,0.034660337,0.039855322,0.044195226,0.03106326,0.047952745,0.088558011,0.163954824,0.264811732,-0.004109868,-0.000507962,0.003134019,0.00864773,0.014591012,0.010473708,0.02937718,0.055077661,0.082264011,0.10464959
1972.5,1972,1973,0.393844244,0.455859304,0.50985803,0.566467848,0.617216983,0.0119993,0.033631633,0.063078861,0.094274772,0.119473609,-0.411198757,-0.354684408,-0.278582204,-0.201052931,-0.136466915,0.160674599,0.18847809,0.233627866,0.273826518,0.303423505,0.229669347,0.255262092,0.295425754,0.336600531,0.369916887,-0.107975587,-0.072893047,-0.0283569,0.01479131,0.043846388,-0.415805114,-0.332849445,-0.245970165,-0.173192544,-0.126795042,-0.250126223,-0.182492648,-0.106456305,-0.050908004,-0.003504926,0.000272258,0.005347626,0.013557471,0.03017601,0.05307189,0.096088854,0.11097972,0.132234873,0.155297426,0.173822338,0.235403687,0.275581561,0.310705644,0.346192354,0.37642692,0.000423171,0.000730183,0.001375102,0.002525957,0.003710267,0.000349204,0.003238463,0.008192381,0.018160053,0.028567763,0.021082471,0.025201418,0.030474017,0.036269745,0.04089254,-0.125292356,-0.079585903,-0.043179762,-0.021950093,-0.012209102,0.026076748,0.030298167,0.035316269,0.040607689,0.045028136,0.032213827,0.049723686,0.091823664,0.169989567,0.274550245,-0.005203003,-0.001281578,0.002263684,0.007419346,0.013071516,0.011481703,0.032304763,0.060488857,0.089631831,0.112864416
1973.5,1973,1974,0.407931419,0.472252122,0.52790919,0.586162693,0.638508103,0.012444936,0.034882729,0.065416718,0.09759069,0.123243101,-0.423406092,-0.364717274,-0.286227159,-0.206266206,-0.138752192,0.169545058,0.197894052,0.244004606,0.285036279,0.31549782,0.240688915,0.266847332,0.308020975,0.350286589,0.384697273,0.020497201,0.056469375,0.103578559,0.148895593,0.178614565,-0.429166145,-0.343212189,-0.253506129,-0.178596825,-0.130953625,-0.259086859,-0.189033475,-0.110265327,-0.052741899,-0.003687515,0.000283752,0.005572348,0.014122489,0.031429087,0.055272947,0.098551372,0.113822203,0.135619293,0.15926805,0.178263459,0.243440835,0.285027496,0.321096885,0.357503861,0.388585679,0.000469691,0.000810358,0.0015258,0.002802348,0.004114865,0.000359458,0.003333563,0.008432691,0.018692463,0.029404671,0.023479209,0.028101144,0.03399889,0.040486703,0.045645301,-0.12654465,-0.080417273,-0.04363676,-0.022163561,-0.012294643,0.026573022,0.030873758,0.035985389,0.041375162,0.045877775,0.033291055,0.051385882,0.094891963,0.175667169,0.283718139,-0.00645134,-0.002311821,0.001440657,0.006190429,0.011526374,0.012119358,0.034120704,0.063903349,0.094485701,0.118403805
1974.5,1974,1975,0.422233793,0.488898395,0.54631461,0.606308106,0.66031068,0.012520448,0.035051765,0.065777802,0.098280501,0.124048226,-0.430610178,-0.371513564,-0.29175571,-0.210150439,-0.139758332,0.181102324,0.210124579,0.257201448,0.298924666,0.33047376,0.252962539,0.279618194,0.32165093,0.36444585,0.400046845,-0.214568099,-0.177955351,-0.131988272,-0.087432162,-0.057925144,-0.437278324,-0.349964266,-0.258498382,-0.181932426,-0.133266347,-0.266077732,-0.194113428,-0.113219148,-0.054086056,-0.00356973,0.000291476,0.005722789,0.014505084,0.032281735,0.056772841,0.10086688,0.116497959,0.138808892,0.163016114,0.182461806,0.25152045,0.294522309,0.331640726,0.369059704,0.401039187,0.000507653,0.000875715,0.00164811,0.003025893,0.004439919,0.000369126,0.003423376,0.008660005,0.019196393,0.030197593,0.026128766,0.031310975,0.037901882,0.045157259,0.050910513,-0.127835263,-0.081270821,-0.044105874,-0.022383307,-0.012383095,0.027080891,0.031462858,0.03667013,0.042160518,0.04674712,0.034055039,0.052571256,0.09708818,0.179744875,0.290316237,-0.00872287,-0.004253434,0.000208881,0.004213044,0.009019416,0.012529659,0.03528111,0.066102037,0.097715965,0.122134214
1975.5,1975,1976,0.434821554,0.503497771,0.56254563,0.624181285,0.679755222,0.012488516,0.034912406,0.065573038,0.098167063,0.123917963,-0.435160716,-0.375546113,-0.294698633,-0.211930908,-0.139066136,0.193669588,0.223126668,0.270694111,0.312698464,0.344838033,0.265858506,0.2926706,0.335033313,0.377829974,0.414028523,-0.166813641,-0.128593369,-0.082067077,-0.036852504,-0.007401899,-0.443336075,-0.354727203,-0.261855655,-0.184089718,-0.134741719,-0.269946092,-0.196867995,-0.114775491,-0.054715621,-0.003274261,0.000298573,0.005862354,0.014859507,0.033071158,0.058161698,0.103157084,0.11914325,0.141962525,0.166722088,0.186612049,0.257597806,0.30163025,0.339681204,0.378029583,0.41078707,0.000538512,0.000928736,0.001747031,0.003206281,0.004700898,0.000378743,0.003512607,0.00888594,0.019697113,0.030985383,0.029011187,0.034806304,0.042149475,0.050235674,0.056627388,-0.129037478,-0.082064355,-0.04454175,-0.022585108,-0.012459323,0.027601953,0.032067004,0.037372191,0.042965734,0.047638393,0.034631592,0.053469911,0.098756543,0.182847901,0.295361168,-0.010930283,-0.006044736,-0.000768097,0.002631452,0.00701862,0.0127867,0.035997771,0.067475195,0.099812898,0.124598436
1976.5,1976,1977,0.446698576,0.517251277,0.577850243,0.641060597,0.698161017,0.012423798,0.034692057,0.065210553,0.097799501,0.123507725,-0.44259016,-0.38165279,-0.299146507,-0.214808848,-0.139325854,0.203906273,0.233592049,0.281610814,0.323918764,0.35646661,0.275951987,0.303015216,0.345661137,0.388578096,0.425192134,-0.284239415,-0.245306446,-0.19843106,-0.152769416,-0.122749872,-0.452438822,-0.361652685,-0.266750982,-0.187475275,-0.137322196,-0.274978555,-0.200468003,-0.116810297,-0.055569886,-0.002957714,0.000308748,0.006062892,0.015363603,0.034189337,0.060126026,0.105515276,0.12186572,0.145205326,0.170530024,0.19087487,0.262689592,0.307580705,0.346450453,0.385639094,0.419097887,0.000568764,0.000980769,0.001844138,0.00338355,0.004958094,0.000388704,0.003605099,0.009119713,0.020215185,0.031800237,0.032061496,0.038504655,0.04663323,0.055581326,0.062624298,-0.130144973,-0.082798489,-0.044944445,-0.02276816,-0.012520631,0.028136593,0.032686929,0.038092519,0.043791766,0.048552465,0.035308887,0.054518549,0.100695495,0.186445714,0.301190606,-0.012911785,-0.00758709,-0.001750078,0.001465115,0.005496712,0.012962465,0.036483863,0.068413874,0.101291873,0.126366651
1977.5,1977,1978,0.459785016,0.532440486,0.594693151,0.659568107,0.718295498,0.012649426,0.03535878,0.066393345,0.099395101,0.125316121,-0.45295631,-0.389866662,-0.305016782,-0.218602082,-0.140064933,0.214079829,0.243966377,0.292497089,0.335216577,0.368102153,0.287160268,0.314588528,0.357673829,0.401083159,0.438070965,0.016689695,0.055770894,0.105149197,0.153065032,0.184978219,-0.464916762,-0.370958816,-0.273304541,-0.192118573,-0.140987777,-0.281275663,-0.204970762,-0.119351071,-0.056635717,-0.00251299,0.000322554,0.006333956,0.016043046,0.035694606,0.062771529,0.107963577,0.124691513,0.148569497,0.174478816,0.195291903,0.268791894,0.314735294,0.354456429,0.394511831,0.428733611,0.000604709,0.00104266,0.001960017,0.003595627,0.005267224,0.000399099,0.003701787,0.009363923,0.020756301,0.03265103,0.035234988,0.042352398,0.051279316,0.061100278,0.068794559,-0.131320119,-0.083575318,-0.045371911,-0.022964914,-0.012588251,0.02868506,0.033322744,0.038831297,0.044638867,0.049489742,0.036162423,0.055833631,0.103123249,0.19094145,0.308447805,-0.013404122,-0.007897756,-0.001922344,0.001265074,0.005213663,0.013224008,0.037229028,0.069805856,0.103321901,0.12875485
1978.5,1978,1979,0.474290814,0.549290441,0.613367377,0.680053444,0.740526497,0.013325688,0.037370649,0.070027123,0.104237257,0.130858553,-0.462103401,-0.39669369,-0.309447077,-0.221074365,-0.139123545,0.227538089,0.257660857,0.306598175,0.349626309,0.382801889,0.303843873,0.33155088,0.3752087,0.419348284,0.45672536,-0.099057289,-0.06120013,-0.013354814,0.033652065,0.064748615,-0.477078233,-0.379707149,-0.279246131,-0.196229085,-0.144227236,-0.28606973,-0.208310966,-0.121164424,-0.057261635,-0.001573011,0.000337585,0.006627191,0.016779477,0.037329254,0.065642657,0.110494573,0.127611583,0.152045822,0.178557109,0.199853244,0.276129327,0.323355139,0.36403829,0.405052695,0.440132829,0.000647384,0.001116203,0.002097999,0.003848513,0.005636951,0.000409932,0.003802394,0.009618063,0.02131917,0.033536135,0.038513862,0.046323576,0.05605226,0.066748786,0.075088907,-0.132687367,-0.084474873,-0.045868361,-0.023198924,-0.012680023,0.029248664,0.03397609,0.039590344,0.045509096,0.050452408,0.037019274,0.057156546,0.105566638,0.195467622,0.315764018,-0.010855612,-0.005697853,-0.00040607,0.003046078,0.007513514,0.013523132,0.038086013,0.071402742,0.105626557,0.131485002
1979.5,1979,1980,0.489427908,0.566882882,0.632893021,0.701494133,0.763799091,0.014133955,0.039747831,0.074470853,0.110412472,0.138106701,-0.471593762,-0.403694101,-0.313988411,-0.223655017,-0.138413642,0.241568001,0.271970662,0.321406913,0.364789431,0.398261829,0.321581657,0.349733832,0.39430995,0.439485564,0.477281126,-0.03450852,0.00328889,0.050947122,0.097319575,0.127315023,-0.489401229,-0.388500484,-0.285169967,-0.200314488,-0.147440736,-0.291017106,-0.211787262,-0.123068191,-0.057955676,-0.000837809,0.000352235,0.006913042,0.017499568,0.038929129,0.068451582,0.11308423,0.130599962,0.155603302,0.182730471,0.204520981,0.283997815,0.332594284,0.374332012,0.41638349,0.452385648,0.000692251,0.001193483,0.002243088,0.004114441,0.006025745,0.000421082,0.00390603,0.009879767,0.021899213,0.034447875,0.041843211,0.05035174,0.06086686,0.072423429,0.081389035,-0.134067497,-0.085381239,-0.046367635,-0.023433547,-0.012769246,0.029829435,0.034649379,0.040372414,0.046405365,0.051444284,0.037862928,0.058460507,0.10797419,0.199933921,0.322982189,-0.006360985,-0.001851331,0.00223742,0.007496456,0.013166638,0.013611193,0.0383122,0.071870362,0.106464707,0.132600694
1980.5,1980,1981,0.50530798,0.585347246,0.653399262,0.724016023,0.788240636,0.014485307,0.040742989,0.076485521,0.1136034,0.14216849,-0.479312488,-0.409646982,-0.318133119,-0.226223393,-0.138566195,0.256764471,0.287641108,0.337737362,0.38148674,0.415321762,0.338774841,0.367402578,0.412753338,0.458501902,0.496539183,0.048067666,0.086451498,0.135004029,0.18264014,0.214609499,-0.498529043,-0.395232828,-0.289794955,-0.20349448,-0.149857714,-0.29612539,-0.215468465,-0.125181605,-0.058920734,-0.000796304,0.000361104,0.007087218,0.017944199,0.039920078,0.070196208,0.115699392,0.133617936,0.159197317,0.186948753,0.20923965,0.292540778,0.342631153,0.38552008,0.428694118,0.465693897,0.000735861,0.001268599,0.002384023,0.004372649,0.006402964,0.000432392,0.004011394,0.010145931,0.02248908,0.035375396,0.045189745,0.054401437,0.065687256,0.078089156,0.087659441,-0.135334781,-0.086213572,-0.046823696,-0.023645886,-0.012842239,0.030446435,0.035363878,0.041201284,0.047354145,0.052492848,0.038574965,0.05956539,0.110021146,0.203737457,0.32913508,-0.003109126,0.000444432,0.005218057,0.012056308,0.019160003,0.013313707,0.037401361,0.070293705,0.104591976,0.130659123
1981.5,1981,1982,0.52124771,0.603871563,0.673991727,0.746666463,0.812842838,0.014351123,0.040300753,0.075868226,0.113282595,0.142244825,-0.482462566,-0.411980125,-0.319543656,-0.226793608,-0.137560152,0.275075383,0.30648849,0.35705195,0.400888896,0.434829511,0.357532824,0.386277406,0.431691554,0.477020343,0.514706413,0.085792151,0.124684267,0.172607162,0.219923945,0.25051763,-0.502607666,-0.398232199,-0.291777686,-0.204770883,-0.150751935,-0.298758887,-0.217383017,-0.126298303,-0.059482866,-0.000980775,0.000364212,0.007149184,0.018109593,0.04029417,0.070858536,0.118300152,0.136621286,0.162775327,0.191149823,0.213941994,0.301059318,0.35262649,0.396700197,0.4410368,0.479052907,0.000771369,0.001329754,0.002498547,0.004582187,0.006708144,0.000443748,0.004116848,0.010412512,0.023080052,0.036304793,0.048557485,0.058481132,0.070529037,0.083770982,0.093939021,-0.136618421,-0.087059533,-0.047288703,-0.023860485,-0.012909282,0.031134689,0.036159625,0.042122156,0.048405989,0.053652797,0.039090837,0.060369984,0.1115185,0.206531038,0.333686375,-0.001533396,0.001653346,0.007320912,0.015228789,0.023344823,0.012758567,0.035738111,0.067365534,0.100850135,0.126560203
1982.5,1982,1983,0.536251417,0.621271614,0.693359198,0.768026908,0.836097466,0.0118883,0.032889957,0.063345639,0.097371186,0.124535897,-0.487770819,-0.414567379,-0.320165629,-0.226256732,-0.135808123,0.293600042,0.325063642,0.375532847,0.418913305,0.451927971,0.367747797,0.395511447,0.438823903,0.480402389,0.514861179,-0.132548883,-0.096551408,-0.051035923,-0.005289182,0.025447716,-0.509886405,-0.40276269,-0.294434401,-0.206632733,-0.152367756,-0.299882516,-0.218148319,-0.126692255,-0.059706319,-0.001387922,0.000370761,0.007277826,0.01843635,0.041021758,0.072139147,0.12084322,0.139559616,0.166277493,0.195265559,0.218552603,0.308542938,0.361391445,0.406564163,0.452006576,0.490971015,0.000804409,0.00138662,0.002605055,0.004777059,0.006992006,0.000454939,0.004220575,0.010674945,0.023661888,0.037220371,0.051935541,0.062576936,0.075377693,0.089452125,0.100205344,-0.137918223,-0.087914012,-0.047759808,-0.024076879,-0.0129709,0.031948778,0.037099398,0.043206337,0.04964043,0.055011232,0.039729088,0.061359234,0.113350761,0.209933483,0.339203763,-0.001515267,0.001651426,0.007255604,0.01516907,0.023369003,0.010272467,0.028255582,0.0550562,0.084910681,0.108714948
1983.5,1983,1984,0.551125529,0.638540264,0.712575346,0.789220973,0.859174274,-0.000112125,0.012109407,0.032038972,0.057972946,0.079532664,-0.489627614,-0.414880567,-0.319290077,-0.224721882,-0.132821417,0.313519542,0.345166718,0.395582972,0.438582488,0.47100481,0.360621851,0.386593219,0.4302771,0.467208835,0.49576088,0.075372518,0.107507693,0.148878599,0.194039805,0.223087114,-0.513983151,-0.405081288,-0.295557597,-0.207263967,-0.152879412,-0.299622508,-0.217860655,-0.126449745,-0.059526417,-0.001323567,0.000375612,0.007374194,0.018683401,0.041574073,0.073113291,0.12328319,0.142381016,0.169643687,0.199225344,0.222992798,0.315983046,0.370106912,0.416359824,0.462894392,0.502803729,0.000841786,0.001451029,0.002725802,0.004998132,0.007314931,0.000465728,0.004320567,0.010928243,0.024223645,0.038104626,0.055328791,0.066696258,0.080247304,0.095155834,0.106491669,-0.13920251,-0.088754884,-0.048223151,-0.02429055,-0.013032866,0.03278354,0.038065058,0.044323549,0.050915308,0.056415964,0.040188556,0.062078386,0.114692374,0.212434068,0.343281591,-0.002384274,0.000891142,0.005905627,0.01325243,0.021026756,-0.001246265,0.00817377,0.025300846,0.047801992,0.066163324
1984.5,1984,1985,0.566465403,0.656356106,0.732385952,0.811045138,0.882908073,-0.010224317,-6.77E-05,0.013391187,0.033719956,0.050841695,-0.487360047,-0.413208758,-0.317676607,-0.223022203,-0.128999878,0.33452693,0.366700245,0.417363217,0.460413042,0.493063734,0.362101251,0.38734381,0.433052195,0.470250334,0.499513502,-0.102012127,-0.070795243,-0.029265431,0.017686571,0.046652233,-0.513939673,-0.404922836,-0.295249701,-0.20679106,-0.152314982,-0.299022625,-0.217304319,-0.126045942,-0.059151968,-0.00061983,0.000378299,0.007427799,0.018825126,0.041892563,0.073679676,0.125588401,0.145050379,0.172832439,0.202982263,0.227211125,0.324055661,0.379575395,0.426965236,0.47463563,0.515536396,0.000889048,0.001532493,0.002878736,0.005278481,0.007725426,0.000475995,0.004415428,0.011168918,0.024757488,0.038944838,0.0587524,0.07085304,0.085154549,0.10090155,0.112821792,-0.140501226,-0.089602953,-0.048689134,-0.02450732,-0.013099529,0.033556337,0.038961644,0.045365331,0.052108854,0.057735403,0.040459858,0.062511843,0.115510667,0.21398019,0.34583733,-0.004157734,-0.000281997,0.003930924,0.010512717,0.017613141,-0.012759083,-0.001867974,0.009182756,0.026696946,0.040826159
1985.5,1985,1986,0.581903406,0.674297565,0.752333511,0.833024536,0.90682122,6.43E-05,0.005924174,0.01849778,0.038501468,0.056381244,-0.490534767,-0.415146958,-0.31841734,-0.222877968,-0.126625473,0.353394226,0.385796915,0.436598054,0.479593169,0.511996292,0.387739423,0.413317058,0.458226387,0.495099825,0.523705479,-0.125081537,-0.095144849,-0.055185136,-0.009604082,0.018619699,-0.519592619,-0.408650121,-0.297537063,-0.208278641,-0.153473706,-0.300301209,-0.218132732,-0.12644473,-0.059208613,-0.000210557,0.000385894,0.007578016,0.019202917,0.042730929,0.075153581,0.127795648,0.147607835,0.175888939,0.206587077,0.231262322,0.332254074,0.38918526,0.437739991,0.486572326,0.528483878,0.000944309,0.001627763,0.003057668,0.005606742,0.008206188,0.000485888,0.00450656,0.011400331,0.025270968,0.039754174,0.062274046,0.075125427,0.090192378,0.106794731,0.119316586,-0.14177975,-0.090437113,-0.049147517,-0.024719714,-0.013162659,0.034305727,0.039830863,0.04637628,0.053268308,0.059018845,0.040966912,0.063297235,0.116965061,0.216685781,0.350228942,-0.007678635,-0.003043316,0.001279571,0.006630335,0.012675872,-0.000326944,0.006562318,0.016809562,0.034920027,0.051016262
1986.5,1986,1987,0.597531571,0.692453083,0.772523961,0.855272695,0.931016532,0.004513106,0.012633559,0.027037635,0.047584571,0.066588731,-0.494283345,-0.417273053,-0.319084177,-0.222511163,-0.123781762,0.372568905,0.405169518,0.45609655,0.499027321,0.531173204,0.415345896,0.44171968,0.485529361,0.522545829,0.550876644,-0.105087593,-0.074673555,-0.034623099,0.010041779,0.038836955,-0.526231643,-0.412943713,-0.300109841,-0.209938422,-0.154787172,-0.301579718,-0.218939338,-0.126810402,-0.059236959,0.000215944,0.000394665,0.007750891,0.019638031,0.043696942,0.076851351,0.129957066,0.150114663,0.178884628,0.210120786,0.235233799,0.34045321,0.398797252,0.448524562,0.49853191,0.541463762,0.00100473,0.001731895,0.003253348,0.005965737,0.008732131,0.000495654,0.004596239,0.011628022,0.025776231,0.040551159,0.065975316,0.079607403,0.095482202,0.112983945,0.126148076,-0.14300619,-0.091238212,-0.049586057,-0.024921133,-0.01321667,0.035084096,0.040733137,0.047424035,0.054468836,0.060346559,0.041544385,0.064190263,0.118618145,0.219756168,0.355208488,-0.010652526,-0.005550962,-0.000185612,0.0041099,0.009430932,0.005265992,0.014281946,0.02816821,0.046891569,0.0648109
1987.5,1987,1988,0.61346442,0.710965623,0.793112453,0.877951813,0.955677117,0.00609046,0.016535447,0.033205688,0.054920301,0.074690001,-0.500491526,-0.42099752,-0.320741376,-0.222777075,-0.121387771,0.391165641,0.423833872,0.474877952,0.517674135,0.549329351,0.439792358,0.466700854,0.509617349,0.546815297,0.574869481,0.017325221,0.046827952,0.086648354,0.13071739,0.159684296,-0.535518441,-0.419027996,-0.303811332,-0.21240829,-0.156772865,-0.303717137,-0.220378172,-0.127537948,-0.059456337,0.000558491,0.000405827,0.007968921,0.020186009,0.044912524,0.078988251,0.132032379,0.152522816,0.18176698,0.21352435,0.239061117,0.348878902,0.40867833,0.459607474,0.510815405,0.554788918,0.001072437,0.001848589,0.003472737,0.006368258,0.009321914,0.000505018,0.004682628,0.011847693,0.026263662,0.041319925,0.069860341,0.08431075,0.101040831,0.119492911,0.133340627,-0.144172082,-0.091997606,-0.050001472,-0.025110866,-0.013262862,0.035816381,0.041583127,0.048413729,0.055605608,0.061606398,0.042223922,0.065239408,0.120555869,0.223350122,0.361020294,-0.011887064,-0.006512201,-0.000703737,0.003221279,0.008286157,0.006667468,0.018345221,0.035234326,0.055639377,0.074453575
1988.5,1988,1989,0.630485272,0.730772819,0.815129218,0.902167299,0.981971488,0.007951612,0.021859822,0.041951538,0.065920662,0.08692753,-0.508405007,-0.425897205,-0.323159641,-0.22355308,-0.119346137,0.410097617,0.442903994,0.494222549,0.537054662,0.568384443,0.466933271,0.494573006,0.536560341,0.574304129,0.602847298,0.028131041,0.058853193,0.099556202,0.14298467,0.172739285,-0.546791012,-0.426427566,-0.308331031,-0.215391171,-0.159150265,-0.306541342,-0.222300857,-0.128526765,-0.059772613,0.000983083,0.000419195,0.008228399,0.020837687,0.046359229,0.081527649,0.134053762,0.15486992,0.184576489,0.216842898,0.242797044,0.358300365,0.419736291,0.471977897,0.524473817,0.569579569,0.00114525,0.00197413,0.003708736,0.006801238,0.009956385,0.000514179,0.004767114,0.01206248,0.026740712,0.042072338,0.073933864,0.089245168,0.106881118,0.126338106,0.140908806,-0.145285226,-0.092719398,-0.050395674,-0.025290205,-0.013303993,0.036494111,0.042371321,0.049333634,0.056664686,0.062782634,0.042956775,0.066371447,0.122647471,0.227226593,0.367286558,-0.010576575,-0.005297495,3.31E-05,0.004315732,0.009637924,0.008138048,0.022648032,0.042829967,0.065508093,0.085344655
1989.5,1989,1990,0.648216881,0.751409756,0.838069784,0.927402979,1.009362853,0.009996754,0.027891739,0.052655204,0.07998679,0.102825295,-0.512525523,-0.428274205,-0.32389896,-0.223072528,-0.115912052,0.431387757,0.464669538,0.516390616,0.559568137,0.591117185,0.498098186,0.526642116,0.56827097,0.607168327,0.637596705,-0.109959355,-0.077999458,-0.036068674,0.007634349,0.037891052,-0.554668755,-0.4315001,-0.311316095,-0.217237851,-0.16052326,-0.308256033,-0.223384343,-0.129017218,-0.059788813,0.001781994,0.000430023,0.008441373,0.021376755,0.047558083,0.083634925,0.13611031,0.157254029,0.187429183,0.220210345,0.246582857,0.368168316,0.431317154,0.484941259,0.538793735,0.585084132,0.001222622,0.002107515,0.003959489,0.007261199,0.010630249,0.000523542,0.00485349,0.012281859,0.027227803,0.042840236,0.078105978,0.094298863,0.11285673,0.133333583,0.148632543,-0.146290336,-0.093372461,-0.050750674,-0.025448837,-0.013328526,0.037292717,0.043295992,0.050405954,0.057892153,0.064139278,0.043622676,0.067403402,0.124558506,0.230775873,0.373037491,-0.006571677,-0.001763856,0.00258338,0.008485343,0.014934656,0.009452252,0.026465997,0.049786899,0.074814309,0.095730045
1990.5,1990,1991,0.665149262,0.771091515,0.859972245,0.951548232,1.035621804,0.011591279,0.032518608,0.061240096,0.091823402,0.116553247,-0.515930844,-0.430098414,-0.324299061,-0.222422234,-0.113010846,0.452252859,0.485892453,0.537873379,0.581229196,0.612752659,0.526820988,0.555798734,0.597750946,0.637643847,0.669256649,0.039842507,0.072734656,0.115682339,0.159570849,0.189991355,-0.561313538,-0.435724833,-0.313736666,-0.21872041,-0.161623154,-0.309670165,-0.224282485,-0.129427982,-0.059828308,0.002338731,0.000438742,0.008611675,0.021810018,0.0485235,0.085334135,0.138067631,0.159529358,0.190155129,0.223433316,0.250212616,0.377342183,0.442067138,0.497018504,0.552197894,0.599635001,0.001295213,0.002232609,0.004194479,0.007691931,0.011260652,0.000532551,0.00493613,0.012492129,0.027694831,0.04357748,0.082206319,0.099261626,0.118694635,0.140141532,0.156118728,-0.147158336,-0.093935599,-0.051055978,-0.025579116,-0.013328118,0.0381839,0.044327549,0.051600672,0.059257212,0.065645574,0.044212905,0.068320773,0.126260772,0.233942034,0.378178895,-0.003457436,0.000432825,0.005505217,0.012907673,0.020687141,0.010404936,0.029206258,0.054874001,0.081830079,0.103665414
1991.5,1991,1992,0.681256234,0.78980052,0.880800918,0.974558093,1.060674841,0.007513282,0.020959872,0.042938659,0.06943395,0.092035126,-0.531129329,-0.43794843,-0.32724413,-0.222859061,-0.114159196,0.469525499,0.50275312,0.554694725,0.597369124,0.627372223,0.528948303,0.556850417,0.5981698,0.63522225,0.661761727,0.024572469,0.053776264,0.09464035,0.138168098,0.168567581,-0.580079696,-0.447410966,-0.320053654,-0.222718361,-0.164984673,-0.312753057,-0.226405242,-0.130538079,-0.060424317,0.001684987,0.000455372,0.008937036,0.022624981,0.050329679,0.088507117,0.139965688,0.161736298,0.192801066,0.226564636,0.253741406,0.386009543,0.452214605,0.508439326,0.56490632,0.613448456,0.001350718,0.00232823,0.004373814,0.008020144,0.011739255,0.000541326,0.005016587,0.012696945,0.028149811,0.04429555,0.086110454,0.10398411,0.124215153,0.146549187,0.16313007,-0.147825838,-0.094366969,-0.051286807,-0.025669595,-0.013296087,0.0390653,0.04534955,0.052787156,0.06061565,0.06714693,0.045230656,0.06988275,0.129134456,0.239248226,0.386723242,-0.00259395,0.001012467,0.0065373,0.014462197,0.022770625,0.005676616,0.016723441,0.035526655,0.058004207,0.077370653
1992.5,1992,1993,0.696236653,0.807183182,0.900174885,0.996009232,1.084076297,-0.064656551,-0.042072591,-0.015003382,-0.000269755,0.006330452,-0.536129863,-0.438948267,-0.325663156,-0.220009443,-0.110583812,0.489706362,0.523193955,0.575100497,0.617622214,0.647094261,0.469948371,0.499073914,0.554356511,0.598708486,0.629445026,-0.154192711,-0.1223182,-0.07573938,-0.020182453,0.011382168,-0.589133014,-0.452391008,-0.321950885,-0.223597471,-0.165694217,-0.312332808,-0.225922647,-0.130121956,-0.060164025,0.001936485,0.000463964,0.009105518,0.023056159,0.051292526,0.090199668,0.141823604,0.16389796,0.195393192,0.229634819,0.257200896,0.393960669,0.461517943,0.518933856,0.576627955,0.626219574,0.001415694,0.002440249,0.004584114,0.008405444,0.012302283,0.000549875,0.005095477,0.012898224,0.028596322,0.045000825,0.089759462,0.108398349,0.129347253,0.15248973,0.169602292,-0.148265295,-0.094645185,-0.051433674,-0.025713974,-0.013229632,0.039883164,0.046299087,0.053893053,0.06188573,0.068554388,0.045939827,0.070984444,0.131177405,0.243043545,0.392879169,-0.002634393,0.000963729,0.006439972,0.014386812,0.022780515,-0.07340492,-0.050597703,-0.021963184,-0.006885437,-0.001972416
1993.5,1993,1994,0.709593296,0.822672148,0.917460331,1.015229644,1.10509549,-0.12746247,-0.097442203,-0.059665534,-0.02860407,-0.009743923,-0.526702338,-0.431837456,-0.319704175,-0.214536474,-0.102257982,0.514116916,0.547791989,0.599100039,0.64133051,0.670302513,0.430418296,0.467423168,0.535049746,0.593087697,0.636657447,-0.119160149,-0.075003036,-0.015307409,0.052532832,0.091208661,-0.584099172,-0.448304381,-0.318933412,-0.221329876,-0.16374449,-0.308072638,-0.222610462,-0.128033465,-0.058843452,0.003581125,0.000463655,0.009102149,0.023061783,0.051315978,0.090250538,0.143422329,0.165770211,0.197651488,0.232324208,0.260250966,0.401051122,0.469803524,0.528312457,0.587156718,0.63772412,0.001510936,0.002604434,0.00489254,0.00897128,0.013131886,0.000557375,0.005163592,0.013072682,0.028984429,0.045615692,0.093065156,0.112400683,0.133975615,0.157831475,0.175398141,-0.148648455,-0.094888914,-0.051560419,-0.02574981,-0.01315777,0.040610557,0.04714542,0.054882121,0.063026277,0.069822345,0.046124748,0.071294911,0.131778455,0.244202918,0.39482928,-0.003718229,0.000232801,0.00513782,0.012592103,0.020594068,-0.135029601,-0.105027721,-0.067072053,-0.033502093,-0.011533625
1994.5,1994,1995,0.722450579,0.83758502,0.934120406,1.033749348,1.12534303,-0.081540185,-0.063377695,-0.038625231,-0.017355246,-0.005482316,-0.532855538,-0.432948988,-0.317528813,-0.210982632,-0.097751826,0.532708466,0.566249788,0.617168378,0.658919721,0.686844325,0.482612984,0.515592449,0.576042418,0.626598601,0.66212861,-0.078737385,-0.042525203,0.010089091,0.07084732,0.106536055,-0.595572567,-0.454534114,-0.321149701,-0.222344686,-0.164657186,-0.306433226,-0.221174418,-0.126986917,-0.058169988,0.004308571,0.000475826,0.009340416,0.023657908,0.052635833,0.092570194,0.144845468,0.167441822,0.199676077,0.234745055,0.263002054,0.40831996,0.478305561,0.537913176,0.597897153,0.649444853,0.001615731,0.002785092,0.005232177,0.009594542,0.014045415,0.000564109,0.005224286,0.013228568,0.029331905,0.046167364,0.095989607,0.115942251,0.13805133,0.162520671,0.18046836,-0.149070103,-0.095154254,-0.051701213,-0.025794182,-0.013092905,0.041297175,0.047944578,0.055816796,0.064105053,0.071023103,0.046837307,0.072391405,0.133802291,0.24794687,0.40086705,-0.006167413,-0.001413887,0.002906229,0.009483726,0.016693617,-0.08479466,-0.067476557,-0.043192089,-0.021299314,-0.007324989
1995.5,1995,1996,0.735837533,0.853169549,0.951497,1.053005869,1.146348256,-0.032410297,-0.020703739,-0.007254619,0.001798602,0.009391485,-0.538299161,-0.433162923,-0.314279458,-0.20638239,-0.091202365,0.552009647,0.586050635,0.636895345,0.678887883,0.706534087,0.544873557,0.575392692,0.627489026,0.67022333,0.698858,0.027450971,0.057235385,0.10201795,0.154777927,0.187418918,-0.607671306,-0.460866888,-0.322964486,-0.222949186,-0.165154935,-0.30372657,-0.218851657,-0.125321265,-0.056990312,0.005974923,0.000490323,0.00962464,0.024370969,0.05421741,0.095346922,0.146218616,0.169055802,0.2016305,0.237083111,0.26566111,0.416495683,0.487891159,0.548679603,0.60986186,0.662451887,0.001723654,0.002971076,0.00558186,0.010236121,0.014985027,0.000570656,0.005283057,0.013379365,0.029667795,0.04670062,0.098628047,0.119137196,0.141721614,0.166742502,0.185028402,-0.14945685,-0.095398537,-0.051830047,-0.025829984,-0.013016689,0.042006382,0.048769097,0.056778935,0.065213392,0.072254695,0.047544146,0.073483985,0.135821792,0.251689423,0.406923691,-0.009036858,-0.003863417,0.001045126,0.006608635,0.013019991,-0.031422116,-0.021242258,-0.008602091,0.000828809,0.004398612
1996.5,1996,1997,0.749548598,0.869125201,0.969278868,1.072685114,1.16779779,-0.006202812,6.82E-05,0.009364557,0.024514427,0.037956339,-0.531978319,-0.427080012,-0.30801293,-0.200061276,-0.081764092,0.576448494,0.610880335,0.661265095,0.703307783,0.730481041,0.595787335,0.62567601,0.672378822,0.711294527,0.737941445,-0.111300529,-0.083549104,-0.04303271,0.004276847,0.035417221,-0.607912572,-0.459624126,-0.321029762,-0.221255521,-0.163741423,-0.298765395,-0.214917465,-0.122730804,-0.055217353,0.008275505,0.000496443,0.009744292,0.024680941,0.054911496,0.096572883,0.147473305,0.170537243,0.203430062,0.239242606,0.268121998,0.4252865,0.498198084,0.560242231,0.622679661,0.67636471,0.001835375,0.0031637,0.005943904,0.010900135,0.015957615,0.000576607,0.00533684,0.01351803,0.029977172,0.047190802,0.101041638,0.122057809,0.145081524,0.170610682,0.189211328,-0.149873063,-0.095658034,-0.051967927,-0.025870538,-0.01293601,0.042775451,0.049661341,0.0578173,0.066406253,0.073577145,0.047929809,0.074093456,0.136964761,0.253838157,0.410442671,-0.011736195,-0.006128135,-0.000232058,0.00439601,0.010184194,-0.003147026,0.00145257,0.009760617,0.024005456,0.036500221
1997.5,1997,1998,0.762707538,0.884444981,0.986377553,1.09165488,1.188478917,0.002614301,0.009577206,0.022842883,0.042002615,0.059119056,-0.542593517,-0.43028736,-0.306756785,-0.196899598,-0.077627496,0.59265037,0.627620339,0.678225546,0.720677823,0.747840921,0.629012826,0.659062108,0.70281703,0.740560803,0.766548835,0.003683536,0.031263936,0.070973066,0.11573376,0.147036325,-0.623626333,-0.468686651,-0.324187563,-0.22277373,-0.164999305,-0.298882641,-0.214813502,-0.122563871,-0.05516428,0.007670477,0.000508166,0.009975651,0.02526362,0.056205497,0.098846621,0.14862031,0.17189579,0.205086224,0.241239529,0.270400624,0.43380812,0.508180038,0.571474853,0.635171845,0.689940846,0.001947386,0.003356785,0.006306648,0.011565242,0.016931013,0.00058205,0.00538621,0.013645447,0.03026149,0.047642938,0.103245521,0.124720979,0.148147289,0.174142341,0.19303064,-0.150418147,-0.096002819,-0.052153634,-0.025936269,-0.012872734,0.043612988,0.050632225,0.058944967,0.0676991,0.075007514,0.04900347,0.07573689,0.139984259,0.259399047,0.419388372,-0.013329188,-0.007375546,-0.00091455,0.00328941,0.008762415,0.004453058,0.012272199,0.024750172,0.042934497,0.059549374
1998.5,1998,1999,0.776412022,0.900418934,1.004180914,1.111363281,1.20993012,0.006137886,0.017158247,0.034354142,0.056279333,0.075858123,-0.565952376,-0.439438268,-0.308309322,-0.195435391,-0.077851892,0.598126966,0.638358304,0.692378694,0.737488799,0.765561556,0.646811555,0.682136887,0.727926472,0.767279687,0.794165756,0.132707328,0.161197682,0.202535111,0.24954695,0.286117257,-0.651787749,-0.484720143,-0.329979836,-0.225745958,-0.167312227,-0.30166397,-0.216539338,-0.123439462,-0.055685652,0.005655273,0.000526242,0.010326696,0.026142592,0.058154541,0.102268663,0.149861267,0.173356198,0.206854979,0.243357582,0.27280736,0.442969212,0.518919621,0.583528781,0.648537797,0.704447703,0.00205638,0.003544649,0.006659409,0.01221182,0.017876433,0.000587964,0.005439649,0.013782481,0.030566881,0.048127587,0.105270539,0.127160058,0.150954918,0.177372112,0.196524196,-0.151043886,-0.096399886,-0.052367869,-0.026019427,-0.012826183,0.044470554,0.051627072,0.060101414,0.069025405,0.076475298,0.050257807,0.077660352,0.14352327,0.265930398,0.429893048,-0.01201013,-0.006154496,-0.000155597,0.004365673,0.010092106,0.006654002,0.018656702,0.035581103,0.055808065,0.074736875
1999.5,1999,2000,0.79124014,0.917714016,1.023412074,1.132587073,1.232983171,0.008363211,0.023330781,0.044822888,0.06947542,0.090764854,-0.560890031,-0.434442027,-0.303223127,-0.190280963,-0.071019228,0.623823632,0.663340176,0.716620883,0.761389612,0.789158742,0.684152938,0.71794127,0.761380451,0.800223517,0.827190245,-0.154515427,-0.126105587,-0.085258592,-0.040330132,-0.005297906,-0.650552229,-0.48305459,-0.327890685,-0.22401274,-0.165871156,-0.298311955,-0.213922096,-0.121816946,-0.054764553,0.006184452,0.000525459,0.010313159,0.026126827,0.058132814,0.102240088,0.151215161,0.174940139,0.208766233,0.245633816,0.275385062,0.453235654,0.530964253,0.597010926,0.663431503,0.720574226,0.002170004,0.003740503,0.00702725,0.012885981,0.018862506,0.000594269,0.005497955,0.013931675,0.030899138,0.048653553,0.107164391,0.129429702,0.153567563,0.180372426,0.199774578,-0.151723743,-0.09682787,-0.052598797,-0.026112102,-0.012788263,0.045368622,0.052668909,0.061311825,0.070412569,0.078009513,0.050637717,0.078272274,0.144681601,0.268115344,0.433502692,-0.008716394,-0.003235088,0.001730803,0.007567585,0.014102637,0.008117522,0.022876343,0.043265357,0.065296844,0.085027713
2000.5,2000,2001,0.805268643,0.934054508,1.041643336,1.152788117,1.254952108,0.010158727,0.028563827,0.054262776,0.081930093,0.104743719,-0.536644677,-0.419990651,-0.294265435,-0.182999156,-0.059875451,0.660056702,0.695594159,0.745589982,0.788047628,0.8145343,0.731455238,0.759883378,0.798456913,0.835326425,0.861711687,-0.181784129,-0.154002691,-0.114843681,-0.074198878,-0.044651922,-0.628946895,-0.469253497,-0.320805886,-0.219486632,-0.162256106,-0.292272564,-0.209602973,-0.11935526,-0.053535612,0.007270844,0.000509422,0.010000043,0.02537043,0.056480796,0.099359094,0.152430678,0.176371823,0.210506032,0.247718509,0.277755969,0.462906671,0.542292465,0.609746207,0.677572515,0.735924305,0.002303225,0.003970153,0.007458659,0.013677216,0.020020869,0.0006001,0.005550627,0.014067324,0.031201432,0.049134235,0.108946853,0.131553062,0.156014481,0.183181115,0.202825248,-0.152439344,-0.097280258,-0.052842654,-0.02621111,-0.012751369,0.046329128,0.053782022,0.062603897,0.071891942,0.079644098,0.050695709,0.078390008,0.144932036,0.268634058,0.434425799,-0.005179208,-0.000419133,0.004603232,0.012011115,0.019885833,0.009213428,0.026022437,0.049077508,0.072928022,0.092801913
2001.5,2001,2002,0.818311107,0.949251846,1.058648005,1.171693237,1.275555034,0.011420706,0.032209916,0.060982205,0.091150473,0.115200238,-0.518825288,-0.409187861,-0.287739205,-0.177483882,-0.051658781,0.68776903,0.722176751,0.77099773,0.812576288,0.838481493,0.766414403,0.792713999,0.83016541,0.866204941,0.89268879,-0.054312754,-0.026714553,0.011474993,0.050459815,0.077851645,-0.613821946,-0.459302417,-0.315805597,-0.216378685,-0.159764262,-0.288465633,-0.206921564,-0.11785732,-0.052793982,0.007841296,0.000498143,0.009777879,0.024830236,0.055299003,0.097301422,0.153391662,0.177522073,0.211921991,0.249438008,0.279730798,0.471992625,0.552926089,0.621732238,0.69093142,0.750454045,0.002434434,0.00419629,0.007883467,0.014455911,0.021160485,0.000604819,0.00559256,0.014176468,0.031445551,0.049523945,0.11062994,0.1335474,0.158313244,0.185815281,0.20569188,-0.153041008,-0.097656589,-0.053043069,-0.026282956,-0.012681912,0.047283962,0.054889942,0.063891852,0.073368611,0.081277928,0.050905129,0.078724651,0.145569386,0.269843507,0.436448954,-0.003226172,0.000856244,0.006703656,0.015142976,0.023996138,0.010032637,0.02836602,0.053432501,0.078896745,0.098892715
2002.5,2002,2003,0.831447759,0.964553271,1.075752574,1.190689935,1.296245748,0.012326115,0.034804887,0.065791231,0.097910645,0.122913761,-0.519282873,-0.408350878,-0.286125164,-0.175211066,-0.048166988,0.707004638,0.741143304,0.78971437,0.830969769,0.856492633,0.790705737,0.815904128,0.853512676,0.889284121,0.915777392,-0.0231523,0.00426849,0.042057239,0.080864052,0.107142044,-0.617013498,-0.46108723,-0.316261668,-0.216544981,-0.159953861,-0.288071952,-0.206624098,-0.117699429,-0.052785904,0.007421064,0.000499478,0.009808113,0.024901447,0.05545304,0.097574084,0.154211105,0.178512382,0.213152041,0.25094601,0.281472066,0.481469741,0.564026148,0.634216701,0.704812121,0.765535026,0.002526644,0.004355382,0.008181948,0.015002005,0.021956994,0.000608793,0.005628473,0.014270348,0.031656692,0.049861479,0.112221839,0.135421452,0.160469055,0.188280525,0.208379128,-0.153444881,-0.097895643,-0.053164685,-0.026307337,-0.012561305,0.04818592,0.055937443,0.065112754,0.074771786,0.082833613,0.051450887,0.079567322,0.147125979,0.272728417,0.441116292,-0.002372027,0.001466816,0.007799753,0.016818454,0.026248801,0.01071128,0.030300359,0.057035311,0.083962979,0.104274479
2003.5,2003,2004,0.845391507,0.980822132,1.093883726,1.210762789,1.318064374,0.012721033,0.035896061,0.067786411,0.100852998,0.126258014,-0.531803845,-0.414403579,-0.288589999,-0.176060715,-0.049324031,0.720411051,0.754874845,0.804035225,0.845789132,0.871760089,0.806129747,0.831506527,0.869949102,0.906071017,0.932850797,-0.039994226,-0.012293954,0.026244277,0.066104765,0.093263947,-0.63108323,-0.469988428,-0.320284556,-0.218966212,-0.161893258,-0.291114074,-0.208795889,-0.119000005,-0.053608364,0.006152516,0.000507038,0.009961663,0.025278982,0.05628409,0.099027857,0.155058165,0.179527644,0.214406127,0.252475214,0.283227725,0.491856625,0.576209377,0.647879587,0.719944807,0.781945789,0.002605445,0.004491015,0.008436528,0.015467631,0.022636367,0.000612906,0.005665299,0.014366509,0.031872098,0.050205803,0.113724814,0.137179842,0.162488618,0.190583981,0.210887903,-0.153813792,-0.098109174,-0.053271463,-0.026322103,-0.01242027,0.049059002,0.056952404,0.06629606,0.076133545,0.084344759,0.0521487,0.080643037,0.149110966,0.276402356,0.447037509,-0.002772723,0.001129576,0.007177993,0.015983993,0.025304844,0.01121767,0.031729916,0.059704219,0.087839042,0.108562823
2004.5,2004,2005,0.859507162,0.997290025,1.112244443,1.231093108,1.340152538,0.012598563,0.035462996,0.066944043,0.099886371,0.124997809,-0.53727921,-0.417858965,-0.290636284,-0.176762702,-0.047925236,0.736231803,0.770809565,0.820387431,0.862450426,0.888648532,0.821421037,0.846829546,0.885656092,0.921700929,0.94844969,-0.129655755,-0.102310712,-0.064858159,-0.025341354,0.000992623,-0.639491532,-0.475758909,-0.323843006,-0.221383533,-0.163746516,-0.294345554,-0.211117765,-0.120310593,-0.054134299,0.006486208,0.000515449,0.010124815,0.025686788,0.057186606,0.100608655,0.155861923,0.180495768,0.21560439,0.253938697,0.284910981,0.502554127,0.588749013,0.661950963,0.735535543,0.798855196,0.002745438,0.004732275,0.008889376,0.016298251,0.023851891,0.000616866,0.005700513,0.0144584,0.032078069,0.050533394,0.115160094,0.13885017,0.164401176,0.1927605,0.213261223,-0.154303057,-0.098400765,-0.053422911,-0.026362251,-0.012300978,0.049919778,0.057952868,0.067463025,0.077476872,0.085836082,0.052838844,0.081711359,0.151085404,0.280061629,0.452952023,-0.005211441,-0.000493997,0.004443705,0.012198792,0.020591354,0.011629597,0.032895146,0.061882467,0.091060021,0.112243656
2005.5,2005,2006,0.873182116,1.013244655,1.130076809,1.250876557,1.361673786,0.012289465,0.03448704,0.065158132,0.097626853,0.122273026,-0.540157786,-0.420746633,-0.292892633,-0.1776103,-0.045159428,0.752648483,0.786903356,0.836656256,0.878785274,0.905049024,0.836063609,0.861327201,0.900289688,0.936206435,0.962892132,-0.004916293,0.022761596,0.060922179,0.100942082,0.12777589,-0.646396739,-0.480997518,-0.327801203,-0.224188069,-0.165872204,-0.297964827,-0.213719928,-0.121712645,-0.054492217,0.007850617,0.00052622,0.010337098,0.026217508,0.058361002,0.102668313,0.156510172,0.181286696,0.21660049,0.255174642,0.286345211,0.513050461,0.601045438,0.675772161,0.750884782,0.815516498,0.002925208,0.005042181,0.009471702,0.017366463,0.025417907,0.000620127,0.005728946,0.014533721,0.032247223,0.050806163,0.11655279,0.140458874,0.166240174,0.194846927,0.215542453,-0.154894756,-0.098762803,-0.053611996,-0.026428423,-0.012213024,0.050775096,0.058946891,0.068622704,0.078811766,0.087318774,0.053586681,0.082867562,0.153221908,0.284018539,0.459355175,-0.008548898,-0.003083262,0.001906861,0.008480305,0.01587885,0.011889197,0.033612864,0.063240276,0.093184999,0.114774899
2006.5,2006,2007,0.886986844,1.029364546,1.148078514,1.270841573,1.383382245,0.011772682,0.032902749,0.062341725,0.094017791,0.118096701,-0.546745673,-0.425548112,-0.296330505,-0.179472628,-0.044838399,0.766788528,0.801114557,0.851368287,0.893906753,0.920460177,0.847167311,0.872962045,0.912474719,0.948659292,0.975345069,-0.053056259,-0.02566159,0.012093534,0.052509522,0.079457053,-0.655438209,-0.48759327,-0.332310421,-0.227294806,-0.168229076,-0.302940241,-0.217349579,-0.123821342,-0.055465139,0.007999793,0.00053496,0.010506523,0.026646192,0.05931362,0.104341808,0.157083727,0.181994485,0.217498709,0.256296052,0.287655158,0.523780553,0.613619038,0.68990194,0.766569142,0.832540889,0.00308899,0.005324525,0.010002273,0.018339665,0.026842697,0.000622939,0.005754201,0.014601072,0.032399152,0.051050604,0.11790562,0.142009922,0.168009545,0.196844232,0.217728642,-0.155188283,-0.098926416,-0.053686693,-0.026431608,-0.012087201,0.051657714,0.059972247,0.069817477,0.08018581,0.088842825,0.054340152,0.084032479,0.155377146,0.288011968,0.465814622,-0.011811095,-0.005881299,0.000153923,0.005571934,0.012138449,0.011864404,0.033491472,0.063070736,0.093265484,0.115021813
2007.5,2007,2008,0.9008223,1.045498893,1.166111107,1.290847478,1.405135188,0.011305122,0.031492376,0.059844957,0.090755154,0.114382479,-0.54989508,-0.427447927,-0.297115757,-0.178810012,-0.041412359,0.783770495,0.818284542,0.868912964,0.91183091,0.938700707,0.861574807,0.887715393,0.927717655,0.964202255,0.990921402,-0.049067296,-0.021543808,0.016583451,0.057590122,0.085175056,-0.662311758,-0.492350097,-0.335237219,-0.229183863,-0.169609506,-0.305734404,-0.219312794,-0.12490357,-0.05586207,0.008343103,0.000542413,0.010651509,0.027014907,0.060135391,0.105786833,0.15778744,0.182840638,0.218549844,0.257582491,0.289137108,0.534426348,0.626089165,0.7039276,0.782158235,0.849473758,0.003252093,0.005605729,0.010530653,0.019308438,0.028260364,0.000626339,0.00578494,0.014681278,0.032579004,0.051338256,0.119244116,0.14352658,0.169731651,0.198776964,0.219845942,-0.154985518,-0.098750783,-0.053566436,-0.02632614,-0.011883754,0.052558162,0.061017818,0.071035502,0.081586235,0.090396015,0.055086734,0.085187845,0.157516667,0.291977664,0.472229662,-0.01454451,-0.008097118,-0.001052526,0.003570577,0.009566879,0.011767906,0.033173413,0.062525034,0.09276217,0.114595412
2008.5,2008,2009,0.914762009,1.061759112,1.18428854,1.311017867,1.427061125,0.011099648,0.030876503,0.058708378,0.08920646,0.112671717,-0.544523243,-0.423837894,-0.293983596,-0.174926763,-0.03441439,0.805871935,0.840496915,0.891202945,0.934327162,0.961451934,0.88266172,0.90877547,0.948851577,0.985463041,1.012287614,-0.197260612,-0.169700737,-0.131685466,-0.090892968,-0.063727249,-0.662092544,-0.492056233,-0.335084481,-0.228963197,-0.169317433,-0.304674723,-0.218392805,-0.124209184,-0.055182163,0.009524194,0.000546716,0.010734368,0.027230497,0.060621235,0.106642788,0.158664233,0.183877134,0.219814567,0.259105115,0.290868383,0.545013787,0.638486977,0.717878163,0.797674413,0.866334689,0.003405752,0.005870624,0.011028189,0.020220529,0.029594646,0.000630505,0.005823057,0.014779468,0.032798008,0.051685191,0.120585356,0.145032979,0.17143159,0.200674495,0.221928289,-0.154767974,-0.098576983,-0.0534467,-0.026225021,-0.011693133,0.053477853,0.062085763,0.07227946,0.083015896,0.091980658,0.055625768,0.086030769,0.159087674,0.294909393,0.477003932,-0.016732805,-0.00978939,-0.002127593,0.002228171,0.007795768,0.011831626,0.033340129,0.062829086,0.093290117,0.115357049
2009.5,2009,2010,0.92849364,1.077763168,1.202204628,1.330934346,1.448726999,0.010950593,0.03042299,0.057887186,0.08810875,0.111528171,-0.533990453,-0.415859524,-0.287329033,-0.168364126,-0.026014102,0.83064019,0.86571061,0.916503465,0.960168861,0.988037324,0.906829229,0.933151318,0.973346633,1.010419539,1.037437567,-0.090950685,-0.063264171,-0.024975425,0.015946638,0.043238939,-0.655963927,-0.487075173,-0.331399302,-0.226197017,-0.167048278,-0.299803775,-0.214670362,-0.121901488,-0.053812045,0.010232633,0.000543796,0.01067595,0.027098401,0.060342632,0.106163638,0.159577889,0.184956666,0.22113094,0.260687041,0.292667119,0.555385162,0.650630379,0.731555793,0.812911142,0.882902689,0.00351032,0.006051068,0.011367228,0.020840389,0.030499846,0.000634907,0.005862846,0.014882184,0.033026858,0.05204816,0.121903285,0.14650368,0.173085389,0.20251223,0.223945454,-0.154829897,-0.098589186,-0.05343634,-0.026186823,-0.011556001,0.054401592,0.063158928,0.073529926,0.08445356,0.093574742,0.055827646,0.086364852,0.159731987,0.296147808,0.47908358,-0.018270601,-0.010921531,-0.002878397,0.00145775,0.006690958,0.011856679,0.033392268,0.062937232,0.093566729,0.115860467
2010.5,2010,2011,0.942188497,1.093719937,1.220075431,1.35079772,1.470342245,0.011029879,0.030660551,0.058243272,0.088539127,0.112144978,-0.529454048,-0.40989514,-0.280312472,-0.160951401,-0.016691023,0.854601401,0.890152019,0.941099411,0.985292347,1.013929071,0.93123673,0.957831151,0.998253459,1.035897014,1.063167503,-0.033683481,-0.005834603,0.03277924,0.073770478,0.101260579,-0.657279744,-0.48625141,-0.328638243,-0.22368155,-0.165025334,-0.293882728,-0.210038255,-0.118946958,-0.052007774,0.010861038,0.00054709,0.010741502,0.027265764,0.060716305,0.106822118,0.160488158,0.186034385,0.222448028,0.262271629,0.294470017,0.565753875,0.662769948,0.745231578,0.828144822,0.899470124,0.003641371,0.006276916,0.011791274,0.021617257,0.03163593,0.000639369,0.005902843,0.014985233,0.033256459,0.052413062,0.123197939,0.147936856,0.174692198,0.204289507,0.225898592,-0.15501083,-0.0986783,-0.053467707,-0.026170109,-0.011432397,0.055325922,0.06423273,0.074781626,0.085893141,0.095171481,0.056112751,0.086817428,0.160585458,0.297756416,0.481737635,-0.01869959,-0.011153897,-0.002987086,0.001317291,0.006468827,0.011957002,0.033668002,0.063439583,0.094343208,0.116942087
2011.5,2011,2012,0.956211767,1.110064806,1.238364896,1.371107044,1.492435784,0.011360866,0.031656593,0.059933962,0.090743381,0.114808344,-0.525923764,-0.405661767,-0.27555416,-0.155553902,-0.009037669,0.877088366,0.912989623,0.9642369,1.009070692,1.038500348,0.955129283,0.982093617,1.022937374,1.061484718,1.08932132,-0.20020601,-0.171822193,-0.132466411,-0.091034423,-0.063308468,-0.659113596,-0.486488337,-0.32751764,-0.222612815,-0.1641789,-0.290947235,-0.207753204,-0.117486902,-0.051077313,0.011198085,0.000550313,0.010805244,0.027429808,0.061084239,0.107471392,0.16140968,0.187124256,0.22378265,0.26387723,0.296292856,0.576408056,0.675249028,0.759275018,0.843769233,0.91645466,0.003830741,0.006603227,0.01240377,0.022740724,0.033280155,0.000643821,0.005943484,0.015089993,0.033489751,0.052784152,0.124481014,0.149347214,0.176268529,0.206026108,0.227809375,-0.155024771,-0.098655477,-0.053431171,-0.026111613,-0.011274751,0.056302953,0.065366772,0.076101194,0.087408353,0.09684979,0.056617865,0.087599056,0.162035754,0.300446427,0.486102418,-0.016908514,-0.009577323,-0.0017757,0.002421792,0.007989338,0.012010566,0.033800427,0.063697686,0.094812554,0.117681994
2012.5,2012,2013,0.970196702,1.126358879,1.256608661,1.391388467,1.514494263,0.011851721,0.033119583,0.062529737,0.094244226,0.119001143,-0.523278214,-0.402670567,-0.272436948,-0.151828621,-0.003771874,0.898207796,0.934250151,0.985784651,1.031127929,1.061172557,0.978431808,1.005609637,1.046911436,1.086337641,1.11468443,-0.187461002,-0.15810129,-0.1175839,-0.07562953,-0.04748104,-0.660060123,-0.486690593,-0.326979538,-0.222103876,-0.163779646,-0.289961109,-0.207023368,-0.117088141,-0.050932147,0.010846974,0.000550239,0.01080325,0.02743334,0.06110222,0.107509524,0.162333773,0.188220352,0.225122591,0.265488909,0.298124711,0.587032116,0.687686167,0.773283433,0.859366474,0.933417174,0.003992373,0.006881898,0.012927445,0.023700479,0.034685217,0.000648309,0.0059844,0.015195433,0.033724828,0.053156596,0.125730079,0.150716149,0.17779523,0.207703015,0.229654279,-0.154787284,-0.098462479,-0.05329172,-0.0259938,-0.01106525,0.057305129,0.066530155,0.077455037,0.088962685,0.098571507,0.057151628,0.088427688,0.163571907,0.30330117,0.490734321,-0.013981124,-0.007064306,-0.00018833,0.00469588,0.010822889,0.012063426,0.033934416,0.063954569,0.095271451,0.118407805
2013.5,2013,2014,0.984828575,1.143407036,1.27566349,1.412518955,1.537452527,0.012730986,0.035706279,0.067207194,0.100565945,0.126432108,-0.519091951,-0.397976915,-0.267477671,-0.146424536,0.003114222,0.921318305,0.957785499,1.009742367,1.055902576,1.086777981,1.006015069,1.033275792,1.075329695,1.115932586,1.145110011,-0.17040085,-0.140299785,-0.098449945,-0.05531918,-0.026602021,-0.659748891,-0.485565105,-0.324963424,-0.220364414,-0.162370657,-0.28685463,-0.204636812,-0.115639202,-0.050181216,0.010608878,0.000549306,0.010785148,0.027396518,0.061026874,0.107383487,0.163260628,0.189318275,0.226466303,0.267104739,0.299960853,0.598310049,0.700900521,0.788130029,0.875855572,0.951325262,0.004133256,0.007125029,0.013384411,0.024538346,0.035910851,0.000652854,0.006025615,0.015301406,0.033961055,0.053531259,0.126957131,0.152054645,0.17928665,0.20933371,0.231449749,-0.154669658,-0.09835099,-0.053199128,-0.025901908,-0.010870408,0.058309803,0.067696948,0.078813736,0.090523514,0.100301269,0.057514276,0.088998968,0.164644628,0.305312947,0.494029055,-0.011617383,-0.005033049,0.001003492,0.006921268,0.013605083,0.012574089,0.035435283,0.066638107,0.098882454,0.122714646
2014.5,2014,2015,0.999844717,1.160897392,1.295207732,1.434186723,1.560988169,0.013297341,0.037334863,0.070262461,0.104965479,0.131766141,-0.512763273,-0.391471586,-0.260982089,-0.13961068,0.011612102,0.946126731,0.983228246,1.035727038,1.082975725,1.114894754,1.033916542,1.061539974,1.10439111,1.146273406,1.17646245,-0.153369502,-0.121875011,-0.078843541,-0.035445205,-0.006623496,-0.657406798,-0.482868562,-0.32169378,-0.217684701,-0.160219808,-0.282443479,-0.201286829,-0.113630733,-0.049187349,0.010224529,0.000546135,0.010719581,0.027243371,0.060697468,0.106814908,0.164273477,0.190509621,0.227915079,0.268836602,0.301920864,0.609843182,0.714413771,0.803318494,0.892724449,0.969640592,0.004288505,0.007392702,0.013887252,0.025459918,0.037260177,0.000657735,0.006070589,0.015416642,0.034217226,0.053935989,0.128175998,0.15337786,0.18076042,0.210939897,0.233217134,-0.154794155,-0.098402382,-0.053202856,-0.025866459,-0.010720792,0.059360552,0.068916181,0.080232053,0.09215126,0.102103719,0.057857738,0.089541934,0.165663547,0.307221497,0.497156713,-0.009815705,-0.003496521,0.002126095,0.008771389,0.016053378,0.012853526,0.036218312,0.068105844,0.101036604,0.125398362
2015.5,2015,2016,1.014838993,1.178361563,1.31475158,1.455881588,1.584568841,0.013329569,0.037369796,0.070481284,0.105706424,0.132990997,-0.514265655,-0.388249644,-0.255290442,-0.132921579,0.020722413,0.969489558,1.007047001,1.059970146,1.107868407,1.140360008,1.05789773,1.085704212,1.12917584,1.171743714,1.202090009,-0.028170294,0.002892318,0.046187767,0.089967168,0.118407738,-0.663079647,-0.485168487,-0.319969167,-0.215678541,-0.158590202,-0.278975605,-0.198559448,-0.112024192,-0.048558575,0.008769271,0.000546115,0.010720594,0.027249433,0.060714871,0.106850015,0.165441856,0.191873578,0.229559076,0.270785791,0.304116949,0.621215451,0.727726253,0.818305216,0.909397509,0.987760714,0.00446778,0.007701757,0.014467647,0.026524208,0.038817818,0.000663357,0.006122378,0.0155485,0.034510303,0.05439823,0.129372995,0.15467691,0.182205404,0.212511497,0.234950287,-0.154974412,-0.098492825,-0.053226985,-0.025843335,-0.01058178,0.060435574,0.070163923,0.081683648,0.093817051,0.103948185,0.058495489,0.09052296,0.167475326,0.310571622,0.502564098,-0.008189085,-0.002156416,0.003286466,0.010602598,0.018531868,0.012611172,0.035450965,0.066816799,0.099598555,0.124003536
2016.5,2016,2017,1.030914503,1.197091792,1.3356467,1.4789996,1.609652117,0.013092432,0.03661691,0.069203002,0.104289844,0.13160013,-0.505597433,-0.379479384,-0.246819997,-0.124193002,0.031965204,0.996744695,1.035494379,1.089309213,1.138816908,1.172704577,1.084522479,1.113499687,1.157514627,1.201497887,1.233192875,0.049328571,0.081496364,0.125983254,0.170110406,0.199243111,-0.658658314,-0.480762419,-0.315191396,-0.211839966,-0.155503466,-0.273335981,-0.194276078,-0.109497664,-0.047391194,0.008102307,0.000539962,0.010596495,0.026953703,0.06007522,0.105735773,0.166667311,0.193304287,0.231283057,0.272828348,0.306416601,0.633621397,0.742273636,0.834628173,0.927489519,1.007380723,0.004669807,0.00805001,0.015121867,0.027723897,0.040574016,0.000669291,0.00617691,0.015687638,0.034818707,0.054884353,0.130557451,0.155959598,0.183630114,0.214056184,0.23664965,-0.155220881,-0.098627927,-0.053277157,-0.025835082,-0.010456088,0.061476458,0.07137334,0.083093127,0.095437699,0.105745204,0.058858757,0.091098887,0.168556038,0.312598999,0.505894047,-0.008990385,-0.00281667,0.002657611,0.009735066,0.017512615,0.01252851,0.035189484,0.066359413,0.099102121,0.123626534
2017.5,2017,2018,1.047336741,1.216227953,1.35700562,1.502641143,1.63530177,0.01287846,0.03594004,0.067984406,0.102758967,0.129910534,-0.489666402,-0.367218923,-0.236910146,-0.11452956,0.0433933,1.025757145,1.066188366,1.121327862,1.173197165,1.209388199,1.112606552,1.143562369,1.188365502,1.234720619,1.268787298,-0.075167925,-0.040838983,0.005958863,0.050953006,0.082063806,-0.647205032,-0.471844858,-0.308641566,-0.207066498,-0.151709328,-0.266206586,-0.188975021,-0.106337201,-0.045756622,0.008370144,0.000530871,0.010415814,0.026517729,0.059126019,0.104080281,0.167849326,0.194690358,0.232961624,0.274825337,0.308669938,0.646424669,0.757283707,0.851478758,0.946167647,1.027639626,0.004884168,0.008419531,0.015816127,0.028996891,0.042437795,0.000675042,0.006229886,0.015823143,0.035119437,0.055359468,0.131749347,0.157245988,0.185057331,0.215597516,0.238345047,-0.155564287,-0.098828042,-0.053364253,-0.025849024,-0.010351645,0.062503904,0.07256713,0.084485214,0.097039147,0.107522225,0.058984926,0.09131369,0.168980719,0.313433084,0.507309256,-0.012380151,-0.005728633,0.000588027,0.006566122,0.013509544,0.01285918,0.036167493,0.068079218,0.101399146,0.126391456
2018.5,2018,2019,1.063320031,1.23483658,1.377841263,1.525763764,1.660432817,0.012673447,0.035299062,0.066858422,0.10133035,0.128362821,-0.47875576,-0.357824426,-0.228712041,-0.106303492,0.053517206,1.052194492,1.094183977,1.150645009,1.204678862,1.242947237,1.137835475,1.170680871,1.216636025,1.265398073,1.301481818,-0.189794064,-0.153641547,-0.104736935,-0.058813498,-0.026016967,-0.640235742,-0.465987624,-0.303593368,-0.20324851,-0.148704126,-0.260522615,-0.184759765,-0.103865707,-0.044581102,0.008074807,0.000523872,0.010277694,0.026180294,0.058391,0.102800411,0.169028529,0.196073499,0.234638367,0.276821736,0.310924772,0.658751206,0.77172014,0.867726071,0.964236707,1.047269296,0.005076306,0.008751003,0.016439125,0.030139083,0.044110528,0.000680807,0.006282984,0.015958872,0.035421116,0.055835422,0.132953079,0.158542876,0.186497927,0.217148886,0.240048354,-0.155921448,-0.099037699,-0.053454631,-0.025865945,-0.01025298,0.063580672,0.073817271,0.085940624,0.098711039,0.109375016,0.059244619,0.091724623,0.169752886,0.314888687,0.509710183,-0.015327804,-0.008209035,-0.000751202,0.004265845,0.01066714,0.01307023,0.036766175,0.069189829,0.103002979,0.12839224
2019.5,2019,2020,1.079387493,1.253534344,1.398778464,1.549010531,1.685699774,0.011748583,0.03249678,0.062152807,0.095333063,0.121686053,-0.47955248,-0.354836994,-0.224062457,-0.101018003,0.060914575,1.075006302,1.118161186,1.17547982,1.230539173,1.269555137,1.155748288,1.19055403,1.237071719,1.287182332,1.32369584,-0.079157627,-0.042420191,0.00805217,0.054803382,0.089602765,-0.643953886,-0.467378993,-0.301883261,-0.20143322,-0.147274774,-0.257948873,-0.182778912,-0.102793167,-0.044339111,0.006534848,0.000521816,0.010239777,0.026084596,0.058180116,0.10242949,0.170235339,0.197488045,0.236349538,0.278858129,0.31322284,0.67112983,0.786213707,0.884037451,0.982380901,1.066982902,0.005300792,0.009137968,0.017166168,0.031471998,0.046061596,0.000686724,0.006337452,0.016097963,0.035729906,0.056323136,0.134137323,0.159814644,0.187907735,0.218662295,0.241708066,-0.156335626,-0.099283378,-0.053563906,-0.025888537,-0.010144929,0.064684429,0.075098676,0.087432146,0.100423912,0.111272723,0.059715365,0.092453181,0.171102604,0.317388683,0.513758219,-0.017361508,-0.009826183,-0.001704451,0.002923637,0.009006841,0.012436839,0.034829619,0.065878851,0.098883051,0.123918073
2020.5,2020,2021,1.095469475,1.272248838,1.419748031,1.572307529,1.711025062,0.010395852,0.028479013,0.055533635,0.086761882,0.112055586,-0.479151339,-0.350185333,-0.2174192,-0.094410755,0.068815787,1.097696861,1.143016127,1.2018431,1.258660436,1.299161542,1.171357514,1.209441703,1.25716798,1.309434602,1.346800372,-0.073138423,-0.035478335,0.017243125,0.065300208,0.10369596,-0.645349704,-0.466323247,-0.297449071,-0.197258167,-0.143812374,-0.252136838,-0.178231335,-0.100055567,-0.043094692,0.005511044,0.000518517,0.010174572,0.025925689,0.057834333,0.101827744,0.171529055,0.198997847,0.238169534,0.281016525,0.315655711,0.68351283,0.800709354,0.900357599,1.000541688,1.086721854,0.005058236,0.008725019,0.01640022,0.030068018,0.044028522,0.00069307,0.00639587,0.016246846,0.036060194,0.05684381,0.135242485,0.160990392,0.189209225,0.220050932,0.24323166,-0.156849216,-0.099592161,-0.053704747,-0.025922942,-0.010027105,0.065805787,0.076400504,0.088947697,0.102164569,0.113201215,0.059940644,0.092817075,0.171795103,0.31870275,0.515930641,-0.018426847,-0.010616094,-0.002192195,0.002337923,0.008252134,0.01126935,0.031324682,0.059928172,0.091143957,0.115277996
2021.5,2021,2022,1.111631304,1.291047555,1.440820017,1.595729023,1.736501117,0.010227809,0.028061669,0.054372803,0.084911364,0.109956308,-0.478496913,-0.345601918,-0.211033622,-0.088535226,0.075740316,1.118993202,1.167300141,1.228022454,1.28692297,1.329218877,1.191008176,1.232757738,1.28221132,1.33676004,1.375711005,-0.250806764,-0.21143633,-0.156622289,-0.106923337,-0.065329906,-0.645454339,-0.464299757,-0.292503277,-0.1927546,-0.140105167,-0.246057273,-0.173493669,-0.097226981,-0.041804461,0.004619173,0.000514082,0.010086297,0.025712151,0.057369663,0.10101432,0.173036979,0.200743556,0.240254857,0.283471476,0.31840889,0.69576887,0.815058576,0.916521674,1.018546269,1.106301038,0.004587546,0.007922414,0.0149212,0.027378418,0.040176468,0.000700461,0.006463903,0.016419092,0.036441958,0.057443607,0.136279759,0.1620851,0.190419339,0.22133464,0.244642555,-0.157356305,-0.099900885,-0.053847084,-0.025962742,-0.009928147,0.066991085,0.077775728,0.090546598,0.103998628,0.115231185,0.060116241,0.0931057,0.172349089,0.31976295,0.517689399,-0.017963796,-0.010144691,-0.001807934,0.002704459,0.008723952,0.010991778,0.030570934,0.058342043,0.088798764,0.112644398
2022.5,2022,2023,1.127974867,1.310038586,1.462112956,1.619395866,1.762255468,0.010152353,0.027905863,0.053903502,0.084097495,0.10907988,-0.468200024,-0.337451387,-0.204379206,-0.08206496,0.08478046,1.14414568,1.194397789,1.256577046,1.317606735,1.361899727,1.215547197,1.259244347,1.31026972,1.367191438,1.408199124,-0.249512254,-0.20813364,-0.15115747,-0.0999048,-0.056039081,-0.638198542,-0.458667,-0.288136401,-0.18962187,-0.137721526,-0.24167185,-0.170295781,-0.095399774,-0.040967115,0.004421088,0.00050768,0.009957435,0.02539993,0.056688876,0.099827408,0.174733332,0.202700517,0.242585238,0.286204848,0.32146414,0.707973952,0.829347328,0.932624153,1.036490217,1.125822779,0.004623056,0.007980568,0.015018881,0.027548184,0.040403223,0.000708734,0.006540759,0.016613181,0.036871468,0.058118083,0.13728934,0.163146966,0.191592888,0.222576334,0.246001007,-0.157834696,-0.100192478,-0.053981988,-0.02600459,-0.00985315,0.068231318,0.079213855,0.092217971,0.105914322,0.117350517,0.060488978,0.093685758,0.173426805,0.321766153,0.520942735,-0.014423989,-0.00710804,3.18E-05,0.005465135,0.012120164,0.010352698,0.028678597,0.055101649,0.084385727,0.10767034
2023.5,2023,2024,1.144239023,1.328929608,1.483315228,1.642991841,1.787935435,0.011165044,0.031008073,0.05902583,0.090610905,0.116609159,-0.474475709,-0.33760361,-0.201944984,-0.078294929,0.091054488,1.163011831,1.215477323,1.279206955,1.341941739,1.387573121,1.238745343,1.285063525,1.337803411,1.396503607,1.439037516,0.028592863,0.07145006,0.1303776,0.183415285,0.229035827,-0.647874434,-0.463741409,-0.288799627,-0.189454166,-0.137585597,-0.242144755,-0.170477123,-0.095629959,-0.041423567,0.00276098,0.000510106,0.010008279,0.025517885,0.056942965,0.100264689,0.176403875,0.204636493,0.244902116,0.288932043,0.32452076,0.72017627,0.843631914,0.948723736,1.054435342,1.145343012,0.004972166,0.008576242,0.016119552,0.029554831,0.043296039,0.000716967,0.006617227,0.016806723,0.037300091,0.058792571,0.138243435,0.16414214,0.192692869,0.223735552,0.247272159,-0.158360227,-0.10051513,-0.054132845,-0.026053002,-0.009774927,0.069473389,0.080655631,0.093895018,0.107838779,0.119480886,0.061245916,0.094842836,0.175552484,0.325672924,0.527211376,-0.008506581,-0.002109151,0.003713982,0.011533405,0.019916511,0.010346603,0.028723445,0.054902014,0.083846642,0.10701639
2024.5,2024,2025,1.16098926,1.348408635,1.505144125,1.667245722,1.814317435,0.01324408,0.037180448,0.070123083,0.105397263,0.133678833,-0.49968474,-0.345907584,-0.202502897,-0.076015625,0.094679524,1.171359071,1.230297069,1.297786242,1.36291955,1.410133904,1.25754196,1.310118178,1.367147946,1.428063536,1.473118295,0.053035906,0.098454742,0.159810325,0.217267981,0.2694278,-0.677848431,-0.479959264,-0.293606728,-0.191158206,-0.138687655,-0.245809578,-0.172547181,-0.09683258,-0.042454099,0.000898955,0.000523747,0.010281723,0.026179252,0.058380567,0.102771729,0.17790802,0.206393665,0.247022382,0.291446679,0.327354651,0.733106345,0.858779718,0.965757181,1.073368615,1.16591608,0.00542271,0.009349825,0.01756579,0.032206101,0.047156169,0.000724457,0.006686537,0.016983556,0.037692886,0.059411691,0.139143552,0.165072346,0.193720137,0.224811518,0.24845094,-0.158948069,-0.100876137,-0.05430467,-0.0261092,-0.009692708,0.070686631,0.082064461,0.095536218,0.109724495,0.121571073,0.062327973,0.096494856,0.178580895,0.331235356,0.536139287,-0.0039603,0.00097324,0.008059378,0.018127333,0.028554828,0.011519984,0.032277191,0.060821613,0.091295205,0.11532172
2025.5,2025,2026,1.178379525,1.368643908,1.52778702,1.69237029,1.841610444,0.014192212,0.039877749,0.075281449,0.112937261,0.142760451,-0.48458768,-0.335874398,-0.195111952,-0.068285999,0.106286845,1.202633962,1.261089927,1.328893675,1.395797737,1.444800655,1.294159464,1.345284769,1.403426391,1.466481146,1.513346119,-0.107241424,-0.060109655,0.003516306,0.062291682,0.113324407,-0.667155008,-0.47306968,-0.28930449,-0.1882406,-0.136369611,-0.241449171,-0.169413104,-0.094962585,-0.041368705,0.001256522,0.000516951,0.01013805,0.025845703,0.057666755,0.101532121,0.179274729,0.208000151,0.248972889,0.293774838,0.329987048,0.746765021,0.874786947,0.983735423,1.09332223,1.187571417,0.005802456,0.010004444,0.018795837,0.034463051,0.05045975,0.000731422,0.006750162,0.017146214,0.038054738,0.059982726,0.140033825,0.165992119,0.194733945,0.22587172,0.249609471,-0.159540146,-0.101240389,-0.054475932,-0.026166055,-0.009610778,0.071942294,0.083521693,0.097231949,0.111671258,0.123727145,0.062617588,0.096969395,0.179488799,0.332964935,0.539008687,-0.00205664,0.002479892,0.010624567,0.021969978,0.033617892,0.011966952,0.033549177,0.063212067,0.094614771,0.119119292
