percentile,time,solar,volcanic,aerosol_radiation_interactions,aerosol_cloud_interactions,contrails,land_use,BC_on_snow,CO2,CH4,N2O,HFC_134a,HFC_23,HFC_32,HFC_125,HFC_143a,HFC_152a,HFC_227ea,HFC_236fa,HFC_245fa,HFC_365mfc,HFC_43_10mee,NF3,SF6,SO2F2,CF4,C2F6,C3F8,c_C4F8,CFC_12,CFC_11,CFC_113,CFC_114,CFC_115,CFC_13,HCFC_22,HCFC_141b,HCFC_142b,CH3CCl3,CCl4,CH3Cl,CH3Br,CH2Cl2,CHCl3,Halon_1211,Halon_1301,Halon_2402,n_C4F10,n_C5F12,n_C6F14,i_C6F14,C7F16,C8F18,CFC_112,CFC_112a,CFC_113a,CFC_114a,HCFC_133a,HCFC_31,HCFC_124,O3,H2O_stratospheric,aerosol,nonco2wmghg,halogen,anthro,total,minor,natural,wmghg,anthro_nonwmghg
p05,1750,0.010893838,0.175711988,0.0,0.0,0.0,0.0,0.0,0.0,0.0,0.0,0.0,0.0,0.0,0.0,0.0,0.0,0.0,0.0,0.0,0.0,0.0,0.0,0.0,0.0,0.0,0.0,0.0,0.0,0.0,0.0,0.0,0.0,0.0,0.0,0.0,0.0,0.0,0.0,0.0,0.0,0.0,0.0,0.0,0.0,0.0,0.0,0.0,0.0,0.0,0.0,0.0,0.0,0.0,0.0,0.0,0.0,0.0,0.0,0.0,0.0,0.0,0.0,0.0,0.0,0.0,0.196235495,0.0,0.196235495,0.0,0.0
p05,1751,0.000312382,0.182076214,-0.000405383,0.000303412,0.0,-0.000255458,-0.00083803,0.001246897,0.000406138,6.41e-05,0.0,0.0,0.0,0.0,0.0,0.0,0.0,0.0,0.0,0.0,0.0,0.0,0.0,0.0,0.0,0.0,0.0,0.0,0.0,0.0,0.0,0.0,0.0,0.0,0.0,0.0,0.0,0.0,0.0,0.0,0.0,3.73e-10,0.0,0.0,0.0,0.0,0.0,0.0,0.0,0.0,0.0,0.0,0.0,0.0,0.0,0.0,0.0,0.0,0.0,-0.000662158,-8.47e-08,0.000550782,0.000480141,3.73e-10,0.001566077,0.189676397,-0.000938455,0.182840078,0.001800835,-0.000424619
p05,1752,-0.013644349,0.18007464,-0.000404578,0.000422575,0.0,-0.000509766,-0.001117671,0.002493497,0.000812031,0.000128178,0.0,0.0,0.0,0.0,0.0,0.0,0.0,0.0,0.0,0.0,0.0,0.0,0.0,0.0,0.0,0.0,0.0,0.0,0.0,0.0,0.0,0.0,0.0,0.0,0.0,0.0,0.0,0.0,0.0,0.0,0.0,7.46e-10,0.0,0.0,0.0,0.0,0.0,0.0,0.0,0.0,0.0,0.0,0.0,0.0,0.0,0.0,0.0,0.0,0.0,-0.00061431,-1.69e-07,0.000986856,0.000960027,7.46e-10,0.003787459,0.181876006,-0.001337444,0.170849194,0.003601084,-0.000178088
p05,1753,-0.035419916,0.071859891,-0.000406104,0.000309057,0.0,-0.000763081,-0.000838161,0.0037398,0.001217678,0.000192257,0.0,0.0,0.0,0.0,0.0,0.0,0.0,0.0,0.0,0.0,0.0,0.0,0.0,0.0,0.0,0.0,0.0,0.0,0.0,0.0,0.0,0.0,0.0,0.0,0.0,0.0,0.0,0.0,0.0,0.0,0.0,1.12e-09,0.0,0.0,0.0,0.0,0.0,0.0,0.0,0.0,0.0,0.0,0.0,0.0,0.0,0.0,0.0,0.0,0.0,-0.000223226,-2.54e-07,0.000562309,0.001439659,1.12e-09,0.005602635,0.055757257,-0.001245905,0.045600606,0.005400747,-0.000308579
p05,1754,-0.06407617,-0.0350894,-0.00092102,-0.009262462,0.0,-0.001015318,-1.44e-07,0.004985806,0.001623081,0.000256328,0.0,0.0,0.0,0.0,0.0,0.0,0.0,0.0,0.0,0.0,0.0,0.0,0.0,0.0,0.0,0.0,0.0,0.0,0.0,0.0,0.0,0.0,0.0,0.0,0.0,0.0,0.0,0.0,0.0,0.0,0.0,1.49e-09,0.0,0.0,0.0,0.0,0.0,0.0,0.0,0.0,0.0,0.0,0.0,0.0,0.0,0.0,0.0,0.0,0.0,0.000373738,-3.39e-07,-0.009805896,0.001919038,1.49e-09,-0.001403041,-0.088282358,-0.000838405,-0.093283845,0.007199829,-0.00937684
p05,1755,-0.079164061,0.080981899,0.000198321,-0.001544599,0.0,-0.001266882,-1.56e-07,0.006231515,0.00202824,0.000320392,0.0,0.0,0.0,0.0,0.0,0.0,0.0,0.0,0.0,0.0,0.0,0.0,0.0,0.0,0.0,0.0,0.0,0.0,0.0,0.0,0.0,0.0,0.0,0.0,0.0,0.0,0.0,0.0,0.0,0.0,0.0,1.87e-09,0.0,0.0,0.0,0.0,0.0,0.0,0.0,0.0,0.0,0.0,0.0,0.0,0.0,0.0,0.0,0.0,0.0,0.00051929,-4.24e-07,-0.001080831,0.002398163,1.87e-09,0.009245724,0.02948781,-0.001054755,0.01756569,0.008998353,-0.00053198
p05,1756,-0.080675767,-0.039208088,-0.000541447,0.000281489,0.0,-0.00151784,-0.000893553,0.007476928,0.002433155,0.000384449,0.0,0.0,0.0,0.0,0.0,0.0,0.0,0.0,0.0,0.0,0.0,0.0,0.0,0.0,0.0,0.0,0.0,0.0,0.0,0.0,0.0,0.0,0.0,0.0,0.0,0.0,0.0,0.0,0.0,0.0,0.0,2.24e-09,0.0,0.0,0.0,0.0,0.0,0.0,0.0,0.0,0.0,0.0,0.0,0.0,0.0,0.0,0.0,0.0,0.0,0.000104031,-5.08e-07,0.000381623,0.002877036,2.24e-09,0.011160585,-0.097063172,-0.001873661,-0.113193707,0.010796305,-0.000546387
p05,1757,-0.045052648,0.144917684,-0.001589397,-0.026327065,0.0,-0.001768552,-2.18e-06,0.008722045,0.002837826,0.000448499,0.0,0.0,0.0,0.0,0.0,0.0,0.0,0.0,0.0,0.0,0.0,0.0,0.0,0.0,0.0,0.0,0.0,0.0,0.0,0.0,0.0,0.0,0.0,0.0,0.0,0.0,0.0,0.0,0.0,0.0,0.0,2.61e-09,0.0,0.0,0.0,0.0,0.0,0.0,0.0,0.0,0.0,0.0,0.0,0.0,0.0,0.0,0.0,0.0,0.0,0.001379519,-5.93e-07,-0.02634684,0.003355655,2.61e-09,-0.009446284,0.119122089,-0.001037056,0.112883226,0.012593551,-0.023375692
p05,1758,-0.014737788,0.177668027,-0.000497828,-0.01122052,0.0,-0.002016972,-1.09e-06,0.009966865,0.003242254,0.000512542,0.0,0.0,0.0,0.0,0.0,0.0,0.0,0.0,0.0,0.0,0.0,0.0,0.0,0.0,0.0,0.0,0.0,0.0,0.0,0.0,0.0,0.0,0.0,0.0,0.0,0.0,0.0,0.0,0.0,0.0,0.0,2.99e-09,0.0,0.0,0.0,0.0,0.0,0.0,0.0,0.0,0.0,0.0,0.0,0.0,0.0,0.0,0.0,0.0,0.0,0.001168908,-6.78e-07,-0.01102973,0.003834024,2.99e-09,0.006787972,0.182393224,-0.001433121,0.167815948,0.014390292,-0.009110713
p05,1759,-0.004183723,0.180050473,-0.000859748,-0.012722861,0.0,-0.002266092,-9.73e-07,0.01121139,0.00364644,0.000576577,0.0,0.0,0.0,0.0,0.0,0.0,0.0,0.0,0.0,0.0,0.0,0.0,0.0,0.0,0.0,0.0,0.0,0.0,0.0,0.0,0.0,0.0,0.0,0.0,0.0,0.0,0.0,0.0,0.0,0.0,0.0,3.36e-09,0.0,0.0,0.0,0.0,0.0,0.0,0.0,0.0,0.0,0.0,0.0,0.0,0.0,0.0,0.0,0.0,0.0,0.001052594,-7.63e-07,-0.012864763,0.00431214,3.36e-09,0.006571259,0.193287343,-0.001676529,0.178296161,0.016186409,-0.011275611
p05,1760,0.000998,0.064991288,-0.002572103,-0.030423803,0.0,-0.00252393,-1.42e-06,0.012455619,0.004050383,0.000640606,0.0,0.0,0.0,0.0,0.0,0.0,0.0,0.0,0.0,0.0,0.0,0.0,0.0,0.0,0.0,0.0,0.0,0.0,0.0,0.0,0.0,0.0,0.0,0.0,0.0,0.0,0.0,0.0,0.0,0.0,0.0,3.73e-09,0.0,0.0,0.0,0.0,0.0,0.0,0.0,0.0,0.0,0.0,0.0,0.0,0.0,0.0,0.0,0.0,0.0,0.001239899,-8.47e-07,-0.0315363,0.004790004,3.73e-09,-0.009556673,0.074023996,-0.00178372,0.069131214,0.017981987,-0.029455007
p05,1761,0.011745482,-1.538656226,-0.001622578,-0.023905737,0.0,-0.002789027,-1.85e-06,0.013699552,0.004454084,0.000704627,0.0,0.0,0.0,0.0,0.0,0.0,0.0,0.0,0.0,0.0,0.0,0.0,0.0,0.0,0.0,0.0,0.0,0.0,0.0,0.0,0.0,0.0,0.0,0.0,0.0,0.0,0.0,0.0,0.0,0.0,0.0,4.1e-09,0.0,0.0,0.0,0.0,0.0,0.0,0.0,0.0,0.0,0.0,0.0,0.0,0.0,0.0,0.0,0.0,0.0,0.001582381,-9.32e-07,-0.024136593,0.005267618,4.1e-09,0.000455247,-1.498225855,-0.001917395,-1.515052204,0.019776917,-0.021332454
p05,1762,0.002240721,-0.669956274,-0.000686064,-0.007755702,0.0,-0.003057159,-4.05e-07,0.014943189,0.004857543,0.000768641,0.0,0.0,0.0,0.0,0.0,0.0,0.0,0.0,0.0,0.0,0.0,0.0,0.0,0.0,0.0,0.0,0.0,0.0,0.0,0.0,0.0,0.0,0.0,0.0,0.0,0.0,0.0,0.0,0.0,0.0,0.0,4.48e-09,0.0,0.0,0.0,0.0,0.0,0.0,0.0,0.0,0.0,0.0,0.0,0.0,0.0,0.0,0.0,0.0,0.0,0.001035677,-1.02e-06,-0.008056417,0.005744982,4.48e-09,0.016407736,-0.64065974,-0.002549206,-0.66300868,0.021571329,-0.007165129
p05,1763,-0.015075575,0.022887244,-0.000692624,-0.008828627,0.0,-0.003323899,-6.45e-07,0.016186531,0.005260762,0.000832648,0.0,0.0,0.0,0.0,0.0,0.0,0.0,0.0,0.0,0.0,0.0,0.0,0.0,0.0,0.0,0.0,0.0,0.0,0.0,0.0,0.0,0.0,0.0,0.0,0.0,0.0,0.0,0.0,0.0,0.0,0.0,4.85e-09,0.0,0.0,0.0,0.0,0.0,0.0,0.0,0.0,0.0,0.0,0.0,0.0,0.0,0.0,0.0,0.0,0.0,0.00129215,-1.1e-06,-0.009027378,0.006222085,4.85e-09,0.017765935,0.034213516,-0.002708446,0.011654365,0.023365228,-0.007747407
p05,1764,-0.027276766,0.147949148,0.000129563,0.000335678,0.0,-0.003593368,-0.000656577,0.017429578,0.005663739,0.000896648,0.0,0.0,0.0,0.0,0.0,0.0,0.0,0.0,0.0,0.0,0.0,0.0,0.0,0.0,0.0,0.0,0.0,0.0,0.0,0.0,0.0,0.0,0.0,0.0,0.0,0.0,0.0,0.0,0.0,0.0,0.0,5.22e-09,0.0,0.0,0.0,0.0,0.0,0.0,0.0,0.0,0.0,0.0,0.0,0.0,0.0,0.0,0.0,0.0,0.0,0.001006096,-1.19e-06,0.001379264,0.006698951,5.22e-09,0.028201715,0.165634488,-0.003517913,0.129457455,0.025158497,0.001095113
p05,1765,-0.056917878,0.177303599,-0.001661809,-0.021098582,0.0,-0.003861023,-1.37e-06,0.01867233,0.006066476,0.000960641,0.0,0.0,0.0,0.0,0.0,0.0,0.0,0.0,0.0,0.0,0.0,0.0,0.0,0.0,0.0,0.0,0.0,0.0,0.0,0.0,0.0,0.0,0.0,0.0,0.0,0.0,0.0,0.0,0.0,0.0,0.0,5.6e-09,0.0,0.0,0.0,0.0,0.0,0.0,0.0,0.0,0.0,0.0,0.0,0.0,0.0,0.0,0.0,0.0,0.0,0.001708282,-1.27e-06,-0.021599225,0.007175594,5.6e-09,0.010366053,0.160495478,-0.002962276,0.136892349,0.026951134,-0.019306221
p05,1766,-0.075014627,-0.308786632,0.000150646,-0.008496019,0.0,-0.004130025,-8.55e-07,0.019914787,0.006468974,0.001024626,0.0,0.0,0.0,0.0,0.0,0.0,0.0,0.0,0.0,0.0,0.0,0.0,0.0,0.0,0.0,0.0,0.0,0.0,0.0,0.0,0.0,0.0,0.0,0.0,0.0,0.0,0.0,0.0,0.0,0.0,0.0,5.97e-09,0.0,0.0,0.0,0.0,0.0,0.0,0.0,0.0,0.0,0.0,0.0,0.0,0.0,0.0,0.0,0.0,0.0,0.001681131,-1.36e-06,-0.007785824,0.007651992,5.97e-09,0.025609536,-0.330004988,-0.003356483,-0.363546187,0.028743193,-0.005956136
p05,1767,-0.028898436,0.003074391,-1.57e-05,-0.009546475,0.0,-0.004402752,-9.61e-07,0.021156949,0.006871231,0.001088605,0.0,0.0,0.0,0.0,0.0,0.0,0.0,0.0,0.0,0.0,0.0,0.0,0.0,0.0,0.0,0.0,0.0,0.0,0.0,0.0,0.0,0.0,0.0,0.0,0.0,0.0,0.0,0.0,0.0,0.0,0.0,6.34e-09,0.0,0.0,0.0,0.0,0.0,0.0,0.0,0.0,0.0,0.0,0.0,0.0,0.0,0.0,0.0,0.0,0.0,0.001779179,-1.44e-06,-0.008975262,0.008128146,6.34e-09,0.026522792,0.007584096,-0.003561901,-0.024860747,0.030534682,-0.007030274
p05,1768,0.008994526,0.14846187,-0.004031494,-0.054464447,0.0,-0.004673185,-3.87e-06,0.022398817,0.007273249,0.001152576,0.0,0.0,0.0,0.0,0.0,0.0,0.0,0.0,0.0,0.0,0.0,0.0,0.0,0.0,0.0,0.0,0.0,0.0,0.0,0.0,0.0,0.0,0.0,0.0,0.0,0.0,0.0,0.0,0.0,0.0,0.0,6.72e-09,0.0,0.0,0.0,0.0,0.0,0.0,0.0,0.0,0.0,0.0,0.0,0.0,0.0,0.0,0.0,0.0,0.0,0.002893369,-1.53e-06,-0.055422956,0.008604055,6.72e-09,-0.014265009,0.179437999,-0.003103471,0.167275239,0.032325668,-0.050079787
p05,1769,0.023158326,0.057248569,-0.00205851,-0.027798855,0.0,-0.004941272,-2.04e-06,0.02364039,0.007675028,0.00121654,0.0,0.0,0.0,0.0,0.0,0.0,0.0,0.0,0.0,0.0,0.0,0.0,0.0,0.0,0.0,0.0,0.0,0.0,0.0,0.0,0.0,0.0,0.0,0.0,0.0,0.0,0.0,0.0,0.0,0.0,0.0,7.09e-09,0.0,0.0,0.0,0.0,0.0,0.0,0.0,0.0,0.0,0.0,0.0,0.0,0.0,0.0,0.0,0.0,0.0,0.002311492,-1.61e-06,-0.028288028,0.009079721,7.09e-09,0.012495881,0.119773901,-0.003721579,0.092765037,0.034116041,-0.025074675
p05,1770,0.023148483,0.144987044,-0.002109826,-0.028815429,0.0,-0.005229829,-2.13e-06,0.024881668,0.008076569,0.001280498,0.0,0.0,0.0,0.0,0.0,0.0,0.0,0.0,0.0,0.0,0.0,0.0,0.0,0.0,0.0,0.0,0.0,0.0,0.0,0.0,0.0,0.0,0.0,0.0,0.0,0.0,0.0,0.0,0.0,0.0,0.0,7.46e-09,0.0,0.0,0.0,0.0,0.0,0.0,0.0,0.0,0.0,0.0,0.0,0.0,0.0,0.0,0.0,0.0,0.0,0.002461847,-1.69e-06,-0.029282138,0.009555144,7.46e-09,0.013643717,0.217271183,-0.003955434,0.186656349,0.035905737,-0.0259026
p05,1771,0.018440981,0.177422814,0.000157642,-0.005855947,0.0,-0.005543284,-5.88e-07,0.026122653,0.008477872,0.001344448,0.0,0.0,0.0,0.0,0.0,0.0,0.0,0.0,0.0,0.0,0.0,0.0,0.0,0.0,0.0,0.0,0.0,0.0,0.0,0.0,0.0,0.0,0.0,0.0,0.0,0.0,0.0,0.0,0.0,0.0,0.0,7.84e-09,0.0,0.0,0.0,0.0,0.0,0.0,0.0,0.0,0.0,0.0,0.0,0.0,0.0,0.0,0.0,0.0,0.0,0.001991944,-1.78e-06,-0.005235982,0.010030325,7.84e-09,0.036830553,0.25634937,-0.004705797,0.212364626,0.037694949,-0.003890695
p05,1772,0.01010519,0.182499537,0.000343735,-0.000536513,0.0,-0.005860479,-5.33e-08,0.027363344,0.008878936,0.001408391,0.0,0.0,0.0,0.0,0.0,0.0,0.0,0.0,0.0,0.0,0.0,0.0,0.0,0.0,0.0,0.0,0.0,0.0,0.0,0.0,0.0,0.0,0.0,0.0,0.0,0.0,0.0,0.0,0.0,0.0,0.0,8.21e-09,0.0,0.0,0.0,0.0,0.0,0.0,0.0,0.0,0.0,0.0,0.0,0.0,0.0,0.0,0.0,0.0,0.0,0.001862966,-1.86e-06,0.000286726,0.010505263,8.21e-09,0.041630258,0.253570483,-0.005189349,0.204021599,0.039483469,-0.000427897
p05,1773,-0.016627111,0.183255416,0.000326016,-0.003125545,0.0,-0.006177873,-3.15e-07,0.02860374,0.009279764,0.001472327,0.0,0.0,0.0,0.0,0.0,0.0,0.0,0.0,0.0,0.0,0.0,0.0,0.0,0.0,0.0,0.0,0.0,0.0,0.0,0.0,0.0,0.0,0.0,0.0,0.0,0.0,0.0,0.0,0.0,0.0,0.0,8.58e-09,0.0,0.0,0.0,0.0,0.0,0.0,0.0,0.0,0.0,0.0,0.0,0.0,0.0,0.0,0.0,0.0,0.0,0.001954815,-1.95e-06,-0.002149171,0.01097989,8.58e-09,0.04213754,0.223593915,-0.005373846,0.17362681,0.041271726,-0.001989991
p05,1774,-0.030851475,0.183362909,-0.003058351,-0.040123777,0.0,-0.006495082,-2.88e-06,0.029843843,0.009680354,0.001536255,0.0,0.0,0.0,0.0,0.0,0.0,0.0,0.0,0.0,0.0,0.0,0.0,0.0,0.0,0.0,0.0,0.0,0.0,0.0,0.0,0.0,0.0,0.0,0.0,0.0,0.0,0.0,0.0,0.0,0.0,0.0,8.96e-09,0.0,0.0,0.0,0.0,0.0,0.0,0.0,0.0,0.0,0.0,0.0,0.0,0.0,0.0,0.0,0.0,0.0,0.002853207,-2.03e-06,-0.040902192,0.011454241,8.96e-09,0.010451898,0.196163169,-0.004885995,0.163033082,0.043059322,-0.037069141
p05,1775,-0.075230928,0.183376363,-0.00120048,-0.027034987,0.0,-0.006810565,-2.67e-06,0.031083653,0.010080708,0.001600177,0.0,0.0,0.0,0.0,0.0,0.0,0.0,0.0,0.0,0.0,0.0,0.0,0.0,0.0,0.0,0.0,0.0,0.0,0.0,0.0,0.0,0.0,0.0,0.0,0.0,0.0,0.0,0.0,0.0,0.0,0.0,9.33e-09,0.0,0.0,0.0,0.0,0.0,0.0,0.0,0.0,0.0,0.0,0.0,0.0,0.0,0.0,0.0,0.0,0.0,0.002894088,-2.12e-06,-0.026562144,0.011928342,9.33e-09,0.026398974,0.172868134,-0.005221051,0.128954637,0.044846242,-0.023079748
p05,1776,-0.060795852,0.183377111,-9.05e-05,-0.011837197,0.0,-0.007130959,-1.19e-06,0.032323169,0.010480825,0.001664092,0.0,0.0,0.0,0.0,0.0,0.0,0.0,0.0,0.0,0.0,0.0,0.0,0.0,0.0,0.0,0.0,0.0,0.0,0.0,0.0,0.0,0.0,0.0,0.0,0.0,0.0,0.0,0.0,0.0,0.0,0.0,9.7e-09,0.0,0.0,0.0,0.0,0.0,0.0,0.0,0.0,0.0,0.0,0.0,0.0,0.0,0.0,0.0,0.0,0.0,0.002315354,-2.2e-06,-0.011187306,0.01240225,9.7e-09,0.041438537,0.192072054,-0.005934772,0.140337595,0.046632533,-0.009591654
p05,1777,0.004024056,0.183376581,-0.001728312,-0.036838525,0.0,-0.007454301,-3.59e-06,0.033562392,0.010880707,0.001727999,0.0,0.0,0.0,0.0,0.0,0.0,0.0,0.0,0.0,0.0,0.0,0.0,0.0,0.0,0.0,0.0,0.0,0.0,0.0,0.0,0.0,0.0,0.0,0.0,0.0,0.0,0.0,0.0,0.0,0.0,0.0,1.01e-08,0.0,0.0,0.0,0.0,0.0,0.0,0.0,0.0,0.0,0.0,0.0,0.0,0.0,0.0,0.0,0.0,0.0,0.003246692,-2.29e-06,-0.036284212,0.012875946,1.01e-08,0.021332019,0.240376331,-0.00555765,0.196502497,0.048417942,-0.032025028
p05,1778,0.029485493,0.180989336,-0.003119936,-0.053426935,0.0,-0.007777714,-4.76e-06,0.034801322,0.011280353,0.0017919,0.0,0.0,0.0,0.0,0.0,0.0,0.0,0.0,0.0,0.0,0.0,0.0,0.0,0.0,0.0,0.0,0.0,0.0,0.0,0.0,0.0,0.0,0.0,0.0,0.0,0.0,0.0,0.0,0.0,0.0,0.0,1.04e-08,0.0,0.0,0.0,0.0,0.0,0.0,0.0,0.0,0.0,0.0,0.0,0.0,0.0,0.0,0.0,0.0,0.0,0.00380368,-2.37e-06,-0.053194943,0.013349404,1.04e-08,0.008051153,0.271374125,-0.005592379,0.234023821,0.050202874,-0.047466233
p05,1779,0.027973747,0.128145548,-0.001496142,-0.032676822,0.0,-0.008101931,-3.22e-06,0.036039959,0.011679763,0.001855793,0.0,0.0,0.0,0.0,0.0,0.0,0.0,0.0,0.0,0.0,0.0,0.0,0.0,0.0,0.0,0.0,0.0,0.0,0.0,0.0,0.0,0.0,0.0,0.0,0.0,0.0,0.0,0.0,0.0,0.0,0.0,1.08e-08,0.0,0.0,0.0,0.0,0.0,0.0,0.0,0.0,0.0,0.0,0.0,0.0,0.0,0.0,0.0,0.0,0.0,0.003153003,-2.46e-06,-0.032176465,0.013822622,1.08e-08,0.028687897,0.225087538,-0.006229402,0.176493864,0.051987198,-0.028626655
p05,1780,0.016254745,0.16630608,-0.003911204,-0.055757568,0.0,-0.008433747,-4.35e-06,0.037278303,0.012078939,0.001919679,0.0,0.0,0.0,0.0,0.0,0.0,0.0,0.0,0.0,0.0,0.0,0.0,0.0,0.0,0.0,0.0,0.0,0.0,0.0,0.0,0.0,0.0,0.0,0.0,0.0,0.0,0.0,0.0,0.0,0.0,0.0,1.12e-08,0.0,0.0,0.0,0.0,0.0,0.0,0.0,0.0,0.0,0.0,0.0,0.0,0.0,0.0,0.0,0.0,0.0,0.003502659,-2.54e-06,-0.056439855,0.0142956,1.12e-08,0.007582786,0.234884452,-0.006241002,0.198888142,0.053771139,-0.051764396
p05,1781,0.011423474,0.180681776,-0.002608736,-0.047442686,0.0,-0.008757878,-4.39e-06,0.038516354,0.012477881,0.001983559,0.0,0.0,0.0,0.0,0.0,0.0,0.0,0.0,0.0,0.0,0.0,0.0,0.0,0.0,0.0,0.0,0.0,0.0,0.0,0.0,0.0,0.0,0.0,0.0,0.0,0.0,0.0,0.0,0.0,0.0,0.0,1.16e-08,0.0,0.0,0.0,0.0,0.0,0.0,0.0,0.0,0.0,0.0,0.0,0.0,0.0,0.0,0.0,0.0,0.0,0.003684587,-2.63e-06,-0.04707685,0.014768337,1.16e-08,0.018953552,0.25157321,-0.006514505,0.205873762,0.055554518,-0.042313845
p05,1782,-0.01721485,0.182986015,-0.002087409,-0.035755718,0.0,-0.009089343,-3.24e-06,0.039754113,0.012876588,0.002047431,0.0,0.0,0.0,0.0,0.0,0.0,0.0,0.0,0.0,0.0,0.0,0.0,0.0,0.0,0.0,0.0,0.0,0.0,0.0,0.0,0.0,0.0,0.0,0.0,0.0,0.0,0.0,0.0,0.0,0.0,0.0,1.19e-08,0.0,0.0,0.0,0.0,0.0,0.0,0.0,0.0,0.0,0.0,0.0,0.0,0.0,0.0,0.0,0.0,0.0,0.00323902,-2.71e-06,-0.035668594,0.015240834,1.19e-08,0.030701834,0.226568118,-0.00709633,0.174333167,0.057337326,-0.032417289
p05,1783,-0.039506602,-2.61533898,-0.001512271,-0.029545898,0.0,-0.00942217,-2.88e-06,0.04099158,0.013275062,0.002111296,0.0,0.0,0.0,0.0,0.0,0.0,0.0,0.0,0.0,0.0,0.0,0.0,0.0,0.0,0.0,0.0,0.0,0.0,0.0,0.0,0.0,0.0,0.0,0.0,0.0,0.0,0.0,0.0,0.0,0.0,0.0,1.23e-08,0.0,0.0,0.0,0.0,0.0,0.0,0.0,0.0,0.0,0.0,0.0,0.0,0.0,0.0,0.0,0.0,0.0,0.003251716,-2.8e-06,-0.029204939,0.015713091,1.23e-08,0.038603615,-2.579663114,-0.007488643,-2.6402819,0.05911956,-0.026407731
p05,1784,-0.07050359,-3.833551032,0.000385058,-0.024638401,0.0,-0.009756177,-2.5e-06,0.042228754,0.013673302,0.002175154,0.0,0.0,0.0,0.0,0.0,0.0,0.0,0.0,0.0,0.0,0.0,0.0,0.0,0.0,0.0,0.0,0.0,0.0,0.0,0.0,0.0,0.0,0.0,0.0,0.0,0.0,0.0,0.0,0.0,0.0,0.0,1.27e-08,0.0,0.0,0.0,0.0,0.0,0.0,0.0,0.0,0.0,0.0,0.0,0.0,0.0,0.0,0.0,0.0,0.0,0.003332703,-2.88e-06,-0.022638728,0.016185011,1.27e-08,0.047277695,-3.808431008,-0.007893975,-3.87979381,0.060901222,-0.019803833
p05,1785,-0.057918895,-0.390633826,-0.002263146,-0.039049047,0.0,-0.010089104,-3.56e-06,0.043465637,0.014071309,0.002239005,0.0,0.0,0.0,0.0,0.0,0.0,0.0,0.0,0.0,0.0,0.0,0.0,0.0,0.0,0.0,0.0,0.0,0.0,0.0,0.0,0.0,0.0,0.0,0.0,0.0,0.0,0.0,0.0,0.0,0.0,0.0,1.31e-08,0.0,0.0,0.0,0.0,0.0,0.0,0.0,0.0,0.0,0.0,0.0,0.0,0.0,0.0,0.0,0.0,0.0,0.003651336,-2.97e-06,-0.038930012,0.016656683,1.31e-08,0.033662201,-0.372569664,-0.007901688,-0.430396216,0.062682312,-0.035331363
p05,1786,0.002363496,0.02246841,-0.000802351,-0.032413824,0.0,-0.010423768,-3.3e-06,0.044702227,0.014469084,0.002302849,0.0,0.0,0.0,0.0,0.0,0.0,0.0,0.0,0.0,0.0,0.0,0.0,0.0,0.0,0.0,0.0,0.0,0.0,0.0,0.0,0.0,0.0,0.0,0.0,0.0,0.0,0.0,0.0,0.0,0.0,0.0,1.34e-08,0.0,0.0,0.0,0.0,0.0,0.0,0.0,0.0,0.0,0.0,0.0,0.0,0.0,0.0,0.0,0.0,0.0,0.003656166,-3.05e-06,-0.031171123,0.017128128,1.34e-08,0.043421591,0.085395594,-0.008269522,0.030239967,0.064462831,-0.027862404
p05,1787,0.023709764,0.051110458,-0.002173797,-0.044923604,0.0,-0.010761069,-4.41e-06,0.045938526,0.014866626,0.002366686,0.0,0.0,0.0,0.0,0.0,0.0,0.0,0.0,0.0,0.0,0.0,0.0,0.0,0.0,0.0,0.0,0.0,0.0,0.0,0.0,0.0,0.0,0.0,0.0,0.0,0.0,0.0,0.0,0.0,0.0,0.0,1.38e-08,0.0,0.0,0.0,0.0,0.0,0.0,0.0,0.0,0.0,0.0,0.0,0.0,0.0,0.0,0.0,0.0,0.0,0.004121078,-3.14e-06,-0.044269577,0.017599311,1.38e-08,0.033154913,0.140792934,-0.008279702,0.08692044,0.066242779,-0.039855466
p05,1788,0.027814522,0.114960902,-0.006013086,-0.089163948,0.0,-0.011100655,-7.31e-06,0.047174534,0.015263936,0.002430516,0.0,0.0,0.0,0.0,0.0,0.0,0.0,0.0,0.0,0.0,0.0,0.0,0.0,0.0,0.0,0.0,0.0,0.0,0.0,0.0,0.0,0.0,0.0,0.0,0.0,0.0,0.0,0.0,0.0,0.0,0.0,1.42e-08,0.0,0.0,0.0,0.0,0.0,0.0,0.0,0.0,0.0,0.0,0.0,0.0,0.0,0.0,0.0,0.0,0.0,0.005198854,-3.22e-06,-0.090020752,0.018070236,1.42e-08,-0.007078432,0.189477336,-0.007969931,0.162871751,0.068022156,-0.082110484
p05,1789,0.022903984,0.166639343,-0.003977502,-0.062654463,0.0,-0.011439555,-5.41e-06,0.048410249,0.015661015,0.002494339,0.0,0.0,0.0,0.0,0.0,0.0,0.0,0.0,0.0,0.0,0.0,0.0,0.0,0.0,0.0,0.0,0.0,0.0,0.0,0.0,0.0,0.0,0.0,0.0,0.0,0.0,0.0,0.0,0.0,0.0,0.0,1.46e-08,0.0,0.0,0.0,0.0,0.0,0.0,0.0,0.0,0.0,0.0,0.0,0.0,0.0,0.0,0.0,0.0,0.0,0.004593293,-3.3e-06,-0.062806087,0.018541005,1.46e-08,0.019769874,0.261855482,-0.008651539,0.210426573,0.069800964,-0.057282837
p05,1790,0.013767604,0.00346502,-0.004326732,-0.067594372,0.0,-0.011829284,-5.8e-06,0.049645674,0.016057863,0.002558155,0.0,0.0,0.0,0.0,0.0,0.0,0.0,0.0,0.0,0.0,0.0,0.0,0.0,0.0,0.0,0.0,0.0,0.0,0.0,0.0,0.0,0.0,0.0,0.0,0.0,0.0,0.0,0.0,0.0,0.0,0.0,1.49e-08,0.0,0.0,0.0,0.0,0.0,0.0,0.0,0.0,0.0,0.0,0.0,0.0,0.0,0.0,0.0,0.0,0.0,0.004828304,-3.39e-06,-0.067796801,0.019011681,1.49e-08,0.017102866,0.051594633,-0.008917495,0.018369367,0.071579211,-0.061927107
p05,1791,0.000883597,0.1159493,-0.001757745,-0.04029609,0.0,-0.012263113,-4.06e-06,0.050880808,0.01645448,0.002621964,0.0,0.0,0.0,0.0,0.0,0.0,0.0,0.0,0.0,0.0,0.0,0.0,0.0,0.0,0.0,0.0,0.0,0.0,0.0,0.0,0.0,0.0,0.0,0.0,0.0,0.0,0.0,0.0,0.0,0.0,0.0,1.53e-08,0.0,0.0,0.0,0.0,0.0,0.0,0.0,0.0,0.0,0.0,0.0,0.0,0.0,0.0,0.0,0.0,0.0,0.0043202,-3.47e-06,-0.039476343,0.019482125,1.53e-08,0.045334636,0.194484192,-0.009738436,0.127625725,0.0733566,-0.035715354
p05,1792,-0.002604217,0.170193899,-0.000867785,-0.03636829,0.0,-0.012714779,-3.71e-06,0.05211565,0.016850866,0.002685766,0.0,0.0,0.0,0.0,0.0,0.0,0.0,0.0,0.0,0.0,0.0,0.0,0.0,0.0,0.0,0.0,0.0,0.0,0.0,0.0,0.0,0.0,0.0,0.0,0.0,0.0,0.0,0.0,0.0,0.0,0.0,1.57e-08,0.0,0.0,0.0,0.0,0.0,0.0,0.0,0.0,0.0,0.0,0.0,0.0,0.0,0.0,0.0,0.0,0.0,0.004335007,-3.56e-06,-0.034951372,0.019952261,1.57e-08,0.051539169,0.253683349,-0.01025195,0.178346095,0.075133215,-0.031427949
p05,1793,-0.011962539,0.167875115,-0.001032063,-0.033650386,0.0,-0.013168348,-3.42e-06,0.053350202,0.017247022,0.002749561,0.0,0.0,0.0,0.0,0.0,0.0,0.0,0.0,0.0,0.0,0.0,0.0,0.0,0.0,0.0,0.0,0.0,0.0,0.0,0.0,0.0,0.0,0.0,0.0,0.0,0.0,0.0,0.0,0.0,0.0,0.0,1.6e-08,0.0,0.0,0.0,0.0,0.0,0.0,0.0,0.0,0.0,0.0,0.0,0.0,0.0,0.0,0.0,0.0,0.0,0.004240819,-3.64e-06,-0.032539172,0.020422119,1.6e-08,0.055176434,0.242989006,-0.010748176,0.1659466,0.076909955,-0.02959876
p05,1794,-0.02312776,0.170981913,-0.005193643,-0.073956043,0.0,-0.013628431,-5.97e-06,0.054584463,0.017642948,0.002813349,0.0,0.0,0.0,0.0,0.0,0.0,0.0,0.0,0.0,0.0,0.0,0.0,0.0,0.0,0.0,0.0,0.0,0.0,0.0,0.0,0.0,0.0,0.0,0.0,0.0,0.0,0.0,0.0,0.0,0.0,0.0,1.64e-08,0.0,0.0,0.0,0.0,0.0,0.0,0.0,0.0,0.0,0.0,0.0,0.0,0.0,0.0,0.0,0.0,0.0,0.005170471,-3.73e-06,-0.07493454,0.020891742,1.64e-08,0.017604182,0.210955967,-0.010504317,0.159171855,0.078686335,-0.069069441
p05,1795,-0.058064535,-0.187295645,-0.003378416,-0.060021233,0.0,-0.014087119,-5.58e-06,0.055818433,0.018038645,0.002877129,0.0,0.0,0.0,0.0,0.0,0.0,0.0,0.0,0.0,0.0,0.0,0.0,0.0,0.0,0.0,0.0,0.0,0.0,0.0,0.0,0.0,0.0,0.0,0.0,0.0,0.0,0.0,0.0,0.0,0.0,0.0,1.68e-08,0.0,0.0,0.0,0.0,0.0,0.0,0.0,0.0,0.0,0.0,0.0,0.0,0.0,0.0,0.0,0.0,0.0,0.005173586,-3.81e-06,-0.059662285,0.021361128,1.68e-08,0.034103148,-0.168118767,-0.011001101,-0.229424495,0.08046195,-0.054571091
p05,1796,-0.067898185,0.01160119,-0.001960269,-0.037243354,0.0,-0.01455487,-3.64e-06,0.057052114,0.018434113,0.002940903,0.0,0.0,0.0,0.0,0.0,0.0,0.0,0.0,0.0,0.0,0.0,0.0,0.0,0.0,0.0,0.0,0.0,0.0,0.0,0.0,0.0,0.0,0.0,0.0,0.0,0.0,0.0,0.0,0.0,0.0,0.0,1.72e-08,0.0,0.0,0.0,0.0,0.0,0.0,0.0,0.0,0.0,0.0,0.0,0.0,0.0,0.0,0.0,0.0,0.0,0.004452949,-3.9e-06,-0.036860046,0.021830283,1.72e-08,0.055874288,0.01942893,-0.011948088,-0.052771625,0.082236816,-0.034459997
p05,1797,-0.084300982,0.111109698,-0.003769356,-0.066430304,0.0,-0.015017245,-6.17e-06,0.058285504,0.018829352,0.00300467,0.0,0.0,0.0,0.0,0.0,0.0,0.0,0.0,0.0,0.0,0.0,0.0,0.0,0.0,0.0,0.0,0.0,0.0,0.0,0.0,0.0,0.0,0.0,0.0,0.0,0.0,0.0,0.0,0.0,0.0,0.0,1.75e-08,0.0,0.0,0.0,0.0,0.0,0.0,0.0,0.0,0.0,0.0,0.0,0.0,0.0,0.0,0.0,0.0,0.0,0.005499339,-3.98e-06,-0.066037977,0.022299202,1.75e-08,0.032046379,0.10831525,-0.011699833,0.046346859,0.084010842,-0.060658474
p05,1798,-0.090558404,0.172172629,-0.004977549,-0.080011264,0.0,-0.015475199,-7.07e-06,0.059518603,0.019224363,0.00306843,0.0,0.0,0.0,0.0,0.0,0.0,0.0,0.0,0.0,0.0,0.0,0.0,0.0,0.0,0.0,0.0,0.0,0.0,0.0,0.0,0.0,0.0,0.0,0.0,0.0,0.0,0.0,0.0,0.0,0.0,0.0,1.79e-08,0.0,0.0,0.0,0.0,0.0,0.0,0.0,0.0,0.0,0.0,0.0,0.0,0.0,0.0,0.0,0.0,0.0,0.005992188,-4.07e-06,-0.079865731,0.022767887,1.79e-08,0.021349559,0.164966466,-0.011909034,0.105629189,0.085784289,-0.073347568
p05,1799,-0.087829293,0.181735372,-0.004486011,-0.06954962,0.0,-0.015933934,-6.03e-06,0.060751413,0.019619146,0.003132183,0.0,0.0,0.0,0.0,0.0,0.0,0.0,0.0,0.0,0.0,0.0,0.0,0.0,0.0,0.0,0.0,0.0,0.0,0.0,0.0,0.0,0.0,0.0,0.0,0.0,0.0,0.0,0.0,0.0,0.0,0.0,1.83e-08,0.0,0.0,0.0,0.0,0.0,0.0,0.0,0.0,0.0,0.0,0.0,0.0,0.0,0.0,0.0,0.0,0.0,0.005526513,-4.15e-06,-0.069719894,0.023236337,1.83e-08,0.03169559,0.184928971,-0.012575575,0.117777669,0.087557089,-0.064862909
p05,1800,-0.070870216,-0.111318272,-0.005866778,-0.081107984,0.0,-0.016475507,-6.44e-06,0.061983934,0.020013701,0.003195929,0.0,0.0,0.0,0.0,0.0,0.0,0.0,0.0,0.0,0.0,0.0,0.0,0.0,0.0,0.0,0.0,0.0,0.0,0.0,0.0,0.0,0.0,0.0,0.0,0.0,0.0,0.0,0.0,0.0,0.0,0.0,1.87e-08,0.0,0.0,0.0,0.0,0.0,0.0,0.0,0.0,0.0,0.0,0.0,0.0,0.0,0.0,0.0,0.0,0.0,0.005681753,-4.24e-06,-0.082230546,0.023704438,1.87e-08,0.02140071,-0.121428704,-0.012967083,-0.167898566,0.08932906,-0.077112867
p05,1801,-0.02467788,0.118368607,-0.004710192,-0.075255596,0.0,-0.017083955,-6.67e-06,0.063216164,0.020408029,0.003259668,0.0,0.0,0.0,0.0,0.0,0.0,0.0,0.0,0.0,0.0,0.0,0.0,0.0,0.0,0.0,0.0,0.0,0.0,0.0,0.0,0.0,0.0,0.0,0.0,0.0,0.0,0.0,0.0,0.0,0.0,0.0,1.9e-08,0.0,0.0,0.0,0.0,0.0,0.0,0.0,0.0,0.0,0.0,0.0,0.0,0.0,0.0,0.0,0.0,0.0,0.005899657,-4.32e-06,-0.075199684,0.024172291,1.9e-08,0.030424714,0.165308876,-0.013476782,0.105396133,0.091100445,-0.069946541
p05,1802,-0.023718437,0.165995539,-0.004993212,-0.072290894,0.0,-0.017698243,-6.11e-06,0.064448105,0.020802129,0.0033234,0.0,0.0,0.0,0.0,0.0,0.0,0.0,0.0,0.0,0.0,0.0,0.0,0.0,0.0,0.0,0.0,0.0,0.0,0.0,0.0,0.0,0.0,0.0,0.0,0.0,0.0,0.0,0.0,0.0,0.0,0.0,1.94e-08,0.0,0.0,0.0,0.0,0.0,0.0,0.0,0.0,0.0,0.0,0.0,0.0,0.0,0.0,0.0,0.0,0.0,0.005591033,-4.41e-06,-0.072909957,0.024639905,1.94e-08,0.033543462,0.22187585,-0.014191102,0.154778346,0.0928722,-0.06882985
p05,1803,-0.03319337,0.178031368,-0.003508143,-0.05703599,0.0,-0.018317687,-5.26e-06,0.065679757,0.021196003,0.003387125,0.0,0.0,0.0,0.0,0.0,0.0,0.0,0.0,0.0,0.0,0.0,0.0,0.0,0.0,0.0,0.0,0.0,0.0,0.0,0.0,0.0,0.0,0.0,0.0,0.0,0.0,0.0,0.0,0.0,0.0,0.0,1.98e-08,0.0,0.0,0.0,0.0,0.0,0.0,0.0,0.0,0.0,0.0,0.0,0.0,0.0,0.0,0.0,0.0,0.0,0.005386045,-4.49e-06,-0.056954279,0.025107281,1.98e-08,0.049937741,0.239130019,-0.014987957,0.158965911,0.094643989,-0.054250295
p05,1804,-0.02856871,0.179670276,-0.002601904,-0.059569105,0.0,-0.018922242,-6.08e-06,0.06691112,0.021589651,0.003450843,0.0,0.0,0.0,0.0,0.0,0.0,0.0,0.0,0.0,0.0,0.0,0.0,0.0,0.0,0.0,0.0,0.0,0.0,0.0,0.0,0.0,0.0,0.0,0.0,0.0,0.0,0.0,0.0,0.0,0.0,0.0,2.01e-08,0.0,0.0,0.0,0.0,0.0,0.0,0.0,0.0,0.0,0.0,0.0,0.0,0.0,0.0,0.0,0.0,0.0,0.005803139,-4.58e-06,-0.058292575,0.02557442,2.01e-08,0.051853085,0.24857717,-0.015336856,0.164750745,0.096415231,-0.054633611
p05,1805,-0.034687135,0.113429071,-0.005171563,-0.078737909,0.0,-0.019543955,-6.89e-06,0.068142193,0.021983073,0.003514554,0.0,0.0,0.0,0.0,0.0,0.0,0.0,0.0,0.0,0.0,0.0,0.0,0.0,0.0,0.0,0.0,0.0,0.0,0.0,0.0,0.0,0.0,0.0,0.0,0.0,0.0,0.0,0.0,0.0,0.0,0.0,2.05e-08,0.0,0.0,0.0,0.0,0.0,0.0,0.0,0.0,0.0,0.0,0.0,0.0,0.0,0.0,0.0,0.0,0.0,0.006013555,-4.66e-06,-0.078954644,0.026041321,2.05e-08,0.033347051,0.154746193,-0.015709571,0.092117212,0.09818507,-0.074938595
p05,1806,-0.047643122,0.169039916,-0.004320791,-0.076318211,0.0,-0.020164495,-7.3e-06,0.069372978,0.022376269,0.003578258,0.0,0.0,0.0,0.0,0.0,0.0,0.0,0.0,0.0,0.0,0.0,0.0,0.0,0.0,0.0,0.0,0.0,0.0,0.0,0.0,0.0,0.0,0.0,0.0,0.0,0.0,0.0,0.0,0.0,0.0,0.0,2.09e-08,0.0,0.0,0.0,0.0,0.0,0.0,0.0,0.0,0.0,0.0,0.0,0.0,0.0,0.0,0.0,0.0,0.0,0.006210976,-4.75e-06,-0.07591364,0.026507986,2.09e-08,0.038367294,0.212526492,-0.016178528,0.138057574,0.09995435,-0.071783547
p05,1807,-0.0774355,0.181242328,-0.005358126,-0.088012622,0.0,-0.020786037,-8.09e-06,0.070603474,0.02276924,0.003641955,0.0,0.0,0.0,0.0,0.0,0.0,0.0,0.0,0.0,0.0,0.0,0.0,0.0,0.0,0.0,0.0,0.0,0.0,0.0,0.0,0.0,0.0,0.0,0.0,0.0,0.0,0.0,0.0,0.0,0.0,0.0,2.13e-08,0.0,0.0,0.0,0.0,0.0,0.0,0.0,0.0,0.0,0.0,0.0,0.0,0.0,0.0,0.0,0.0,0.0,0.006508672,-4.83e-06,-0.08770525,0.026974418,2.13e-08,0.029285388,0.196094668,-0.016561225,0.126172965,0.101723908,-0.083045337
p05,1808,-0.085454065,0.183073245,-0.009087832,-0.132267368,0.0,-0.021408438,-1.11e-05,0.071833681,0.023161986,0.003705645,0.0,0.0,0.0,0.0,0.0,0.0,0.0,0.0,0.0,0.0,0.0,0.0,0.0,0.0,0.0,0.0,0.0,0.0,0.0,0.0,0.0,0.0,0.0,0.0,0.0,0.0,0.0,0.0,0.0,0.0,0.0,2.16e-08,0.0,0.0,0.0,0.0,0.0,0.0,0.0,0.0,0.0,0.0,0.0,0.0,0.0,0.0,0.0,0.0,0.0,0.00762759,-4.91e-06,-0.133430498,0.027440623,2.16e-08,-0.010957908,0.159115307,-0.016469449,0.121475885,0.103493191,-0.12519455
p05,1809,-0.093988536,-4.280005619,-0.007398092,-0.109723608,0.0,-0.022036438,-9.41e-06,0.0730636,0.023554507,0.003769328,0.0,0.0,0.0,0.0,0.0,0.0,0.0,0.0,0.0,0.0,0.0,0.0,0.0,0.0,0.0,0.0,0.0,0.0,0.0,0.0,0.0,0.0,0.0,0.0,0.0,0.0,0.0,0.0,0.0,0.0,0.0,2.2e-08,0.0,0.0,0.0,0.0,0.0,0.0,0.0,0.0,0.0,0.0,0.0,0.0,0.0,0.0,0.0,0.0,0.0,0.007039064,-5e-06,-0.110360281,0.027906592,2.2e-08,0.011585183,-4.254781035,-0.017414796,-4.340352237,0.105260666,-0.104672541
p05,1810,-0.102580753,-4.991395806,-0.007932372,-0.117254169,0.0,-0.022704623,-1e-05,0.074293231,0.023946804,0.003833004,0.0,0.0,0.0,0.0,0.0,0.0,0.0,0.0,0.0,0.0,0.0,0.0,0.0,0.0,0.0,0.0,0.0,0.0,0.0,0.0,0.0,0.0,0.0,0.0,0.0,0.0,0.0,0.0,0.0,0.0,0.0,2.24e-08,0.0,0.0,0.0,0.0,0.0,0.0,0.0,0.0,0.0,0.0,0.0,0.0,0.0,0.0,0.0,0.0,0.0,0.007271336,-5.08e-06,-0.117964928,0.028372327,2.24e-08,0.006332731,-4.972406007,-0.017894101,-5.057902563,0.107027084,-0.111895918
p05,1811,-0.101352007,-2.054310562,-0.005938514,-0.097891691,0.0,-0.023419578,-9.03e-06,0.075522574,0.024338878,0.003896673,0.0,0.0,0.0,0.0,0.0,0.0,0.0,0.0,0.0,0.0,0.0,0.0,0.0,0.0,0.0,0.0,0.0,0.0,0.0,0.0,0.0,0.0,0.0,0.0,0.0,0.0,0.0,0.0,0.0,0.0,0.0,2.28e-08,0.0,0.0,0.0,0.0,0.0,0.0,0.0,0.0,0.0,0.0,0.0,0.0,0.0,0.0,0.0,0.0,0.0,0.007011921,-5.17e-06,-0.09752753,0.028837961,2.28e-08,0.027075555,-2.02971468,-0.018774531,-2.120194275,0.108792925,-0.093094217
p05,1812,-0.0924433,-0.977336282,-0.004480858,-0.082959947,0.0,-0.024130521,-8.17e-06,0.076751628,0.024730727,0.003960336,0.0,0.0,0.0,0.0,0.0,0.0,0.0,0.0,0.0,0.0,0.0,0.0,0.0,0.0,0.0,0.0,0.0,0.0,0.0,0.0,0.0,0.0,0.0,0.0,0.0,0.0,0.0,0.0,0.0,0.0,0.0,2.31e-08,0.0,0.0,0.0,0.0,0.0,0.0,0.0,0.0,0.0,0.0,0.0,0.0,0.0,0.0,0.0,0.0,0.0,0.006786436,-5.25e-06,-0.082300412,0.029303541,2.31e-08,0.042649197,-0.943843366,-0.019659098,-1.038248401,0.110558191,-0.079020502
p05,1813,-0.078686842,-0.927028818,-0.005336368,-0.089892029,0.0,-0.02484097,-8.46e-06,0.077980395,0.025122354,0.004023991,0.0,0.0,0.0,0.0,0.0,0.0,0.0,0.0,0.0,0.0,0.0,0.0,0.0,0.0,0.0,0.0,0.0,0.0,0.0,0.0,0.0,0.0,0.0,0.0,0.0,0.0,0.0,0.0,0.0,0.0,0.0,2.35e-08,0.0,0.0,0.0,0.0,0.0,0.0,0.0,0.0,0.0,0.0,0.0,0.0,0.0,0.0,0.0,0.0,0.0,0.006845909,-5.34e-06,-0.089517823,0.02976863,2.35e-08,0.037344331,-0.885979469,-0.020252666,-0.977900461,0.112323274,-0.086543753
p05,1814,-0.073925697,-1.040939782,-0.009460949,-0.132911089,0.0,-0.025552975,-1.1e-05,0.079208874,0.025513757,0.00408764,0.0,0.0,0.0,0.0,0.0,0.0,0.0,0.0,0.0,0.0,0.0,0.0,0.0,0.0,0.0,0.0,0.0,0.0,0.0,0.0,0.0,0.0,0.0,0.0,0.0,0.0,0.0,0.0,0.0,0.0,0.0,2.39e-08,0.0,0.0,0.0,0.0,0.0,0.0,0.0,0.0,0.0,0.0,0.0,0.0,0.0,0.0,0.0,0.0,0.0,0.007755042,-5.42e-06,-0.134514572,0.03023336,2.39e-08,-0.002633949,-1.015494991,-0.020290955,-1.087891086,0.114088003,-0.128589138
p05,1815,-0.051535078,-3.869460215,-0.007986277,-0.123211202,0.0,-0.026271211,-1.1e-05,0.080437066,0.025904938,0.004151281,0.0,0.0,0.0,0.0,0.0,0.0,0.0,0.0,0.0,0.0,0.0,0.0,0.0,0.0,0.0,0.0,0.0,0.0,0.0,0.0,0.0,0.0,0.0,0.0,0.0,0.0,0.0,0.0,0.0,0.0,0.0,2.43e-08,0.0,0.0,0.0,0.0,0.0,0.0,0.0,0.0,0.0,0.0,0.0,0.0,0.0,0.0,0.0,0.0,0.0,0.007840361,-5.51e-06,-0.123310653,0.030697864,2.43e-08,0.009948979,-3.807417239,-0.020973353,-3.898924238,0.115852177,-0.118050037
p05,1816,-0.02995527,-7.208219143,-0.007614015,-0.113859751,0.0,-0.026992677,-1e-05,0.08166497,0.026295897,0.004214916,0.0,0.0,0.0,0.0,0.0,0.0,0.0,0.0,0.0,0.0,0.0,0.0,0.0,0.0,0.0,0.0,0.0,0.0,0.0,0.0,0.0,0.0,0.0,0.0,0.0,0.0,0.0,0.0,0.0,0.0,0.0,2.46e-08,0.0,0.0,0.0,0.0,0.0,0.0,0.0,0.0,0.0,0.0,0.0,0.0,0.0,0.0,0.0,0.0,0.0,0.007435429,-5.59e-06,-0.114355702,0.031162133,2.46e-08,0.01911181,-7.124478792,-0.021869004,-7.220144416,0.117615796,-0.110712054
p05,1817,-0.033507778,-5.253427542,-0.008330435,-0.129053888,0.0,-0.027718241,-1.16e-05,0.082892587,0.026686634,0.004278544,0.0,0.0,0.0,0.0,0.0,0.0,0.0,0.0,0.0,0.0,0.0,0.0,0.0,0.0,0.0,0.0,0.0,0.0,0.0,0.0,0.0,0.0,0.0,0.0,0.0,0.0,0.0,0.0,0.0,0.0,0.0,2.5e-08,0.0,0.0,0.0,0.0,0.0,0.0,0.0,0.0,0.0,0.0,0.0,0.0,0.0,0.0,0.0,0.0,0.0,0.008072018,-5.68e-06,-0.128967464,0.031626411,2.5e-08,0.008080784,-5.174134163,-0.022158003,-5.267757052,0.11937886,-0.123894262
p05,1818,-0.042634871,-2.86963976,-0.010441529,-0.153172352,0.0,-0.028444154,-1.33e-05,0.084119917,0.027077149,0.004342164,0.0,0.0,0.0,0.0,0.0,0.0,0.0,0.0,0.0,0.0,0.0,0.0,0.0,0.0,0.0,0.0,0.0,0.0,0.0,0.0,0.0,0.0,0.0,0.0,0.0,0.0,0.0,0.0,0.0,0.0,0.0,2.54e-08,0.0,0.0,0.0,0.0,0.0,0.0,0.0,0.0,0.0,0.0,0.0,0.0,0.0,0.0,0.0,0.0,0.0,0.008859667,-5.76e-06,-0.154176595,0.032090462,2.54e-08,-0.013131778,-2.807070623,-0.022424173,-2.891190318,0.121141273,-0.147057176
p05,1819,-0.052048671,-0.943285706,-0.009325527,-0.138904763,0.0,-0.029164476,-1.22e-05,0.08534696,0.027467443,0.004405778,0.0,0.0,0.0,0.0,0.0,0.0,0.0,0.0,0.0,0.0,0.0,0.0,0.0,0.0,0.0,0.0,0.0,0.0,0.0,0.0,0.0,0.0,0.0,0.0,0.0,0.0,0.0,0.0,0.0,0.0,0.0,2.57e-08,0.0,0.0,0.0,0.0,0.0,0.0,0.0,0.0,0.0,0.0,0.0,0.0,0.0,0.0,0.0,0.0,0.0,0.008292962,-5.85e-06,-0.139513334,0.032554286,2.57e-08,0.001132349,-0.895241453,-0.023365705,-0.972898639,0.122902538,-0.13465605
p05,1820,-0.071783379,-0.013744034,-0.011270494,-0.156529011,0.0,-0.029961082,-1.3e-05,0.086573716,0.027857516,0.004469385,0.0,0.0,0.0,0.0,0.0,0.0,0.0,0.0,0.0,0.0,0.0,0.0,0.0,0.0,0.0,0.0,0.0,0.0,0.0,0.0,0.0,0.0,0.0,0.0,0.0,0.0,0.0,0.0,0.0,0.0,0.0,2.61e-08,0.0,0.0,0.0,0.0,0.0,0.0,0.0,0.0,0.0,0.0,0.0,0.0,0.0,0.0,0.0,0.0,0.0,0.008547029,-5.93e-06,-0.158697168,0.033017883,2.61e-08,-0.015224514,-0.073231807,-0.023900691,-0.082877455,0.124663233,-0.152912024
p05,1821,-0.087522191,0.035483806,-0.010606034,-0.156299308,0.0,-0.030834125,-1.36e-05,0.087800185,0.028247369,0.004532985,0.0,0.0,0.0,0.0,0.0,0.0,0.0,0.0,0.0,0.0,0.0,0.0,0.0,0.0,0.0,0.0,0.0,0.0,0.0,0.0,0.0,0.0,0.0,0.0,0.0,0.0,0.0,0.0,0.0,0.0,0.0,2.65e-08,0.0,0.0,0.0,0.0,0.0,0.0,0.0,0.0,0.0,0.0,0.0,0.0,0.0,0.0,0.0,0.0,0.0,0.008869748,-6.02e-06,-0.157288771,0.033481192,2.65e-08,-0.01178733,-0.023745707,-0.024565659,-0.042368221,0.126423878,-0.151366192
p05,1822,-0.091399048,0.026921783,-0.010382594,-0.147734976,0.0,-0.031714944,-1.25e-05,0.089026368,0.028637001,0.004596578,0.0,0.0,0.0,0.0,0.0,0.0,0.0,0.0,0.0,0.0,0.0,0.0,0.0,0.0,0.0,0.0,0.0,0.0,0.0,0.0,0.0,0.0,0.0,0.0,0.0,0.0,0.0,0.0,0.0,0.0,0.0,2.69e-08,0.0,0.0,0.0,0.0,0.0,0.0,0.0,0.0,0.0,0.0,0.0,0.0,0.0,0.0,0.0,0.0,0.0,0.008313911,-6.1e-06,-0.14908793,0.033944123,2.69e-08,-0.003692647,-0.030222822,-0.025660377,-0.056757589,0.12818408,-0.145155501
p05,1823,-0.099396411,-0.54308704,-0.008874726,-0.133214131,0.0,-0.032594152,-1.19e-05,0.090252265,0.029026413,0.004660164,0.0,0.0,0.0,0.0,0.0,0.0,0.0,0.0,0.0,0.0,0.0,0.0,0.0,0.0,0.0,0.0,0.0,0.0,0.0,0.0,0.0,0.0,0.0,0.0,0.0,0.0,0.0,0.0,0.0,0.0,0.0,2.72e-08,0.0,0.0,0.0,0.0,0.0,0.0,0.0,0.0,0.0,0.0,0.0,0.0,0.0,0.0,0.0,0.0,0.0,0.008149301,-6.19e-06,-0.133552448,0.034406825,2.72e-08,0.012300709,-0.535506064,-0.026666033,-0.61147478,0.129944824,-0.131305091
p05,1824,-0.090231295,-0.068372433,-0.008471312,-0.139729274,0.0,-0.033478342,-1.32e-05,0.091477875,0.029415606,0.004723744,0.0,0.0,0.0,0.0,0.0,0.0,0.0,0.0,0.0,0.0,0.0,0.0,0.0,0.0,0.0,0.0,0.0,0.0,0.0,0.0,0.0,0.0,0.0,0.0,0.0,0.0,0.0,0.0,0.0,0.0,0.0,2.76e-08,0.0,0.0,0.0,0.0,0.0,0.0,0.0,0.0,0.0,0.0,0.0,0.0,0.0,0.0,0.0,0.0,0.0,0.008680149,-6.27e-06,-0.139144005,0.034869303,2.76e-08,0.009859771,-0.106760839,-0.027137091,-0.147460541,0.131704018,-0.135761951
p05,1825,-0.069938106,0.056852154,-0.010687221,-0.156989046,0.0,-0.034359355,-1.38e-05,0.092703199,0.02980458,0.004787316,0.0,0.0,0.0,0.0,0.0,0.0,0.0,0.0,0.0,0.0,0.0,0.0,0.0,0.0,0.0,0.0,0.0,0.0,0.0,0.0,0.0,0.0,0.0,0.0,0.0,0.0,0.0,0.0,0.0,0.0,0.0,2.8e-08,0.0,0.0,0.0,0.0,0.0,0.0,0.0,0.0,0.0,0.0,0.0,0.0,0.0,0.0,0.0,0.0,0.0,0.008791436,-6.35e-06,-0.157646283,0.03533155,2.8e-08,-0.006802438,0.02312035,-0.02781435,0.000151994,0.133462284,-0.154290047
p05,1826,-0.041463895,0.153513355,-0.009530125,-0.15042233,0.0,-0.035239934,-1.39e-05,0.093928238,0.030193334,0.004850882,0.0,0.0,0.0,0.0,0.0,0.0,0.0,0.0,0.0,0.0,0.0,0.0,0.0,0.0,0.0,0.0,0.0,0.0,0.0,0.0,0.0,0.0,0.0,0.0,0.0,0.0,0.0,0.0,0.0,0.0,0.0,2.84e-08,0.0,0.0,0.0,0.0,0.0,0.0,0.0,0.0,0.0,0.0,0.0,0.0,0.0,0.0,0.0,0.0,0.0,0.008802189,-6.44e-06,-0.150381099,0.035793567,2.84e-08,0.001954014,0.175878116,-0.028617811,0.129565434,0.135220073,-0.147348043
p05,1827,-0.021795971,0.166323589,-0.010742736,-0.165141132,0.0,-0.036122766,-1.51e-05,0.09515299,0.03058187,0.00491444,0.0,0.0,0.0,0.0,0.0,0.0,0.0,0.0,0.0,0.0,0.0,0.0,0.0,0.0,0.0,0.0,0.0,0.0,0.0,0.0,0.0,0.0,0.0,0.0,0.0,0.0,0.0,0.0,0.0,0.0,0.0,2.87e-08,0.0,0.0,0.0,0.0,0.0,0.0,0.0,0.0,0.0,0.0,0.0,0.0,0.0,0.0,0.0,0.0,0.0,0.009192818,-6.52e-06,-0.16502731,0.036255354,2.87e-08,-0.009939564,0.197943943,-0.029178067,0.161036225,0.136977132,-0.161445243
p05,1828,-0.011224926,0.123889751,-0.014962918,-0.21147755,0.0,-0.037016346,-1.83e-05,0.096377457,0.030970188,0.004977992,0.0,0.0,0.0,0.0,0.0,0.0,0.0,0.0,0.0,0.0,0.0,0.0,0.0,0.0,0.0,0.0,0.0,0.0,0.0,0.0,0.0,0.0,0.0,0.0,0.0,0.0,0.0,0.0,0.0,0.0,0.0,2.91e-08,0.0,0.0,0.0,0.0,0.0,0.0,0.0,0.0,0.0,0.0,0.0,0.0,0.0,0.0,0.0,0.0,0.0,0.010303041,-6.61e-06,-0.213382071,0.036716912,2.91e-08,-0.05297898,0.116015451,-0.029282336,0.128709858,0.138733687,-0.206204213
p05,1829,-0.003313863,0.136715255,-0.013335392,-0.19141348,0.0,-0.037904872,-1.68e-05,0.097601639,0.031358288,0.005041537,0.0,0.0,0.0,0.0,0.0,0.0,0.0,0.0,0.0,0.0,0.0,0.0,0.0,0.0,0.0,0.0,0.0,0.0,0.0,0.0,0.0,0.0,0.0,0.0,0.0,0.0,0.0,0.0,0.0,0.0,0.0,2.95e-08,0.0,0.0,0.0,0.0,0.0,0.0,0.0,0.0,0.0,0.0,0.0,0.0,0.0,0.0,0.0,0.0,0.0,0.009772589,-6.69e-06,-0.19281148,0.037178241,2.95e-08,-0.032801872,0.161427404,-0.030453236,0.151130948,0.140490017,-0.188235002
p05,1830,-0.000757667,0.171558923,-0.014671949,-0.203251145,0.0,-0.038966239,-1.79e-05,0.098825535,0.03174617,0.005105075,0.0,0.0,0.0,0.0,0.0,0.0,0.0,0.0,0.0,0.0,0.0,0.0,0.0,0.0,0.0,0.0,0.0,0.0,0.0,0.0,0.0,0.0,0.0,0.0,0.0,0.0,0.0,0.0,0.0,0.0,0.0,2.99e-08,0.0,0.0,0.0,0.0,0.0,0.0,0.0,0.0,0.0,0.0,0.0,0.0,0.0,0.0,0.0,0.0,0.0,0.010074214,-6.78e-06,-0.20511029,0.037639341,2.99e-08,-0.042800604,0.198220284,-0.031203412,0.190240815,0.142244801,-0.20020348
p05,1831,-0.019905709,-0.675496211,-0.011905922,-0.17739289,0.0,-0.040203631,-1.64e-05,0.100049146,0.032133835,0.005168606,0.0,0.0,0.0,0.0,0.0,0.0,0.0,0.0,0.0,0.0,0.0,0.0,0.0,0.0,0.0,0.0,0.0,0.0,0.0,0.0,0.0,0.0,0.0,0.0,0.0,0.0,0.0,0.0,0.0,0.0,0.0,3.02e-08,0.0,0.0,0.0,0.0,0.0,0.0,0.0,0.0,0.0,0.0,0.0,0.0,0.0,0.0,0.0,0.0,0.0,0.00957046,-6.86e-06,-0.177618704,0.038100214,3.02e-08,-0.016028604,-0.610866368,-0.032697417,-0.675494777,0.143999268,-0.175195227
p05,1832,-0.046896205,-3.563274489,-0.011165249,-0.172123983,0.0,-0.041444693,-1.63e-05,0.101272472,0.032521283,0.005232131,0.0,0.0,0.0,0.0,0.0,0.0,0.0,0.0,0.0,0.0,0.0,0.0,0.0,0.0,0.0,0.0,0.0,0.0,0.0,0.0,0.0,0.0,0.0,0.0,0.0,0.0,0.0,0.0,0.0,0.0,0.0,3.06e-08,0.0,0.0,0.0,0.0,0.0,0.0,0.0,0.0,0.0,0.0,0.0,0.0,0.0,0.0,0.0,0.0,0.0,0.009585463,-6.95e-06,-0.172063016,0.038560863,3.06e-08,-0.009153841,-3.485796022,-0.03389434,-3.585720535,0.145753544,-0.170301419
p05,1833,-0.081137411,-1.627039681,-0.012030527,-0.179487516,0.0,-0.042676794,-1.66e-05,0.102495513,0.032908514,0.005295648,0.0,0.0,0.0,0.0,0.0,0.0,0.0,0.0,0.0,0.0,0.0,0.0,0.0,0.0,0.0,0.0,0.0,0.0,0.0,0.0,0.0,0.0,0.0,0.0,0.0,0.0,0.0,0.0,0.0,0.0,0.0,3.1e-08,0.0,0.0,0.0,0.0,0.0,0.0,0.0,0.0,0.0,0.0,0.0,0.0,0.0,0.0,0.0,0.0,0.0,0.009600609,-7.03e-06,-0.17978161,0.039021284,3.1e-08,-0.015581274,-1.588024847,-0.034980031,-1.676405184,0.147508374,-0.178687631
p05,1834,-0.079907016,-0.209338685,-0.015781055,-0.217713158,0.0,-0.043913251,-1.91e-05,0.103718269,0.033295529,0.005359159,0.0,0.0,0.0,0.0,0.0,0.0,0.0,0.0,0.0,0.0,0.0,0.0,0.0,0.0,0.0,0.0,0.0,0.0,0.0,0.0,0.0,0.0,0.0,0.0,0.0,0.0,0.0,0.0,0.0,0.0,0.0,3.13e-08,0.0,0.0,0.0,0.0,0.0,0.0,0.0,0.0,0.0,0.0,0.0,0.0,0.0,0.0,0.0,0.0,0.0,0.010387488,-7.12e-06,-0.219911615,0.039481478,3.13e-08,-0.051686031,-0.275098209,-0.035558699,-0.267696613,0.149262167,-0.216617537
p05,1835,-0.030594373,-2.478767162,-0.014006041,-0.206059523,0.0,-0.045154841,-1.9e-05,0.104940741,0.033682328,0.005422662,0.0,0.0,0.0,0.0,0.0,0.0,0.0,0.0,0.0,0.0,0.0,0.0,0.0,0.0,0.0,0.0,0.0,0.0,0.0,0.0,0.0,0.0,0.0,0.0,0.0,0.0,0.0,0.0,0.0,0.0,0.0,3.17e-08,0.0,0.0,0.0,0.0,0.0,0.0,0.0,0.0,0.0,0.0,0.0,0.0,0.0,0.0,0.0,0.0,0.0,0.010353692,-7.2e-06,-0.206579984,0.039941553,3.17e-08,-0.037472557,-2.39944766,-0.036740375,-2.486590774,0.151015791,-0.204796547
p05,1836,0.013739583,-2.430127404,-0.014905561,-0.210101669,0.0,-0.046389182,-1.92e-05,0.106162928,0.034068911,0.005486159,0.0,0.0,0.0,0.0,0.0,0.0,0.0,0.0,0.0,0.0,0.0,0.0,0.0,0.0,0.0,0.0,0.0,0.0,0.0,0.0,0.0,0.0,0.0,0.0,0.0,0.0,0.0,0.0,0.0,0.0,0.0,3.21e-08,0.0,0.0,0.0,0.0,0.0,0.0,0.0,0.0,0.0,0.0,0.0,0.0,0.0,0.0,0.0,0.0,0.0,0.01016846,-7.29e-06,-0.211389008,0.040401495,3.21e-08,-0.041575759,-2.299704137,-0.037870216,-2.384602532,0.152768564,-0.210269743
p05,1837,0.028888548,-0.634150802,-0.015558852,-0.224582165,0.0,-0.047629,-2.08e-05,0.107384831,0.034455278,0.005549649,0.0,0.0,0.0,0.0,0.0,0.0,0.0,0.0,0.0,0.0,0.0,0.0,0.0,0.0,0.0,0.0,0.0,0.0,0.0,0.0,0.0,0.0,0.0,0.0,0.0,0.0,0.0,0.0,0.0,0.0,0.0,3.25e-08,0.0,0.0,0.0,0.0,0.0,0.0,0.0,0.0,0.0,0.0,0.0,0.0,0.0,0.0,0.0,0.0,0.0,0.010823329,-7.37e-06,-0.22558469,0.040861232,3.25e-08,-0.052420156,-0.53234391,-0.038661942,-0.568989449,0.154521472,-0.223494163
p05,1838,0.01267808,-0.597894778,-0.0174633,-0.246363896,0.0,-0.04886457,-2.26e-05,0.10860645,0.034841431,0.005613132,0.0,0.0,0.0,0.0,0.0,0.0,0.0,0.0,0.0,0.0,0.0,0.0,0.0,0.0,0.0,0.0,0.0,0.0,0.0,0.0,0.0,0.0,0.0,0.0,0.0,0.0,0.0,0.0,0.0,0.0,0.0,3.28e-08,0.0,0.0,0.0,0.0,0.0,0.0,0.0,0.0,0.0,0.0,0.0,0.0,0.0,0.0,0.0,0.0,0.0,0.011487306,-7.46e-06,-0.247576425,0.041320748,3.28e-08,-0.071549902,-0.540653801,-0.039439187,-0.556410197,0.156273518,-0.244107956
p05,1839,0.005212833,0.011985051,-0.016819671,-0.23683633,0.0,-0.050099356,-2.18e-05,0.109827785,0.035227369,0.005676609,0.0,0.0,0.0,0.0,0.0,0.0,0.0,0.0,0.0,0.0,0.0,0.0,0.0,0.0,0.0,0.0,0.0,0.0,0.0,0.0,0.0,0.0,0.0,0.0,0.0,0.0,0.0,0.0,0.0,0.0,0.0,3.32e-08,0.0,0.0,0.0,0.0,0.0,0.0,0.0,0.0,0.0,0.0,0.0,0.0,0.0,0.0,0.0,0.0,0.0,0.011018211,-7.54e-06,-0.238179108,0.041780043,3.32e-08,-0.06214444,-0.014117445,-0.040778082,0.020815999,0.158025047,-0.236531861
p05,1840,-0.011182394,0.150496465,-0.017547295,-0.239035275,0.0,-0.051290389,-2.16e-05,0.111048836,0.035613092,0.005740078,0.0,0.0,0.0,0.0,0.0,0.0,0.0,0.0,0.0,0.0,0.0,0.0,0.0,0.0,0.0,0.0,0.0,0.0,0.0,0.0,0.0,0.0,0.0,0.0,0.0,0.0,0.0,0.0,0.0,0.0,0.0,3.36e-08,0.0,0.0,0.0,0.0,0.0,0.0,0.0,0.0,0.0,0.0,0.0,0.0,0.0,0.0,0.0,0.0,0.0,0.010789025,-7.63e-06,-0.241205516,0.042239177,3.36e-08,-0.064364741,0.141687824,-0.04194117,0.158342899,0.159776045,-0.240834514
p05,1841,-0.036455872,0.17783893,-0.018632875,-0.258494216,0.0,-0.052428162,-2.38e-05,0.112269603,0.035998601,0.005803541,0.0,0.0,0.0,0.0,0.0,0.0,0.0,0.0,0.0,0.0,0.0,0.0,0.0,0.0,0.0,0.0,0.0,0.0,0.0,0.0,0.0,0.0,0.0,0.0,0.0,0.0,0.0,0.0,0.0,0.0,0.0,3.4e-08,0.0,0.0,0.0,0.0,0.0,0.0,0.0,0.0,0.0,0.0,0.0,0.0,0.0,0.0,0.0,0.0,0.0,0.011637974,-7.71e-06,-0.26004863,0.042698132,3.4e-08,-0.079555354,0.13614026,-0.042541291,0.161060545,0.161526513,-0.2580418
p05,1842,-0.054977336,0.182514541,-0.018054568,-0.24499208,0.0,-0.053567592,-2.23e-05,0.113490086,0.036383897,0.005866997,0.0,0.0,0.0,0.0,0.0,0.0,0.0,0.0,0.0,0.0,0.0,0.0,0.0,0.0,0.0,0.0,0.0,0.0,0.0,0.0,0.0,0.0,0.0,0.0,0.0,0.0,0.0,0.0,0.0,0.0,0.0,3.43e-08,0.0,0.0,0.0,0.0,0.0,0.0,0.0,0.0,0.0,0.0,0.0,0.0,0.0,0.0,0.0,0.0,0.0,0.011042814,-7.8e-06,-0.247008493,0.043156813,3.43e-08,-0.066944369,0.137953731,-0.043909652,0.149312834,0.163276451,-0.247377797
p05,1843,-0.077740619,-0.184800132,-0.016012793,-0.22373715,0.0,-0.054709045,-2.1e-05,0.114710286,0.036768979,0.005930446,0.0,0.0,0.0,0.0,0.0,0.0,0.0,0.0,0.0,0.0,0.0,0.0,0.0,0.0,0.0,0.0,0.0,0.0,0.0,0.0,0.0,0.0,0.0,0.0,0.0,0.0,0.0,0.0,0.0,0.0,0.0,3.47e-08,0.0,0.0,0.0,0.0,0.0,0.0,0.0,0.0,0.0,0.0,0.0,0.0,0.0,0.0,0.0,0.0,0.0,0.010563444,-7.88e-06,-0.224707522,0.043615073,3.47e-08,-0.044933956,-0.244383301,-0.045304594,-0.241867776,0.165025859,-0.227593721
p05,1844,-0.077606227,0.055622833,-0.01599182,-0.231953584,0.0,-0.055846154,-2.26e-05,0.115930203,0.037153847,0.005993888,0.0,0.0,0.0,0.0,0.0,0.0,0.0,0.0,0.0,0.0,0.0,0.0,0.0,0.0,0.0,0.0,0.0,0.0,0.0,0.0,0.0,0.0,0.0,0.0,0.0,0.0,0.0,0.0,0.0,0.0,0.0,3.51e-08,0.0,0.0,0.0,0.0,0.0,0.0,0.0,0.0,0.0,0.0,0.0,0.0,0.0,0.0,0.0,0.0,0.0,0.011124723,-7.96e-06,-0.232530573,0.044073188,3.51e-08,-0.049593216,-0.023496768,-0.045991977,-0.008312436,0.166774739,-0.234079942
p05,1845,-0.048198551,0.099076005,-0.019043554,-0.25603493,0.0,-0.056984088,-2.4e-05,0.117149837,0.037538503,0.006057323,0.0,0.0,0.0,0.0,0.0,0.0,0.0,0.0,0.0,0.0,0.0,0.0,0.0,0.0,0.0,0.0,0.0,0.0,0.0,0.0,0.0,0.0,0.0,0.0,0.0,0.0,0.0,0.0,0.0,0.0,0.0,3.54e-08,0.0,0.0,0.0,0.0,0.0,0.0,0.0,0.0,0.0,0.0,0.0,0.0,0.0,0.0,0.0,0.0,0.0,0.011390417,-8.05e-06,-0.258047584,0.04453115,3.54e-08,-0.07303452,0.033518101,-0.046757273,0.068309145,0.168523056,-0.259276596
p05,1846,-0.02298507,-0.506623838,-0.017790356,-0.250467921,0.0,-0.058123659,-2.42e-05,0.118369187,0.037922946,0.006120752,0.0,0.0,0.0,0.0,0.0,0.0,0.0,0.0,0.0,0.0,0.0,0.0,0.0,0.0,0.0,0.0,0.0,0.0,0.0,0.0,0.0,0.0,0.0,0.0,0.0,0.0,0.0,0.0,0.0,0.0,0.0,3.58e-08,0.0,0.0,0.0,0.0,0.0,0.0,0.0,0.0,0.0,0.0,0.0,0.0,0.0,0.0,0.0,0.0,0.0,0.011384959,-8.13e-06,-0.251288297,0.044988894,3.58e-08,-0.064977644,-0.493024928,-0.047768555,-0.507182067,0.170270354,-0.253239743
p05,1847,-0.001389292,0.019509644,-0.020438734,-0.27756562,0.0,-0.059263301,-2.65e-05,0.119588255,0.038307177,0.006184173,0.0,0.0,0.0,0.0,0.0,0.0,0.0,0.0,0.0,0.0,0.0,0.0,0.0,0.0,0.0,0.0,0.0,0.0,0.0,0.0,0.0,0.0,0.0,0.0,0.0,0.0,0.0,0.0,0.0,0.0,0.0,3.62e-08,0.0,0.0,0.0,0.0,0.0,0.0,0.0,0.0,0.0,0.0,0.0,0.0,0.0,0.0,0.0,0.0,0.0,0.012031968,-8.22e-06,-0.279166626,0.04544635,3.62e-08,-0.089378108,-0.037941764,-0.048352779,0.023881664,0.172017114,-0.279747928
p05,1848,0.015370852,0.151699872,-0.024020839,-0.312713005,0.0,-0.060405504,-2.91e-05,0.12080704,0.038691196,0.006247588,0.0,0.0,0.0,0.0,0.0,0.0,0.0,0.0,0.0,0.0,0.0,0.0,0.0,0.0,0.0,0.0,0.0,0.0,0.0,0.0,0.0,0.0,0.0,0.0,0.0,0.0,0.0,0.0,0.0,0.0,0.0,3.66e-08,0.0,0.0,0.0,0.0,0.0,0.0,0.0,0.0,0.0,0.0,0.0,0.0,0.0,0.0,0.0,0.0,0.0,0.012910331,-8.3e-06,-0.316188281,0.045903355,3.66e-08,-0.122000018,0.12492418,-0.048887836,0.192415116,0.173763411,-0.313738052
p05,1849,0.01065965,0.178057626,-0.023059742,-0.300554927,0.0,-0.061545031,-2.83e-05,0.122025543,0.039075004,0.006310996,0.0,0.0,0.0,0.0,0.0,0.0,0.0,0.0,0.0,0.0,0.0,0.0,0.0,0.0,0.0,0.0,0.0,0.0,0.0,0.0,0.0,0.0,0.0,0.0,0.0,0.0,0.0,0.0,0.0,0.0,0.0,3.69e-08,0.0,0.0,0.0,0.0,0.0,0.0,0.0,0.0,0.0,0.0,0.0,0.0,0.0,0.0,0.0,0.0,0.0,0.012607147,-8.39e-06,-0.303279096,0.046360135,3.69e-08,-0.109086348,0.163814105,-0.050096571,0.214369487,0.175509654,-0.303160823
p05,1850,-0.004747311,0.182481047,-0.02400699,-0.31207941,0.0,-0.063183607,-2.93e-05,0.123243763,0.0394586,0.006374398,0.0,0.0,0.0,0.0,0.0,0.0,0.0,0.0,0.0,0.0,0.0,0.0,0.0,0.0,0.0,0.0,0.0,0.0,0.0,0.0,0.0,0.0,0.0,0.0,0.0,0.0,0.0,0.0,0.0,0.0,0.0,3.73e-08,0.0,0.0,0.0,0.0,0.0,0.0,0.0,0.0,0.0,0.0,0.0,0.0,0.0,0.0,0.0,0.0,0.0,0.012824984,-8.47e-06,-0.315215424,0.046816693,3.73e-08,-0.119203763,0.13939279,-0.051424309,0.200429729,0.177255395,-0.315010197
p05,1851,-0.011438059,0.183044785,-0.021007416,-0.284813457,0.0,-0.065310318,-2.77e-05,0.125305747,0.039540973,0.006630834,0.0,0.0,1.73e-10,0.0,0.0,0.0,7.63e-12,0.0,0.0,0.0,0.0,0.0,0.0,3.18e-11,0.0,1.44e-09,0.0,0.0,0.0,0.0,0.0,0.0,0.0,0.0,0.0,0.0,0.0,0.0,0.0,0.0,0.0,3.73e-08,0.0,0.0,0.0,0.0,0.0,0.0,0.0,0.0,0.0,0.0,0.0,0.0,0.0,0.0,0.0,0.0,0.0,0.01224398,-8.49e-06,-0.286343711,0.047196849,4e-08,-0.090885451,0.159668863,-0.053797631,0.193497652,0.179751015,-0.289706011
p05,1852,-0.016687956,0.183005841,-0.019758255,-0.273317566,0.0,-0.067441751,-2.72e-05,0.127637637,0.039909361,0.006887188,0.0,0.0,3.45e-10,0.0,0.0,0.0,1.53e-11,0.0,0.0,0.0,0.0,0.0,0.0,6.36e-11,-1.39e-17,3.1e-09,0.0,0.0,0.0,0.0,0.0,0.0,0.0,0.0,0.0,0.0,0.0,0.0,0.0,0.0,0.0,3.73e-08,0.0,0.0,0.0,0.0,0.0,0.0,0.0,0.0,0.0,0.0,0.0,0.0,0.0,0.0,0.0,0.0,0.0,0.012014068,-8.57e-06,-0.274336698,0.047859617,4.31e-08,-0.077286968,0.1673176,-0.055942819,0.187852769,0.182843561,-0.279706296
p05,1853,-0.034416694,0.001284825,-0.021102803,-0.286329408,0.0,-0.069574202,-2.83e-05,0.129731764,0.040517789,0.00721296,0.0,0.0,5.18e-10,0.0,0.0,0.0,2.29e-11,0.0,0.0,0.0,0.0,0.0,0.0,9.54e-11,-4.1e-17,4.76e-09,0.0,0.0,0.0,0.0,0.0,0.0,0.0,0.0,0.0,0.0,0.0,0.0,0.0,0.0,0.0,3.73e-08,0.0,0.0,0.0,0.0,0.0,0.0,0.0,0.0,0.0,0.0,0.0,0.0,0.0,0.0,0.0,0.0,0.0,0.012352354,-8.71e-06,-0.287802361,0.048841247,4.6e-08,-0.087677582,-0.095157296,-0.057709961,-0.032703261,0.18604185,-0.293365458
p05,1854,-0.0605107,-0.31288829,-0.026226395,-0.33197112,0.0,-0.071707675,-3.19e-05,0.131521431,0.041168204,0.007548184,0.0,0.0,6.91e-10,0.0,0.0,0.0,3.05e-11,0.0,0.0,0.0,0.0,0.0,0.0,1.27e-10,-6.81e-17,6.43e-09,0.0,0.0,0.0,0.0,0.0,0.0,0.0,0.0,0.0,0.0,0.0,0.0,0.0,0.0,0.0,3.73e-08,0.0,0.0,0.0,0.0,0.0,0.0,0.0,0.0,0.0,0.0,0.0,0.0,0.0,0.0,0.0,0.0,0.0,0.01341888,-8.85e-06,-0.335284679,0.049878462,4.9e-08,-0.129743215,-0.418525384,-0.058912874,-0.349213618,0.188982487,-0.338721685
p05,1855,-0.089194552,0.068288651,-0.024209614,-0.317288513,0.0,-0.073839677,-3.14e-05,0.132972412,0.041950508,0.007908676,0.0,0.0,8.63e-10,0.0,0.0,0.0,3.82e-11,0.0,0.0,0.0,0.0,0.0,0.0,1.59e-10,-8.13e-17,8.1e-09,0.0,0.0,0.0,0.0,0.0,0.0,0.0,0.0,0.0,0.0,0.0,0.0,0.0,0.0,0.0,3.73e-08,0.0,0.0,0.0,0.0,0.0,0.0,0.0,0.0,0.0,0.0,0.0,0.0,0.0,0.0,0.0,0.0,0.0,0.013397212,-9.03e-06,-0.319249747,0.051076135,5.21e-08,-0.112236732,-0.076571055,-0.0609874,-0.004602031,0.191742843,-0.323999438
p05,1856,-0.09556393,0.118723016,-0.024696577,-0.314061111,0.0,-0.075966228,-3.09e-05,0.134642462,0.042665792,0.008272019,0.0,0.0,1.04e-09,0.0,0.0,0.0,4.58e-11,0.0,0.0,0.0,0.0,0.0,0.0,1.91e-10,-1.08e-16,9.79e-09,0.0,0.0,0.0,0.0,0.0,0.0,0.0,0.0,0.0,0.0,0.0,0.0,0.0,0.0,0.0,3.73e-08,0.0,0.0,0.0,0.0,0.0,0.0,0.0,0.0,0.0,0.0,0.0,0.0,0.0,0.0,0.0,0.0,0.0,0.013093073,-9.18e-06,-0.316933676,0.052209425,5.5e-08,-0.108730677,-0.012012523,-0.063110608,0.046325632,0.1946719,-0.323759422
p05,1857,-0.069014918,-0.957267602,-0.026859516,-0.342507273,0.0,-0.078099862,-3.39e-05,0.137105071,0.043473724,0.008600719,0.0,0.0,1.21e-09,0.0,0.0,0.0,5.34e-11,0.0,0.0,0.0,0.0,0.0,0.0,2.22e-10,-1.36e-16,1.15e-08,0.0,0.0,0.0,0.0,0.0,0.0,0.0,0.0,0.0,0.0,0.0,0.0,0.0,0.0,0.0,3.73e-08,0.0,0.0,0.0,0.0,0.0,0.0,0.0,0.0,0.0,0.0,0.0,0.0,0.0,0.0,0.0,0.0,0.0,0.01439404,-9.36e-06,-0.344958051,0.053396136,5.8e-08,-0.130252956,-0.996473609,-0.064421911,-0.995307138,0.198474333,-0.349708147
p05,1858,-0.025157951,-0.482047506,-0.028244509,-0.356700847,0.0,-0.080233058,-3.52e-05,0.13973486,0.044400749,0.008878809,0.0,0.0,1.38e-09,0.0,0.0,0.0,6.11e-11,0.0,0.0,0.0,0.0,0.0,0.0,2.54e-10,-1.64e-16,1.32e-08,0.0,0.0,0.0,0.0,0.0,0.0,0.0,0.0,0.0,0.0,0.0,0.0,0.0,0.0,0.0,3.73e-08,0.0,0.0,0.0,0.0,0.0,0.0,0.0,0.0,0.0,0.0,0.0,0.0,0.0,0.0,0.0,0.0,0.0,0.015085113,-9.57e-06,-0.360033541,0.054646614,6.1e-08,-0.139960297,-0.539822651,-0.066131619,-0.482527774,0.202519054,-0.36406943
p05,1859,0.003375763,0.060340173,-0.028895235,-0.355924407,0.0,-0.082369224,-3.5e-05,0.142549434,0.045393248,0.009339754,0.0,0.0,1.55e-09,0.0,0.0,0.0,6.87e-11,0.0,0.0,0.0,0.0,0.0,0.0,2.86e-10,-1.92e-16,1.49e-08,0.0,0.0,0.0,0.0,0.0,0.0,0.0,0.0,0.0,0.0,0.0,0.0,0.0,0.0,0.0,3.73e-08,0.0,0.0,0.0,0.0,0.0,0.0,0.0,0.0,0.0,0.0,0.0,0.0,0.0,0.0,0.0,0.0,0.0,0.01491819,-9.79e-06,-0.35967391,0.05616418,6.39e-08,-0.136467786,-0.021871185,-0.06811498,0.078671615,0.207032596,-0.365664643
p05,1860,0.010494307,0.152084768,-0.030398179,-0.361231905,0.0,-0.084128165,-3.54e-05,0.145665266,0.046323739,0.009869845,0.0,0.0,1.73e-09,0.0,0.0,0.0,7.63e-11,0.0,0.0,0.0,0.0,0.0,0.0,3.18e-10,-2.05e-16,1.66e-08,0.0,0.0,0.0,0.0,0.0,0.0,0.0,0.0,0.0,0.0,0.0,0.0,0.0,0.0,0.0,3.73e-08,0.0,0.0,0.0,0.0,0.0,0.0,0.0,0.0,0.0,0.0,0.0,0.0,0.0,0.0,0.0,0.0,0.0,0.015026576,-1e-05,-0.366519385,0.057701283,6.68e-08,-0.138728735,0.104479963,-0.069658321,0.188412231,0.211856712,-0.372810026
p05,1861,0.000724882,0.175047455,-0.030281944,-0.364019075,0.0,-0.085522645,-3.64e-05,0.148779196,0.04733558,0.010472101,0.0,0.0,1.9e-09,0.0,0.0,0.0,8.4e-11,0.0,0.0,0.0,0.0,0.0,0.0,3.5e-10,-2.33e-16,1.84e-08,0.0,0.0,0.0,0.0,0.0,0.0,0.0,0.0,0.0,0.0,0.0,0.0,0.0,0.0,0.0,3.73e-08,0.0,0.0,0.0,0.0,0.0,0.0,0.0,0.0,0.0,0.0,0.0,0.0,0.0,0.0,0.0,0.0,0.0,0.015715271,-1.02e-05,-0.368340372,0.059402637,6.97e-08,-0.134165898,0.12587598,-0.070687711,0.200957817,0.216871535,-0.373596904
p05,1862,-0.00831026,-1.552811902,-0.030428112,-0.359810716,0.0,-0.086913887,-3.57e-05,0.151436827,0.048608197,0.011048883,0.0,0.0,2.07e-09,0.0,0.0,0.0,9.16e-11,0.0,0.0,0.0,0.0,0.0,0.0,3.81e-10,6e-09,2.01e-08,0.0,0.0,0.0,0.0,0.0,0.0,0.0,0.0,0.0,0.0,0.0,0.0,0.0,0.0,0.0,3.73e-08,0.0,0.0,0.0,0.0,0.0,0.0,0.0,0.0,0.0,0.0,0.0,0.0,0.0,0.0,0.0,0.0,0.0,0.015646338,-1.05e-05,-0.364622946,0.061342276,8.23e-08,-0.12629589,-1.491765875,-0.072103862,-1.529922581,0.221685584,-0.371362564
p05,1863,-0.027311436,-1.422542931,-0.029370752,-0.342372214,0.0,-0.08830148,-3.47e-05,0.154160391,0.050122912,0.011559271,0.0,0.0,2.24e-09,0.0,0.0,0.0,9.92e-11,0.0,0.0,0.0,0.0,0.0,0.0,4.13e-10,6e-09,2.19e-08,0.0,0.0,0.0,0.0,0.0,0.0,0.0,0.0,0.0,0.0,0.0,0.0,0.0,0.0,0.0,3.73e-08,0.0,0.0,0.0,0.0,0.0,0.0,0.0,0.0,0.0,0.0,0.0,0.0,0.0,0.0,0.0,0.0,0.0,0.015590047,-1.08e-05,-0.347298427,0.063441351,8.52e-08,-0.104885532,-1.371124678,-0.073567808,-1.421176593,0.22672732,-0.354813552
p05,1864,-0.03498683,-0.156018969,-0.030371847,-0.352646378,0.0,-0.089691898,-3.65e-05,0.156882552,0.051779032,0.012050563,0.0,0.0,2.42e-09,0.0,0.0,0.0,1.07e-10,0.0,0.0,0.0,0.0,0.0,0.0,4.45e-10,6e-09,2.37e-08,0.0,0.0,0.0,0.0,0.0,0.0,0.0,0.0,0.0,0.0,0.0,0.0,0.0,0.0,0.0,3.73e-08,0.0,0.0,0.0,0.0,0.0,0.0,0.0,0.0,0.0,0.0,0.0,0.0,0.0,0.0,0.0,0.0,0.0,0.01653291,-1.12e-05,-0.357423323,0.065663709,8.81e-08,-0.107497416,-0.240368228,-0.074342431,-0.172810438,0.231932509,-0.363820515
p05,1865,-0.051776881,0.127460983,-0.034630382,-0.386011327,0.0,-0.091082132,-3.89e-05,0.159620707,0.053360297,0.012576047,0.0,0.0,2.59e-09,0.0,0.0,0.0,1.15e-10,0.0,0.0,0.0,0.0,0.0,0.0,4.77e-10,6e-09,2.55e-08,0.0,0.0,0.0,0.0,0.0,0.0,0.0,0.0,0.0,0.0,0.0,0.0,0.0,0.0,0.0,3.73e-08,0.0,0.0,0.0,0.0,0.0,0.0,0.0,0.0,0.0,0.0,0.0,0.0,0.0,0.0,0.0,0.0,0.0,0.017585423,-1.16e-05,-0.392702126,0.067846806,9.1e-08,-0.134608919,0.010399381,-0.075023474,0.096875271,0.237082148,-0.396573903
p05,1866,-0.072177655,0.171703042,-0.033705713,-0.376867887,0.0,-0.092470957,-3.87e-05,0.162272852,0.055023066,0.013126465,0.0,0.0,2.76e-09,0.0,0.0,0.0,1.22e-10,0.0,0.0,0.0,0.0,0.0,0.0,5.09e-10,6e-09,2.74e-08,0.0,0.0,0.0,0.0,0.0,0.0,0.0,0.0,0.0,0.0,0.0,0.0,0.0,0.0,0.0,3.73e-08,0.0,0.0,0.0,0.0,0.0,0.0,0.0,0.0,0.0,0.0,0.0,0.0,0.0,0.0,0.0,0.0,0.0,0.017870546,-1.2e-05,-0.382832848,0.070138439,9.39e-08,-0.119999926,0.065844021,-0.07626705,0.124966917,0.242266909,-0.387089832
p05,1867,-0.089852751,0.179396374,-0.037028863,-0.401462824,0.0,-0.09385511,-4.09e-05,0.165040957,0.056760668,0.013667154,0.0,0.0,2.94e-09,0.0,0.0,0.0,1.3e-10,0.0,0.0,0.0,0.0,0.0,0.0,5.4e-10,1.2e-08,2.92e-08,0.0,0.0,0.0,0.0,0.0,0.0,0.0,0.0,0.0,0.0,0.0,0.0,0.0,0.0,0.0,3.73e-08,0.0,0.0,0.0,0.0,0.0,0.0,0.0,0.0,0.0,0.0,0.0,0.0,0.0,0.0,0.0,0.0,0.0,0.018960435,-1.23e-05,-0.409134665,0.072494818,1.06e-07,-0.137385711,0.043933116,-0.076982021,0.117365964,0.247653913,-0.410758984
p05,1868,-0.056990878,0.176192966,-0.040819848,-0.435152812,0.0,-0.095244685,-4.38e-05,0.167405679,0.058313482,0.014248397,0.0,0.0,3.11e-09,0.0,0.0,0.0,1.37e-10,0.0,0.0,0.0,0.0,0.0,0.0,5.72e-10,1.2e-08,3.11e-08,0.0,0.0,0.0,0.0,0.0,0.0,0.0,0.0,0.0,0.0,0.0,0.0,0.0,0.0,0.0,3.73e-08,0.0,0.0,0.0,0.0,0.0,0.0,0.0,0.0,0.0,0.0,0.0,0.0,0.0,0.0,0.0,0.0,0.0,0.020273747,-1.27e-05,-0.444233852,0.074714788,1.09e-07,-0.163964715,0.040064179,-0.077598659,0.14369557,0.252472437,-0.442747792
p05,1869,-0.019298709,0.005544516,-0.039760946,-0.414252904,0.0,-0.096634381,-4.24e-05,0.169265762,0.059685583,0.014804152,0.0,0.0,3.28e-09,0.0,0.0,0.0,1.45e-10,0.0,0.0,0.0,0.0,0.0,0.0,6.04e-10,1.2e-08,3.3e-08,0.0,0.0,0.0,0.0,0.0,0.0,0.0,0.0,0.0,0.0,0.0,0.0,0.0,0.0,0.0,3.73e-08,0.0,0.0,0.0,0.0,0.0,0.0,0.0,0.0,0.0,0.0,0.0,0.0,0.0,0.0,0.0,0.0,0.0,0.019984067,-1.3e-05,-0.423574037,0.076729416,1.12e-07,-0.141013424,-0.12317369,-0.079129397,-0.011969262,0.256548479,-0.424176626
p05,1870,0.015073659,0.122272448,-0.042531581,-0.438268512,0.0,-0.098889708,-4.44e-05,0.171293016,0.060781754,0.015325294,0.0,0.0,3.45e-09,0.0,0.0,0.0,1.53e-10,0.0,0.0,0.0,0.0,0.0,0.0,6.36e-10,1.2e-08,3.49e-08,0.0,0.0,0.0,0.0,0.0,0.0,0.0,0.0,0.0,0.0,0.0,0.0,0.0,0.0,0.0,3.73e-08,0.0,0.0,0.0,0.0,0.0,0.0,0.0,0.0,0.0,0.0,0.0,0.0,0.0,0.0,0.0,0.0,0.0,0.020844448,-1.33e-05,-0.448665573,0.078421697,1.15e-07,-0.160382227,0.053810705,-0.080760163,0.162185207,0.26044884,-0.447820179
p05,1871,0.013521692,0.169342641,-0.041453394,-0.414940209,0.0,-0.101992291,-4.32e-05,0.173469775,0.061522062,0.015921459,0.0,0.0,3.63e-09,0.0,0.0,0.0,1.6e-10,0.0,0.0,0.0,0.0,0.0,0.0,6.67e-10,1.8e-08,3.68e-08,0.0,0.0,0.0,0.0,0.0,0.0,0.0,0.0,0.0,0.0,0.0,0.0,0.0,0.0,0.0,3.73e-08,0.0,0.0,0.0,0.0,0.0,0.0,0.0,0.0,0.0,0.0,0.0,0.0,0.0,0.0,0.0,0.0,0.0,0.020625569,-1.34e-05,-0.425326622,0.079842951,1.27e-07,-0.136862785,0.13721176,-0.083922362,0.211806703,0.264176925,-0.428339224
p05,1872,0.008069765,-0.613593597,-0.041863981,-0.40256438,0.0,-0.105085305,-4.27e-05,0.176165489,0.062110946,0.016492314,0.0,0.0,3.8e-09,0.0,0.0,0.0,1.68e-10,0.0,0.0,0.0,0.0,0.0,0.0,6.99e-10,1.8e-08,3.88e-08,0.0,0.0,0.0,0.0,0.0,0.0,0.0,0.0,0.0,0.0,0.0,0.0,0.0,0.0,0.0,3.73e-08,0.0,0.0,0.0,0.0,0.0,0.0,0.0,0.0,0.0,0.0,0.0,0.0,0.0,0.0,0.0,0.0,0.0,0.020279441,-1.36e-05,-0.412909932,0.081087466,1.3e-07,-0.123030423,-0.591647972,-0.086971297,-0.570844462,0.268241616,-0.418610862
p05,1873,-0.008288362,-0.819008735,-0.046955616,-0.438237409,0.0,-0.108175163,-4.58e-05,0.179294549,0.062555116,0.017053691,0.0,0.0,3.97e-09,0.0,0.0,0.0,1.76e-10,0.0,0.0,0.0,0.0,0.0,0.0,7.31e-10,1.8e-08,4.08e-08,0.0,0.0,0.0,0.0,0.0,0.0,0.0,0.0,0.0,0.0,0.0,0.0,0.0,0.0,0.0,3.73e-08,0.0,0.0,0.0,0.0,0.0,0.0,0.0,0.0,0.0,0.0,0.0,0.0,0.0,0.0,0.0,0.0,0.0,0.021348759,-1.37e-05,-0.451443195,0.082166501,1.33e-07,-0.155209215,-0.824894177,-0.089236775,-0.795220044,0.272591048,-0.455952761
p05,1874,-0.034798046,0.026524539,-0.048687294,-0.456815995,0.0,-0.111258996,-4.69e-05,0.182505992,0.063337981,0.017595753,0.0,0.0,4.14e-09,0.0,0.0,0.0,1.83e-10,0.0,0.0,0.0,0.0,0.0,0.0,7.63e-10,2.4e-08,4.28e-08,0.0,0.0,0.0,0.0,0.0,0.0,0.0,0.0,0.0,0.0,0.0,0.0,0.0,0.0,0.0,3.73e-08,0.0,0.0,0.0,0.0,0.0,0.0,0.0,0.0,0.0,0.0,0.0,0.0,0.0,0.0,0.0,0.0,0.0,0.022153892,-1.38e-05,-0.471205378,0.083569702,1.45e-07,-0.168687238,-0.137575725,-0.091889185,-0.00055099,0.277368091,-0.4745506
p05,1875,-0.066903672,0.050905862,-0.047272285,-0.431772464,0.0,-0.114337155,-4.55e-05,0.186199619,0.064118594,0.018147023,0.0,0.0,4.32e-09,0.0,0.0,0.0,1.91e-10,0.0,0.0,0.0,0.0,0.0,0.0,7.95e-10,2.4e-08,4.49e-08,0.0,0.0,0.0,0.0,0.0,0.0,0.0,0.0,0.0,0.0,0.0,0.0,0.0,0.0,0.0,3.73e-08,0.0,0.0,0.0,0.0,0.0,0.0,0.0,0.0,0.0,0.0,0.0,0.0,0.0,0.0,0.0,0.0,0.0,0.021848543,-1.4e-05,-0.445001759,0.084982576,1.48e-07,-0.140933835,-0.107004625,-0.095174847,-0.002749316,0.282658295,-0.452879267
p05,1876,-0.075769159,0.10176854,-0.049639332,-0.442901389,0.0,-0.117429299,-4.59e-05,0.189874384,0.064776269,0.018638564,0.0,0.0,4.49e-09,0.0,0.0,0.0,1.98e-10,0.0,0.0,0.0,0.0,0.0,0.0,8.26e-10,3e-08,4.69e-08,0.0,0.0,0.0,0.0,0.0,0.0,0.0,0.0,0.0,0.0,0.0,0.0,0.0,0.0,0.0,3.73e-08,0.0,0.0,0.0,0.0,0.0,0.0,0.0,0.0,0.0,0.0,0.0,0.0,0.0,0.0,0.0,0.0,0.0,0.022105134,-1.42e-05,-0.457864188,0.086198704,1.59e-07,-0.149621768,-0.055207737,-0.098015513,0.047029696,0.287700269,-0.467192462
p05,1877,-0.074062188,0.150962218,-0.051135151,-0.454354937,0.0,-0.120504029,-4.76e-05,0.193597069,0.065494681,0.019064136,0.0,0.0,4.66e-09,0.0,0.0,0.0,2.06e-10,0.0,0.0,0.0,0.0,0.0,0.0,8.58e-10,3e-08,4.91e-08,0.0,0.0,0.0,0.0,0.0,0.0,0.0,0.0,0.0,0.0,0.0,0.0,0.0,0.0,0.0,3.73e-08,0.0,0.0,0.0,0.0,0.0,0.0,0.0,0.0,0.0,0.0,0.0,0.0,0.0,0.0,0.0,0.0,0.0,0.022955215,-1.43e-05,-0.469929949,0.087404044,1.62e-07,-0.155470452,0.004500793,-0.100580278,0.10225392,0.292804309,-0.478878235
p05,1878,-0.095537459,0.169126218,-0.052366525,-0.464452726,0.0,-0.123602337,-4.86e-05,0.197466761,0.066325377,0.019517651,0.0,0.0,4.83e-09,0.0,0.0,0.0,2.14e-10,0.0,0.0,0.0,0.0,0.0,0.0,8.9e-10,3.6e-08,5.12e-08,0.0,0.0,0.0,0.0,0.0,0.0,0.0,0.0,0.0,0.0,0.0,0.0,0.0,0.0,0.0,3.73e-08,0.0,0.0,0.0,0.0,0.0,0.0,0.0,0.0,0.0,0.0,0.0,0.0,0.0,0.0,0.0,0.0,0.0,0.023680683,-1.45e-05,-0.480340934,0.088753506,1.74e-07,-0.160121445,0.005859642,-0.103266531,0.102079658,0.298209937,-0.489369344
p05,1879,-0.088389941,0.177235147,-0.056307865,-0.481517068,0.0,-0.12668665,-4.98e-05,0.201116919,0.067335679,0.01994901,0.0,0.0,5.01e-09,0.0,0.0,0.0,2.21e-10,0.0,0.0,0.0,0.0,0.0,0.0,9.22e-10,3.6e-08,5.34e-08,0.0,0.0,0.0,0.0,0.0,0.0,0.0,0.0,0.0,0.0,0.0,0.0,0.0,0.0,0.0,3.73e-08,0.0,0.0,0.0,0.0,0.0,0.0,0.0,0.0,0.0,0.0,0.0,0.0,0.0,0.0,0.0,0.0,0.0,0.023941645,-1.48e-05,-0.500229298,0.090254183,1.77e-07,-0.174115412,0.007226099,-0.105885045,0.117313856,0.303558276,-0.508905144
p05,1880,-0.047356912,0.094180521,-0.059676339,-0.478202951,0.0,-0.129340678,-4.97e-05,0.205114281,0.068470822,0.02038314,0.0,0.0,5.18e-09,0.0,0.0,0.0,2.29e-10,0.0,0.0,0.0,0.0,0.0,0.0,9.54e-10,4.2e-08,5.56e-08,0.0,0.0,0.0,0.0,0.0,0.0,0.0,0.0,0.0,0.0,0.0,0.0,0.0,0.0,0.0,3.73e-08,0.0,0.0,0.0,0.0,0.0,0.0,0.0,0.0,0.0,0.0,0.0,0.0,0.0,0.0,0.0,0.0,0.0,0.023909924,-1.5e-05,-0.49986111,0.091890862,1.88e-07,-0.169548555,-0.06006898,-0.108395591,0.066105323,0.309403582,-0.510934893
p05,1881,-0.015852897,0.004246794,-0.061263431,-0.486586078,0.0,-0.131542368,-5.14e-05,0.209408349,0.069545728,0.020745251,0.0,0.0,5.35e-09,0.0,0.0,0.0,2.37e-10,0.0,0.0,0.0,0.0,0.0,0.0,9.85e-10,4.2e-08,5.78e-08,0.0,0.0,0.0,0.0,0.0,0.0,0.0,0.0,0.0,0.0,0.0,0.0,0.0,0.0,0.0,3.73e-08,0.0,0.0,0.0,0.0,0.0,0.0,0.0,0.0,0.0,0.0,0.0,0.0,0.0,0.0,0.0,0.0,0.0,0.024803479,-1.53e-05,-0.508332718,0.093380806,1.91e-07,-0.170875486,-0.148188654,-0.110037958,-0.010229434,0.315395409,-0.51928995
p05,1882,-0.019625923,0.125131402,-0.062822191,-0.479897814,0.0,-0.133739472,-5.07e-05,0.213948593,0.070608677,0.021116558,0.0,0.0,5.52e-09,0.0,0.0,0.0,2.44e-10,0.0,0.0,0.0,0.0,0.0,0.0,1.02e-09,4.8e-08,6.01e-08,0.0,0.0,0.0,0.0,0.0,0.0,0.0,0.0,0.0,0.0,0.0,0.0,0.0,0.0,0.0,3.73e-08,0.0,0.0,0.0,0.0,0.0,0.0,0.0,0.0,0.0,0.0,0.0,0.0,0.0,0.0,0.0,0.0,0.0,0.024537044,-1.55e-05,-0.503106342,0.094866672,2.03e-07,-0.160639479,0.016672516,-0.112246747,0.128113698,0.321650619,-0.516087191
p05,1883,-0.025006481,-0.118558386,-0.063259472,-0.462545158,0.0,-0.135932084,-4.97e-05,0.217853139,0.071710762,0.02146578,0.0,0.0,5.7e-09,0.0,0.0,0.0,2.52e-10,0.0,0.0,0.0,0.0,0.0,0.0,1.05e-09,5.4e-08,6.24e-08,0.0,0.0,0.0,0.0,0.0,0.0,0.0,0.0,0.0,0.0,0.0,0.0,0.0,0.0,0.0,3.73e-08,0.0,0.0,0.0,0.0,0.0,0.0,0.0,0.0,0.0,0.0,0.0,0.0,0.0,0.0,0.0,0.0,0.0,0.024311665,-1.58e-05,-0.486160905,0.096368506,2.14e-07,-0.141522263,-0.229042884,-0.114608663,-0.126942456,0.327275506,-0.501895073
p05,1884,-0.017999426,-2.710657199,-0.065629995,-0.483361331,0.0,-0.138130153,-5.2e-05,0.221837898,0.072900747,0.02181174,0.0,0.0,5.87e-09,0.0,0.0,0.0,2.6e-10,0.0,0.0,0.0,0.0,0.0,0.0,1.08e-09,6e-08,6.47e-08,0.0,0.0,0.0,0.0,0.0,0.0,0.0,0.0,0.0,0.0,0.0,0.0,0.0,0.0,0.0,3.73e-08,0.0,0.0,0.0,0.0,0.0,0.0,0.0,0.0,0.0,0.0,0.0,0.0,0.0,0.0,0.0,0.0,0.0,0.025504133,-1.6e-05,-0.508366605,0.097956647,2.25e-07,-0.155017915,-2.631493674,-0.11599917,-2.691943938,0.333073453,-0.522522513
p05,1885,-0.029748087,-1.761272637,-0.067249685,-0.491653919,0.0,-0.140325131,-5.23e-05,0.226417098,0.074243368,0.022144916,0.0,0.0,6.04e-09,0.0,0.0,0.0,2.67e-10,0.0,0.0,0.0,0.0,0.0,0.0,1.11e-09,6e-08,6.71e-08,0.0,0.0,0.0,0.0,0.0,0.0,0.0,0.0,0.0,0.0,0.0,0.0,0.0,0.0,0.0,3.73e-08,0.0,0.0,0.0,0.0,0.0,0.0,0.0,0.0,0.0,0.0,0.0,0.0,0.0,0.0,0.0,0.0,0.0,0.025924986,-1.64e-05,-0.517966317,0.099686716,2.28e-07,-0.15686473,-1.721143114,-0.117986397,-1.756460503,0.33963604,-0.531841153
p05,1886,-0.0656195,-1.609880757,-0.066953788,-0.488443209,0.0,-0.142535115,-5.26e-05,0.231290791,0.075554321,0.022446704,0.0,0.0,6.22e-09,0.0,0.0,0.0,2.75e-10,0.0,0.0,0.0,0.0,0.0,0.0,1.14e-09,6.6e-08,6.96e-08,0.0,0.0,0.0,0.0,0.0,0.0,0.0,0.0,0.0,0.0,0.0,0.0,0.0,0.0,0.0,3.73e-08,0.0,0.0,0.0,0.0,0.0,0.0,0.0,0.0,0.0,0.0,0.0,0.0,0.0,0.0,0.0,0.0,0.0,0.026419629,-1.67e-05,-0.514339744,0.101343161,2.39e-07,-0.146969909,-1.600977508,-0.119956573,-1.638378828,0.346423918,-0.529223254
p05,1887,-0.083214475,-0.547636462,-0.070516326,-0.506833797,0.0,-0.144721823,-5.44e-05,0.236341842,0.076992558,0.022810731,0.0,0.0,6.39e-09,0.0,0.0,0.0,2.82e-10,0.0,0.0,0.0,0.0,0.0,0.0,1.18e-09,7.21e-08,7.2e-08,0.0,0.0,0.0,0.0,0.0,0.0,0.0,0.0,0.0,0.0,0.0,0.0,0.0,0.0,0.0,3.73e-08,0.0,0.0,0.0,0.0,0.0,0.0,0.0,0.0,0.0,0.0,0.0,0.0,0.0,0.0,0.0,0.0,0.0,0.027288216,-1.7e-05,-0.534661064,0.103198772,2.5e-07,-0.157792596,-0.656572477,-0.121538279,-0.596459293,0.353604471,-0.548160923
p05,1888,-0.093300104,0.065959972,-0.078368829,-0.542400885,0.0,-0.146917028,-5.79e-05,0.241967167,0.078381437,0.023096514,0.0,0.0,6.56e-09,0.0,0.0,0.0,2.9e-10,0.0,0.0,0.0,0.0,0.0,0.0,1.21e-09,7.81e-08,7.45e-08,0.0,0.0,0.0,0.0,0.0,0.0,0.0,0.0,0.0,0.0,0.0,0.0,0.0,0.0,0.0,3.73e-08,0.0,0.0,0.0,0.0,0.0,0.0,0.0,0.0,0.0,0.0,0.0,0.0,0.0,0.0,0.0,0.0,0.0,0.028359651,-1.73e-05,-0.574083232,0.104919279,2.61e-07,-0.186340898,-0.15185832,-0.122668436,-0.010545057,0.361228895,-0.584551916
p05,1889,-0.094409243,0.134742243,-0.077431841,-0.529498139,0.0,-0.149108232,-5.68e-05,0.247603059,0.079876919,0.023463178,0.0,0.0,6.73e-09,0.0,0.0,0.0,2.98e-10,0.0,0.0,0.0,0.0,0.0,0.0,1.24e-09,8.41e-08,7.71e-08,0.0,0.0,0.0,0.0,0.0,0.0,0.0,0.0,0.0,0.0,0.0,0.0,0.0,0.0,0.0,3.73e-08,0.0,0.0,0.0,0.0,0.0,0.0,0.0,0.0,0.0,0.0,0.0,0.0,0.0,0.0,0.0,0.0,0.0,0.028637192,-1.77e-05,-0.561516454,0.106840199,2.72e-07,-0.166768244,-0.042776974,-0.124980792,0.066504515,0.369074673,-0.573651699
p05,1890,-0.093294406,0.02058602,-0.083639206,-0.552389527,0.0,-0.151251166,-5.93e-05,0.253150427,0.081368136,0.023739272,0.0,0.0,6.91e-09,0.0,0.0,0.0,3.05e-10,0.0,0.0,0.0,0.0,0.0,0.0,1.27e-09,9.01e-08,7.97e-08,0.0,0.0,0.0,0.0,0.0,0.0,0.0,0.0,0.0,0.0,0.0,0.0,0.0,0.0,0.0,3.73e-08,0.0,0.0,0.0,0.0,0.0,0.0,0.0,0.0,0.0,0.0,0.0,0.0,0.0,0.0,0.0,0.0,0.0,0.029453448,-1.8e-05,-0.58734227,0.108646846,2.83e-07,-0.183090893,-0.207987559,-0.126290034,-0.06628693,0.376719564,-0.598381745
p05,1891,-0.048342531,0.112058318,-0.08385516,-0.531305855,0.0,-0.153357028,-5.8e-05,0.258906361,0.082882155,0.023990284,0.0,0.0,7.08e-09,0.0,0.0,0.0,3.13e-10,0.0,0.0,0.0,0.0,0.0,0.0,1.3e-09,9.61e-08,8.23e-08,5.41e-12,0.0,0.0,0.0,0.0,0.0,0.0,0.0,0.0,0.0,0.0,0.0,0.0,0.0,0.0,3.73e-08,0.0,0.0,0.0,0.0,0.0,0.0,0.0,0.0,0.0,0.0,0.0,0.0,0.0,0.0,0.0,0.0,0.0,0.029271797,-1.84e-05,-0.567236111,0.110447552,2.94e-07,-0.158068757,-0.023018246,-0.128545683,0.085566813,0.384577601,-0.581481247
p05,1892,-0.010773193,0.072008911,-0.084044083,-0.5223646,0.0,-0.155449832,-5.74e-05,0.264540352,0.084661377,0.024306367,0.0,0.0,7.25e-09,0.0,0.0,0.0,3.21e-10,0.0,0.0,0.0,0.0,0.0,0.0,1.33e-09,1.02e-07,8.5e-08,5.03e-11,0.0,0.0,0.0,0.0,0.0,0.0,0.0,0.0,0.0,0.0,0.0,0.0,0.0,0.0,3.73e-08,0.0,0.0,0.0,0.0,0.0,0.0,0.0,0.0,0.0,0.0,0.0,0.0,0.0,0.0,0.0,0.0,0.0,0.029440247,-1.88e-05,-0.559042234,0.112599518,3.05e-07,-0.141947295,-0.020231017,-0.130632613,0.078805449,0.39268431,-0.57436006
p05,1893,-0.00323004,0.126079445,-0.084685,-0.531476253,0.0,-0.157554348,-5.8e-05,0.269493912,0.086377494,0.024675349,0.0,0.0,7.42e-09,0.0,0.0,0.0,3.28e-10,0.0,0.0,0.0,0.0,0.0,0.0,1.37e-09,1.08e-07,8.77e-08,1.14e-10,0.0,0.0,0.0,0.0,0.0,0.0,0.0,0.0,0.0,0.0,0.0,0.0,0.0,0.0,3.73e-08,0.0,0.0,0.0,0.0,0.0,0.0,0.0,0.0,0.0,0.0,0.0,0.0,0.0,0.0,0.0,0.0,0.0,0.030176484,-1.92e-05,-0.568074044,0.11474301,3.16e-07,-0.142732689,0.060074315,-0.132395788,0.148120231,0.400072248,-0.582833923
p05,1894,-0.004430448,0.159436934,-0.090989138,-0.567306187,0.0,-0.15965444,-6.1e-05,0.274508467,0.087844481,0.025116042,0.0,0.0,7.6e-09,0.0,0.0,0.0,3.36e-10,0.0,0.0,0.0,0.0,0.0,0.0,1.4e-09,1.14e-07,9.05e-08,2.05e-10,0.0,0.0,0.0,0.0,0.0,0.0,0.0,0.0,0.0,0.0,0.0,0.0,0.0,0.0,3.73e-08,0.0,0.0,0.0,0.0,0.0,0.0,0.0,0.0,0.0,0.0,0.0,0.0,0.0,0.0,0.0,0.0,0.0,0.031685558,-1.95e-05,-0.607316328,0.116716212,3.27e-07,-0.169821069,0.074437681,-0.133513584,0.1830752,0.407332718,-0.618686537
p05,1895,-0.018533603,-0.095056003,-0.093727905,-0.564883466,0.0,-0.161748219,-6.17e-05,0.279091683,0.089100303,0.025578513,0.0,0.0,7.77e-09,0.0,0.0,0.0,3.44e-10,0.0,0.0,0.0,0.0,0.0,0.0,1.43e-09,1.26e-07,9.33e-08,3.23e-10,0.0,0.0,0.0,0.0,0.0,0.0,0.0,0.0,0.0,0.0,0.0,0.0,0.0,0.0,3.73e-08,0.0,0.0,0.0,0.0,0.0,0.0,0.0,0.0,0.0,0.0,0.0,0.0,0.0,0.0,0.0,0.0,0.0,0.032005799,-1.98e-05,-0.607229574,0.118500807,3.46e-07,-0.163210643,-0.221381795,-0.135241529,-0.098740424,0.413954788,-0.62021492
p05,1896,-0.038008187,0.061866289,-0.095339306,-0.549639397,0.0,-0.163850635,-5.96e-05,0.283637494,0.08980621,0.025935574,0.0,0.0,7.94e-09,0.0,0.0,0.0,3.51e-10,0.0,0.0,0.0,0.0,0.0,0.0,1.46e-09,1.32e-07,9.62e-08,4.69e-10,0.0,0.0,0.0,0.0,0.0,0.0,0.0,0.0,0.0,0.0,0.0,0.0,0.0,0.0,3.73e-08,0.0,0.0,0.0,0.0,0.0,0.0,0.0,0.0,0.0,0.0,0.0,0.0,0.0,0.0,0.0,0.0,0.0,0.031294585,-2e-05,-0.594006331,0.119607342,3.57e-07,-0.147420031,-0.068331246,-0.137809439,0.039425395,0.419820642,-0.610028694
p05,1897,-0.074299721,0.144585578,-0.101256593,-0.580447216,0.0,-0.165950441,-6.33e-05,0.288097816,0.090492323,0.026304976,0.0,0.0,8.11e-09,0.0,0.0,0.0,3.59e-10,0.0,0.0,0.0,0.0,0.0,0.0,1.49e-09,1.38e-07,9.91e-08,6.45e-10,0.0,0.0,0.0,0.0,0.0,0.0,0.0,0.0,0.0,0.0,0.0,0.0,0.0,0.0,3.73e-08,0.0,0.0,0.0,0.0,0.0,0.0,0.0,0.0,0.0,0.0,0.0,0.0,0.0,0.0,0.0,0.0,0.0,0.032877719,-2.02e-05,-0.62799135,0.120722325,3.68e-07,-0.171656997,-0.017780234,-0.138814667,0.096548167,0.425554566,-0.640657846
p05,1898,-0.065887675,0.165888386,-0.106069766,-0.589149848,0.0,-0.168028524,-6.44e-05,0.292996841,0.09174157,0.026673561,0.0,0.0,8.29e-09,0.0,0.0,0.0,3.66e-10,0.0,0.0,0.0,0.0,0.0,0.0,1.53e-09,1.5e-07,1.02e-07,8.5e-10,0.0,0.0,0.0,0.0,0.0,0.0,0.0,0.0,0.0,0.0,0.0,0.0,0.0,0.0,3.73e-08,0.0,0.0,0.0,0.0,0.0,0.0,0.0,0.0,0.0,0.0,0.0,0.0,0.0,0.0,0.0,0.0,0.0,0.033428681,-2.05e-05,-0.639164941,0.122395512,3.87e-07,-0.175184939,0.013493974,-0.140465195,0.127316454,0.432387232,-0.651684628
p05,1899,-0.085602384,0.173474872,-0.116655424,-0.620139925,0.0,-0.170105394,-6.69e-05,0.298512516,0.093224824,0.027144215,0.0,0.0,8.46e-09,0.0,0.0,0.0,3.74e-10,0.0,0.0,0.0,0.0,0.0,0.0,1.56e-09,1.56e-07,1.05e-07,1.08e-09,0.0,0.0,0.0,0.0,0.0,0.0,0.0,0.0,0.0,0.0,0.0,0.0,0.0,0.0,3.73e-08,0.0,0.0,0.0,0.0,0.0,0.0,0.0,0.0,0.0,0.0,0.0,0.0,0.0,0.0,0.0,0.0,0.0,0.03399467,-2.08e-05,-0.676356767,0.124419485,3.98e-07,-0.203460185,-0.020872315,-0.141763718,0.117264118,0.440219921,-0.6881522
p05,1900,-0.089160824,0.166304424,-0.12164781,-0.624605718,0.0,-0.172601995,-6.7e-05,0.304496869,0.094708193,0.0276177,0.0,0.0,8.63e-09,0.0,0.0,0.0,3.82e-10,0.0,0.0,0.0,0.0,0.0,0.0,1.59e-09,1.68e-07,1.08e-07,1.35e-09,0.0,0.0,0.0,0.0,0.0,0.0,0.0,0.0,0.0,0.0,0.0,-1.2e-11,-1.4e-17,2.01e-18,3.73e-08,-3.6e-14,-1.08e-12,0.0,0.0,0.0,0.0,0.0,0.0,0.0,0.0,0.0,0.0,0.0,0.0,0.0,0.0,0.0,0.03430141,-2.12e-05,-0.684333535,0.126444832,4.17e-07,-0.203558025,-0.032623135,-0.14404606,0.106374867,0.448516389,-0.696925917
p05,1901,-0.105338923,0.172987512,-0.124676021,-0.627621423,0.0,-0.175492011,-6.79e-05,0.309772259,0.096178162,0.028131384,0.0,0.0,8.81e-09,0.0,0.0,0.0,3.89e-10,0.0,0.0,0.0,0.0,0.0,0.0,1.62e-09,1.74e-07,1.12e-07,1.65e-09,0.0,0.0,0.0,0.0,0.0,0.0,0.0,0.0,0.0,0.0,0.0,6.69e-12,-1.4e-17,-5.95e-18,3.73e-08,1.42e-14,-1.08e-12,0.0,0.0,0.0,0.0,0.0,0.0,0.0,0.0,0.0,0.0,0.0,0.0,0.0,0.0,0.0,0.035003877,-2.15e-05,-0.689550796,0.12850912,4.29e-07,-0.199302413,-0.032910047,-0.146516595,0.09869151,0.456126786,-0.702054453
p05,1902,-0.100886916,0.144793196,-0.127681625,-0.629107363,0.0,-0.178388011,-6.76e-05,0.314813992,0.097952104,0.028920774,0.0,0.0,8.98e-09,0.0,0.0,0.0,3.97e-10,0.0,0.0,0.0,0.0,0.0,0.0,1.65e-09,3.18e-07,1.41e-07,2.47e-09,0.0,0.0,0.0,0.0,0.0,0.0,0.0,0.0,0.0,0.0,0.0,-1.96e-11,0.0,3.48e-18,3.73e-08,-6.07e-14,-1.08e-12,0.0,0.0,0.0,0.0,0.0,0.0,0.0,0.0,0.0,0.0,0.0,0.0,0.0,0.0,0.0,0.035379368,-2.2e-05,-0.693000722,0.131178858,6.28e-07,-0.195331892,-0.061552855,-0.149267136,0.072144922,0.464168385,-0.706610113
p05,1903,-0.068839542,-0.139596011,-0.136540736,-0.640186666,0.0,-0.1812635,-6.85e-05,0.320029277,0.099775922,0.029855191,0.0,0.0,9.15e-09,0.0,0.0,0.0,4.05e-10,0.0,0.0,0.0,0.0,0.0,0.0,1.68e-09,4.8e-07,1.78e-07,4.12e-09,0.0,0.0,0.0,0.0,0.0,0.0,0.0,0.0,0.0,0.0,0.0,1.12e-11,0.0,-1.07e-17,3.73e-08,2.47e-14,-1.08e-12,0.0,0.0,0.0,0.0,0.0,0.0,0.0,0.0,0.0,0.0,0.0,0.0,0.0,0.0,0.0,0.035703849,-2.24e-05,-0.709459916,0.13407219,8.53e-07,-0.204249317,-0.346613651,-0.151706487,-0.188838584,0.472619209,-0.725071493
p05,1904,-0.034165357,0.050889203,-0.141657367,-0.666211531,0.0,-0.184160424,-7.11e-05,0.324767899,0.102168542,0.030729176,0.0,0.0,9.32e-09,0.0,0.0,0.0,4.12e-10,0.0,0.0,0.0,0.0,0.0,0.0,1.72e-09,6.48e-07,2.21e-07,5.77e-09,0.0,0.0,0.0,0.0,0.0,0.0,0.0,0.0,0.0,0.0,0.0,-3.38e-11,0.0,6.49e-18,3.73e-08,-1.09e-13,-1.08e-12,0.0,0.0,0.0,0.0,0.0,0.0,0.0,0.0,0.0,0.0,0.0,0.0,0.0,0.0,0.0,0.0376531,-2.3e-05,-0.738935262,0.13746703,1.09e-06,-0.219794132,-0.148968582,-0.153624788,0.030293324,0.481142475,-0.749826649
p05,1905,-0.03668988,0.14058881,-0.150582249,-0.690180628,0.0,-0.187064185,-7.38e-05,0.330071237,0.10455257,0.031593061,0.0,0.0,9.5e-09,0.0,0.0,0.0,4.2e-10,0.0,0.0,0.0,0.0,0.0,0.0,1.75e-09,8.53e-07,2.74e-07,8.25e-09,0.0,0.0,0.0,0.0,0.0,0.0,0.0,0.0,0.0,0.0,0.0,2e-11,0.0,-2.05e-17,3.73e-08,3.29e-15,-1.08e-12,0.0,0.0,0.0,0.0,0.0,0.0,0.0,0.0,0.0,0.0,0.0,0.0,0.0,0.0,0.0,0.039017862,-2.35e-05,-0.767628367,0.140834784,1.38e-06,-0.237050881,-0.051013835,-0.155533475,0.129233026,0.490185731,-0.777060751
p05,1906,-0.026336346,0.162404733,-0.159063538,-0.706313618,0.0,-0.189935461,-7.53e-05,0.335986664,0.107071331,0.032462023,0.0,0.0,9.67e-09,0.0,0.0,0.0,4.28e-10,0.0,0.0,0.0,0.0,0.0,0.0,1.78e-09,1.12e-06,3.51e-07,9.9e-09,0.0,0.0,0.0,0.0,0.0,0.0,0.0,0.0,0.0,0.0,0.0,-6.18e-11,0.0,1.28e-17,3.73e-08,-1.34e-12,-1.08e-12,0.0,0.0,0.0,0.0,0.0,0.0,0.0,0.0,0.0,0.0,0.0,0.0,0.0,0.0,0.0,0.039872297,-2.42e-05,-0.789315912,0.144347318,1.78e-06,-0.247762707,-0.021976403,-0.157776211,0.16365396,0.500034154,-0.797898779
p05,1907,-0.030976707,-0.192510305,-0.176923535,-0.760377246,0.0,-0.192816554,-8.12e-05,0.342918159,0.10976519,0.033394719,0.0,0.0,9.84e-09,0.0,0.0,0.0,4.35e-10,0.0,0.0,0.0,0.0,0.0,0.0,1.81e-09,1.48e-06,4.59e-07,1.4e-08,0.0,0.0,0.0,0.0,0.0,0.0,0.0,0.0,0.0,0.0,0.0,3.76e-11,0.0,-4.17e-17,3.73e-08,-2.12e-12,-1.08e-12,0.0,0.0,0.0,0.0,0.0,0.0,0.0,0.0,0.0,0.0,0.0,0.0,0.0,0.0,0.0,0.04202565,-2.48e-05,-0.852967501,0.148109117,2.31e-06,-0.294972557,-0.442300536,-0.158831001,-0.199665327,0.511206771,-0.85724645
p05,1908,-0.034339134,-0.114449317,-0.171199349,-0.750432194,0.0,-0.195705423,-8.03e-05,0.349581213,0.111947188,0.034448071,0.0,0.0,1e-08,0.0,0.0,0.0,4.43e-10,0.0,0.0,0.0,0.0,0.0,0.0,1.84e-09,1.95e-06,6.01e-07,1.81e-08,0.0,0.0,0.0,0.0,0.0,0.0,0.0,0.0,0.0,0.0,0.0,-1.19e-10,0.0,2.68e-17,3.73e-08,-4.08e-12,-1.08e-12,0.0,0.0,0.0,0.0,0.0,0.0,0.0,0.0,0.0,0.0,0.0,0.0,0.0,0.0,0.0,0.043214441,-2.53e-05,-0.841017281,0.151489451,3e-06,-0.270276345,-0.357845449,-0.161646376,-0.13180084,0.52166202,-0.845226324
p05,1909,-0.047423888,0.121857799,-0.178297144,-0.761564276,0.0,-0.198612185,-8.12e-05,0.356203242,0.114291896,0.035512344,0.0,0.0,1.02e-08,0.0,0.0,0.0,4.5e-10,0.0,0.0,0.0,0.0,0.0,0.0,1.88e-09,2.25e-06,6.92e-07,2.06e-08,0.0,0.0,0.0,0.0,0.0,0.0,0.0,0.0,0.0,0.0,0.0,7.41e-09,0.0,-8.99e-17,3.73e-08,-4.35e-12,-1.08e-12,0.0,0.0,0.0,0.0,0.0,0.0,0.0,0.0,0.0,0.0,0.0,0.0,0.0,0.0,0.0,0.044007069,-2.59e-05,-0.855426993,0.155048241,3.46e-06,-0.274297309,-0.121560881,-0.164027817,0.098455049,0.532285735,-0.859514892
p05,1910,-0.076765472,0.165465019,-0.188395721,-0.793965131,0.0,-0.200470895,-8.47e-05,0.363188365,0.116662118,0.036652669,0.0,0.0,1.04e-08,0.0,0.0,0.0,4.58e-10,0.0,0.0,0.0,0.0,0.0,0.0,1.91e-09,2.9e-06,8.96e-07,2.64e-08,0.0,0.0,0.0,0.0,0.0,0.0,0.0,0.0,0.0,0.0,0.0,3.34e-08,0.0,5.95e-17,3.73e-08,-7.11e-12,-1.08e-12,0.0,0.0,0.0,0.0,0.0,0.0,0.0,0.0,0.0,0.0,0.0,0.0,0.0,0.0,0.0,0.045714096,-2.65e-05,-0.895042498,0.158721115,4.48e-06,-0.296998137,-0.114181869,-0.164765423,0.117708331,0.543376708,-0.894848644
p05,1911,-0.100217708,0.163910765,-0.187519446,-0.780955837,0.0,-0.201321438,-8.34e-05,0.370341915,0.118712912,0.037924907,0.0,0.0,1.05e-08,0.0,0.0,0.0,4.66e-10,0.0,0.0,0.0,0.0,0.0,0.0,1.94e-09,3.88e-06,1.2e-06,3.46e-08,0.0,0.0,0.0,0.0,0.0,0.0,0.0,0.0,0.0,0.0,0.0,5.71e-06,0.0,-2.06e-16,3.73e-08,-6.2e-12,-1.08e-12,0.0,0.0,0.0,0.0,0.0,0.0,0.0,0.0,0.0,0.0,0.0,0.0,0.0,0.0,0.0,0.046036137,-2.7e-05,-0.880666478,0.162219762,1.34e-05,-0.27154667,-0.110164972,-0.165710463,0.09403363,0.554457422,-0.882119167
p05,1912,-0.103364372,-0.557130593,-0.192773494,-0.78610346,0.0,-0.202161091,-8.38e-05,0.378647367,0.120524104,0.038860332,0.0,0.0,1.07e-08,0.0,0.0,0.0,4.73e-10,0.0,0.0,0.0,0.0,0.0,0.0,1.97e-09,4.79e-06,1.48e-06,4.37e-08,0.0,0.0,0.0,0.0,0.0,0.0,0.0,0.0,0.0,0.0,0.0,7.62e-06,0.0,1.4e-16,3.73e-08,-1.09e-11,-1.08e-12,0.0,0.0,0.0,0.0,0.0,0.0,0.0,0.0,0.0,0.0,0.0,0.0,0.0,0.0,0.0,0.046439245,-2.75e-05,-0.890844774,0.165095398,1.71e-05,-0.266547201,-0.784746588,-0.166302717,-0.620554653,0.566020718,-0.88969198
p05,1913,-0.106831988,-0.769171176,-0.201912849,-0.815224649,0.0,-0.202998485,-8.75e-05,0.387470491,0.121674101,0.039934825,0.0,0.0,1.09e-08,0.0,0.0,0.0,4.81e-10,0.0,0.0,0.0,0.0,0.0,0.0,2e-09,5.99e-06,1.85e-06,5.44e-08,0.0,0.0,0.0,0.0,0.0,0.0,0.0,0.0,0.0,0.0,0.0,9.31e-06,2.02e-18,-5e-16,3.73e-08,-7.11e-12,-1.08e-12,0.0,0.0,0.0,0.0,0.0,0.0,0.0,0.0,0.0,0.0,0.0,0.0,0.0,0.0,0.0,0.047830852,-2.77e-05,-0.925071377,0.167475785,2.12e-05,-0.284954017,-0.988591112,-0.166164466,-0.832512182,0.577549312,-0.92139388
p05,1914,-0.093744304,0.048157038,-0.187866072,-0.794865338,0.0,-0.203863801,-8.53e-05,0.395507107,0.12270538,0.041042697,0.0,0.0,1.1e-08,0.0,0.0,0.0,4.89e-10,0.0,0.0,0.0,0.0,0.0,0.0,2.03e-09,7.3e-06,2.25e-06,6.6e-08,0.0,0.0,0.0,0.0,0.0,0.0,0.0,0.0,0.0,0.0,0.0,1.71e-05,-6.65e-18,3.5e-16,3.73e-08,-1.65e-11,-1.08e-12,0.0,0.0,0.0,0.0,0.0,0.0,0.0,0.0,0.0,0.0,0.0,0.0,0.0,0.0,0.0,0.048892651,-2.8e-05,-0.89519461,0.169768831,3.19e-05,-0.243391186,-0.228276754,-0.16740657,-0.031903437,0.588168814,-0.890724517
p05,1915,-0.036377079,0.154336821,-0.184782127,-0.778302787,0.0,-0.20470036,-8.4e-05,0.40367658,0.123945024,0.042078456,0.0,0.0,1.12e-08,0.0,0.0,0.0,4.96e-10,0.0,0.0,0.0,0.0,0.0,0.0,2.07e-09,8.65e-06,2.67e-06,7.83e-08,0.0,0.0,0.0,0.0,0.0,0.0,0.0,0.0,0.0,0.0,0.0,2.96e-05,4.45e-18,-1.29e-15,3.73e-08,-5.31e-12,-1.08e-12,0.0,0.0,0.0,0.0,0.0,0.0,0.0,0.0,0.0,0.0,0.0,0.0,0.0,0.0,0.0,0.048967775,-2.83e-05,-0.875929712,0.172194876,4.75e-05,-0.214484777,-0.007276174,-0.168449506,0.145453707,0.599086287,-0.873853459
p05,1916,-0.019997915,0.171010155,-0.2005104,-0.80662336,0.0,-0.205565064,-8.6e-05,0.412314338,0.126980888,0.042905931,0.0,0.0,1.14e-08,0.0,0.0,0.0,5.04e-10,0.0,0.0,0.0,0.0,0.0,0.0,2.1e-09,1.02e-05,3.14e-06,9.24e-08,0.0,0.0,0.0,0.0,0.0,0.0,0.0,0.0,0.0,0.0,0.0,5.04e-05,-2.19e-17,9.3e-16,3.73e-08,-2.69e-11,-1.08e-12,0.0,0.0,0.0,0.0,0.0,0.0,0.0,0.0,0.0,0.0,0.0,0.0,0.0,0.0,0.0,0.050018613,-2.91e-05,-0.916002998,0.176224335,7.18e-05,-0.236070767,0.010364409,-0.16852611,0.18075721,0.612294664,-0.909825223
p05,1917,0.016551234,0.166117684,-0.209539086,-0.836170187,0.0,-0.206443667,-9.03e-05,0.420585976,0.129193722,0.04385144,0.0,0.0,1.16e-08,0.0,0.0,0.0,5.11e-10,0.0,0.0,0.0,0.0,0.0,0.0,2.13e-09,1.24e-05,3.82e-06,1.12e-07,0.0,0.0,0.0,0.0,0.0,0.0,0.0,0.0,0.0,0.0,0.0,7.43e-05,1.07e-17,-3.52e-15,3.73e-08,1.35e-12,-1.08e-12,0.0,0.0,0.0,0.0,0.0,0.0,0.0,0.0,0.0,0.0,0.0,0.0,0.0,0.0,0.0,0.052226549,-2.96e-05,-0.950523588,0.179557214,0.000100506,-0.25173269,0.035872242,-0.168206111,0.216082129,0.624338804,-0.939249208
p05,1918,0.004463969,0.123348152,-0.208249159,-0.836388782,0.0,-0.207326622,-9.04e-05,0.427439811,0.132022891,0.044447955,0.0,0.0,1.17e-08,0.0,0.0,0.0,5.19e-10,0.0,0.0,0.0,0.0,0.0,0.0,2.16e-09,1.49e-05,4.58e-06,1.34e-07,0.0,0.0,0.0,0.0,0.0,0.0,0.0,0.0,0.0,0.0,0.0,9.17e-05,-6.39e-17,2.62e-15,3.73e-08,-5.12e-11,-1.08e-12,0.0,0.0,0.0,0.0,0.0,0.0,0.0,0.0,0.0,0.0,0.0,0.0,0.0,0.0,0.0,0.053557675,-3.03e-05,-0.949831687,0.183117685,0.000123126,-0.237170261,-0.021568841,-0.168754848,0.155296478,0.63522864,-0.936224135
p05,1919,-0.026973289,-0.030290163,-0.179020613,-0.767028964,0.0,-0.208185043,-8.26e-05,0.433121555,0.135246333,0.04460143,0.0,0.0,1.19e-08,0.0,0.0,0.0,5.27e-10,0.0,0.0,0.0,0.0,0.0,0.0,2.19e-09,1.73e-05,5.34e-06,1.57e-07,0.0,0.0,0.0,0.0,0.0,0.0,0.0,0.0,0.0,0.0,0.0,0.000107632,3.3e-17,-1.02e-14,3.73e-08,1.12e-11,-1.08e-12,0.0,0.0,0.0,0.0,0.0,0.0,0.0,0.0,0.0,0.0,0.0,0.0,0.0,0.0,0.0,0.054045882,-3.11e-05,-0.861840722,0.186569985,0.000144239,-0.142830772,-0.15190578,-0.171216095,-0.051557857,0.644844277,-0.851672466
p05,1920,-0.06056286,0.128757163,-0.198024363,-0.814313996,0.0,-0.209539431,-8.82e-05,0.439864567,0.138430155,0.044852866,0.0,0.0,1.21e-08,0.0,0.0,0.0,5.34e-10,0.0,0.0,0.0,0.0,0.0,0.0,2.22e-09,1.96e-05,6.02e-06,1.76e-07,0.0,0.0,0.0,0.0,0.0,0.0,0.0,0.0,0.0,0.0,0.0,0.000116947,-1.78e-16,7.84e-15,3.73e-08,-8.04e-11,-1.08e-12,0.0,0.0,0.0,0.0,0.0,0.0,0.0,0.0,0.0,0.0,0.0,0.0,0.0,0.0,0.0,0.056103761,-3.19e-05,-0.919478504,0.190086266,0.00015823,-0.182536805,-0.031621406,-0.170827436,0.09394548,0.655626642,-0.904616602
p05,1921,-0.074307147,0.165800353,-0.167524609,-0.738203722,0.0,-0.211368417,-8.11e-05,0.44535686,0.141468526,0.045202833,0.0,0.0,1.23e-08,0.0,0.0,0.0,5.42e-10,0.0,0.0,0.0,0.0,0.0,0.0,2.26e-09,2.19e-05,6.74e-06,1.98e-07,0.0,0.0,0.0,0.0,0.0,0.0,0.0,0.0,0.0,0.0,0.0,0.000123615,9.8e-17,-3.15e-14,3.73e-08,1.22e-07,-1.08e-12,0.0,0.0,0.0,0.0,0.0,0.0,0.0,0.0,0.0,0.0,0.0,0.0,0.0,0.0,0.0,0.056402896,-3.27e-05,-0.825518941,0.193551376,0.000169969,-0.081909271,0.105678892,-0.174243915,0.121041951,0.665065406,-0.812896706
p05,1922,-0.095519503,0.171931161,-0.174146256,-0.742989667,0.0,-0.213205804,-8.1e-05,0.450700693,0.144397087,0.045617077,0.0,0.0,1.24e-08,0.0,0.0,0.0,5.5e-10,0.0,0.0,0.0,0.0,0.0,0.0,2.29e-09,2.28e-05,7.01e-06,2.06e-07,0.0,0.0,0.0,0.0,0.0,0.0,1.69e-07,0.0,0.0,0.0,0.0,0.000138572,-5.71e-16,2.49e-14,3.73e-08,4.63e-07,-1.08e-12,0.0,0.0,0.0,0.0,0.0,0.0,0.0,0.0,0.0,0.0,0.0,0.0,0.0,0.0,0.0,0.057348914,-3.35e-05,-0.835432947,0.197007464,0.00018794,-0.080739112,0.096574327,-0.175782636,0.107852475,0.674309665,-0.822496082
p05,1923,-0.100848289,0.172749068,-0.193044559,-0.827479522,0.0,-0.215056004,-9.47e-05,0.455736635,0.146945012,0.046540338,0.0,0.0,1.26e-08,0.0,0.0,0.0,5.57e-10,0.0,0.0,0.0,0.0,0.0,0.0,2.32e-09,2.44e-05,7.51e-06,2.2e-07,0.0,0.0,0.0,0.0,0.0,0.0,1.69e-07,0.0,0.0,0.0,0.0,0.000162561,3.13e-16,-1.03e-13,3.73e-08,9.87e-07,-1.08e-12,0.0,0.0,0.0,0.0,0.0,0.0,0.0,0.0,0.0,0.0,0.0,0.0,0.0,0.0,0.0,0.060955147,-3.41e-05,-0.927716966,0.20065339,0.000216572,-0.150770993,0.023278018,-0.174000093,0.103902678,0.683411935,-0.902376361
p05,1924,-0.087766953,0.036030852,-0.191688139,-0.803300971,0.0,-0.216925842,-9.02e-05,0.461291826,0.148766688,0.046978227,0.0,0.0,1.28e-08,0.0,0.0,0.0,5.65e-10,0.0,0.0,0.0,0.0,0.0,0.0,2.35e-09,2.74e-05,8.4e-06,2.47e-07,0.0,0.0,0.0,0.0,0.0,0.0,3.39e-07,0.0,0.0,0.0,0.0,0.000185011,-1.9e-15,8.39e-14,3.73e-08,1.66e-06,-1.07e-12,0.0,0.0,0.0,0.0,0.0,0.0,0.0,0.0,0.0,0.0,0.0,0.0,0.0,0.0,0.0,0.060345234,-3.46e-05,-0.904982296,0.203030423,0.00024684,-0.124016204,-0.116263923,-0.176604704,-0.040952919,0.691673474,-0.884734441
p05,1925,-0.057382208,0.11315203,-0.193338419,-0.809754386,0.0,-0.218775569,-9.16e-05,0.464051276,0.149908491,0.047139943,0.0,0.0,1.29e-08,0.0,0.0,0.0,5.73e-10,0.0,0.0,0.0,0.0,0.0,0.0,2.38e-09,3.07e-05,9.4e-06,2.76e-07,0.0,0.0,0.0,0.0,0.0,0.0,5.08e-07,0.0,0.0,0.0,0.0,0.000212491,1.08e-15,-3.58e-13,3.73e-08,2.43e-06,-1.08e-12,0.0,0.0,0.0,0.0,0.0,0.0,0.0,0.0,0.0,0.0,0.0,0.0,0.0,0.0,0.0,0.061357215,-3.49e-05,-0.911617611,0.204424386,0.000283115,-0.124578196,0.010942994,-0.178013387,0.080038162,0.696007684,-0.890133635
p05,1926,-0.033724692,-0.085187623,-0.198918793,-0.811236806,0.0,-0.220642192,-8.98e-05,0.466143062,0.150515253,0.047281867,0.0,0.0,1.31e-08,0.0,0.0,0.0,5.8e-10,0.0,0.0,0.0,0.0,0.0,0.0,2.42e-09,3.4e-05,1.04e-05,3.06e-07,0.0,0.0,0.0,0.0,0.0,0.0,8.47e-07,0.0,0.0,0.0,0.0,0.000247436,-6.7e-15,3e-13,3.73e-08,3.28e-06,-1.07e-12,0.0,0.0,0.0,0.0,0.0,0.0,0.0,0.0,0.0,0.0,0.0,0.0,0.0,0.0,0.0,0.061658937,-3.5e-05,-0.917813597,0.205260426,0.000327359,-0.128369128,-0.187117441,-0.180278619,-0.104790739,0.69904877,-0.897503457
p05,1927,-0.015038373,0.064568399,-0.211657828,-0.842520161,0.0,-0.222505709,-9.32e-05,0.469533526,0.151428016,0.047447099,0.0,0.0,1.33e-08,0.0,0.0,0.0,5.88e-10,0.0,0.0,0.0,0.0,0.0,0.0,2.45e-09,3.76e-05,1.15e-05,3.38e-07,0.0,0.0,0.0,0.0,0.0,0.0,1.02e-06,0.0,0.0,0.0,0.0,0.000271202,3.92e-15,-1.32e-12,3.73e-08,4.17e-06,-1.08e-12,0.0,0.0,0.0,0.0,0.0,0.0,0.0,0.0,0.0,0.0,0.0,0.0,0.0,0.0,0.0,0.063524525,-3.53e-05,-0.957664399,0.206419565,0.000360953,-0.159052987,-0.042742012,-0.18117066,0.066817422,0.703761679,-0.933367057
p05,1928,-0.018567952,0.155772645,-0.213826583,-0.839096198,0.0,-0.224435477,-9.09e-05,0.471797344,0.153469885,0.047746823,0.0,0.0,1.35e-08,0.0,0.0,0.0,5.95e-10,0.0,0.0,0.0,0.0,0.0,0.0,2.48e-09,4.17e-05,1.27e-05,3.74e-07,0.0,0.0,0.0,0.0,0.0,0.0,1.36e-06,0.0,0.0,0.0,0.0,0.000304954,-2.52e-14,1.14e-12,3.73e-08,5.05e-06,-1.07e-12,0.0,0.0,0.0,0.0,0.0,0.0,0.0,0.0,0.0,0.0,0.0,0.0,0.0,0.0,0.0,0.064430224,-3.58e-05,-0.956651925,0.20886293,0.000405551,-0.153810492,0.07841873,-0.183391832,0.167084254,0.708802839,-0.933111678
p05,1929,-0.040168518,0.164755905,-0.230281337,-0.875138849,0.0,-0.226350932,-9.34e-05,0.474282179,0.155986863,0.047938095,0.0,9.77e-08,1.36e-08,0.0,0.0,0.0,6.03e-10,0.0,0.0,0.0,0.0,0.0,0.0,2.51e-09,4.65e-05,1.42e-05,4.17e-07,0.0,0.0,0.0,0.0,0.0,0.0,1.52e-06,0.0,0.0,0.0,0.0,0.000354863,1.52e-14,-5.07e-12,3.73e-08,5.89e-06,-1.09e-12,0.0,0.0,0.0,0.0,0.0,0.0,0.0,0.0,0.0,0.0,0.0,0.0,0.0,0.0,0.0,0.066332938,-3.64e-05,-1.004728814,0.211716302,0.000467879,-0.190858904,0.02959984,-0.184392347,0.154165405,0.714418178,-0.97655702
p05,1930,-0.050304288,0.168351243,-0.216240684,-0.854042635,0.0,-0.228121648,-9.1e-05,0.476116827,0.158479069,0.0480958,0.0,5.95e-07,1.38e-08,0.0,0.0,0.0,6.11e-10,0.0,0.0,0.0,0.0,0.0,0.0,2.54e-09,5.16e-05,1.57e-05,4.63e-07,0.0,0.0,0.0,2.42e-07,0.0,0.0,1.86e-06,0.0,0.0,0.0,0.0,0.000410312,-1e-13,3.19e-12,3.73e-08,6.65e-06,-1.04e-12,0.0,0.0,0.0,0.0,0.0,0.0,0.0,0.0,0.0,0.0,0.0,0.0,0.0,0.0,0.0,0.067410451,-3.71e-05,-0.973325522,0.214491189,0.0005374,-0.154992795,0.060305672,-0.186532056,0.147913007,0.719392529,-0.944993109
p05,1931,-0.073314996,0.158992215,-0.187702198,-0.76381093,9.83e-06,-0.229731019,-8.09e-05,0.479168014,0.160492788,0.04867911,0.0,1.6e-07,1.4e-08,0.0,0.0,0.0,6.18e-10,0.0,0.0,0.0,0.0,0.0,0.0,2.57e-09,5.62e-05,1.7e-05,5.03e-07,0.0,0.0,0.0,3.9e-06,0.0,0.0,2.2e-06,0.0,0.0,0.0,0.0,0.000475287,6.25e-14,1.76e-08,3.73e-08,7.4e-06,-1.15e-12,0.0,0.0,0.0,0.0,0.0,0.0,0.0,0.0,0.0,0.0,0.0,0.0,0.0,0.0,0.0,0.065293596,-3.76e-05,-0.866746798,0.217302931,0.000619394,-0.051952101,0.129911861,-0.190625037,0.115284358,0.725544333,-0.848561292
p05,1932,-0.088929062,0.091698348,-0.167996122,-0.733121158,1.97e-05,-0.231376852,-7.95e-05,0.483308653,0.162345238,0.048993619,0.0,7.71e-08,1.42e-08,0.0,0.0,0.0,6.26e-10,0.0,0.0,0.0,0.0,0.0,0.0,2.61e-09,5.96e-05,1.8e-05,5.33e-07,0.0,0.0,0.0,1.38e-05,0.0,0.0,2.54e-06,0.0,0.0,0.0,0.0,0.000535357,-4.26e-13,1.01e-07,3.73e-08,8.17e-06,-9.13e-13,0.0,0.0,0.0,0.0,0.0,0.0,0.0,0.0,0.0,0.0,0.0,0.0,0.0,0.0,0.0,0.066176226,-3.81e-05,-0.823070031,0.219639226,0.000705165,-0.000398562,0.080091045,-0.192360646,0.024985115,0.732315484,-0.805005835
p05,1933,-0.098641317,-0.204434513,-0.177308747,-0.744862067,2.95e-05,-0.233013393,-7.91e-05,0.488045766,0.164237944,0.049463334,0.0,8.38e-08,1.43e-08,0.0,0.0,0.0,6.34e-10,0.0,0.0,0.0,0.0,0.0,0.0,2.64e-09,6.16e-05,1.86e-05,5.51e-07,0.0,0.0,0.0,2.3e-05,0.0,0.0,2.88e-06,0.0,0.0,0.0,0.0,0.000600708,2.73e-13,2.11e-07,3.73e-08,8.98e-06,-1.43e-12,0.0,0.0,0.0,0.0,0.0,0.0,0.0,0.0,0.0,0.0,0.0,0.0,0.0,0.0,0.0,0.066477247,-3.86e-05,-0.840152809,0.222207201,0.000792419,-0.0112421,-0.225711044,-0.193872483,-0.275845174,0.7399387,-0.823132496
p05,1934,-0.090819907,0.078162292,-0.197719816,-0.805157559,3.93e-05,-0.234661475,-8.56e-05,0.493946455,0.166394399,0.049770118,0.0,9.11e-08,1.45e-08,0.0,0.0,0.0,6.41e-10,0.0,0.0,0.0,0.0,0.0,0.0,2.67e-09,6.37e-05,1.92e-05,5.69e-07,0.0,0.0,0.0,3.22e-05,0.0,0.0,3.39e-06,9.95e-08,0.0,0.0,0.0,0.000676134,-1.92e-12,3.17e-07,3.73e-08,9.81e-06,-3.01e-13,0.0,0.0,0.0,0.0,0.0,0.0,0.0,0.0,0.0,0.0,0.0,0.0,0.0,0.0,0.0,0.069113638,-3.92e-05,-0.912830385,0.224879286,0.000889939,-0.067203959,-0.004345973,-0.19361221,0.007229751,0.748862697,-0.888774721
p05,1935,-0.05555398,0.156146509,-0.21253562,-0.829123739,4.92e-05,-0.23633544,-8.65e-05,0.500770338,0.168577277,0.050149582,0.0,9.9e-08,1.47e-08,0.0,0.0,0.0,6.49e-10,0.0,0.0,0.0,0.0,0.0,0.0,2.7e-09,6.65e-05,2e-05,5.94e-07,0.0,0.0,0.0,4.15e-05,0.0,0.0,3.73e-06,2.49e-06,0.0,0.0,0.0,0.000769203,1.27e-12,4.23e-07,3.73e-08,1.07e-05,-2.8e-12,0.0,0.0,0.0,0.0,0.0,0.0,0.0,0.0,0.0,0.0,0.0,0.0,0.0,0.0,0.0,0.070164563,-3.97e-05,-0.94696108,0.22767786,0.001010027,-0.087928714,0.106929164,-0.194756593,0.129911652,0.758886781,-0.920383762
p05,1936,0.001501953,0.168803799,-0.22957524,-0.881042518,5.9e-05,-0.238004364,-9.32e-05,0.512978881,0.170524298,0.05065031,0.0,1.08e-07,1.48e-08,0.0,0.0,0.0,6.57e-10,0.0,0.0,0.0,0.0,0.0,0.0,2.73e-09,7.11e-05,2.13e-05,6.34e-07,0.0,0.0,0.0,5.07e-05,0.0,0.0,4.07e-06,1.04e-05,0.0,0.0,0.0,0.000887624,-9.23e-12,5.28e-07,3.73e-08,1.16e-05,1.24e-12,0.0,0.0,0.0,0.0,0.0,0.0,0.0,0.0,0.0,0.0,0.0,0.0,0.0,0.0,0.0,0.072927124,-4.02e-05,-1.010341053,0.230434076,0.001168472,-0.126197839,0.151438709,-0.194425791,0.204124903,0.774287596,-0.975476182
p05,1937,0.01553797,0.164170012,-0.2459897,-0.903034966,6.88e-05,-0.239693214,-9.35e-05,0.52464144,0.17235927,0.051285181,0.0,1.17e-07,1.5e-08,0.0,0.0,0.0,6.64e-10,0.0,0.0,0.0,0.0,0.0,0.0,2.77e-09,7.72e-05,2.3e-05,6.89e-07,0.0,0.0,0.0,5.99e-05,0.0,0.0,4.4e-06,1.83e-05,0.0,0.0,0.0,0.001016006,6.3e-12,6.34e-07,3.74e-08,1.26e-05,-1.01e-11,0.0,0.0,0.0,0.0,0.0,0.0,0.0,0.0,0.0,0.0,0.0,0.0,0.0,0.0,0.0,0.073969178,-4.07e-05,-1.044952319,0.23325442,0.001341081,-0.142069312,0.148733872,-0.195873574,0.214498199,0.789285528,-1.009124864
p05,1938,0.007249425,0.165665792,-0.22721971,-0.849141974,7.86e-05,-0.241459277,-8.74e-05,0.532803322,0.174116418,0.052030111,0.0,1.27e-07,1.52e-08,0.0,0.0,0.0,6.72e-10,0.0,0.0,0.0,0.0,0.0,0.0,2.8e-09,8.52e-05,2.52e-05,7.6e-07,0.0,0.0,0.0,6.91e-05,0.0,0.0,4.74e-06,2.61e-05,0.0,0.0,0.0,0.001142114,-4.71e-11,7.4e-07,3.72e-08,1.36e-05,8.74e-12,0.0,0.0,0.0,0.0,0.0,0.0,0.0,0.0,0.0,0.0,0.0,0.0,0.0,0.0,0.0,0.072962673,-4.12e-05,-0.97957088,0.236125088,0.001514729,-0.070774834,0.210653752,-0.199040504,0.207274139,0.800666478,-0.94997208
p05,1939,-0.004712743,0.16960839,-0.245292328,-0.900294223,8.85e-05,-0.243200336,-9.29e-05,0.541375292,0.176670261,0.052637975,0.0,1.38e-07,1.54e-08,0.0,0.0,0.0,6.79e-10,0.0,0.0,0.0,0.0,0.0,0.0,2.83e-09,9.44e-05,2.77e-05,8.4e-07,0.0,0.0,0.0,7.83e-05,8.51e-08,0.0,5.08e-06,3.4e-05,0.0,0.0,0.0,0.00127517,3.31e-11,8.45e-07,3.75e-08,1.46e-05,-5.21e-11,0.0,0.0,0.0,0.0,0.0,0.0,0.0,0.0,0.0,0.0,0.0,0.0,0.0,0.0,0.0,0.07572443,-4.19e-05,-1.042517899,0.239652437,0.001697045,-0.112965742,0.158742185,-0.198968009,0.198464036,0.813247203,-1.005626292
p05,1940,-0.02005255,0.17032588,-0.268938163,-0.937918868,9.83e-05,-0.243625435,-9.39e-05,0.549136742,0.177971635,0.053359063,0.0,1.5e-07,1.55e-08,0.0,0.0,0.0,6.87e-10,0.0,0.0,0.0,0.0,0.0,0.0,2.86e-09,0.000105376,3.07e-05,9.38e-07,0.0,0.0,0.0,8.75e-05,1.77e-06,0.0,5.42e-06,4.18e-05,0.0,0.0,0.0,0.001429105,-2.56e-10,9.51e-07,3.68e-08,1.58e-05,7.68e-11,0.0,0.0,0.0,0.0,0.0,0.0,0.0,0.0,0.0,0.0,0.0,0.0,0.0,0.0,0.0,0.07659258,-4.22e-05,-1.094247162,0.242039326,0.001907625,-0.150360059,0.10362201,-0.198947323,0.182518223,0.823771025,-1.055114282
p05,1941,-0.033929015,0.170321645,-0.278739165,-0.957765513,0.000105967,-0.242715197,-9.57e-05,0.556076582,0.179234007,0.054119489,0.0,1.63e-07,1.57e-08,0.0,0.0,0.0,6.95e-10,0.0,0.0,0.0,0.0,0.0,0.0,2.89e-09,0.000116562,3.37e-05,1.04e-06,0.0,0.0,0.0,9.67e-05,9.23e-06,0.0,5.59e-06,4.96e-05,0.0,0.0,0.0,0.001610086,1.88e-10,1.06e-06,1.78e-07,1.69e-05,1.41e-06,0.0,0.0,0.0,0.0,0.0,0.0,0.0,0.0,0.0,0.0,0.0,0.0,0.0,0.0,0.0,0.077496703,-4.26e-05,-1.119691271,0.244539481,0.002157829,-0.161476867,0.076183472,-0.197481258,0.167931649,0.833482582,-1.076810793
p05,1942,-0.060648311,0.170197503,-0.28670309,-0.983511774,0.000114904,-0.24173894,-9.94e-05,0.561558614,0.181233071,0.054965343,0.0,1.77e-07,1.59e-08,0.0,0.0,0.0,7.02e-10,0.0,0.0,0.0,0.0,0.0,0.0,2.92e-09,0.000131429,3.76e-05,1.17e-06,0.0,0.0,0.0,0.000105946,2.16e-05,0.0,5.93e-06,5.75e-05,0.0,0.0,0.0,0.001838514,-1.85e-09,1.16e-06,6e-07,1.82e-05,2.59e-06,0.0,0.0,0.0,0.0,0.0,0.0,0.0,0.0,0.0,0.0,0.0,0.0,0.0,0.0,0.0,0.078588043,-4.31e-05,-1.151155965,0.247942915,0.00247102,-0.178147259,0.032947797,-0.195497105,0.140750217,0.842717114,-1.103875174
p05,1943,-0.086633449,0.035637119,-0.289773598,-0.989934397,0.000123841,-0.240821348,-0.000100514,0.564807337,0.18302753,0.056931287,0.0,1.93e-07,1.61e-08,0.0,0.0,0.0,7.1e-10,0.0,0.0,0.0,0.0,0.0,0.0,2.96e-09,0.000150775,4.27e-05,1.35e-06,0.0,0.0,0.0,0.000115159,3.88e-05,0.0,6.1e-06,6.53e-05,0.0,0.0,0.0,0.002110164,2.03e-06,1.27e-06,1.3e-06,1.94e-05,3.55e-06,0.0,0.0,0.0,0.0,0.0,0.0,0.0,0.0,0.0,0.0,0.0,0.0,0.0,0.0,0.0,0.080018774,-4.36e-05,-1.158562864,0.252525219,0.00284881,-0.17229817,-0.163573724,-0.194154536,-0.04040755,0.850864573,-1.106964564
p05,1944,-0.088752431,0.072166887,-0.282175193,-0.97832492,0.000134055,-0.23994412,-0.000100933,0.565022139,0.184478942,0.057611649,0.0,2.1e-07,1.62e-08,0.0,0.0,0.0,7.18e-10,0.0,0.0,0.0,0.0,0.0,0.0,2.99e-09,0.000176696,4.92e-05,1.58e-06,0.0,4.23e-06,0.0,0.000124372,6.09e-05,0.0,6.27e-06,7.31e-05,0.0,0.0,0.0,0.002422146,8.14e-06,1.37e-06,2.25e-06,2.08e-05,4.27e-06,0.0,0.0,0.0,0.0,0.0,0.0,0.0,0.0,0.0,0.0,0.0,0.0,0.0,0.0,0.0,0.081418396,-4.4e-05,-1.142802965,0.255399582,0.003303465,-0.149686172,-0.09389489,-0.19301768,0.002359211,0.85408733,-1.088001224
p05,1945,-0.047638747,0.143567903,-0.243981499,-0.88818706,0.000144269,-0.239102931,-9.19e-05,0.564443589,0.185702817,0.058316791,0.0,2.28e-07,1.64e-08,0.0,0.0,0.0,7.25e-10,0.0,0.0,0.0,0.0,0.0,0.0,3.02e-09,0.000195003,5.37e-05,1.75e-06,0.0,9.19e-05,8.67e-07,0.000133585,8.78e-05,0.0,6.44e-06,8.1e-05,0.0,0.0,0.0,0.002629358,1.36e-05,1.48e-06,3.46e-06,2.22e-05,4.84e-06,0.0,0.0,0.0,0.0,0.0,0.0,0.0,0.0,0.0,0.0,0.0,0.0,0.0,0.0,0.0,0.081011356,-4.43e-05,-1.02957709,0.258016674,0.003784192,-0.041168303,0.148932756,-0.194363386,0.124978501,0.856285909,-0.980659001
p05,1946,-0.011864391,0.16328221,-0.236605404,-0.870441092,0.000157036,-0.238291172,-9.09e-05,0.564378737,0.187442217,0.058937637,0.0,2.48e-07,1.66e-08,0.0,0.0,0.0,7.33e-10,0.0,0.0,0.0,0.0,0.0,0.0,3.05e-09,0.000200647,5.5e-05,1.8e-06,0.0,0.000356442,1.49e-05,0.000142797,0.000119514,0.0,6.61e-06,8.88e-05,0.0,0.0,0.0,0.002791971,1.9e-05,1.58e-06,4.9e-06,2.38e-05,5.08e-06,0.0,0.0,0.0,0.0,0.0,0.0,0.0,0.0,0.0,0.0,0.0,0.0,0.0,0.0,0.0,0.080842241,-4.48e-05,-1.005822302,0.261275498,0.004502264,-0.014286005,0.241179497,-0.193597929,0.184262302,0.859614375,-0.956967453
p05,1947,0.011925519,0.087873381,-0.262078237,-0.916115067,0.000168526,-0.237522011,-9.24e-05,0.565730693,0.189834946,0.059204096,0.0,2.69e-07,1.67e-08,0.0,0.0,0.0,7.4e-10,0.0,0.0,0.0,0.0,0.0,0.0,3.08e-09,0.000207156,5.65e-05,1.86e-06,0.0,0.000617786,5.37e-05,0.00015201,0.000156019,0.0,6.61e-06,9.67e-05,0.0,0.0,0.0,0.002951871,2.45e-05,1.69e-06,6.58e-06,2.54e-05,5.17e-06,0.0,0.0,0.0,0.0,0.0,0.0,0.0,0.0,0.0,0.0,0.0,0.0,0.0,0.0,0.0,0.08315645,-4.54e-05,-1.06687066,0.264860552,0.005242696,-0.063931635,0.125439281,-0.192295135,0.122849951,0.864857789,-1.012052844
p05,1948,0.021847265,0.112286292,-0.273935047,-0.949898767,0.00018257,-0.236716017,-9.7e-05,0.566133804,0.19222517,0.059352598,0.0,2.93e-07,1.69e-08,0.0,0.0,0.0,7.48e-10,0.0,0.0,0.0,0.0,0.0,0.0,3.11e-09,0.000217387,5.88e-05,1.96e-06,0.0,0.000877102,8.95e-05,0.000161223,0.000197734,0.0,6.61e-06,0.000104495,0.0,0.0,0.0,0.003151272,2.99e-05,1.8e-06,8.47e-06,2.71e-05,5.18e-06,0.0,0.0,0.0,0.0,0.0,0.0,0.0,0.0,0.0,0.0,0.0,0.0,0.0,0.0,0.0,0.086279984,-4.61e-05,-1.109017235,0.268416182,0.006023322,-0.091764963,0.143541409,-0.190172648,0.162367061,0.869033406,-1.045172569
p05,1949,0.009083898,0.157559286,-0.270553693,-0.939285901,0.000196614,-0.236051319,-9.35e-05,0.5677192,0.194103809,0.059493525,0.0,3.18e-07,1.71e-08,0.0,0.0,0.0,7.56e-10,0.0,0.0,0.0,0.0,0.0,9.51e-08,3.15e-09,0.000228477,6.13e-05,2.06e-06,0.0,0.001136418,0.000125357,0.000170436,0.000239931,0.0,6.61e-06,0.000112333,0.0,0.0,0.0,0.003369835,3.53e-05,1.9e-06,1.06e-05,2.88e-05,5.04e-06,0.0,0.0,0.0,0.0,0.0,0.0,0.0,0.0,0.0,0.0,0.0,0.0,0.0,0.0,0.0,0.085973387,-4.66e-05,-1.097956268,0.271467142,0.006817858,-0.075972983,0.200846678,-0.190164848,0.201075556,0.873925151,-1.034634899
p05,1950,-0.01981894,0.166661666,-0.292825671,-1.002540311,0.000213211,-0.236950686,-0.000100892,0.570516896,0.195480892,0.059935533,0.0,3.56e-07,1.73e-08,0.0,0.0,0.0,7.63e-10,0.0,0.0,0.0,0.0,0.0,6.66e-07,3.18e-09,0.000238606,6.34e-05,2.16e-06,0.0,0.001390775,0.000160075,0.000179648,0.000284139,0.0,6.61e-06,0.000121149,0.0,0.0,0.0,0.003604279,4.07e-05,2.01e-06,1.29e-05,3.07e-05,4.72e-06,0.0,0.0,0.0,0.0,0.0,0.0,0.0,0.0,0.0,0.0,0.0,0.0,0.0,0.0,0.0,0.090038146,-4.7e-05,-1.175125111,0.27436036,0.007621838,-0.137265296,0.114394949,-0.189120171,0.179736451,0.879790361,-1.101872789
p05,1951,-0.044887775,0.147166173,-0.305343833,-0.992406173,0.000229808,-0.239559867,-9.4e-05,0.57337492,0.197457117,0.060314514,0.0,8.02e-07,1.74e-08,0.0,0.0,0.0,7.71e-10,0.0,0.0,0.0,0.0,0.0,1.89e-06,3.21e-09,0.000249438,6.56e-05,2.27e-06,0.0,0.001694349,0.000205377,0.000188756,0.000332525,0.0,6.61e-06,0.000122128,0.0,0.0,0.0,0.00381571,4.64e-05,2.11e-06,1.54e-05,3.27e-05,4.33e-06,0.0,0.0,0.0,0.0,0.0,0.0,0.0,0.0,0.0,0.0,0.0,0.0,0.0,0.0,0.0,0.089107054,-4.75e-05,-1.173527614,0.277796521,0.00848605,-0.134701244,0.066281824,-0.192953166,0.132245686,0.886395932,-1.106708132
p05,1952,-0.068853763,0.147611824,-0.314852853,-1.014242115,0.000247682,-0.242077526,-9.55e-05,0.578327701,0.199629412,0.060824967,0.0,2.43e-06,1.76e-08,0.0,0.0,0.0,7.79e-10,0.0,0.0,0.0,0.0,0.0,5.19e-06,3.24e-09,0.000261609,6.79e-05,2.39e-06,0.0,0.002058056,0.000278293,0.00019887,0.000380325,0.0,6.61e-06,0.000120169,0.0,0.0,0.0,0.00393012,5.26e-05,2.22e-06,1.8e-05,3.48e-05,4.07e-06,0.0,0.0,0.0,0.0,0.0,0.0,0.0,0.0,0.0,0.0,0.0,0.0,0.0,0.0,0.0,0.091061637,-4.81e-05,-1.202176435,0.281570058,0.009365119,-0.150552251,0.027395261,-0.194686626,0.108784477,0.89551744,-1.131851241
p05,1953,-0.086683883,0.15747288,-0.324788476,-1.039265812,0.00026811,-0.244396584,-9.8e-05,0.584205436,0.203188363,0.061764204,0.0,5.42e-06,1.78e-08,0.0,0.0,0.0,7.86e-10,0.0,0.0,0.0,0.0,0.0,8.65e-06,3.27e-09,0.000274056,7.02e-05,2.51e-06,0.0,0.002443527,0.000381336,0.000209853,0.000429316,0.0,6.61e-06,0.000120986,0.0,0.0,4.6e-08,0.00406676,5.91e-05,2.34e-06,2.09e-05,3.7e-05,3.74e-06,0.0,0.0,0.0,0.0,0.0,0.0,0.0,0.0,0.0,0.0,0.0,0.0,0.0,0.0,0.0,0.094094533,-4.91e-05,-1.235739715,0.287361871,0.01035191,-0.164129409,0.010941632,-0.195915813,0.102278289,0.907729823,-1.158843333
p05,1954,-0.097830525,0.16382806,-0.33299284,-1.056234784,0.000289814,-0.246891212,-9.99e-05,0.589720898,0.207522902,0.062412558,0.0,9.57e-06,1.8e-08,0.0,0.0,0.0,7.94e-10,0.0,0.0,0.0,0.0,0.0,1.21e-05,3.31e-09,0.000287686,7.24e-05,2.64e-06,0.0,0.002877305,0.000512808,0.000222576,0.000478191,0.0,6.61e-06,0.000125884,0.0,0.0,6.89e-07,0.004218217,6.85e-05,2.46e-06,2.42e-05,3.94e-05,3.47e-06,0.0,0.0,0.0,0.0,0.0,0.0,0.0,0.0,0.0,0.0,0.0,0.0,0.0,0.0,0.0,0.096256482,-5.03e-05,-1.257583545,0.293823079,0.011469852,-0.16851103,0.005432439,-0.197471418,0.098747597,0.920334071,-1.176896384
p05,1955,-0.074857635,0.163345581,-0.361141281,-1.109613773,0.000312795,-0.249514689,-0.000102956,0.594533799,0.212279288,0.063305986,0.0,1.48e-05,1.81e-08,0.0,0.0,0.0,8.02e-10,0.0,0.0,0.0,0.0,0.0,1.56e-05,3.34e-09,0.00030146,7.46e-05,2.78e-06,0.0,0.003364493,0.00067473,0.000238379,0.000527066,0.0,6.61e-06,0.000137654,0.0,0.0,4.27e-06,0.004383877,7.89e-05,2.58e-06,2.78e-05,4.2e-05,3.2e-06,0.0,0.0,0.0,0.0,0.0,0.0,0.0,0.0,0.0,0.0,0.0,0.0,0.0,0.0,0.0,0.100120179,-5.16e-05,-1.328505974,0.301143752,0.012724306,-0.218067003,-0.024301953,-0.19880506,0.120297931,0.933122072,-1.240105868
p05,1956,-0.010372739,0.062300622,-0.388883991,-1.178879861,0.000338329,-0.251841617,-0.000111844,0.598769477,0.217867093,0.064336337,0.0,2.12e-05,1.83e-08,0.0,0.0,0.0,8.09e-10,0.0,0.0,0.0,0.0,0.0,1.9e-05,3.37e-09,0.00031524,7.65e-05,2.91e-06,0.0,0.003923986,0.000877622,0.000255784,0.000576181,0.0,6.61e-06,0.000154915,0.0,0.0,1.14e-05,0.004563334,8.69e-05,2.69e-06,3.15e-05,4.46e-05,2.92e-06,0.0,0.0,0.0,0.0,0.0,0.0,0.0,0.0,0.0,0.0,0.0,0.0,0.0,0.0,0.0,0.10514091,-5.31e-05,-1.416325215,0.309660397,0.014154793,-0.277564093,-0.14818439,-0.198636995,0.069239572,0.94659525,-1.315369899
p05,1957,0.030756063,0.06196658,-0.401957249,-1.219864582,0.00036514,-0.254013202,-0.000118669,0.603172172,0.22351216,0.065310685,0.0,2.87e-05,1.85e-08,0.0,0.0,0.0,8.17e-10,0.0,0.0,0.0,0.0,0.0,2.25e-05,3.4e-09,0.000328443,7.82e-05,3.03e-06,0.0,0.004571274,0.001117342,0.000275917,0.0006229,0.0,6.61e-06,0.000175873,0.0,0.0,2.23e-05,0.004755431,9.5e-05,2.81e-06,3.53e-05,4.75e-05,2.75e-06,0.0,0.0,0.0,0.0,0.0,0.0,0.0,0.0,0.0,0.0,0.0,0.0,0.0,0.0,0.0,0.109241243,-5.47e-05,-1.465554939,0.318399807,0.015765163,-0.302256113,-0.117722753,-0.198728083,0.110738786,0.960513818,-1.355213465
p05,1958,0.028131606,0.140757248,-0.402864725,-1.205319553,0.000394504,-0.255270325,-0.000117015,0.608482536,0.227947228,0.06609305,0.0,3.72e-05,1.86e-08,0.0,0.0,0.0,8.24e-10,0.0,0.0,0.0,0.0,0.0,2.6e-05,3.43e-09,0.000340152,7.95e-05,3.13e-06,0.0,0.005270077,0.001355128,0.000299872,0.000670257,0.0,6.61e-06,0.000206977,0.0,0.0,3.48e-05,0.004959649,0.000103328,2.93e-06,3.93e-05,5.04e-05,2.56e-06,0.0,0.0,0.0,0.0,0.0,0.0,0.0,0.0,0.0,0.0,0.0,0.0,0.0,0.0,0.0,0.107903989,-5.6e-05,-1.448681831,0.325842167,0.017459033,-0.2761767,0.010706648,-0.19983717,0.202886742,0.973856866,-1.341890414
p05,1959,0.000573459,0.162629091,-0.420685337,-1.239606143,0.000425145,-0.256127577,-0.000120091,0.615469005,0.231706896,0.066741869,0.0,4.68e-05,1.88e-08,0.0,0.0,0.0,8.32e-10,0.0,0.0,0.0,0.0,0.0,2.94e-05,3.46e-09,0.000351548,8.07e-05,3.22e-06,0.0,0.006016365,0.001575375,0.00032751,0.000714263,0.0,6.94e-06,0.000248964,0.0,0.0,4.9e-05,0.00517618,0.000111724,3.05e-06,4.35e-05,5.34e-05,2.38e-06,0.0,0.0,0.0,0.0,0.0,0.0,0.0,0.0,0.0,0.0,0.0,0.0,0.0,0.0,0.0,0.109422816,-5.71e-05,-1.494581684,0.332510992,0.019215464,-0.300908037,-0.022522923,-0.199507715,0.198213153,0.988202032,-1.382181935
p05,1960,-0.014826473,0.166783821,-0.444903803,-1.28805223,0.000459617,-0.257175923,-0.000124593,0.627924682,0.234276612,0.067636753,0.0,5.74e-05,1.9e-08,0.0,0.0,0.0,8.4e-10,0.0,0.0,0.0,0.0,0.0,3.29e-05,4.57e-09,0.000364379,8.2e-05,3.32e-06,2.16e-09,0.006887212,0.001833248,0.000358734,0.000754911,0.0,7.62e-06,0.000293814,0.0,0.0,6.73e-05,0.005403776,0.00012014,3.18e-06,4.8e-05,5.66e-05,2.2e-06,2.22e-10,1.33e-09,0.0,0.0,0.0,0.0,0.0,0.0,0.0,0.0,0.0,0.0,0.0,0.0,0.0,0.111896627,-5.78e-05,-1.557586093,0.338621493,0.021189187,-0.334788989,-0.070822536,-0.199109015,0.186286426,1.007305416,-1.439312743
p05,1961,-0.059665878,0.167366762,-0.460113181,-1.316718961,0.000533553,-0.257961643,-0.00012471,0.638140601,0.236288038,0.068603007,0.0,6.89e-05,1.92e-08,0.0,0.0,0.0,8.47e-10,0.0,0.0,0.0,0.0,0.0,3.81e-05,4.82e-08,0.000377823,8.32e-05,3.4e-06,3.33e-07,0.007896433,0.002179001,0.000394531,0.000798036,0.0,8.98e-06,0.000344527,0.0,0.0,8.62e-05,0.005642772,0.000128421,3.31e-06,5.26e-05,5.98e-05,2.02e-06,1.78e-09,1.07e-08,0.0,0.0,0.0,0.0,0.0,0.0,0.0,0.0,0.0,0.0,0.0,0.0,0.0,0.115629984,-5.84e-05,-1.598769108,0.344561352,0.023488401,-0.353193368,-0.137654664,-0.19946047,0.14005721,1.023964334,-1.475828884
p05,1962,-0.084889839,0.16733476,-0.472144527,-1.333018829,0.000619798,-0.259404658,-0.000124821,0.649425488,0.241210409,0.069626196,0.0,8.14e-05,1.93e-08,0.0,0.0,0.0,8.55e-10,0.0,0.0,0.0,0.0,0.0,4.5e-05,1.16e-07,0.000391249,8.43e-05,3.48e-06,1.3e-06,0.00903832,0.00262169,0.000435889,0.000843077,0.0,1.12e-05,0.000408726,0.0,0.0,0.000109607,0.005891075,0.00013644,3.45e-06,5.74e-05,6.31e-05,1.83e-06,3.56e-09,2.13e-08,0.0,0.0,0.0,0.0,0.0,0.0,0.0,0.0,0.0,0.0,0.0,0.0,0.0,0.117355465,-5.98e-05,-1.622028059,0.353982388,0.02612,-0.348519934,-0.157152436,-0.200082651,0.115475235,1.045550786,-1.495601583
p05,1963,-0.093657998,-0.832115286,-0.501691436,-1.404162413,0.000687985,-0.260879673,-0.000132262,0.658560103,0.248003742,0.070756398,0.0,9.49e-05,1.95e-08,0.0,0.0,0.0,8.63e-10,0.0,0.0,0.0,0.0,0.0,5.37e-05,1.96e-07,0.000405581,8.55e-05,3.56e-06,2.85e-06,0.010373649,0.003172739,0.000483765,0.00088856,2.14e-08,1.44e-05,0.000490306,0.0,0.0,0.000138844,0.006145077,0.000144091,3.59e-06,6.24e-05,6.65e-05,1.65e-06,5.34e-09,4.01e-08,0.0,0.0,0.0,0.0,0.0,0.0,0.0,0.0,0.0,0.0,0.0,0.0,0.0,0.124857435,-6.18e-05,-1.715616015,0.365940315,0.029186545,-0.400367938,-1.123824869,-0.199128094,-0.876345346,1.06759555,-1.57100346
p05,1964,-0.096861009,-0.685407155,-0.520669034,-1.414513382,0.000755007,-0.261786905,-0.000125619,0.668854897,0.25413722,0.071815461,0.0,0.000109261,1.97e-08,0.0,0.0,0.0,8.7e-10,0.0,0.0,0.0,0.0,0.0,6.23e-05,2.93e-07,0.000420586,8.67e-05,3.63e-06,4.93e-06,0.011941578,0.00383616,0.000537951,0.000934841,5.2e-07,1.91e-05,0.000588147,0.0,0.0,0.000168197,0.006406202,0.000151257,3.74e-06,6.75e-05,6.99e-05,1.47e-06,7.11e-09,6.15e-08,0.0,0.0,0.0,0.0,0.0,0.0,0.0,0.0,0.0,0.0,0.0,0.0,0.0,0.125432349,-6.36e-05,-1.736334613,0.377794642,0.032710685,-0.395956714,-0.996659748,-0.200563861,-0.734194144,1.090679591,-1.590865778
p05,1965,-0.091984232,0.041888994,-0.537289909,-1.442025367,0.000844904,-0.262676788,-0.00012604,0.676081959,0.259166076,0.072885136,0.0,0.000124515,1.99e-08,0.0,0.0,0.0,8.78e-10,0.0,0.0,0.0,0.0,0.0,6.92e-05,4.17e-07,0.000437866,8.8e-05,3.7e-06,7.5e-06,0.013734828,0.004604072,0.000600298,0.000984241,2.87e-06,2.54e-05,0.000704179,0.0,0.0,0.000204916,0.006665213,0.000157867,3.87e-06,7.26e-05,7.34e-05,1.26e-06,1.03e-08,8.79e-08,0.0,3.12e-09,0.0,0.0,6.3e-09,7.1e-09,0.0,0.0,0.0,0.0,0.0,0.0,0.0,0.129448381,-6.5e-05,-1.775734611,0.389013202,0.036663202,-0.406588271,-0.389401238,-0.200629828,-0.037733204,1.109932245,-1.622906265
p05,1966,-0.064955685,0.127570597,-0.551154754,-1.463617185,0.000956899,-0.263408245,-0.000126554,0.692137721,0.26324794,0.074098124,0.0,0.000140633,2e-08,0.0,0.0,0.0,8.86e-10,0.0,0.0,0.0,0.0,0.0,7.62e-05,5.69e-07,0.00045648,8.94e-05,3.78e-06,1.05e-05,0.015743748,0.005462562,0.000673114,0.001037562,5.9e-06,3.3e-05,0.000845434,0.0,0.0,0.00026228,0.006913567,0.00016387,4.01e-06,7.79e-05,7.69e-05,1.2e-06,2.19e-08,3.45e-07,0.0,3.73e-08,0.0,0.0,5.47e-08,6.5e-08,0.0,0.0,0.0,0.0,0.0,0.0,0.0,0.131777096,-6.62e-05,-1.806863399,0.400002025,0.041105802,-0.402554699,-0.244768922,-0.200517075,0.090913207,1.137880421,-1.648589579
p05,1967,-0.039167856,0.150129546,-0.558977578,-1.482597636,0.001177583,-0.265654056,-0.000130716,0.70110838,0.2676186,0.075307359,0.0,0.000157591,2.02e-08,0.0,0.0,0.0,8.93e-10,0.0,0.0,0.0,0.0,0.0,8.31e-05,7.63e-07,0.000477627,9.11e-05,3.86e-06,1.39e-05,0.018001807,0.006422914,0.000755796,0.001093846,9.52e-06,4.2e-05,0.001015462,0.0,0.0,0.000348543,0.007152838,0.000169279,4.17e-06,8.33e-05,8.06e-05,1.22e-06,4.1e-08,1.05e-06,0.0,1.03e-07,0.0,0.0,1.18e-07,1.46e-07,0.0,0.0,0.0,0.0,0.0,0.0,0.0,0.137184178,-6.75e-05,-1.831228942,0.411855053,0.046041404,-0.394318036,-0.178666313,-0.20074892,0.142318523,1.159611366,-1.662601829
p05,1968,-0.033082937,0.077384722,-0.581742656,-1.518159598,0.001388779,-0.270344645,-0.000131066,0.714743485,0.273895154,0.07650884,0.0,0.000175364,2.04e-08,0.0,0.0,0.0,9.01e-10,0.0,0.0,0.0,0.0,0.0,9.35e-05,1e-06,0.000502053,9.31e-05,3.96e-06,1.76e-05,0.020540386,0.007510396,0.000850456,0.001152779,1.48e-05,5.2e-05,0.001225704,0.0,0.0,0.000456624,0.007382894,0.000174085,4.33e-06,8.86e-05,8.43e-05,1.84e-06,6.62e-08,2.04e-06,6.52e-10,2.03e-07,0.0,0.0,1.89e-07,2.46e-07,0.0,0.0,0.0,0.0,0.0,0.0,0.0,0.140293596,-6.94e-05,-1.880761723,0.426446745,0.05156603,-0.406430914,-0.280898057,-0.203959592,0.064690842,1.188975966,-1.706077846
p05,1969,-0.025890676,0.017583902,-0.602211064,-1.55310556,0.001511814,-0.273822683,-0.000132612,0.727634416,0.280236385,0.077716822,0.0,0.000193928,2.05e-08,1.74e-10,9.96e-10,0.0,9.08e-10,0.0,0.0,0.0,0.0,4.11e-09,0.000103855,1.3e-06,0.000529126,9.55e-05,4.07e-06,2.16e-05,0.023379684,0.008760985,0.000958835,0.001214044,2.14e-05,6.27e-05,0.001461836,0.0,0.0,0.000579207,0.007604323,0.0001783,4.49e-06,9.39e-05,8.81e-05,4.04e-06,9.43e-08,3.19e-06,5.22e-09,3.4e-07,0.0,0.0,2.71e-07,3.61e-07,0.0,0.0,0.0,0.0,0.0,0.0,0.0,0.143039335,-7.13e-05,-1.928044478,0.441946273,0.057717455,-0.417284185,-0.362363247,-0.205904047,-0.002779812,1.218324028,-1.74843292
p05,1970,-0.026979511,0.122474039,-0.645516175,-1.631723366,0.001573463,-0.275962206,-0.000138462,0.750578149,0.287972158,0.078925866,0.0,0.000213257,2.07e-08,1.22e-09,6.99e-09,0.0,9.16e-10,4.36e-12,0.0,0.0,0.0,2.95e-08,0.00011251,1.67e-06,0.00056149,9.86e-05,4.21e-06,2.59e-05,0.026508914,0.010199102,0.001083864,0.001277326,3.04e-05,7.39e-05,0.001710287,0.0,1.26e-07,0.000699022,0.007817686,0.000181984,4.65e-06,9.93e-05,9.19e-05,7.02e-06,1.45e-07,4.36e-06,1.11e-08,5.17e-07,0.0,0.0,3.63e-07,4.89e-07,0.0,0.0,0.0,0.0,0.0,0.0,0.0,0.149813842,-7.37e-05,-2.033803985,0.459620258,0.064486955,-0.462406682,-0.269851797,-0.205939985,0.124091914,1.260447003,-1.840917046
p05,1971,-0.062082098,0.157417823,-0.645604085,-1.638003493,0.001924616,-0.277203661,-0.000144008,0.7597072,0.295026774,0.080161916,0.0,0.00023333,2.09e-08,1.44e-09,8.12e-09,0.0,1.14e-07,7.86e-09,0.0,1.19e-08,0.0,3.68e-08,0.000122895,2.12e-06,0.000597906,0.000102623,4.38e-06,3.03e-05,0.029884168,0.011791692,0.001227282,0.001342506,4.1e-05,8.52e-05,0.00197496,0.0,2.49e-06,0.000822982,0.00802292,0.000185163,4.81e-06,0.000104534,9.59e-05,1.04e-05,6.23e-07,5.58e-06,6.85e-08,7.3e-07,0.0,0.0,4.63e-07,6.3e-07,0.0,0.0,0.0,0.0,0.0,0.0,0.0,0.153646295,-7.59e-05,-2.039569231,0.477327496,0.071787215,-0.428048277,-0.22682488,-0.204246061,0.127520293,1.288356946,-1.836149432
p05,1972,-0.051835045,0.164474373,-0.669937498,-1.69788261,0.002097946,-0.277988964,-0.000156772,0.788744104,0.301377215,0.081418326,0.0,0.00025412,2.11e-08,1.48e-09,8.27e-09,0.0,4.15e-07,2.86e-08,0.0,4.33e-08,0.0,2.93e-08,0.000135011,2.65e-06,0.000638783,0.000107675,4.59e-06,3.49e-05,0.033527239,0.013551027,0.001391797,0.001410029,5.21e-05,9.71e-05,0.002266545,0.0,8.26e-06,0.000985132,0.008219965,0.000187901,4.98e-06,0.00010976,0.000100037,1.41e-05,1.86e-06,7e-06,2.58e-07,9.74e-07,0.0,0.0,5.7e-07,7.84e-07,0.0,0.0,0.0,0.0,0.0,0.0,0.0,0.161642531,-7.78e-05,-2.118565158,0.494969039,0.079741824,-0.435731929,-0.212387729,-0.201407204,0.14595456,1.336710908,-1.893847701
p05,1973,-0.081965091,0.161011111,-0.694019558,-1.729897978,0.002243164,-0.279913608,-0.000154495,0.826691484,0.306086561,0.082710476,0.0,0.000275604,2.12e-08,1.53e-09,8.42e-09,0.0,8.4e-07,5.79e-08,0.0,8.77e-08,0.0,2.1e-08,0.000147128,3.26e-06,0.000684777,0.000114034,4.84e-06,3.96e-05,0.037537059,0.015557015,0.001580255,0.001480422,6.55e-05,0.000109252,0.002602927,0.0,1.36e-05,0.001198993,0.00840932,0.000190247,5.17e-06,0.00011492,0.000104266,1.88e-05,3.84e-06,8.64e-06,5.58e-07,1.25e-06,0.0,0.0,6.86e-07,9.51e-07,0.0,0.0,0.0,0.0,0.0,0.0,0.0,0.161810342,-7.93e-05,-2.161245441,0.512071644,0.088638766,-0.416534405,-0.22794779,-0.202889564,0.112054199,1.393686895,-1.937189873
p05,1974,-0.093092983,0.15997876,-0.684431369,-1.716329229,0.002242741,-0.281363343,-0.000157464,0.839095074,0.310669225,0.084046779,0.0,0.000297756,2.14e-08,1.58e-09,8.57e-09,0.0,1.33e-06,9.15e-08,0.0,1.39e-07,0.0,1.22e-08,0.000159244,3.96e-06,0.000738089,0.000122198,5.17e-06,4.43e-05,0.041962212,0.017825274,0.001796129,0.001554212,8.12e-05,0.000121955,0.00294226,0.0,1.9e-05,0.001453717,0.008592212,0.000192218,5.33e-06,0.00012,0.000108625,2.59e-05,6.42e-06,1.05e-05,9.53e-07,1.54e-06,0.0,0.0,8.08e-07,1.12e-06,0.0,0.0,0.0,0.0,0.0,0.0,0.0,0.162030226,-8.07e-05,-2.141474108,0.530203685,0.098469037,-0.361994287,-0.184119213,-0.20331976,0.100217017,1.425424123,-1.916237627
p05,1975,-0.102308288,0.152222764,-0.673151156,-1.696174821,0.002318381,-0.282230802,-0.000158177,0.840006275,0.316022531,0.085425282,0.0,0.000320555,2.16e-08,1.63e-09,8.88e-09,1.34e-10,1.82e-06,1.25e-07,0.0,1.9e-07,0.0,1.03e-08,0.000173092,4.75e-06,0.000799039,0.000132341,5.61e-06,4.91e-05,0.046466681,0.0201162,0.002044447,0.001631927,9.89e-05,0.000135167,0.003288862,0.0,2.3e-05,0.001689022,0.008768551,0.000193887,5.52e-06,0.000124986,0.000113146,3.63e-05,9.49e-06,1.26e-05,1.43e-06,1.87e-06,0.0,0.0,9.37e-07,1.3e-06,0.0,0.0,0.0,0.0,0.0,0.0,0.0,0.161260195,-8.24e-05,-2.112895214,0.549335269,0.108476717,-0.311761023,-0.153050873,-0.203242158,0.082673626,1.446556222,-1.88964649
p05,1976,-0.10584227,0.152630543,-0.707166372,-1.767397357,0.002391926,-0.283241324,-0.000170218,0.850475176,0.321944725,0.086843851,0.0,0.000343973,2.18e-08,1.67e-09,7.65e-07,1.07e-09,2.24e-06,1.54e-07,0.0,2.34e-07,0.0,4.52e-08,0.000188456,5.63e-06,0.000854183,0.000141721,6.05e-06,5.37e-05,0.050773073,0.022336591,0.002328327,0.001716394,0.000121352,0.000148379,0.003682937,0.0,2.71e-05,0.001938965,0.008937646,0.00019531,5.72e-06,0.000129863,0.000117826,4.98e-05,1.6e-05,1.54e-05,1.97e-06,2.21e-06,0.0,0.0,1.08e-06,1.48e-06,0.0,0.0,0.0,0.0,0.0,0.0,0.0,0.167016163,-8.43e-05,-2.208458696,0.568751998,0.118343337,-0.355734747,-0.199482289,-0.201022961,0.079647629,1.477848697,-1.967070861
p05,1977,-0.081130385,0.162822972,-0.709956964,-1.778420365,0.002612241,-0.285441079,-0.000176467,0.876957677,0.328231378,0.088300184,0.0,0.000367989,2.19e-08,1.72e-09,2.77e-06,2.14e-09,2.54e-06,1.75e-07,0.0,2.65e-07,0.0,6.22e-07,0.000205825,6.62e-06,0.000915211,0.000151604,6.57e-06,5.83e-05,0.054912759,0.024497164,0.002667777,0.001807776,0.000147038,0.00016176,0.004102442,0.0,3.13e-05,0.002274849,0.009100147,0.000196503,5.9e-06,0.000134616,0.000122671,6.66e-05,2.76e-05,1.88e-05,2.57e-06,2.57e-06,0.0,0.0,1.22e-06,1.66e-06,0.0,0.0,0.0,0.0,0.0,0.0,0.0,0.170081292,-8.63e-05,-2.220421329,0.588619542,0.128211874,-0.308113145,-0.114789223,-0.200604168,0.115149807,1.525950639,-1.971302163
p05,1978,-0.033241724,0.164726481,-0.71237981,-1.795359903,0.002776694,-0.28828138,-0.000186383,0.901103829,0.334686445,0.08981494,0.0,0.000392575,2.21e-08,1.77e-09,5.57e-06,3.21e-09,2.66e-06,1.83e-07,0.0,2.77e-07,0.0,0.0,0.00022848,7.72e-06,0.000984081,0.000163118,7.19e-06,6.27e-05,0.05883671,0.026504433,0.002941272,0.001902603,0.000175441,0.000175311,0.004666163,0.0,3.52e-05,0.002711187,0.009256551,0.0001975,6.1e-06,0.000139233,0.000127688,8.61e-05,4.23e-05,2.27e-05,3.2e-06,2.95e-06,0.0,0.0,1.38e-06,1.84e-06,1.74e-05,0.0,3.5e-06,6.3e-05,0.0,0.0,0.0,0.173744045,-8.84e-05,-2.237606482,0.608466441,0.138095177,-0.268731923,-0.022986761,-0.200380478,0.165548898,1.57171255,-1.980550073
p05,1979,0.003554236,0.146354138,-0.727508381,-1.82154631,0.00296344,-0.289421148,-0.000189364,0.925869733,0.341112812,0.091390652,0.0,0.000417388,2.23e-08,7.14e-06,8.73e-06,4.29e-09,2.66e-06,1.83e-07,0.0,1.39e-07,0.0,4.98e-07,0.00026656,2.6e-05,0.001051203,0.000174884,7.91e-06,6.76e-05,0.06243074,0.028229656,0.003258205,0.001997402,0.000206028,0.0001892,0.005288629,0.0,4.04e-05,0.003091074,0.009407043,0.000198335,6.31e-06,0.000143697,0.000132884,0.000106675,5.79e-05,2.67e-05,3.85e-06,3.34e-06,0.0,0.0,1.54e-06,2.01e-06,1.87e-05,0.0,3.72e-06,6.96e-05,0.0,0.0,0.0,0.176221882,-9.05e-05,-2.274501718,0.627572587,0.147276974,-0.249316227,0.017398633,-0.199806623,0.184191406,1.61708934,-2.010486269
p05,1980,0.005705619,0.113346882,-0.728684247,-1.815178588,0.003063241,-0.290793166,-0.000184136,0.955742976,0.347325844,0.093315923,1.53e-05,0.000456529,1.79e-06,1.57e-05,9.87e-06,5.36e-09,1.83e-06,1.83e-07,0.0,7.08e-09,0.0,3.73e-07,0.000297027,4.44e-05,0.001165683,0.000194082,8.78e-06,7.28e-05,0.06623677,0.029868766,0.003715943,0.001942508,0.000261596,0.000203598,0.005819253,0.0,4.86e-05,0.00339725,0.009531394,0.000199029,6.52e-06,0.000147995,0.000138265,0.000128622,6.93e-05,2.79e-05,4.51e-06,3.74e-06,2.19e-06,0.0,1.71e-06,2.18e-06,2.01e-05,0.0,3.98e-06,7.91e-05,9.85e-07,0.0,0.0,0.176480497,-9.25e-05,-2.269058944,0.646696034,0.156442777,-0.18971869,0.036994157,-0.201227019,0.147976128,1.66799018,-2.007089056
p05,1981,0.009878967,0.088803873,-0.704317376,-1.767262312,0.003074084,-0.292810795,-0.000179225,0.973064167,0.353137703,0.095728838,3.03e-05,0.000496602,2.48e-06,1.89e-05,2.15e-05,6.43e-09,4.98e-07,1.83e-07,0.0,1.77e-08,0.0,3.73e-07,0.00033753,4.91e-05,0.001234612,0.000207021,9.86e-06,7.81e-05,0.069899884,0.03134294,0.004285215,0.002031194,0.000300462,0.000219181,0.006254976,1.91e-05,8.88e-05,0.003618929,0.009690543,0.000199604,6.73e-06,0.000152114,0.000143854,0.000158857,8.28e-05,3.17e-05,5.42e-06,4.36e-06,2.19e-06,0.0,2e-06,2.35e-06,2.19e-05,0.0,4.28e-06,8.69e-05,1.12e-06,0.0,0.0,0.175432303,-9.44e-05,-2.206301743,0.665727158,0.165390966,-0.090710644,0.108189364,-0.203492372,0.12279908,1.705909836,-1.947771166
p05,1982,-0.034803518,-0.24838339,-0.699772489,-1.788916038,0.003206777,-0.294226293,-0.00019095,0.983710308,0.358367749,0.099105678,3.46e-05,0.000536092,4.47e-06,1.09e-05,1.97e-05,7.5e-09,3.32e-07,1.83e-07,0.0,3.74e-08,8.16e-10,4.98e-07,0.000381496,5.21e-05,0.001294235,0.000218362,1.1e-05,8.37e-05,0.07350634,0.03281201,0.005053747,0.002116126,0.000342317,0.00023595,0.006636627,1.94e-05,9.22e-05,0.003791488,0.009806776,0.000200078,6.96e-06,0.000156038,0.000149624,0.000183477,9.94e-05,3.58e-05,6.32e-06,5.11e-06,2.19e-06,0.0,2.37e-06,2.47e-06,2.39e-05,0.0,4.57e-06,9.47e-05,1.71e-06,0.0,0.0,0.181715298,-9.61e-05,-2.229788129,0.685081038,0.174154693,-0.065599119,-0.242286301,-0.20170192,-0.250315322,1.737068769,-1.957432032
p05,1983,-0.034674924,-0.807248553,-0.674363337,-1.71462628,0.003349307,-0.296020076,-0.000178497,1.007826995,0.362873971,0.100742543,4.31e-05,0.000581174,1.92e-06,2.04e-05,1.96e-05,8.57e-09,1.83e-06,1.83e-07,0.0,4.16e-07,6.91e-09,7.46e-07,0.000421307,5.48e-05,0.00135524,0.000230023,1.17e-05,8.99e-05,0.077232649,0.034429895,0.005540365,0.002220649,0.000388657,0.000254921,0.007043345,1.85e-05,9.4e-05,0.003946791,0.009939659,0.000200481,7.18e-06,0.000159753,0.000155563,0.000211745,0.000118883,3.87e-05,7.33e-06,5.86e-06,2.19e-06,0.0,2.74e-06,2.47e-06,2.63e-05,0.0,4.9e-06,0.000101046,2.1e-06,0.0,0.0,0.174759566,-9.76e-05,-2.133610008,0.701719323,0.182953902,0.057186967,-0.576455185,-0.205041444,-0.789632932,1.779399063,-1.878693166
p05,1984,-0.086664499,-0.303201046,-0.683541746,-1.741077196,0.003657715,-0.297723058,-0.000186876,1.029838486,0.366751959,0.10270624,3.12e-05,0.000630566,1.98e-06,1.66e-05,2.13e-05,9.64e-09,2.82e-06,1.83e-07,0.0,6.93e-07,1.61e-08,9.95e-07,0.000464234,5.98e-05,0.001419306,0.00024392,1.25e-05,9.67e-05,0.080706179,0.035911232,0.006315157,0.00233378,0.000437986,0.000275077,0.007529858,1.66e-05,9.94e-05,0.004130226,0.010073886,0.000200816,7.41e-06,0.000163245,0.000161662,0.000240286,0.000142522,4.28e-05,8.46e-06,6.73e-06,2.19e-06,0.0,3.21e-06,2.64e-06,2.92e-05,0.0,5.35e-06,0.000110133,2.1e-06,0.0,0.0,0.178484485,-9.89e-05,-2.165891108,0.718141149,0.191943011,0.077860959,-0.192848236,-0.203609223,-0.353486043,1.81918793,-1.901943315
p05,1985,-0.108060214,0.020619532,-0.687553547,-1.751952899,0.003862791,-0.299182327,-0.000190451,1.050767968,0.370802149,0.104281982,4.16e-05,0.000680541,3.78e-06,2.14e-05,2.46e-05,1.07e-07,2.82e-06,1.83e-07,0.0,5.55e-07,2.58e-08,1.12e-06,0.000514084,6.77e-05,0.001481151,0.000258297,1.35e-05,0.000104101,0.084397621,0.037712672,0.007238459,0.002428623,0.000491801,0.000297605,0.008187641,1.99e-05,0.00010297,0.004289703,0.010198702,0.000201099,7.66e-06,0.0001665,0.000167889,0.000268645,0.000170246,4.69e-05,9.7e-06,7.61e-06,2.19e-06,0.0,3.85e-06,2.76e-06,3.31e-05,0.0,5.9e-06,0.00011922,2.1e-06,0.0,0.0,0.180474393,-0.000100302,-2.181495409,0.735675051,0.202083368,0.111430111,0.092551994,-0.20325031,-0.080998123,1.859058551,-1.911992012
p05,1986,-0.107405832,0.016924925,-0.684673239,-1.754255396,0.004179674,-0.300374899,-0.000196048,1.071046394,0.374885657,0.106879699,4.31e-05,0.00073203,2.35e-06,2.07e-05,2.95e-05,9.41e-07,2.99e-06,1.83e-07,0.0,1.39e-07,5.68e-08,1.12e-06,0.00056982,7.55e-05,0.001540714,0.000272673,1.47e-05,0.000122938,0.08852271,0.039554225,0.008194375,0.002555139,0.000550099,0.000323182,0.008985852,2.54e-05,0.000115576,0.004417678,0.010358471,0.000201325,7.91e-06,0.000169504,0.000174228,0.000300104,0.000203937,5.12e-05,1.09e-05,8.6e-06,4.38e-06,0.0,4.67e-06,3.24e-06,3.8e-05,0.0,6.53e-06,0.000126672,2.49e-06,0.0,0.0,0.183497902,-0.000101686,-2.17983678,0.75530396,0.213147517,0.165254535,0.141860293,-0.202077666,-0.085126428,1.900475978,-1.902697519
p05,1987,-0.088213372,0.073541744,-0.701393446,-1.79486197,0.004468247,-0.301405876,-0.000203751,1.095208142,0.378095933,0.107425456,3.67e-05,0.00078282,1.36e-06,2.04e-05,3.16e-05,2.2e-06,3.65e-06,1.83e-07,0.0,4.16e-07,1.51e-07,9.95e-07,0.000626595,8.05e-05,0.001601117,0.00028689,1.58e-05,0.000129066,0.092926728,0.041562411,0.009348733,0.002692228,0.000612882,0.000348759,0.009565809,2.35e-05,0.000115812,0.004569329,0.010480496,0.000201521,8.16e-06,0.000172241,0.000180731,0.000334391,0.000240382,5.49e-05,1.22e-05,9.48e-06,4.38e-06,0.0,5.64e-06,3.75e-06,4.35e-05,0.0,7.23e-06,0.000134668,2.63e-06,0.0,0.0,0.187190337,-0.000102773,-2.233779077,0.772323217,0.224567692,0.169380378,0.237061751,-0.200460849,0.005287688,1.943176099,-1.946240426
p05,1988,-0.048438447,0.113133979,-0.703826208,-1.807862499,0.004796498,-0.302350857,-0.000211509,1.130055734,0.382143782,0.109437138,3.86e-05,0.000840134,2.35e-06,2.27e-05,3.75e-05,3.86e-06,3.32e-06,1.83e-07,0.0,4.16e-07,3.26e-07,9.95e-07,0.000683715,8.45e-05,0.001662722,0.000301586,1.72e-05,0.000134811,0.097855915,0.043486341,0.010636123,0.002806861,0.00068015,0.000371964,0.010150097,2.15e-05,0.000117933,0.004777363,0.010594351,0.000201682,8.43e-06,0.000174699,0.000187732,0.00036895,0.000275909,5.97e-05,1.35e-05,1.06e-05,6.57e-06,0.0,6.74e-06,4.6e-06,4.96e-05,0.0,8.04e-06,0.000145209,2.89e-06,0.0,0.0,0.190178771,-0.000104155,-2.245947615,0.792464418,0.236750624,0.22679105,0.388180574,-0.198828549,0.091984622,2.000216246,-1.948752676
p05,1989,0.003781005,0.140585271,-0.699353073,-1.793353879,0.005105027,-0.302511257,-0.000209692,1.152831276,0.386473,0.112443294,4.28e-05,0.000904553,3.66e-06,2.27e-05,4.35e-05,5.89e-06,2.32e-06,1.83e-07,0.0,4.16e-07,5.7e-07,9.95e-07,0.000745336,8.66e-05,0.001725467,0.000316441,1.83e-05,0.000140173,0.101983183,0.045049337,0.011865104,0.002903317,0.000748912,0.000392459,0.010890431,2.41e-05,0.00013266,0.004939288,0.010713421,0.000201813,8.69e-06,0.00017686,0.000191808,0.000404604,0.000309188,6.49e-05,1.48e-05,1.17e-05,8.76e-06,0.0,7.83e-06,5.46e-06,5.63e-05,0.0,9.03e-06,0.000154659,3.08e-06,0.0,0.0,0.191198164,-0.000105643,-2.227472598,0.812695316,0.247797767,0.29497318,0.555948843,-0.197974597,0.178306468,2.044858627,-1.927962482
p05,1990,-0.004172601,0.137354285,-0.701381778,-1.80560198,0.00525236,-0.302571214,-0.000214154,1.170509562,0.388877665,0.115085699,4.71e-05,0.000968624,3.16e-06,1.86e-05,4.94e-05,8.38e-06,2.32e-06,1.83e-07,0.0,6.93e-07,8.78e-07,1.12e-06,0.000813188,8.7e-05,0.001787372,0.000331137,1.95e-05,0.000145152,0.105284562,0.046219078,0.013015224,0.002988337,0.00081618,0.000410245,0.011705179,2.71e-05,0.000179314,0.005113653,0.010787234,0.000201922,8.97e-06,0.00017893,0.000190768,0.000444179,0.000340721,7.03e-05,1.6e-05,1.28e-05,8.76e-06,4.11e-06,8.93e-06,6.48e-06,6.39e-05,0.0,1.02e-05,0.000165382,3.48e-06,0.0,0.0,0.192856975,-0.000106477,-2.242322375,0.828698796,0.257277896,0.323739647,0.569647871,-0.196625279,0.165993406,2.079742846,-1.936691509
p05,1991,-0.015136071,-0.661614189,-0.716235357,-1.93295218,0.005215676,-0.301402619,-0.000235772,1.188965554,0.39308686,0.117074785,4.28e-05,0.001030713,3.41e-06,2.43e-05,5.5e-05,1.42e-05,6.81e-06,1.83e-07,0.0,1.11e-06,1.25e-06,1.74e-06,0.000886925,8.84e-05,0.001847535,0.000345514,2.08e-05,0.000149939,0.107899515,0.047020723,0.013985326,0.003041445,0.000880457,0.000424981,0.012496173,2.55e-05,0.00027015,0.005202902,0.010770318,0.000202009,9.26e-06,0.000181057,0.000181939,0.000482204,0.000370236,7.44e-05,1.74e-05,1.4e-05,1.1e-05,4.74e-06,1.03e-05,7.5e-06,7.21e-05,0.0,1.14e-05,0.000170168,4e-06,0.0,0.0,0.206045878,-0.000107932,-2.378354739,0.843802208,0.264936991,0.262234156,-0.224096175,-0.191767536,-0.623498646,2.114472482,-2.036378649
p05,1992,-0.029113119,-2.179205681,-0.660340136,-1.73149021,0.005760212,-0.30017725,-0.000209259,1.198652106,0.395460429,0.118562177,3.65e-05,0.001094667,4.28e-06,1.77e-05,5.76e-05,2e-05,5.65e-06,1.83e-07,0.0,6.93e-07,1.67e-06,2.86e-06,0.00095997,9.38e-05,0.001898752,0.000359251,2.23e-05,0.000154343,0.110307451,0.047519904,0.014780479,0.003074638,0.000940251,0.000437854,0.013229704,2.76e-05,0.000381131,0.005252709,0.010732878,0.000202083,9.55e-06,0.00018314,0.000168508,0.000517979,0.000397638,7.83e-05,1.86e-05,1.52e-05,1.31e-05,5.37e-06,1.17e-05,8.87e-06,7.86e-05,0.0,1.25e-05,0.000174408,4.53e-06,0.0,0.0,0.194166396,-0.000108757,-2.13959603,0.855095974,0.271426582,0.489225495,-1.324838242,-0.193054651,-2.145720454,2.136381902,-1.829412021
p05,1993,-0.060615747,-0.935604754,-0.651923795,-1.737979753,0.006299313,-0.300030988,-0.000217345,1.208876923,0.39607445,0.119466282,5.29e-05,0.001165028,2.98e-06,2.33e-05,6.35e-05,2.38e-05,5.65e-06,3.66e-07,0.0,1.48e-07,2.15e-06,4.48e-06,0.001033015,9.88e-05,0.001945946,0.000372989,2.39e-05,0.000158365,0.111843737,0.047765958,0.015165204,0.003100271,0.000998549,0.000449203,0.013786269,7.44e-05,0.000448083,0.005022564,0.010656474,0.000202163,9.84e-06,0.000185074,0.000166366,0.000551475,0.000420543,8.19e-05,2e-05,1.65e-05,1.53e-05,6e-06,1.28e-05,1.02e-05,8.2e-05,0.0,1.34e-05,0.000176468,5.25e-06,0.0,0.0,0.197009151,-0.000108973,-2.138368987,0.860949945,0.275276095,0.515464161,-0.251962545,-0.189976286,-0.941975277,2.153153379,-1.821961304
p05,1994,-0.090088281,-0.051354987,-0.655694611,-1.822818007,0.006708137,-0.299812657,-0.000234933,1.229546032,0.397802723,0.12100818,9.79e-05,0.001237485,2.66e-06,2.92e-05,7.14e-05,2.81e-05,7.31e-06,3.66e-07,0.0,2.79e-07,2.67e-06,6.34e-06,0.001110215,0.000103426,0.001990379,0.000386726,2.59e-05,0.000162386,0.113081481,0.047781,0.015398931,0.003117819,0.001052363,0.000457164,0.01449161,0.000185375,0.00059121,0.004613949,0.010573567,0.000192251,1.01e-05,0.00018676,0.000165457,0.000590138,0.000439821,8.53e-05,2.12e-05,1.76e-05,1.75e-05,6.63e-06,1.42e-05,1.18e-05,8.37e-05,0.0,2.03e-05,0.000180129,6.24e-06,0.0,0.0,0.205798201,-0.000109577,-2.227092132,0.867933322,0.278383228,0.488799109,0.42017946,-0.185869872,-0.132053607,2.181640203,-1.881730291
p05,1995,-0.102387125,0.098956161,-0.624139555,-1.739369142,0.007162896,-0.299362652,-0.00023476,1.254795369,0.399344432,0.122707086,0.000187254,0.001315185,4.41e-06,3.98e-05,8.47e-05,3.28e-05,7.47e-06,7.32e-07,0.0,5.55e-07,3.25e-06,8.46e-06,0.001195203,0.000109472,0.002035051,0.000401582,2.82e-05,0.000166407,0.11450881,0.047570225,0.015434492,0.00312658,0.001100198,0.000462753,0.015159528,0.000344568,0.000734455,0.00413648,0.010494166,0.000203131,9.63e-06,0.000188093,0.000163343,0.000622236,0.000456437,8.73e-05,2.26e-05,1.88e-05,1.97e-05,7.27e-06,1.54e-05,1.33e-05,8.45e-05,0.0,3.36e-05,0.000184174,6.69e-06,0.0,0.0,0.202558474,-0.000110119,-2.115353392,0.874619648,0.281152706,0.627805787,0.719636006,-0.184130943,0.021753676,2.214509893,-1.77655735
p05,1996,-0.113858634,0.145942813,-0.607070425,-1.692619602,0.007581713,-0.299925124,-0.000226449,1.278834713,0.399980627,0.125141132,0.000330875,0.001398126,7.34e-06,5.95e-05,0.00010502,3.9e-05,8.8e-06,1.1e-06,0.0,2.79e-07,3.86e-06,1.08e-05,0.001278634,0.000116547,0.002079903,0.000418035,3.12e-05,0.000170429,0.11573348,0.047403682,0.015438546,0.003132011,0.001137569,0.000465972,0.015867938,0.000532836,0.000855164,0.00360192,0.010385758,0.000175773,1.01e-05,0.000188968,0.000149992,0.00064716,0.000470896,8.9e-05,2.39e-05,2.02e-05,2.41e-05,7.9e-06,1.66e-05,1.48e-05,8.47e-05,0.0,4.13e-05,0.000184137,6.96e-06,0.0,0.0,0.202687563,-0.00011035,-2.056073918,0.880755796,0.283635848,0.715209558,0.858699637,-0.18455003,0.065172037,2.245683097,-1.721986045
p05,1997,-0.096245452,0.161326667,-0.651051778,-1.924011034,0.007968041,-0.300782411,-0.000251194,1.293937467,0.401019737,0.127521892,0.000538771,0.001487475,3.54e-06,8.7e-05,0.000132072,4.57e-05,1.1e-05,1.46e-06,0.0,5.55e-07,4.52e-06,1.32e-05,0.001358429,0.000121307,0.002123495,0.000436564,3.45e-05,0.00017445,0.116570265,0.047203293,0.015379492,0.003137111,0.001165971,0.000469698,0.016451672,0.000720564,0.000989264,0.003062121,0.010287306,0.000184188,9.95e-06,0.000189311,0.000129051,0.000677981,0.000483932,9.05e-05,2.53e-05,2.13e-05,2.63e-05,8.53e-06,1.79e-05,1.64e-05,8.45e-05,0.0,4.32e-05,0.000185282,7.22e-06,0.0,0.0,0.221425016,-0.000110722,-2.319720206,0.886611645,0.285507018,0.526667122,0.708115358,-0.18030325,0.099644381,2.26719087,-1.936781093
p05,1998,-0.051021846,0.162566973,-0.637941368,-1.896740917,0.008290019,-0.301477447,-0.000252176,1.329980465,0.404217919,0.129692453,0.000796533,0.001578688,7.77e-06,0.000126735,0.00016905,5.37e-05,1.35e-05,2.01e-06,0.0,1.39e-06,5.74e-06,1.57e-05,0.001434244,0.000127739,0.002166306,0.000456372,3.83e-05,0.000178663,0.117171704,0.04694739,0.015304316,0.003141387,0.001188393,0.000473594,0.017182026,0.000895054,0.001104249,0.002571171,0.010188957,0.000233235,1.07e-05,0.000181737,0.000117594,0.000706796,0.000495499,9.09e-05,2.66e-05,2.24e-05,3.07e-05,9.16e-06,1.9e-05,1.81e-05,8.41e-05,0.0,4.5e-05,0.000186564,7.42e-06,0.0,0.0,0.217837681,-0.000111845,-2.284164851,0.89452369,0.287503823,0.605459305,0.834529199,-0.179561468,0.146304769,2.312467899,-1.90615906
p05,1999,-0.021086551,0.165174728,-0.584160785,-1.659449543,0.008794511,-0.30249498,-0.00022,1.358264103,0.406587132,0.132488753,0.001111416,0.00167188,1.08e-05,0.000164149,0.00020824,6.37e-05,1.56e-05,2.56e-06,6.19e-10,1.53e-06,7.07e-06,1.84e-05,0.001507808,0.000133142,0.002207736,0.000476819,4.24e-05,0.000182876,0.117703411,0.046682085,0.015220572,0.003143479,0.001206331,0.000476812,0.017860851,0.001075771,0.00121953,0.002148579,0.010072623,0.00021631,9.95e-06,0.000182845,0.000115989,0.000730778,0.000506423,9.11e-05,2.81e-05,2.36e-05,3.5e-05,9.79e-06,2.01e-05,1.98e-05,8.35e-05,1.12e-05,4.69e-05,0.000186605,7.94e-06,0.0,0.0,0.210483615,-0.000112685,-2.015256296,0.902138648,0.289308912,0.883939398,1.148462224,-0.183684506,0.180486069,2.349554816,-1.665555587
p05,2000,0.006185374,0.165658497,-0.573830354,-1.595562541,0.009486825,-0.303299529,-0.000204534,1.373818476,0.406954421,0.13528524,0.001452817,0.001767403,1.42e-05,0.000210345,0.000251904,7.47e-05,1.88e-05,3.29e-06,2.24e-06,1.45e-06,6.76e-06,2.15e-05,0.001577564,0.000137644,0.002248145,0.000497265,4.68e-05,0.000186897,0.118167566,0.046412751,0.01512651,0.003143232,0.001219785,0.000479183,0.018516295,0.001244672,0.00134897,0.00179666,0.009960456,0.000196742,1e-05,0.00017735,9.4e-05,0.000751386,0.000517531,9.13e-05,2.93e-05,2.46e-05,3.72e-05,1.04e-05,2.13e-05,2.13e-05,8.27e-05,1.09e-05,4.88e-05,0.000187736,7.94e-06,8.62e-07,0.0,0.209043974,-0.000112826,-1.943293721,0.907628938,0.291167794,0.96721343,1.265273444,-0.185130976,0.210332082,2.371020448,-1.604153514
p05,2001,-0.010559031,0.161724293,-0.575393979,-1.599744918,0.009708004,-0.3027023,-0.000206438,1.395210851,0.406466825,0.137389121,0.001811486,0.001847899,1.89e-05,0.000266394,0.000300659,8.65e-05,2.34e-05,4.03e-06,8.95e-07,2.11e-06,6.76e-06,2.49e-05,0.00164784,0.000142533,0.002287233,0.000516434,5.15e-05,0.000190727,0.118374583,0.046120495,0.0150295,0.003141809,0.001231744,0.000481894,0.019289361,0.001387491,0.00146779,0.00149614,0.009860582,0.000173386,8.65e-06,0.000170687,8.41e-05,0.000765976,0.00052717,9.14e-05,3.08e-05,2.57e-05,4.16e-05,1.09e-05,2.24e-05,2.28e-05,8.18e-05,1.08e-05,5.07e-05,0.000187486,8.14e-06,9.25e-07,0.0,0.210646074,-0.000112665,-1.948669362,0.911275937,0.292964864,0.994775416,1.265747765,-0.183721774,0.187884119,2.396579998,-1.604309565
p05,2002,-9.19e-05,0.166797817,-0.595664003,-1.71637239,0.009525161,-0.301877313,-0.000221397,1.422105788,0.406722032,0.139204297,0.002202855,0.001927578,2.57e-05,0.000327727,0.000358261,0.000103665,2.87e-05,4.94e-06,4.48e-07,3.42e-06,8.29e-06,2.87e-05,0.001722616,0.000149222,0.002327162,0.000535283,5.64e-05,0.00019494,0.11848136,0.045772814,0.014893612,0.003138799,0.001240713,0.000485112,0.019987909,0.00151766,0.001562421,0.001246602,0.009755222,0.000178667,7.68e-06,0.00019559,8.25e-05,0.000775277,0.000537099,9.12e-05,3.22e-05,2.66e-05,4.38e-05,1.14e-05,2.34e-05,2.42e-05,8.07e-05,1.05e-05,5.27e-05,0.000186741,8.8e-06,1.02e-06,0.0,0.217046308,-0.000112762,-2.077201003,0.91522319,0.294689303,0.922297058,1.216189152,-0.18084223,0.204893534,2.428167111,-1.714199251
p05,2003,-0.053715144,0.154566069,-0.621228554,-1.759682268,0.009867362,-0.302180318,-0.000224523,1.456005835,0.407991225,0.141178712,0.00262631,0.002010986,3.52e-05,0.000401912,0.000421468,0.000123161,3.45e-05,5.86e-06,6.12e-06,8.17e-06,1.18e-05,3.32e-05,0.001797738,0.000157841,0.002370814,0.000553333,6.12e-05,0.000199344,0.118444315,0.045391019,0.014756987,0.003142561,0.001245197,0.00048833,0.020653737,0.001629101,0.001639885,0.001041108,0.009656974,0.000182762,7.17e-06,0.00020331,8.44e-05,0.00078166,0.000545124,9.07e-05,3.33e-05,2.72e-05,4.6e-05,1.18e-05,2.45e-05,2.54e-05,7.98e-05,1.02e-05,5.46e-05,0.000185996,9.65e-06,1.12e-06,0.0,0.218636126,-0.000113216,-2.139420501,0.920378393,0.296234287,0.909362784,1.126675355,-0.179500939,0.134741098,2.468299956,-1.769601053
p05,2004,-0.082375654,0.162729204,-0.632180017,-1.754087659,0.011222982,-0.303044278,-0.000231845,1.479847293,0.407774552,0.143016082,0.003065144,0.002109771,5.08e-05,0.000480595,0.00049563,0.000148982,4.17e-05,6.77e-06,2.25e-05,1.7e-05,1.57e-05,3.84e-05,0.001876841,0.000167618,0.002418497,0.000570358,6.64e-05,0.00020394,0.118346254,0.045032146,0.014601291,0.00314175,0.001247106,0.000494799,0.021279009,0.001699358,0.001719826,0.000865267,0.009556693,0.000187285,6.97e-06,0.000198919,8.06e-05,0.000788317,0.000557505,9.24e-05,3.43e-05,2.79e-05,4.82e-05,1.23e-05,2.54e-05,2.63e-05,7.89e-05,1e-05,5.66e-05,0.000186645,1.16e-05,1.21e-06,0.000158444,0.222612602,-0.000113148,-2.140526564,0.923951468,0.297998071,0.951876418,1.150342685,-0.175229986,0.115388763,2.49624766,-1.754931032
p05,2005,-0.111967993,0.140511523,-0.660647852,-1.806627257,0.011789573,-0.303831583,-0.000239468,1.506465784,0.407137263,0.145011961,0.003529984,0.002220787,7.38e-05,0.000566204,0.000578329,0.000175802,5.05e-05,7.68e-06,5.24e-05,2.88e-05,2.03e-05,4.45e-05,0.001954733,0.000174057,0.002459624,0.000585648,7.11e-05,0.00020911,0.118187178,0.044664408,0.014491936,0.003121745,0.001248706,0.000499206,0.022035878,0.001733187,0.00178779,0.000723587,0.009459715,0.000183326,7.23e-06,0.000213416,8.02e-05,0.0007916,0.000562672,9.21e-05,3.52e-05,2.84e-05,5.04e-05,1.27e-05,2.64e-05,2.73e-05,7.82e-05,1e-05,5.87e-05,0.000189916,1.44e-05,1.34e-06,0.000164782,0.225440582,-0.000112934,-2.210529176,0.927341517,0.299774603,0.924129838,1.064818736,-0.173273056,0.061228468,2.526770099,-1.815113396
p05,2006,-0.116202814,0.125107118,-0.672191212,-1.832331346,0.012280593,-0.300583888,-0.000237083,1.534778349,0.407175385,0.147365766,0.003975511,0.002343335,9.87e-05,0.000662237,0.000672549,0.000207567,6.06e-05,9.33e-06,9.01e-05,4.19e-05,2.49e-05,5.16e-05,0.002037471,0.000183071,0.002499198,0.000600149,7.54e-05,0.000214664,0.117853771,0.044274554,0.014379172,0.003107466,0.001249589,0.000503204,0.022907365,0.001778145,0.001882363,0.000605015,0.009346329,0.000171107,6.62e-06,0.000216287,8.06e-05,0.000789046,0.000568994,9.1e-05,3.6e-05,2.89e-05,5.26e-05,1.32e-05,2.74e-05,2.78e-05,7.76e-05,9.88e-06,5.99e-05,0.000186645,1.75e-05,1.53e-06,0.000167317,0.228613632,-0.000112958,-2.248034728,0.931872363,0.301624358,0.932219818,1.050908928,-0.169484007,0.039309615,2.560115153,-1.842743847
p05,2007,-0.126618236,0.115014574,-0.657782668,-1.806205866,0.012925348,-0.29715914,-0.000243368,1.557505281,0.409285404,0.149439674,0.004425534,0.002449226,0.000129874,0.000785045,0.000771912,0.000243042,7.14e-05,1.01e-05,0.000123485,5.37e-05,2.94e-05,5.98e-05,0.002132152,0.000190367,0.002541853,0.000615204,7.92e-05,0.000220408,0.117385259,0.043895266,0.014230938,0.003112808,0.001249908,0.000505832,0.023931807,0.001842029,0.002001714,0.000505461,0.009231519,0.000189358,6.22e-06,0.000232462,8.83e-05,0.000782937,0.000575448,9e-05,3.67e-05,2.93e-05,5.48e-05,1.37e-05,2.83e-05,2.85e-05,7.73e-05,9.88e-06,6.01e-05,0.000186463,2.02e-05,1.85e-06,0.00017112,0.230977712,-0.000113707,-2.207490282,0.938448123,0.303806056,1.012878765,1.110355562,-0.163453109,0.017301517,2.590106495,-1.793379463
p05,2008,-0.122645394,0.12829983,-0.631265699,-1.738842402,0.013181974,-0.297175233,-0.000234131,1.584913685,0.411235838,0.151946687,0.004887769,0.002545797,0.000164126,0.00092706,0.000883772,0.000270979,8.27e-05,1.13e-05,0.000153741,6.34e-05,3.42e-05,6.93e-05,0.002230988,0.000195067,0.002583839,0.000628895,8.26e-05,0.000226728,0.11688188,0.043543287,0.01409505,0.003125985,0.001250659,0.000507798,0.024990928,0.001897332,0.002139826,0.000424331,0.009114526,0.000190649,5.62e-06,0.000263536,8.53e-05,0.000774092,0.000581059,8.92e-05,3.72e-05,2.98e-05,5.48e-05,1.41e-05,2.94e-05,2.9e-05,7.7e-05,9.88e-06,6.01e-05,0.000188281,2.07e-05,2.2e-06,0.000158444,0.228670259,-0.000114404,-2.119334352,0.945516941,0.306086032,1.12826205,1.244412651,-0.16400846,0.036897284,2.625391892,-1.714459186
p05,2009,-0.123748835,0.106840046,-0.580463597,-1.651092903,0.012827948,-0.297442951,-0.00022586,1.603966934,0.412725828,0.153895543,0.005364513,0.002628622,0.000198574,0.001080714,0.000999078,0.00028125,9.53e-05,1.26e-05,0.000177365,7.46e-05,3.86e-05,7.96e-05,0.002326708,0.000201652,0.002621354,0.000640814,8.58e-05,0.000233621,0.11633274,0.043206441,0.013980259,0.003131544,0.00125157,0.000510484,0.025969979,0.001947684,0.002269738,0.000356655,0.008983664,0.000175729,5.02e-06,0.000260504,7.82e-05,0.000762602,0.000583853,8.82e-05,3.78e-05,3.02e-05,5.69e-05,1.46e-05,3.02e-05,2.93e-05,7.61e-05,9.88e-06,6.18e-05,0.000188281,2.02e-05,2.52e-06,0.000145769,0.224863898,-0.000114938,-1.999515866,0.951074801,0.307960872,1.261969167,1.349438967,-0.166477568,0.010559312,2.650599267,-1.608468692
p05,2010,-0.102077862,0.132671179,-0.571558331,-1.69674497,0.014211948,-0.297397781,-0.000242651,1.632812422,0.414295615,0.156326872,0.005879782,0.002708535,0.000258546,0.001256073,0.001111503,0.0002929,0.000108786,1.37e-05,0.000200334,7.57e-05,4.25e-05,9.09e-05,0.002426236,0.000209992,0.00265878,0.000652821,8.87e-05,0.00024109,0.115689897,0.042866192,0.013859296,0.003128142,0.001252466,0.000514154,0.026948639,0.00200691,0.002410119,0.000298361,0.008866873,0.000179809,4.86e-06,0.00030318,8.54e-05,0.000750748,0.000588666,8.7e-05,3.82e-05,2.99e-05,5.69e-05,1.51e-05,3.13e-05,2.97e-05,7.2e-05,9.88e-06,6.78e-05,0.000193006,2.21e-05,2.68e-06,0.000139431,0.229282636,-0.000115503,-2.03793244,0.957549277,0.31020464,1.284456604,1.42652724,-0.159824082,0.062105275,2.686350725,-1.626486306
p05,2011,-0.066313199,0.101880663,-0.582325301,-1.655278372,0.014900109,-0.295083891,-0.000227376,1.656668185,0.415913456,0.159115921,0.006410582,0.002801844,0.000319914,0.001469274,0.00123473,0.000311303,0.000120816,1.5e-05,0.000226566,8.33e-05,4.64e-05,0.000103003,0.002527149,0.000220079,0.002699436,0.000665431,9.16e-05,0.000249515,0.115116787,0.042492903,0.013738148,0.003115108,0.00125413,0.0005185,0.027843311,0.002094915,0.00250162,0.000248698,0.008746171,0.000159057,4.76e-06,0.00030518,9.12e-05,0.000737617,0.000592044,8.57e-05,3.88e-05,3.07e-05,5.91e-05,1.55e-05,3.22e-05,3e-05,7.15e-05,9.88e-06,7.3e-05,0.000189008,2.66e-05,2.87e-06,0.000136896,0.230777175,-0.000116088,-2.005088926,0.964339474,0.312281113,1.348120976,1.479655123,-0.158182295,0.061672724,2.717576873,-1.594598823
p05,2012,-0.046869689,0.130819041,-0.57848943,-1.697699328,0.015015842,-0.293034707,-0.000235487,1.682454533,0.417421681,0.161513017,0.006907866,0.002907152,0.00038117,0.00170111,0.001367727,0.000319268,0.00013438,1.66e-05,0.000254275,9.17e-05,4.98e-05,0.000115692,0.002628408,0.000231756,0.002742401,0.000678084,9.42e-05,0.000258324,0.114519706,0.042136537,0.013620041,0.003092827,0.001256271,0.000523217,0.02855884,0.002193167,0.002553722,0.000206812,0.00862933,0.000174207,4.5e-06,0.000302545,9.8e-05,0.00072248,0.000598095,8.44e-05,3.94e-05,3.09e-05,5.91e-05,1.58e-05,3.3e-05,3.03e-05,7.34e-05,9.58e-06,7.96e-05,0.000193006,2.97e-05,2.97e-06,0.000135628,0.23341963,-0.000116633,-2.045804434,0.970319115,0.314128865,1.354717658,1.548676134,-0.154438483,0.115008316,2.750120967,-1.626007735
p05,2013,-0.041996656,0.158003261,-0.543081653,-1.592212388,0.015482671,-0.293772496,-0.00022236,1.717203304,0.419030448,0.164059126,0.007416288,0.003025507,0.000467005,0.001968718,0.001504942,0.000318412,0.000149935,1.84e-05,0.000281001,0.00010003,5.2e-05,0.000129252,0.002738841,0.000245213,0.002785684,0.000690643,9.68e-05,0.000267516,0.113855072,0.041834073,0.013497511,0.003081567,0.001258223,0.000527868,0.029279266,0.002281221,0.002597723,0.000172138,0.008520973,0.000173268,4.13e-06,0.00038022,0.000108136,0.000703605,0.00060231,8.31e-05,3.99e-05,3.12e-05,6.13e-05,1.62e-05,3.38e-05,3.07e-05,7.26e-05,9.58e-06,8.85e-05,0.000187736,2.97e-05,2.94e-06,0.000133093,0.229934776,-0.000117216,-1.919722717,0.976778007,0.316272149,1.509611685,1.745585862,-0.156076045,0.151294509,2.792084652,-1.511087853
p05,2014,-0.033702762,0.130139032,-0.53349721,-1.623653599,0.016131789,-0.294104867,-0.000225894,1.741578992,0.421772504,0.167125655,0.007951585,0.00314957,0.000564061,0.002255533,0.00164694,0.000311755,0.000166708,2.01e-05,0.000306111,0.000108894,5.36e-05,0.00014418,0.002855505,0.000258753,0.002829246,0.000703473,9.93e-05,0.00027709,0.113227483,0.04158793,0.013384931,0.003077526,0.001260909,0.000531753,0.029922367,0.002333975,0.002612276,0.000143943,0.008408094,0.000179541,3.73e-06,0.000383658,0.000127464,0.000685459,0.000605339,8.18e-05,4.05e-05,3.14e-05,6.13e-05,1.66e-05,3.46e-05,3.1e-05,7.2e-05,1e-05,9.44e-05,0.000186645,2.83e-05,2.65e-06,0.000130558,0.234183077,-0.000118206,-1.941667968,0.985034614,0.31826377,1.537610673,1.743030012,-0.153701242,0.127997674,2.825232336,-1.524107964
p05,2015,-0.027463953,0.103269914,-0.516970543,-1.638706916,0.016982462,-0.293991654,-0.000224912,1.770474057,0.425094503,0.16964959,0.008523719,0.003266644,0.00066359,0.002583403,0.001806785,0.000313705,0.00018207,2.16e-05,0.000332778,0.000118635,5.54e-05,0.000161839,0.002968016,0.000271114,0.002874513,0.000716521,0.00010179,0.000287239,0.112569386,0.041359694,0.013267745,0.003070019,0.001265126,0.000535022,0.030476843,0.002375012,0.002615401,0.000121849,0.008292624,0.000189195,3.65e-06,0.000375865,0.000132607,0.000666492,0.000606992,8.06e-05,4.29e-05,3.49e-05,6.02e-05,1.7e-05,3.36e-05,3.14e-05,7.06e-05,9.88e-06,0.000100293,0.000190825,2.82e-05,2.82e-06,0.00012929,0.23872663,-0.000119404,-1.947767097,0.993238471,0.320207132,1.58337923,1.764281516,-0.151236682,0.102733417,2.862804283,-1.516713478
p05,2016,-0.086246122,0.127483458,-0.478281449,-1.485436448,0.017850799,-0.294669444,-0.000208618,1.81299438,0.42752761,0.171856588,0.009143778,0.003372418,0.000779725,0.002924767,0.001970332,0.000316701,0.000200266,2.33e-05,0.000361917,0.000129133,5.76e-05,0.000180794,0.003083122,0.000284092,0.002923443,0.000730136,0.000104353,0.000298346,0.111848095,0.041112745,0.013162904,0.003069223,0.001270624,0.000538796,0.031023351,0.00240335,0.002628568,0.000103063,0.008178425,0.000209955,4.11e-06,0.000391529,0.000146309,0.000647981,0.000606992,7.96e-05,4.31e-05,3.45e-05,6.15e-05,1.74e-05,3.48e-05,3.17e-05,7.01e-05,1e-05,0.000108404,0.000189008,3e-05,2.82e-06,0.000127009,0.232337289,-0.000120286,-1.770960299,1.000263654,0.322300056,1.788536016,1.939578925,-0.151961975,0.071881337,2.913341086,-1.359763297
p05,2017,-0.110796023,0.146071268,-0.461828959,-1.470369514,0.018676447,-0.295216316,-0.000208262,1.839553571,0.429622189,0.174341712,0.00978407,0.003491821,0.000934578,0.003319396,0.002142982,0.00032419,0.000220479,2.53e-05,0.000393512,0.000137322,5.94e-05,0.000202874,0.003202036,0.000297622,0.002976531,0.000744801,0.000107047,0.00031041,0.111122445,0.040944053,0.013070316,0.003067338,0.001279216,0.000543672,0.031484239,0.002403383,0.002635834,8.76e-05,0.008085714,0.000190313,3.61e-06,0.000426662,0.000164292,0.000630473,0.000607818,7.77e-05,4.4e-05,3.54e-05,6.2e-05,1.78e-05,3.52e-05,3.21e-05,6.96e-05,1.02e-05,0.000116516,0.000187972,3.1e-05,2.82e-06,0.000124981,0.233829178,-0.00012105,-1.744029513,1.00750438,0.324611,1.856342169,2.008734921,-0.150196653,0.069245163,2.947719951,-1.328519115
p05,2018,-0.11521996,0.131273909,-0.452424898,-1.446366922,0.018864567,-0.295334203,-0.000202082,1.868928599,0.432143823,0.177461585,0.010406684,0.00362963,0.001120338,0.003757436,0.002306581,0.00033351,0.000242109,2.75e-05,0.000426678,0.00014471,6.11e-05,0.000228326,0.003321124,0.000309936,0.003032287,0.000759615,0.000109846,0.000322857,0.110475244,0.040791836,0.01296483,0.003067338,0.001288627,0.000549536,0.031875964,0.002389696,0.002628503,7.52e-05,0.008000979,0.000185366,3.35e-06,0.000435295,0.000157872,0.000614607,0.00060791,7.71e-05,4.49e-05,3.63e-05,6.24e-05,1.82e-05,3.57e-05,3.24e-05,6.91e-05,1.03e-05,0.000124628,0.000187481,3.1e-05,2.82e-06,0.000122953,0.234143095,-0.000121973,-1.714752108,1.015926164,0.326996228,1.924434401,2.053176787,-0.150664876,0.047779298,2.986199781,-1.300813766
p05,2019,-0.116428945,0.050087606,-0.469098493,-1.5841879,0.020594496,-0.296470469,-0.000212939,1.899010354,0.434601483,0.179981458,0.010998742,0.003817257,0.001319071,0.004223085,0.002469515,0.000339199,0.000265973,2.96e-05,0.000458956,0.000150032,6.3e-05,0.000256912,0.003440433,0.000321285,0.003089332,0.000774236,0.000112735,0.000335113,0.10960249,0.040513502,0.012860818,0.003069223,0.001296338,0.000555688,0.032220162,0.002389935,0.002622112,6.41e-05,0.007925487,0.000183624,3.15e-06,0.000455449,0.000137543,0.000594372,0.000608966,7.58e-05,4.59e-05,3.72e-05,6.29e-05,1.85e-05,3.62e-05,3.27e-05,6.86e-05,1.04e-05,0.00013274,0.00018699,3.03e-05,2.82e-06,0.000120924,0.239902296,-0.000122873,-1.861429956,1.023141026,0.32894061,1.848843591,1.868011142,-0.145303756,-0.051520924,3.02396487,-1.422303306
p05,2020,-0.106779674,0.023920948,-0.390067965,-1.392856155,0.01026555,-0.297279074,-0.000197231,1.927835339,0.4381316,0.183107691,0.011548938,0.00395857,0.001520161,0.004677961,0.002627825,0.000337033,0.000291111,3.17e-05,0.000487157,0.000152285,6.49e-05,0.000288491,0.003559083,0.000333193,0.003147418,0.000788998,0.000115714,0.00034687,0.108726415,0.040093318,0.012719666,0.003066665,0.00130134,0.000561196,0.032373763,0.002402965,0.00259292,5.57e-05,0.007813551,0.000192442,3.4e-06,0.00046136,0.000124961,0.000575099,0.000608367,7.54e-05,4.68e-05,3.81e-05,6.33e-05,1.89e-05,3.66e-05,3.31e-05,6.86e-05,1.05e-05,0.000147489,0.0001865,3.03e-05,2.82e-06,0.000118896,0.231295271,-0.000124167,-1.613102182,1.03133273,0.330122591,2.069083441,2.063723213,-0.175472745,-0.075227601,3.061896594,-1.234457304
p05,2021,-0.083622469,0.084723633,-0.426981909,-1.556861653,0.012351421,-0.297591417,-0.000206394,1.95518287,0.443062555,0.186483385,0.012138296,0.004093196,0.001747385,0.005178228,0.002796688,0.000344045,0.000320121,3.37e-05,0.000510516,0.000156231,6.64e-05,0.000322545,0.003686207,0.000347483,0.003206626,0.000804479,0.000118714,0.000358896,0.107881755,0.039679726,0.012590687,0.003066665,0.001307959,0.000565963,0.032497502,0.002413113,0.002567938,4.86e-05,0.007699431,0.000193017,3.29e-06,0.000511714,0.000120847,0.00055986,0.000609673,7.52e-05,4.77e-05,3.9e-05,6.37e-05,1.93e-05,3.71e-05,3.34e-05,6.86e-05,1.07e-05,0.000162238,0.000186009,3.03e-05,2.82e-06,0.000116868,0.238651988,-0.000125979,-1.80452347,1.041687707,0.331593296,1.960901885,2.057945465,-0.167909023,0.024003146,3.100286341,-1.388682983
p05,2022,-0.025054967,-0.044256987,-0.387288441,-1.30428688,0.01568471,-0.297949393,-0.000186929,1.983841117,0.44777043,0.189929103,0.012715694,0.004203463,0.002012051,0.005739466,0.002988448,0.000350947,0.000349981,3.58e-05,0.000530342,0.000159016,6.77e-05,0.000358192,0.003818407,0.000362403,0.003266075,0.000820651,0.000121738,0.000370922,0.107085265,0.039274553,0.01249856,0.003066665,0.001319076,0.000570357,0.032484101,0.002412817,0.002534735,4.41e-05,0.007596153,0.000181785,3.04e-06,0.000512116,0.000107781,0.000542713,0.000609993,7.5e-05,4.86e-05,3.99e-05,6.42e-05,1.97e-05,3.75e-05,3.38e-05,6.86e-05,1.08e-05,0.000176987,0.000185518,3.03e-05,2.82e-06,0.00011484,0.235924027,-0.000127719,-1.529303339,1.051722108,0.333022584,2.25225713,2.261664749,-0.16244022,-0.060899316,3.139930765,-1.129446316
p05,2023,0.019916798,0.125765865,-0.472950578,-1.825879637,0.019742118,-0.298930995,-0.000221895,2.011163636,0.4507374,0.192791759,0.013232193,0.004310122,0.002301623,0.006314203,0.0031828,0.000351366,0.000379196,3.8e-05,0.000546725,0.000158322,6.77e-05,0.000394669,0.003949819,0.000375413,0.003324498,0.000836361,0.000124836,0.000382948,0.106197099,0.038826345,0.012388007,0.003066665,0.001329851,0.000574391,0.032294624,0.002400841,0.002506445,3.96e-05,0.007509784,0.00017285,2.9e-06,0.000520506,9.8e-05,0.000525509,0.000606385,7.47e-05,4.96e-05,4.08e-05,6.46e-05,2.01e-05,3.8e-05,3.41e-05,6.86e-05,1.09e-05,0.000191736,0.000185028,3.03e-05,2.82e-06,0.000112812,0.250915935,-0.000128824,-2.097464079,1.058749954,0.33394531,1.819839122,2.09295428,-0.146438024,0.178493328,3.175185581,-1.614119615
p05,2024,0.030008196,0.124388001,-0.437226463,-1.646078416,0.021711351,-0.29973903,-0.000220268,2.052033849,0.452945625,0.195602304,0.013766269,0.00440382,0.002632732,0.006946847,0.003360411,0.000366544,0.00041064,4.03e-05,0.000560218,0.00015272,6.69e-05,0.000431421,0.004081545,0.000387359,0.00338214,0.000851533,0.000128006,0.000394973,0.105276256,0.038402726,0.012277454,0.003065641,0.001337205,0.000578017,0.032026832,0.002389295,0.002473186,3.54e-05,0.00741162,0.000189429,3.22e-06,0.000567888,0.000103802,0.000508325,0.000603693,7.42e-05,5.05e-05,4.17e-05,6.5e-05,2.05e-05,3.84e-05,3.44e-05,6.86e-05,1.1e-05,0.000206485,0.000184537,3.03e-05,2.82e-06,0.000110784,0.251609251,-0.000129653,-1.895602766,1.065101857,0.335051189,2.063495286,2.348764973,-0.142491157,0.187404015,3.223260577,-1.419526255
p05,2025,0.017060098,0.117620015,-0.397771477,-1.368793628,0.022588577,-0.300333536,-0.000186286,2.085878051,0.455078508,0.199292396,0.014338846,0.004526062,0.002876604,0.007473465,0.003546619,0.000369889,0.000439649,4.24e-05,0.000581691,0.000156603,6.83e-05,0.000466459,0.00423849,0.000402049,0.003441546,0.00086749,0.000131013,0.000406999,0.104457865,0.037984964,0.012168743,0.00306513,0.001347173,0.000582606,0.032066342,0.002391923,0.002444757,2.98e-05,0.007308055,0.000178047,2.95e-06,0.000581272,9.15e-05,0.000491931,0.000603831,7.4e-05,5.14e-05,4.26e-05,6.55e-05,2.08e-05,3.89e-05,3.48e-05,6.86e-05,1.11e-05,0.000221234,0.000184046,3.03e-05,2.82e-06,0.000108756,0.241519276,-0.000130461,-1.600255672,1.072727488,0.336470401,2.346036019,2.602301912,-0.146731914,0.165808689,3.265374776,-1.171052542
p50,1750,0.02159121,0.234943996,0.0,0.0,0.0,0.0,0.0,0.0,0.0,0.0,0.0,0.0,0.0,0.0,0.0,0.0,0.0,0.0,0.0,0.0,0.0,0.0,0.0,0.0,0.0,0.0,0.0,0.0,0.0,0.0,0.0,0.0,0.0,0.0,0.0,0.0,0.0,0.0,0.0,0.0,0.0,0.0,0.0,0.0,0.0,0.0,0.0,0.0,0.0,0.0,0.0,0.0,0.0,0.0,0.0,0.0,0.0,0.0,0.0,0.0,0.0,0.0,0.0,0.0,0.0,0.256535206,0.0,0.256535206,0.0,0.0
p50,1751,0.000780029,0.243453584,0.00063088,0.003830106,0.0,-0.000102748,-0.000373548,0.001417292,0.00050833,7.45e-05,0.0,0.0,0.0,0.0,0.0,0.0,0.0,0.0,0.0,0.0,0.0,0.0,0.0,0.0,0.0,0.0,0.0,0.0,0.0,0.0,0.0,0.0,0.0,0.0,0.0,0.0,0.0,0.0,0.0,0.0,0.0,7.96e-10,0.0,0.0,0.0,0.0,0.0,0.0,0.0,0.0,0.0,0.0,0.0,0.0,0.0,0.0,0.0,0.0,0.0,-0.000441436,3.45e-05,0.004460986,0.000582811,7.96e-10,0.005577837,0.249811451,-0.000441816,0.244233614,0.002000103,0.003577734
p50,1752,-0.009079541,0.240777285,0.001155533,0.005575433,0.0,-0.000208278,-0.000498196,0.002834247,0.001016353,0.000148952,0.0,0.0,0.0,0.0,0.0,0.0,0.0,0.0,0.0,0.0,0.0,0.0,0.0,0.0,0.0,0.0,0.0,0.0,0.0,0.0,0.0,0.0,0.0,0.0,0.0,0.0,0.0,0.0,0.0,0.0,0.0,1.59e-09,0.0,0.0,0.0,0.0,0.0,0.0,0.0,0.0,0.0,0.0,0.0,0.0,0.0,0.0,0.0,0.0,0.0,-0.000409538,6.9e-05,0.006730966,0.001165307,1.59e-09,0.009683466,0.24138121,-0.000637515,0.231697744,0.003999553,0.005683913
p50,1753,-0.023619287,0.096083654,0.000637431,0.003859007,0.0,-0.000316458,-0.000373606,0.004250863,0.00152407,0.000223415,0.0,0.0,0.0,0.0,0.0,0.0,0.0,0.0,0.0,0.0,0.0,0.0,0.0,0.0,0.0,0.0,0.0,0.0,0.0,0.0,0.0,0.0,0.0,0.0,0.0,0.0,0.0,0.0,0.0,0.0,0.0,2.39e-09,0.0,0.0,0.0,0.0,0.0,0.0,0.0,0.0,0.0,0.0,0.0,0.0,0.0,0.0,0.0,0.0,0.0,-0.000148817,0.000103439,0.004496438,0.001747487,2.39e-09,0.009759347,0.082223714,-0.000586625,0.072464367,0.005998351,0.003760996
p50,1754,-0.042745605,-0.028037303,-0.000531038,-0.000976127,0.0,-0.000427292,5.4e-05,0.005667143,0.00203148,0.00029787,0.0,0.0,0.0,0.0,0.0,0.0,0.0,0.0,0.0,0.0,0.0,0.0,0.0,0.0,0.0,0.0,0.0,0.0,0.0,0.0,0.0,0.0,0.0,0.0,0.0,0.0,0.0,0.0,0.0,0.0,0.0,3.18e-09,0.0,0.0,0.0,0.0,0.0,0.0,0.0,0.0,0.0,0.0,0.0,0.0,0.0,0.0,0.0,0.0,0.0,0.000746417,0.000137919,-0.001507165,0.002329353,3.18e-09,0.007000389,-0.063782518,-0.000235359,-0.070782908,0.007996496,-0.000996107
p50,1755,-0.052807983,0.108280664,0.000479028,0.000156222,0.0,-0.000540779,5.87e-05,0.007083086,0.002538584,0.000372317,0.0,0.0,0.0,0.0,0.0,0.0,0.0,0.0,0.0,0.0,0.0,0.0,0.0,0.0,0.0,0.0,0.0,0.0,0.0,0.0,0.0,0.0,0.0,0.0,0.0,0.0,0.0,0.0,0.0,0.0,0.0,3.98e-09,0.0,0.0,0.0,0.0,0.0,0.0,0.0,0.0,0.0,0.0,0.0,0.0,0.0,0.0,0.0,0.0,0.0,0.001037109,0.000172398,0.00063525,0.002910905,3.98e-09,0.011356707,0.066829389,-0.000309642,0.055472681,0.009993991,0.001362717
p50,1756,-0.05380642,-0.031328236,0.000482264,0.003795751,0.0,-0.000656862,-0.000398297,0.008498691,0.003045384,0.000446755,0.0,0.0,0.0,0.0,0.0,0.0,0.0,0.0,0.0,0.0,0.0,0.0,0.0,0.0,0.0,0.0,0.0,0.0,0.0,0.0,0.0,0.0,0.0,0.0,0.0,0.0,0.0,0.0,0.0,0.0,0.0,4.77e-09,0.0,0.0,0.0,0.0,0.0,0.0,0.0,0.0,0.0,0.0,0.0,0.0,0.0,0.0,0.0,0.0,0.0,0.000207768,0.000206878,0.004278015,0.003492143,4.77e-09,0.015628336,-0.06950632,-0.000848281,-0.085134656,0.011990834,0.003637502
p50,1757,-0.029968726,0.19376902,2.72e-05,-0.005437454,0.0,-0.000775529,0.000820756,0.00991396,0.003551878,0.000521185,0.0,0.0,0.0,0.0,0.0,0.0,0.0,0.0,0.0,0.0,0.0,0.0,0.0,0.0,0.0,0.0,0.0,0.0,0.0,0.0,0.0,0.0,0.0,0.0,0.0,0.0,0.0,0.0,0.0,0.0,0.0,5.57e-09,0.0,0.0,0.0,0.0,0.0,0.0,0.0,0.0,0.0,0.0,0.0,0.0,0.0,0.0,0.0,0.0,0.0,0.00275513,0.000241358,-0.005410262,0.004073068,5.57e-09,0.011618481,0.175418776,0.000286585,0.163800294,0.013987028,-0.002368547
p50,1758,-0.009531958,0.23755941,0.000232809,-0.002010205,0.0,-0.000896742,0.000409323,0.011328892,0.004058068,0.000595607,0.0,0.0,0.0,0.0,0.0,0.0,0.0,0.0,0.0,0.0,0.0,0.0,0.0,0.0,0.0,0.0,0.0,0.0,0.0,0.0,0.0,0.0,0.0,0.0,0.0,0.0,0.0,0.0,0.0,0.0,0.0,6.37e-09,0.0,0.0,0.0,0.0,0.0,0.0,0.0,0.0,0.0,0.0,0.0,0.0,0.0,0.0,0.0,0.0,0.0,0.002334504,0.000275837,-0.001777396,0.004653681,6.37e-09,0.0163281,0.244355552,-0.000211582,0.228027452,0.015982573,0.000345527
p50,1759,-0.001700464,0.240744971,-0.000103893,-0.002647809,0.0,-0.001020472,0.000365449,0.012743487,0.004563954,0.00067002,0.0,0.0,0.0,0.0,0.0,0.0,0.0,0.0,0.0,0.0,0.0,0.0,0.0,0.0,0.0,0.0,0.0,0.0,0.0,0.0,0.0,0.0,0.0,0.0,0.0,0.0,0.0,0.0,0.0,0.0,0.0,7.16e-09,0.0,0.0,0.0,0.0,0.0,0.0,0.0,0.0,0.0,0.0,0.0,0.0,0.0,0.0,0.0,0.0,0.0,0.002102206,0.000310317,-0.002751702,0.005233982,7.16e-09,0.016983268,0.256027775,-0.000344706,0.239044507,0.017977469,-0.000994201
p50,1760,0.004430566,0.086899665,-0.001037109,-0.00558696,0.0,-0.001152944,0.000534438,0.014157747,0.005069537,0.000744425,0.0,0.0,0.0,0.0,0.0,0.0,0.0,0.0,0.0,0.0,0.0,0.0,0.0,0.0,0.0,0.0,0.0,0.0,0.0,0.0,0.0,0.0,0.0,0.0,0.0,0.0,0.0,0.0,0.0,0.0,0.0,7.96e-09,0.0,0.0,0.0,0.0,0.0,0.0,0.0,0.0,0.0,0.0,0.0,0.0,0.0,0.0,0.0,0.0,0.0,0.002476285,0.000344797,-0.006624069,0.00581397,7.96e-09,0.015550224,0.106880456,-0.000273709,0.091330232,0.019971717,-0.004421493
p50,1761,0.023978101,-1.229424548,-0.000191689,-0.00510281,0.0,-0.001294102,0.000695488,0.01557167,0.005574818,0.000818822,0.0,0.0,0.0,0.0,0.0,0.0,0.0,0.0,0.0,0.0,0.0,0.0,0.0,0.0,0.0,0.0,0.0,0.0,0.0,0.0,0.0,0.0,0.0,0.0,0.0,0.0,0.0,0.0,0.0,0.0,0.0,8.75e-09,0.0,0.0,0.0,0.0,0.0,0.0,0.0,0.0,0.0,0.0,0.0,0.0,0.0,0.0,0.0,0.0,0.0,0.00316028,0.000379276,-0.005294499,0.006393648,8.75e-09,0.019611761,-1.185834685,-0.000219338,-1.205446447,0.021965318,-0.002353557
p50,1762,0.00691106,-0.535311706,-0.00028117,-0.001513442,0.0,-0.001437682,0.000152341,0.016985257,0.006079795,0.00089321,0.0,0.0,0.0,0.0,0.0,0.0,0.0,0.0,0.0,0.0,0.0,0.0,0.0,0.0,0.0,0.0,0.0,0.0,0.0,0.0,0.0,0.0,0.0,0.0,0.0,0.0,0.0,0.0,0.0,0.0,0.0,9.55e-09,0.0,0.0,0.0,0.0,0.0,0.0,0.0,0.0,0.0,0.0,0.0,0.0,0.0,0.0,0.0,0.0,0.0,0.002068421,0.000413756,-0.001794611,0.006973015,9.55e-09,0.023360497,-0.505040149,-0.000871586,-0.528400646,0.023958273,-0.000597776
p50,1763,-0.00932915,0.030602469,-0.000174949,-0.001938801,0.0,-0.001583703,0.000242396,0.018398509,0.006584471,0.000967591,0.0,0.0,0.0,0.0,0.0,0.0,0.0,0.0,0.0,0.0,0.0,0.0,0.0,0.0,0.0,0.0,0.0,0.0,0.0,0.0,0.0,0.0,0.0,0.0,0.0,0.0,0.0,0.0,0.0,0.0,0.0,1.03e-08,0.0,0.0,0.0,0.0,0.0,0.0,0.0,0.0,0.0,0.0,0.0,0.0,0.0,0.0,0.0,0.0,0.0,0.002580641,0.000448236,-0.00211375,0.007552072,1.03e-08,0.025524401,0.04679772,-0.000893071,0.021273319,0.025950581,-0.00042618
p50,1764,-0.017706666,0.197822381,0.001709443,0.004477556,0.0,-0.001732112,-0.000292666,0.019811425,0.007088846,0.001041962,0.0,0.0,0.0,0.0,0.0,0.0,0.0,0.0,0.0,0.0,0.0,0.0,0.0,0.0,0.0,0.0,0.0,0.0,0.0,0.0,0.0,0.0,0.0,0.0,0.0,0.0,0.0,0.0,0.0,0.0,0.0,1.11e-08,0.0,0.0,0.0,0.0,0.0,0.0,0.0,0.0,0.0,0.0,0.0,0.0,0.0,0.0,0.0,0.0,0.0,0.002009343,0.000482715,0.006186999,0.008130819,1.11e-08,0.034596524,0.214712239,-0.001542062,0.180115715,0.027942244,0.00665428
p50,1765,-0.037691016,0.237072134,-0.000471871,-0.004438836,0.0,-0.001882878,0.000514602,0.021224006,0.007592919,0.001116326,0.0,0.0,0.0,0.0,0.0,0.0,0.0,0.0,0.0,0.0,0.0,0.0,0.0,0.0,0.0,0.0,0.0,0.0,0.0,0.0,0.0,0.0,0.0,0.0,0.0,0.0,0.0,0.0,0.0,0.0,0.0,1.19e-08,0.0,0.0,0.0,0.0,0.0,0.0,0.0,0.0,0.0,0.0,0.0,0.0,0.0,0.0,0.0,0.0,0.0,0.003411726,0.000517195,-0.004910707,0.008709257,1.19e-08,0.0275832,0.226964318,-0.000851082,0.199381118,0.029933263,-0.002350063
p50,1766,-0.04981267,-0.24672819,0.000724865,-0.00020087,0.0,-0.002035964,0.000321248,0.022636251,0.008096693,0.001190681,0.0,0.0,0.0,0.0,0.0,0.0,0.0,0.0,0.0,0.0,0.0,0.0,0.0,0.0,0.0,0.0,0.0,0.0,0.0,0.0,0.0,0.0,0.0,0.0,0.0,0.0,0.0,0.0,0.0,0.0,0.0,1.27e-08,0.0,0.0,0.0,0.0,0.0,0.0,0.0,0.0,0.0,0.0,0.0,0.0,0.0,0.0,0.0,0.0,0.0,0.0033575,0.000551675,0.000523996,0.009287387,1.27e-08,0.034642093,-0.261898767,-0.001163041,-0.29654086,0.031923638,0.002718455
p50,1767,-0.0186115,0.004110759,0.000590519,-0.000309114,0.0,-0.002191352,0.000360954,0.024048161,0.008600166,0.001265029,0.0,0.0,0.0,0.0,0.0,0.0,0.0,0.0,0.0,0.0,0.0,0.0,0.0,0.0,0.0,0.0,0.0,0.0,0.0,0.0,0.0,0.0,0.0,0.0,0.0,0.0,0.0,0.0,0.0,0.0,0.0,1.35e-08,0.0,0.0,0.0,0.0,0.0,0.0,0.0,0.0,0.0,0.0,0.0,0.0,0.0,0.0,0.0,0.0,0.0,0.003553319,0.000586154,0.000281405,0.009865208,1.35e-08,0.03650385,0.022003109,-0.001244243,-0.014500741,0.033913369,0.002590481
p50,1768,0.019999951,0.19850794,-0.000844864,-0.011693504,0.0,-0.002349018,0.001453752,0.025459737,0.009103339,0.001339367,0.0,0.0,0.0,0.0,0.0,0.0,0.0,0.0,0.0,0.0,0.0,0.0,0.0,0.0,0.0,0.0,0.0,0.0,0.0,0.0,0.0,0.0,0.0,0.0,0.0,0.0,0.0,0.0,0.0,0.0,0.0,1.43e-08,0.0,0.0,0.0,0.0,0.0,0.0,0.0,0.0,0.0,0.0,0.0,0.0,0.0,0.0,0.0,0.0,0.0,0.005778543,0.000620634,-0.012538368,0.010442721,1.43e-08,0.028868,0.247375891,-0.000274633,0.218507891,0.035902458,-0.007034458
p50,1769,0.046988964,0.076546898,-0.000422897,-0.006040771,0.0,-0.002508931,0.000765018,0.026870978,0.009606214,0.001413698,0.0,0.0,0.0,0.0,0.0,0.0,0.0,0.0,0.0,0.0,0.0,0.0,0.0,0.0,0.0,0.0,0.0,0.0,0.0,0.0,0.0,0.0,0.0,0.0,0.0,0.0,0.0,0.0,0.0,0.0,0.0,1.51e-08,0.0,0.0,0.0,0.0,0.0,0.0,0.0,0.0,0.0,0.0,0.0,0.0,0.0,0.0,0.0,0.0,0.0,0.004616436,0.000655114,-0.006463668,0.011019927,1.51e-08,0.034954874,0.158490736,-0.001088799,0.123535862,0.037890905,-0.002936031
p50,1770,0.047066968,0.19386176,-0.000409458,-0.006248513,0.0,-0.002684149,0.000800562,0.028281884,0.01010879,0.00148802,0.0,0.0,0.0,0.0,0.0,0.0,0.0,0.0,0.0,0.0,0.0,0.0,0.0,0.0,0.0,0.0,0.0,0.0,0.0,0.0,0.0,0.0,0.0,0.0,0.0,0.0,0.0,0.0,0.0,0.0,0.0,1.59e-08,0.0,0.0,0.0,0.0,0.0,0.0,0.0,0.0,0.0,0.0,0.0,0.0,0.0,0.0,0.0,0.0,0.0,0.004916721,0.000689594,-0.006657972,0.011596827,1.59e-08,0.036943466,0.277872194,-0.001193993,0.240928728,0.03987871,-0.002935245
p50,1771,0.038096633,0.237231535,0.000636375,-0.000201602,0.0,-0.002874648,0.000221044,0.029692456,0.010611068,0.001562334,0.0,0.0,0.0,0.0,0.0,0.0,0.0,0.0,0.0,0.0,0.0,0.0,0.0,0.0,0.0,0.0,0.0,0.0,0.0,0.0,0.0,0.0,0.0,0.0,0.0,0.0,0.0,0.0,0.0,0.0,0.0,1.67e-08,0.0,0.0,0.0,0.0,0.0,0.0,0.0,0.0,0.0,0.0,0.0,0.0,0.0,0.0,0.0,0.0,0.0,0.003978246,0.000724073,0.000434773,0.012173419,1.67e-08,0.044349363,0.319677531,-0.001929531,0.275328168,0.041865875,0.002483488
p50,1772,0.022808056,0.244019608,0.001300398,0.000332752,0.0,-0.003067319,2e-05,0.031102693,0.011113049,0.00163664,0.0,0.0,0.0,0.0,0.0,0.0,0.0,0.0,0.0,0.0,0.0,0.0,0.0,0.0,0.0,0.0,0.0,0.0,0.0,0.0,0.0,0.0,0.0,0.0,0.0,0.0,0.0,0.0,0.0,0.0,0.0,1.75e-08,0.0,0.0,0.0,0.0,0.0,0.0,0.0,0.0,0.0,0.0,0.0,0.0,0.0,0.0,0.0,0.0,0.0,0.003720655,0.000758553,0.00163315,0.012749706,1.75e-08,0.04691748,0.313745144,-0.002288725,0.266827664,0.0438524,0.00306508
p50,1773,-0.009126343,0.245030292,0.001015149,7.71e-05,0.0,-0.003262135,0.000118225,0.032512597,0.011614732,0.001710938,0.0,0.0,0.0,0.0,0.0,0.0,0.0,0.0,0.0,0.0,0.0,0.0,0.0,0.0,0.0,0.0,0.0,0.0,0.0,0.0,0.0,0.0,0.0,0.0,0.0,0.0,0.0,0.0,0.0,0.0,0.0,1.83e-08,0.0,0.0,0.0,0.0,0.0,0.0,0.0,0.0,0.0,0.0,0.0,0.0,0.0,0.0,0.0,0.0,0.0,0.003904094,0.000793033,0.00109221,0.013325688,1.83e-08,0.048483712,0.284387661,-0.002350877,0.235903949,0.045838285,0.002645427
p50,1774,-0.019360328,0.24517402,-0.000707735,-0.008701479,0.0,-0.003459048,0.00108235,0.033922167,0.012116119,0.001785227,0.0,0.0,0.0,0.0,0.0,0.0,0.0,0.0,0.0,0.0,0.0,0.0,0.0,0.0,0.0,0.0,0.0,0.0,0.0,0.0,0.0,0.0,0.0,0.0,0.0,0.0,0.0,0.0,0.0,0.0,0.0,1.91e-08,0.0,0.0,0.0,0.0,0.0,0.0,0.0,0.0,0.0,0.0,0.0,0.0,0.0,0.0,0.0,0.0,0.0,0.005698332,0.000827512,-0.009409215,0.013901365,1.91e-08,0.042563463,0.268377156,-0.001549186,0.225813692,0.047823532,-0.005260069
p50,1775,-0.049594264,0.245192009,0.000578421,-0.00471731,0.0,-0.003658046,0.001002891,0.035331403,0.012617209,0.001859508,0.0,0.0,0.0,0.0,0.0,0.0,0.0,0.0,0.0,0.0,0.0,0.0,0.0,0.0,0.0,0.0,0.0,0.0,0.0,0.0,0.0,0.0,0.0,0.0,0.0,0.0,0.0,0.0,0.0,0.0,0.0,1.99e-08,0.0,0.0,0.0,0.0,0.0,0.0,0.0,0.0,0.0,0.0,0.0,0.0,0.0,0.0,0.0,0.0,0.0,0.005779979,0.000861992,-0.004138889,0.014476737,1.99e-08,0.049656068,0.245253813,-0.001793163,0.195597745,0.04980814,-0.000152072
p50,1776,-0.039781496,0.245193009,0.000669899,-0.000463098,0.0,-0.003859109,0.000447823,0.036740306,0.013118004,0.001933781,0.0,0.0,0.0,0.0,0.0,0.0,0.0,0.0,0.0,0.0,0.0,0.0,0.0,0.0,0.0,0.0,0.0,0.0,0.0,0.0,0.0,0.0,0.0,0.0,0.0,0.0,0.0,0.0,0.0,0.0,0.0,2.07e-08,0.0,0.0,0.0,0.0,0.0,0.0,0.0,0.0,0.0,0.0,0.0,0.0,0.0,0.0,0.0,0.0,0.0,0.004624149,0.000896472,0.000206801,0.015051806,2.07e-08,0.054108247,0.25951976,-0.002514815,0.205411513,0.051792112,0.002316135
p50,1777,0.013978126,0.2451923,0.000692315,-0.006740856,0.0,-0.004062199,0.001349902,0.038148875,0.013618503,0.002008046,0.0,0.0,0.0,0.0,0.0,0.0,0.0,0.0,0.0,0.0,0.0,0.0,0.0,0.0,0.0,0.0,0.0,0.0,0.0,0.0,0.0,0.0,0.0,0.0,0.0,0.0,0.0,0.0,0.0,0.0,0.0,2.15e-08,0.0,0.0,0.0,0.0,0.0,0.0,0.0,0.0,0.0,0.0,0.0,0.0,0.0,0.0,0.0,0.0,0.0,0.006484188,0.000930951,-0.006048541,0.01562657,2.15e-08,0.052429746,0.311600172,-0.001781346,0.259170426,0.053775446,-0.001345699
p50,1778,0.060233865,0.242000323,0.000270932,-0.010926002,0.0,-0.004267315,0.001786612,0.039557112,0.014118708,0.002082302,0.0,0.0,0.0,0.0,0.0,0.0,0.0,0.0,0.0,0.0,0.0,0.0,0.0,0.0,0.0,0.0,0.0,0.0,0.0,0.0,0.0,0.0,0.0,0.0,0.0,0.0,0.0,0.0,0.0,0.0,0.0,2.23e-08,0.0,0.0,0.0,0.0,0.0,0.0,0.0,0.0,0.0,0.0,0.0,0.0,0.0,0.0,0.0,0.0,0.0,0.007596586,0.000965431,-0.010655069,0.016201032,2.23e-08,0.051184388,0.353418576,-0.001515273,0.302234188,0.055758144,-0.004573756
p50,1779,0.05742576,0.171343045,0.000655498,-0.00577194,0.0,-0.004474388,0.001208984,0.040965015,0.014618618,0.00215655,0.0,0.0,0.0,0.0,0.0,0.0,0.0,0.0,0.0,0.0,0.0,0.0,0.0,0.0,0.0,0.0,0.0,0.0,0.0,0.0,0.0,0.0,0.0,0.0,0.0,0.0,0.0,0.0,0.0,0.0,0.0,2.31e-08,0.0,0.0,0.0,0.0,0.0,0.0,0.0,0.0,0.0,0.0,0.0,0.0,0.0,0.0,0.0,0.0,0.0,0.006297074,0.000999911,-0.005116442,0.016775191,2.31e-08,0.056655346,0.285424151,-0.002265493,0.228768805,0.057740206,-0.001084861
p50,1780,0.03563174,0.222367383,-0.000544022,-0.011931518,0.0,-0.004682791,0.001633191,0.042372586,0.015118234,0.00223079,0.0,0.0,0.0,0.0,0.0,0.0,0.0,0.0,0.0,0.0,0.0,0.0,0.0,0.0,0.0,0.0,0.0,0.0,0.0,0.0,0.0,0.0,0.0,0.0,0.0,0.0,0.0,0.0,0.0,0.0,0.0,2.39e-08,0.0,0.0,0.0,0.0,0.0,0.0,0.0,0.0,0.0,0.0,0.0,0.0,0.0,0.0,0.0,0.0,0.0,0.006995397,0.00103439,-0.01247554,0.017349048,2.39e-08,0.052226282,0.310225405,-0.002015209,0.257999123,0.059721634,-0.007495352
p50,1781,0.02716062,0.241589085,0.000446177,-0.00944122,0.0,-0.004892476,0.001649907,0.043779824,0.015617557,0.002305022,0.0,0.0,0.0,0.0,0.0,0.0,0.0,0.0,0.0,0.0,0.0,0.0,0.0,0.0,0.0,0.0,0.0,0.0,0.0,0.0,0.0,0.0,0.0,0.0,0.0,0.0,0.0,0.0,0.0,0.0,0.0,2.47e-08,0.0,0.0,0.0,0.0,0.0,0.0,0.0,0.0,0.0,0.0,0.0,0.0,0.0,0.0,0.0,0.0,0.0,0.007358737,0.00106887,-0.008995043,0.017922604,2.47e-08,0.057892422,0.326642127,-0.002173699,0.268749705,0.061702428,-0.003810005
p50,1782,-0.008003101,0.244670075,0.000191497,-0.007195606,0.0,-0.005104068,0.001219056,0.045186729,0.016116587,0.002379246,0.0,0.0,0.0,0.0,0.0,0.0,0.0,0.0,0.0,0.0,0.0,0.0,0.0,0.0,0.0,0.0,0.0,0.0,0.0,0.0,0.0,0.0,0.0,0.0,0.0,0.0,0.0,0.0,0.0,0.0,0.0,2.55e-08,0.0,0.0,0.0,0.0,0.0,0.0,0.0,0.0,0.0,0.0,0.0,0.0,0.0,0.0,0.0,0.0,0.0,0.006468865,0.00110335,-0.007004109,0.018495858,2.55e-08,0.060365681,0.297032655,-0.002781663,0.236666974,0.063682587,-0.003316907
p50,1783,-0.024555324,-2.089720815,0.000428524,-0.005497598,0.0,-0.005317542,0.001081421,0.046593302,0.016615324,0.002453461,0.0,0.0,0.0,0.0,0.0,0.0,0.0,0.0,0.0,0.0,0.0,0.0,0.0,0.0,0.0,0.0,0.0,0.0,0.0,0.0,0.0,0.0,0.0,0.0,0.0,0.0,0.0,0.0,0.0,0.0,0.0,2.63e-08,0.0,0.0,0.0,0.0,0.0,0.0,0.0,0.0,0.0,0.0,0.0,0.0,0.0,0.0,0.0,0.0,0.0,0.00649422,0.001137829,-0.005069074,0.019068812,2.63e-08,0.063988968,-2.050287171,-0.003098292,-2.114276139,0.065662114,-0.001673146
p50,1784,-0.045912527,-3.063102508,0.00204287,-0.000472695,0.0,-0.005532826,0.000940112,0.047999543,0.017113769,0.002527669,0.0,0.0,0.0,0.0,0.0,0.0,0.0,0.0,0.0,0.0,0.0,0.0,0.0,0.0,0.0,0.0,0.0,0.0,0.0,0.0,0.0,0.0,0.0,0.0,0.0,0.0,0.0,0.0,0.0,0.0,0.0,2.71e-08,0.0,0.0,0.0,0.0,0.0,0.0,0.0,0.0,0.0,0.0,0.0,0.0,0.0,0.0,0.0,0.0,0.0,0.006655966,0.001172309,0.001570175,0.019641465,2.71e-08,0.072446744,-3.036568291,-0.003420405,-3.109015035,0.067641008,0.004805735
p50,1785,-0.037223,-0.312126131,0.000233225,-0.00787077,0.0,-0.005749935,0.001339123,0.049405453,0.017611923,0.002601868,0.0,0.0,0.0,0.0,0.0,0.0,0.0,0.0,0.0,0.0,0.0,0.0,0.0,0.0,0.0,0.0,0.0,0.0,0.0,0.0,0.0,0.0,0.0,0.0,0.0,0.0,0.0,0.0,0.0,0.0,0.0,2.79e-08,0.0,0.0,0.0,0.0,0.0,0.0,0.0,0.0,0.0,0.0,0.0,0.0,0.0,0.0,0.0,0.0,0.0,0.007292329,0.001206789,-0.007637544,0.020213818,2.79e-08,0.066070032,-0.283279099,-0.003204024,-0.349349131,0.069619271,-0.003549239
p50,1786,0.014149732,0.030042447,0.001289609,-0.00347915,0.0,-0.005968807,0.001239234,0.05081103,0.018109785,0.002676058,0.0,0.0,0.0,0.0,0.0,0.0,0.0,0.0,0.0,0.0,0.0,0.0,0.0,0.0,0.0,0.0,0.0,0.0,0.0,0.0,0.0,0.0,0.0,0.0,0.0,0.0,0.0,0.0,0.0,0.0,0.0,2.86e-08,0.0,0.0,0.0,0.0,0.0,0.0,0.0,0.0,0.0,0.0,0.0,0.0,0.0,0.0,0.0,0.0,0.0,0.007301976,0.001241268,-0.002189541,0.020785872,2.86e-08,0.073221032,0.117413211,-0.003488305,0.044192179,0.071596902,0.00162413
p50,1787,0.050686304,0.068339647,0.00079402,-0.008331607,0.0,-0.006189444,0.001658481,0.052216276,0.018607357,0.002750241,0.0,0.0,0.0,0.0,0.0,0.0,0.0,0.0,0.0,0.0,0.0,0.0,0.0,0.0,0.0,0.0,0.0,0.0,0.0,0.0,0.0,0.0,0.0,0.0,0.0,0.0,0.0,0.0,0.0,0.0,0.0,2.94e-08,0.0,0.0,0.0,0.0,0.0,0.0,0.0,0.0,0.0,0.0,0.0,0.0,0.0,0.0,0.0,0.0,0.0,0.008230483,0.001275748,-0.007537587,0.021357628,2.94e-08,0.071011584,0.190037535,-0.003255216,0.119025951,0.073573903,-0.002562319
p50,1788,0.058502197,0.153713892,-0.000488989,-0.019207075,0.0,-0.006411822,0.002745928,0.05362119,0.019104638,0.002824416,0.0,0.0,0.0,0.0,0.0,0.0,0.0,0.0,0.0,0.0,0.0,0.0,0.0,0.0,0.0,0.0,0.0,0.0,0.0,0.0,0.0,0.0,0.0,0.0,0.0,0.0,0.0,0.0,0.0,0.0,0.0,3.02e-08,0.0,0.0,0.0,0.0,0.0,0.0,0.0,0.0,0.0,0.0,0.0,0.0,0.0,0.0,0.0,0.0,0.0,0.010382982,0.001310228,-0.019696064,0.021929084,3.02e-08,0.063881527,0.276097616,-0.002355666,0.212216089,0.075550275,-0.011668748
p50,1789,0.049578663,0.222812988,-4.28e-05,-0.01325248,0.0,-0.006635893,0.002030982,0.055025773,0.01960163,0.002898582,0.0,0.0,0.0,0.0,0.0,0.0,0.0,0.0,0.0,0.0,0.0,0.0,0.0,0.0,0.0,0.0,0.0,0.0,0.0,0.0,0.0,0.0,0.0,0.0,0.0,0.0,0.0,0.0,0.0,0.0,0.0,3.1e-08,0.0,0.0,0.0,0.0,0.0,0.0,0.0,0.0,0.0,0.0,0.0,0.0,0.0,0.0,0.0,0.0,0.0,0.009173575,0.001344707,-0.013295268,0.022500243,3.1e-08,0.07014412,0.34253577,-0.003260204,0.272391651,0.077526016,-0.007381897
p50,1790,0.033385254,0.004633068,-8.27e-05,-0.014334278,0.0,-0.006892684,0.00217725,0.056430026,0.020098332,0.00297274,0.0,0.0,0.0,0.0,0.0,0.0,0.0,0.0,0.0,0.0,0.0,0.0,0.0,0.0,0.0,0.0,0.0,0.0,0.0,0.0,0.0,0.0,0.0,0.0,0.0,0.0,0.0,0.0,0.0,0.0,0.0,3.18e-08,0.0,0.0,0.0,0.0,0.0,0.0,0.0,0.0,0.0,0.0,0.0,0.0,0.0,0.0,0.0,0.0,0.0,0.009642932,0.001379187,-0.01441697,0.023071104,3.18e-08,0.071390845,0.109409167,-0.003336246,0.038018322,0.07950113,-0.008110285
p50,1791,0.013619312,0.155035477,0.000921497,-0.006939677,0.0,-0.007182203,0.001526756,0.057833947,0.020594745,0.00304689,0.0,0.0,0.0,0.0,0.0,0.0,0.0,0.0,0.0,0.0,0.0,0.0,0.0,0.0,0.0,0.0,0.0,0.0,0.0,0.0,0.0,0.0,0.0,0.0,0.0,0.0,0.0,0.0,0.0,0.0,0.0,3.26e-08,0.0,0.0,0.0,0.0,0.0,0.0,0.0,0.0,0.0,0.0,0.0,0.0,0.0,0.0,0.0,0.0,0.0,0.008628163,0.001413667,-0.006018181,0.023641668,3.26e-08,0.079843817,0.248498606,-0.00424178,0.168654789,0.081475615,-0.001631798
p50,1792,0.00932915,0.227565775,0.001483349,-0.003869664,0.0,-0.007473357,0.001392878,0.059237537,0.02109087,0.003121032,0.0,0.0,0.0,0.0,0.0,0.0,0.0,0.0,0.0,0.0,0.0,0.0,0.0,0.0,0.0,0.0,0.0,0.0,0.0,0.0,0.0,0.0,0.0,0.0,0.0,0.0,0.0,0.0,0.0,0.0,0.0,3.34e-08,0.0,0.0,0.0,0.0,0.0,0.0,0.0,0.0,0.0,0.0,0.0,0.0,0.0,0.0,0.0,0.0,0.0,0.008657735,0.001448146,-0.002386315,0.024211936,3.34e-08,0.08508856,0.321983485,-0.004632333,0.236894925,0.083449473,0.001639087
p50,1793,-0.00079563,0.224465335,0.001156543,-0.004387078,0.0,-0.007766097,0.001286379,0.060640797,0.021586707,0.003195166,0.0,0.0,0.0,0.0,0.0,0.0,0.0,0.0,0.0,0.0,0.0,0.0,0.0,0.0,0.0,0.0,0.0,0.0,0.0,0.0,0.0,0.0,0.0,0.0,0.0,0.0,0.0,0.0,0.0,0.0,0.0,3.42e-08,0.0,0.0,0.0,0.0,0.0,0.0,0.0,0.0,0.0,0.0,0.0,0.0,0.0,0.0,0.0,0.0,0.0,0.008469625,0.001482626,-0.003230536,0.024781907,3.42e-08,0.085664701,0.309334406,-0.004997092,0.223669705,0.085422704,0.000241997
p50,1794,-0.010561597,0.228619425,-0.000649411,-0.016228418,0.0,-0.008060384,0.002243458,0.062043727,0.022082256,0.003269291,0.0,0.0,0.0,0.0,0.0,0.0,0.0,0.0,0.0,0.0,0.0,0.0,0.0,0.0,0.0,0.0,0.0,0.0,0.0,0.0,0.0,0.0,0.0,0.0,0.0,0.0,0.0,0.0,0.0,0.0,0.0,3.5e-08,0.0,0.0,0.0,0.0,0.0,0.0,0.0,0.0,0.0,0.0,0.0,0.0,0.0,0.0,0.0,0.0,0.0,0.010326297,0.001517106,-0.016877828,0.025351582,3.5e-08,0.076543957,0.294601785,-0.00429982,0.218057828,0.087395309,-0.010851352
p50,1795,-0.03645857,-0.149653873,0.000511891,-0.01221876,0.0,-0.008356238,0.002097301,0.063446326,0.022577518,0.003343409,0.0,0.0,0.0,0.0,0.0,0.0,0.0,0.0,0.0,0.0,0.0,0.0,0.0,0.0,0.0,0.0,0.0,0.0,0.0,0.0,0.0,0.0,0.0,0.0,0.0,0.0,0.0,0.0,0.0,0.0,0.0,3.58e-08,0.0,0.0,0.0,0.0,0.0,0.0,0.0,0.0,0.0,0.0,0.0,0.0,0.0,0.0,0.0,0.0,0.0,0.010332517,0.001551585,-0.011706868,0.025920962,3.58e-08,0.083285585,-0.102826858,-0.004707352,-0.186112443,0.089367289,-0.006081703
p50,1796,-0.043244824,0.015511918,0.000501642,-0.007235067,0.0,-0.008653554,0.001368282,0.064848595,0.023072493,0.003417518,0.0,0.0,0.0,0.0,0.0,0.0,0.0,0.0,0.0,0.0,0.0,0.0,0.0,0.0,0.0,0.0,0.0,0.0,0.0,0.0,0.0,0.0,0.0,0.0,0.0,0.0,0.0,0.0,0.0,0.0,0.0,3.66e-08,0.0,0.0,0.0,0.0,0.0,0.0,0.0,0.0,0.0,0.0,0.0,0.0,0.0,0.0,0.0,0.0,0.0,0.008893285,0.001586065,-0.006733425,0.026490048,3.66e-08,0.087799297,0.060066391,-0.005699207,-0.027732906,0.091338643,-0.003539347
p50,1797,-0.054446045,0.148564458,0.000538497,-0.013670672,0.0,-0.008952409,0.00231655,0.066250535,0.023567182,0.003491619,0.0,0.0,0.0,0.0,0.0,0.0,0.0,0.0,0.0,0.0,0.0,0.0,0.0,0.0,0.0,0.0,0.0,0.0,0.0,0.0,0.0,0.0,0.0,0.0,0.0,0.0,0.0,0.0,0.0,0.0,0.0,3.74e-08,0.0,0.0,0.0,0.0,0.0,0.0,0.0,0.0,0.0,0.0,0.0,0.0,0.0,0.0,0.0,0.0,0.0,0.010983101,0.001620545,-0.013132175,0.027058839,3.74e-08,0.086144985,0.180263398,-0.005015314,0.094118413,0.093309373,-0.007164388
p50,1798,-0.058673806,0.230211529,0.000117878,-0.017129274,0.0,-0.009252692,0.002655091,0.067652144,0.024061585,0.003565712,0.0,0.0,0.0,0.0,0.0,0.0,0.0,0.0,0.0,0.0,0.0,0.0,0.0,0.0,0.0,0.0,0.0,0.0,0.0,0.0,0.0,0.0,0.0,0.0,0.0,0.0,0.0,0.0,0.0,0.0,0.0,3.82e-08,0.0,0.0,0.0,0.0,0.0,0.0,0.0,0.0,0.0,0.0,0.0,0.0,0.0,0.0,0.0,0.0,0.0,0.011967402,0.001655024,-0.017011396,0.027627336,3.82e-08,0.085292908,0.256830632,-0.004942577,0.171537723,0.09527948,-0.009986572
p50,1799,-0.056723733,0.242997845,-9.64e-05,-0.015065268,0.0,-0.009554377,0.002264341,0.069053425,0.024555703,0.003639797,0.0,0.0,0.0,0.0,0.0,0.0,0.0,0.0,0.0,0.0,0.0,0.0,0.0,0.0,0.0,0.0,0.0,0.0,0.0,0.0,0.0,0.0,0.0,0.0,0.0,0.0,0.0,0.0,0.0,0.0,0.0,3.9e-08,0.0,0.0,0.0,0.0,0.0,0.0,0.0,0.0,0.0,0.0,0.0,0.0,0.0,0.0,0.0,0.0,0.0,0.011037372,0.001689504,-0.015161703,0.028195539,3.9e-08,0.087524101,0.273798212,-0.005600532,0.186274112,0.097248964,-0.009724863
p50,1800,-0.04496089,-0.088946065,-0.000897813,-0.018135997,0.0,-0.009900892,0.002420191,0.070454375,0.025049536,0.003713874,0.0,0.0,0.0,0.0,0.0,0.0,0.0,0.0,0.0,0.0,0.0,0.0,0.0,0.0,0.0,0.0,0.0,0.0,0.0,0.0,0.0,0.0,0.0,0.0,0.0,0.0,0.0,0.0,0.0,0.0,0.0,3.98e-08,0.0,0.0,0.0,0.0,0.0,0.0,0.0,0.0,0.0,0.0,0.0,0.0,0.0,0.0,0.0,0.0,0.0,0.011347412,0.001723984,-0.01903381,0.028763449,3.98e-08,0.08577471,-0.048132244,-0.005756717,-0.133906955,0.099217825,-0.013443114
p50,1801,-0.010436792,0.158270325,9.29e-05,-0.016192368,0.0,-0.010292272,0.002507219,0.071854997,0.025543084,0.003787943,0.0,0.0,0.0,0.0,0.0,0.0,0.0,0.0,0.0,0.0,0.0,0.0,0.0,0.0,0.0,0.0,0.0,0.0,0.0,0.0,0.0,0.0,0.0,0.0,0.0,0.0,0.0,0.0,0.0,0.0,0.0,4.06e-08,0.0,0.0,0.0,0.0,0.0,0.0,0.0,0.0,0.0,0.0,0.0,0.0,0.0,0.0,0.0,0.0,0.0,0.011782603,0.001758463,-0.016099485,0.029331067,4.06e-08,0.090842593,0.238676126,-0.006026589,0.147833533,0.101186064,-0.010343471
p50,1802,-0.009438355,0.221952159,-0.000455782,-0.016194998,0.0,-0.010684958,0.002293817,0.07325529,0.026036348,0.003862003,0.0,0.0,0.0,0.0,0.0,0.0,0.0,0.0,0.0,0.0,0.0,0.0,0.0,0.0,0.0,0.0,0.0,0.0,0.0,0.0,0.0,0.0,0.0,0.0,0.0,0.0,0.0,0.0,0.0,0.0,0.0,4.14e-08,0.0,0.0,0.0,0.0,0.0,0.0,0.0,0.0,0.0,0.0,0.0,0.0,0.0,0.0,0.0,0.0,0.0,0.01116623,0.001792943,-0.01665078,0.029898392,4.14e-08,0.091070934,0.303584739,-0.006598197,0.212513805,0.103153682,-0.012082747
p50,1803,-0.01702024,0.238045232,0.000190484,-0.012338307,0.0,-0.011078967,0.001977895,0.074655253,0.026529328,0.003936056,0.0,0.0,0.0,0.0,0.0,0.0,0.0,0.0,0.0,0.0,0.0,0.0,0.0,0.0,0.0,0.0,0.0,0.0,0.0,0.0,0.0,0.0,0.0,0.0,0.0,0.0,0.0,0.0,0.0,0.0,0.0,4.22e-08,0.0,0.0,0.0,0.0,0.0,0.0,0.0,0.0,0.0,0.0,0.0,0.0,0.0,0.0,0.0,0.0,0.0,0.010756835,0.001827423,-0.012147823,0.030465426,4.22e-08,0.096456042,0.317481034,-0.007273649,0.221024992,0.105120679,-0.008664638
p50,1804,-0.013120093,0.24023661,0.001409534,-0.010727017,0.0,-0.01147428,0.002283296,0.076054888,0.027022025,0.0040101,0.0,0.0,0.0,0.0,0.0,0.0,0.0,0.0,0.0,0.0,0.0,0.0,0.0,0.0,0.0,0.0,0.0,0.0,0.0,0.0,0.0,0.0,0.0,0.0,0.0,0.0,0.0,0.0,0.0,0.0,0.0,4.3e-08,0.0,0.0,0.0,0.0,0.0,0.0,0.0,0.0,0.0,0.0,0.0,0.0,0.0,0.0,0.0,0.0,0.0,0.01158984,0.001861903,-0.009317483,0.031032168,4.3e-08,0.102030332,0.32914685,-0.007329081,0.227116517,0.107087057,-0.005056724
p50,1805,-0.01784707,0.151665686,-0.000158737,-0.017367192,0.0,-0.011870789,0.002588784,0.077454195,0.02751444,0.004084136,0.0,0.0,0.0,0.0,0.0,0.0,0.0,0.0,0.0,0.0,0.0,0.0,0.0,0.0,0.0,0.0,0.0,0.0,0.0,0.0,0.0,0.0,0.0,0.0,0.0,0.0,0.0,0.0,0.0,0.0,0.0,4.38e-08,0.0,0.0,0.0,0.0,0.0,0.0,0.0,0.0,0.0,0.0,0.0,0.0,0.0,0.0,0.0,0.0,0.0,0.012010076,0.001896382,-0.01752593,0.03159862,4.38e-08,0.096151338,0.229969953,-0.007385623,0.133818616,0.109052814,-0.012901477
p50,1806,-0.02764424,0.226022787,0.000723515,-0.015939107,0.0,-0.012268612,0.002743218,0.078853173,0.028006572,0.004158165,0.0,0.0,0.0,0.0,0.0,0.0,0.0,0.0,0.0,0.0,0.0,0.0,0.0,0.0,0.0,0.0,0.0,0.0,0.0,0.0,0.0,0.0,0.0,0.0,0.0,0.0,0.0,0.0,0.0,0.0,0.0,4.46e-08,0.0,0.0,0.0,0.0,0.0,0.0,0.0,0.0,0.0,0.0,0.0,0.0,0.0,0.0,0.0,0.0,0.0,0.012404358,0.001930862,-0.015215592,0.032164781,4.46e-08,0.100612187,0.298990734,-0.007594532,0.198378547,0.111017954,-0.010405767
p50,1807,-0.04890784,0.242338597,0.00035739,-0.01895594,0.0,-0.012667592,0.0030383,0.080251823,0.028498422,0.004232185,0.0,0.0,0.0,0.0,0.0,0.0,0.0,0.0,0.0,0.0,0.0,0.0,0.0,0.0,0.0,0.0,0.0,0.0,0.0,0.0,0.0,0.0,0.0,0.0,0.0,0.0,0.0,0.0,0.0,0.0,0.0,4.54e-08,0.0,0.0,0.0,0.0,0.0,0.0,0.0,0.0,0.0,0.0,0.0,0.0,0.0,0.0,0.0,0.0,0.0,0.012998907,0.001965342,-0.01859855,0.032730652,4.54e-08,0.099718881,0.293149638,-0.007663951,0.193430757,0.112982474,-0.013263594
p50,1808,-0.054414846,0.24478671,-0.000730652,-0.029358895,0.0,-0.013067782,0.004180962,0.081650145,0.02898999,0.004306197,0.0,0.0,0.0,0.0,0.0,0.0,0.0,0.0,0.0,0.0,0.0,0.0,0.0,0.0,0.0,0.0,0.0,0.0,0.0,0.0,0.0,0.0,0.0,0.0,0.0,0.0,0.0,0.0,0.0,0.0,0.0,4.62e-08,0.0,0.0,0.0,0.0,0.0,0.0,0.0,0.0,0.0,0.0,0.0,0.0,0.0,0.0,0.0,0.0,0.0,0.015233574,0.001999821,-0.030089546,0.033296233,4.62e-08,0.093203407,0.283575271,-0.006886999,0.190371864,0.114946378,-0.021742971
p50,1809,-0.060202662,-3.419830814,-0.000435572,-0.024245947,0.0,-0.013469092,0.003533654,0.083048139,0.029481277,0.004380201,0.0,0.0,0.0,0.0,0.0,0.0,0.0,0.0,0.0,0.0,0.0,0.0,0.0,0.0,0.0,0.0,0.0,0.0,0.0,0.0,0.0,0.0,0.0,0.0,0.0,0.0,0.0,0.0,0.0,0.0,0.0,4.7e-08,0.0,0.0,0.0,0.0,0.0,0.0,0.0,0.0,0.0,0.0,0.0,0.0,0.0,0.0,0.0,0.0,0.0,0.014058189,0.002034301,-0.024681519,0.033861525,4.7e-08,0.098385196,-3.381648279,-0.007901137,-3.480033476,0.116909664,-0.018524467
p50,1810,-0.06608409,-3.988249246,-0.000502593,-0.025937585,0.0,-0.013896334,0.003760526,0.084445805,0.029972284,0.004454196,0.0,0.0,0.0,0.0,0.0,0.0,0.0,0.0,0.0,0.0,0.0,0.0,0.0,0.0,0.0,0.0,0.0,0.0,0.0,0.0,0.0,0.0,0.0,0.0,0.0,0.0,0.0,0.0,0.0,0.0,0.0,4.77e-08,0.0,0.0,0.0,0.0,0.0,0.0,0.0,0.0,0.0,0.0,0.0,0.0,0.0,0.0,0.0,0.0,0.0,0.014522076,0.002068781,-0.026440178,0.034426528,4.77e-08,0.098887204,-3.955446132,-0.008067027,-4.054333336,0.118872334,-0.019985129
p50,1811,-0.06514805,-1.641445172,0.000435813,-0.021040046,0.0,-0.0143494,0.003392295,0.085843144,0.030463011,0.004528184,0.0,0.0,0.0,0.0,0.0,0.0,0.0,0.0,0.0,0.0,0.0,0.0,0.0,0.0,0.0,0.0,0.0,0.0,0.0,0.0,0.0,0.0,0.0,0.0,0.0,0.0,0.0,0.0,0.0,0.0,0.0,4.85e-08,0.0,0.0,0.0,0.0,0.0,0.0,0.0,0.0,0.0,0.0,0.0,0.0,0.0,0.0,0.0,0.0,0.0,0.01400398,0.00210326,-0.020604233,0.034991243,4.85e-08,0.10538029,-1.601212932,-0.008853845,-1.706593222,0.120834388,-0.015454098
p50,1812,-0.058923416,-0.780915968,0.001084593,-0.017013257,0.0,-0.014803588,0.003067698,0.087240156,0.030953457,0.004602164,0.0,0.0,0.0,0.0,0.0,0.0,0.0,0.0,0.0,0.0,0.0,0.0,0.0,0.0,0.0,0.0,0.0,0.0,0.0,0.0,0.0,0.0,0.0,0.0,0.0,0.0,0.0,0.0,0.0,0.0,0.0,4.93e-08,0.0,0.0,0.0,0.0,0.0,0.0,0.0,0.0,0.0,0.0,0.0,0.0,0.0,0.0,0.0,0.0,0.0,0.01355365,0.00213774,-0.015928664,0.03555567,4.93e-08,0.110822662,-0.729016723,-0.00959815,-0.839839384,0.122795826,-0.011973165
p50,1813,-0.04920425,-0.740719055,0.000577448,-0.019220317,0.0,-0.015258782,0.003177513,0.08863684,0.031443624,0.004676136,0.0,0.0,0.0,0.0,0.0,0.0,0.0,0.0,0.0,0.0,0.0,0.0,0.0,0.0,0.0,0.0,0.0,0.0,0.0,0.0,0.0,0.0,0.0,0.0,0.0,0.0,0.0,0.0,0.0,0.0,0.0,5.01e-08,0.0,0.0,0.0,0.0,0.0,0.0,0.0,0.0,0.0,0.0,0.0,0.0,0.0,0.0,0.0,0.0,0.0,0.013672427,0.00217222,-0.018642869,0.03611981,5.01e-08,0.10987716,-0.680046145,-0.009909049,-0.789923305,0.124756651,-0.014879491
p50,1814,-0.04572532,-0.831736745,-0.001102131,-0.02994396,0.0,-0.015715016,0.00414134,0.090033198,0.031933513,0.004750099,0.0,0.0,0.0,0.0,0.0,0.0,0.0,0.0,0.0,0.0,0.0,0.0,0.0,0.0,0.0,0.0,0.0,0.0,0.0,0.0,0.0,0.0,0.0,0.0,0.0,0.0,0.0,0.0,0.0,0.0,0.0,5.09e-08,0.0,0.0,0.0,0.0,0.0,0.0,0.0,0.0,0.0,0.0,0.0,0.0,0.0,0.0,0.0,0.0,0.0,0.015488117,0.002206699,-0.031046091,0.036683663,5.09e-08,0.101791909,-0.775670156,-0.009366977,-0.877462065,0.126716861,-0.024924951
p50,1815,-0.029235499,-3.091794837,-2.5e-05,-0.027159511,0.0,-0.016172221,0.004122969,0.091429229,0.032423122,0.004824055,0.0,0.0,0.0,0.0,0.0,0.0,0.0,0.0,0.0,0.0,0.0,0.0,0.0,0.0,0.0,0.0,0.0,0.0,0.0,0.0,0.0,0.0,0.0,0.0,0.0,0.0,0.0,0.0,0.0,0.0,0.0,5.17e-08,0.0,0.0,0.0,0.0,0.0,0.0,0.0,0.0,0.0,0.0,0.0,0.0,0.0,0.0,0.0,0.0,0.0,0.015658514,0.002241179,-0.02718452,0.037247229,5.17e-08,0.107342379,-3.013687957,-0.009808073,-3.121030336,0.128676457,-0.021334078
p50,1816,-0.011840845,-5.759546163,-0.000288295,-0.025517031,0.0,-0.016630417,0.0037708,0.092824933,0.032912454,0.004898002,0.0,0.0,0.0,0.0,0.0,0.0,0.0,0.0,0.0,0.0,0.0,0.0,0.0,0.0,0.0,0.0,0.0,0.0,0.0,0.0,0.0,0.0,0.0,0.0,0.0,0.0,0.0,0.0,0.0,0.0,0.0,5.25e-08,0.0,0.0,0.0,0.0,0.0,0.0,0.0,0.0,0.0,0.0,0.0,0.0,0.0,0.0,0.0,0.0,0.0,0.014849796,0.002275659,-0.025805325,0.037810509,5.25e-08,0.109095954,-5.662291053,-0.010583958,-5.771387007,0.130635441,-0.021539487
p50,1817,-0.01463335,-4.197619112,4.51e-05,-0.028548325,0.0,-0.017089517,0.004355199,0.09422031,0.033401508,0.004971942,0.0,0.0,0.0,0.0,0.0,0.0,0.0,0.0,0.0,0.0,0.0,0.0,0.0,0.0,0.0,0.0,0.0,0.0,0.0,0.0,0.0,0.0,0.0,0.0,0.0,0.0,0.0,0.0,0.0,0.0,0.0,5.33e-08,0.0,0.0,0.0,0.0,0.0,0.0,0.0,0.0,0.0,0.0,0.0,0.0,0.0,0.0,0.0,0.0,0.0,0.016121171,0.002310138,-0.028503268,0.038373503,5.33e-08,0.109787536,-4.102464926,-0.01042418,-4.212252462,0.132593813,-0.022806276
p50,1818,-0.021872021,-2.292913456,-0.000571169,-0.034400793,0.0,-0.017549467,0.005007213,0.095615361,0.033890284,0.005045873,0.0,0.0,0.0,0.0,0.0,0.0,0.0,0.0,0.0,0.0,0.0,0.0,0.0,0.0,0.0,0.0,0.0,0.0,0.0,0.0,0.0,0.0,0.0,0.0,0.0,0.0,0.0,0.0,0.0,0.0,0.0,5.41e-08,0.0,0.0,0.0,0.0,0.0,0.0,0.0,0.0,0.0,0.0,0.0,0.0,0.0,0.0,0.0,0.0,0.0,0.017694239,0.002344618,-0.034971962,0.038936211,5.41e-08,0.107076213,-2.207709264,-0.010197636,-2.314785477,0.134551572,-0.02747536
p50,1819,-0.029048292,-0.753708712,-0.000369118,-0.031054299,0.0,-0.018010375,0.004574229,0.097010086,0.034378784,0.005119796,0.0,0.0,0.0,0.0,0.0,0.0,0.0,0.0,0.0,0.0,0.0,0.0,0.0,0.0,0.0,0.0,0.0,0.0,0.0,0.0,0.0,0.0,0.0,0.0,0.0,0.0,0.0,0.0,0.0,0.0,0.0,5.49e-08,0.0,0.0,0.0,0.0,0.0,0.0,0.0,0.0,0.0,0.0,0.0,0.0,0.0,0.0,0.0,0.0,0.0,0.016562433,0.002379098,-0.031423417,0.039498635,5.49e-08,0.110590689,-0.672166315,-0.011057048,-0.782757004,0.136508721,-0.025918032
p50,1820,-0.043494433,-0.010981824,-0.001367096,-0.035559485,0.0,-0.018518348,0.00488163,0.098404485,0.034867007,0.005193712,0.0,0.0,0.0,0.0,0.0,0.0,0.0,0.0,0.0,0.0,0.0,0.0,0.0,0.0,0.0,0.0,0.0,0.0,0.0,0.0,0.0,0.0,0.0,0.0,0.0,0.0,0.0,0.0,0.0,0.0,0.0,5.57e-08,0.0,0.0,0.0,0.0,0.0,0.0,0.0,0.0,0.0,0.0,0.0,0.0,0.0,0.0,0.0,0.0,0.0,0.017069848,0.002413577,-0.036926582,0.040060774,5.57e-08,0.107385385,0.052909127,-0.011223141,-0.054476257,0.138465259,-0.031079875
p50,1821,-0.054648854,0.047445296,-0.000515297,-0.035039174,0.0,-0.019073285,0.00512484,0.099798558,0.035354954,0.005267619,0.0,0.0,0.0,0.0,0.0,0.0,0.0,0.0,0.0,0.0,0.0,0.0,0.0,0.0,0.0,0.0,0.0,0.0,0.0,0.0,0.0,0.0,0.0,0.0,0.0,0.0,0.0,0.0,0.0,0.0,0.0,5.65e-08,0.0,0.0,0.0,0.0,0.0,0.0,0.0,0.0,0.0,0.0,0.0,0.0,0.0,0.0,0.0,0.0,0.0,0.017714371,0.002448057,-0.035554471,0.040622629,5.65e-08,0.1110807,0.103877142,-0.011500388,-0.007203558,0.140421188,-0.029340487
p50,1822,-0.057285354,0.035997039,-0.000969717,-0.033473489,0.0,-0.019629064,0.004712948,0.101192306,0.035842625,0.005341518,0.0,0.0,0.0,0.0,0.0,0.0,0.0,0.0,0.0,0.0,0.0,0.0,0.0,0.0,0.0,0.0,0.0,0.0,0.0,0.0,0.0,0.0,0.0,0.0,0.0,0.0,0.0,0.0,0.0,0.0,0.0,5.73e-08,0.0,0.0,0.0,0.0,0.0,0.0,0.0,0.0,0.0,0.0,0.0,0.0,0.0,0.0,0.0,0.0,0.0,0.016604273,0.002482537,-0.034443206,0.041184201,5.73e-08,0.112103994,0.090815679,-0.01243358,-0.021288315,0.142376506,-0.030272513
p50,1823,-0.06279236,-0.433940037,-0.000225455,-0.029987214,0.0,-0.020185548,0.004465424,0.102585728,0.036330021,0.00541541,0.0,0.0,0.0,0.0,0.0,0.0,0.0,0.0,0.0,0.0,0.0,0.0,0.0,0.0,0.0,0.0,0.0,0.0,0.0,0.0,0.0,0.0,0.0,0.0,0.0,0.0,0.0,0.0,0.0,0.0,0.0,5.81e-08,0.0,0.0,0.0,0.0,0.0,0.0,0.0,0.0,0.0,0.0,0.0,0.0,0.0,0.0,0.0,0.0,0.0,0.016275518,0.002517016,-0.030212669,0.041745489,5.81e-08,0.117190958,-0.379541438,-0.013203107,-0.496732397,0.144331217,-0.027140258
p50,1824,-0.056240115,-0.054631273,0.000835416,-0.030518834,0.0,-0.020742811,0.004967999,0.103978824,0.036817142,0.005489293,0.0,0.0,0.0,0.0,0.0,0.0,0.0,0.0,0.0,0.0,0.0,0.0,0.0,0.0,0.0,0.0,0.0,0.0,0.0,0.0,0.0,0.0,0.0,0.0,0.0,0.0,0.0,0.0,0.0,0.0,0.0,5.89e-08,0.0,0.0,0.0,0.0,0.0,0.0,0.0,0.0,0.0,0.0,0.0,0.0,0.0,0.0,0.0,0.0,0.0,0.01733571,0.002551496,-0.029683418,0.042306494,5.89e-08,0.120714295,0.009842907,-0.013223316,-0.110871388,0.146285319,-0.025571024
p50,1825,-0.04149756,0.076016853,-0.0004976,-0.035563842,0.0,-0.021300824,0.005200153,0.105371596,0.037303989,0.005563168,0.0,0.0,0.0,0.0,0.0,0.0,0.0,0.0,0.0,0.0,0.0,0.0,0.0,0.0,0.0,0.0,0.0,0.0,0.0,0.0,0.0,0.0,0.0,0.0,0.0,0.0,0.0,0.0,0.0,0.0,0.0,5.97e-08,0.0,0.0,0.0,0.0,0.0,0.0,0.0,0.0,0.0,0.0,0.0,0.0,0.0,0.0,0.0,0.0,0.0,0.01755797,0.002585976,-0.036061442,0.042867217,5.97e-08,0.116220646,0.150739938,-0.013514696,0.034519293,0.148238813,-0.032018168
p50,1826,-0.019469531,0.205262267,0.000425018,-0.033394632,0.0,-0.02185945,0.005235027,0.106764043,0.037790562,0.005637035,0.0,0.0,0.0,0.0,0.0,0.0,0.0,0.0,0.0,0.0,0.0,0.0,0.0,0.0,0.0,0.0,0.0,0.0,0.0,0.0,0.0,0.0,0.0,0.0,0.0,0.0,0.0,0.0,0.0,0.0,0.0,6.05e-08,0.0,0.0,0.0,0.0,0.0,0.0,0.0,0.0,0.0,0.0,0.0,0.0,0.0,0.0,0.0,0.0,0.0,0.017579445,0.002620455,-0.032969613,0.043427658,6.05e-08,0.120797564,0.306590301,-0.014003968,0.185792736,0.150191701,-0.029394136
p50,1827,-0.001809668,0.222390793,0.000152963,-0.037098198,0.0,-0.022418759,0.005676224,0.108156164,0.038276861,0.005710895,0.0,0.0,0.0,0.0,0.0,0.0,0.0,0.0,0.0,0.0,0.0,0.0,0.0,0.0,0.0,0.0,0.0,0.0,0.0,0.0,0.0,0.0,0.0,0.0,0.0,0.0,0.0,0.0,0.0,0.0,0.0,6.13e-08,0.0,0.0,0.0,0.0,0.0,0.0,0.0,0.0,0.0,0.0,0.0,0.0,0.0,0.0,0.0,0.0,0.0,0.018359597,0.002654935,-0.036945234,0.043987817,6.13e-08,0.119470744,0.34005187,-0.0140876,0.220581125,0.152143981,-0.032673237
p50,1828,0.009609961,0.16565263,-0.001221801,-0.048377911,0.0,-0.022978707,0.006880815,0.109547961,0.038762887,0.005784746,0.0,0.0,0.0,0.0,0.0,0.0,0.0,0.0,0.0,0.0,0.0,0.0,0.0,0.0,0.0,0.0,0.0,0.0,0.0,0.0,0.0,0.0,0.0,0.0,0.0,0.0,0.0,0.0,0.0,0.0,0.0,6.21e-08,0.0,0.0,0.0,0.0,0.0,0.0,0.0,0.0,0.0,0.0,0.0,0.0,0.0,0.0,0.0,0.0,0.0,0.020576897,0.002689415,-0.049599713,0.044547695,6.21e-08,0.111664364,0.286926955,-0.013408478,0.175262591,0.154095657,-0.042431293
p50,1829,0.019563135,0.182801575,-0.000865501,-0.043741697,0.0,-0.023539268,0.006303308,0.110939434,0.03924864,0.005858589,0.0,0.0,0.0,0.0,0.0,0.0,0.0,0.0,0.0,0.0,0.0,0.0,0.0,0.0,0.0,0.0,0.0,0.0,0.0,0.0,0.0,0.0,0.0,0.0,0.0,0.0,0.0,0.0,0.0,0.0,0.0,6.29e-08,0.0,0.0,0.0,0.0,0.0,0.0,0.0,0.0,0.0,0.0,0.0,0.0,0.0,0.0,0.0,0.0,0.0,0.019517496,0.002723894,-0.044607197,0.045107292,6.29e-08,0.116444959,0.318809669,-0.014512066,0.20236471,0.156046726,-0.039601767
p50,1830,0.02318247,0.229390944,-0.001347853,-0.04791236,0.0,-0.024205786,0.00671322,0.112330582,0.039734121,0.005932424,0.0,0.0,0.0,0.0,0.0,0.0,0.0,0.0,0.0,0.0,0.0,0.0,0.0,0.0,0.0,0.0,0.0,0.0,0.0,0.0,0.0,0.0,0.0,0.0,0.0,0.0,0.0,0.0,0.0,0.0,0.0,6.37e-08,0.0,0.0,0.0,0.0,0.0,0.0,0.0,0.0,0.0,0.0,0.0,0.0,0.0,0.0,0.0,0.0,0.0,0.020119891,0.002758374,-0.049260212,0.045666609,6.37e-08,0.114122679,0.366696092,-0.014734192,0.252573414,0.157997191,-0.043874513
p50,1831,0.001123242,-0.539738253,-0.000116762,-0.041086007,0.0,-0.024978315,0.006146708,0.113721406,0.04021933,0.006006252,0.0,0.0,0.0,0.0,0.0,0.0,0.0,0.0,0.0,0.0,0.0,0.0,0.0,0.0,0.0,0.0,0.0,0.0,0.0,0.0,0.0,0.0,0.0,0.0,0.0,0.0,0.0,0.0,0.0,0.0,0.0,6.45e-08,0.0,0.0,0.0,0.0,0.0,0.0,0.0,0.0,0.0,0.0,0.0,0.0,0.0,0.0,0.0,0.0,0.0,0.01911381,0.002792854,-0.041202769,0.046225646,6.45e-08,0.121819341,-0.41679567,-0.016038753,-0.538615011,0.159947052,-0.038127712
p50,1832,-0.022761256,-2.847144836,0.000415896,-0.03956812,0.0,-0.025751272,0.006118611,0.115111906,0.040704267,0.006080071,0.0,0.0,0.0,0.0,0.0,0.0,0.0,0.0,0.0,0.0,0.0,0.0,0.0,0.0,0.0,0.0,0.0,0.0,0.0,0.0,0.0,0.0,0.0,0.0,0.0,0.0,0.0,0.0,0.0,0.0,0.0,6.53e-08,0.0,0.0,0.0,0.0,0.0,0.0,0.0,0.0,0.0,0.0,0.0,0.0,0.0,0.0,0.0,0.0,0.0,0.019143775,0.002827333,-0.039152224,0.046784404,6.53e-08,0.125082533,-2.744823559,-0.016805327,-2.869906092,0.16189631,-0.036813777
p50,1833,-0.04870503,-1.300045124,-5.86e-05,-0.041673382,0.0,-0.026524804,0.006252952,0.116502083,0.041188933,0.006153882,0.0,0.0,0.0,0.0,0.0,0.0,0.0,0.0,0.0,0.0,0.0,0.0,0.0,0.0,0.0,0.0,0.0,0.0,0.0,0.0,0.0,0.0,0.0,0.0,0.0,0.0,0.0,0.0,0.0,0.0,0.0,6.61e-08,0.0,0.0,0.0,0.0,0.0,0.0,0.0,0.0,0.0,0.0,0.0,0.0,0.0,0.0,0.0,0.0,0.0,0.019174024,0.002861813,-0.041731936,0.047342882,6.61e-08,0.123877014,-1.22487314,-0.017410039,-1.348750154,0.163844964,-0.03996795
p50,1834,-0.04764419,-0.16726681,-0.001479683,-0.051223508,0.0,-0.027298813,0.007180783,0.117891935,0.041673329,0.006227686,0.0,0.0,0.0,0.0,0.0,0.0,0.0,0.0,0.0,0.0,0.0,0.0,0.0,0.0,0.0,0.0,0.0,0.0,0.0,0.0,0.0,0.0,0.0,0.0,0.0,0.0,0.0,0.0,0.0,0.0,0.0,6.68e-08,0.0,0.0,0.0,0.0,0.0,0.0,0.0,0.0,0.0,0.0,0.0,0.0,0.0,0.0,0.0,0.0,0.0,0.020745553,0.002896293,-0.052703191,0.047901081,6.68e-08,0.116613641,-0.098297358,-0.017221737,-0.214911,0.165793016,-0.049179375
p50,1835,-0.008159107,-1.98059654,-0.000222614,-0.047985007,0.0,-0.028073232,0.007145152,0.119281464,0.042157453,0.006301481,0.0,0.0,0.0,0.0,0.0,0.0,0.0,0.0,0.0,0.0,0.0,0.0,0.0,0.0,0.0,0.0,0.0,0.0,0.0,0.0,0.0,0.0,0.0,0.0,0.0,0.0,0.0,0.0,0.0,0.0,0.0,6.76e-08,0.0,0.0,0.0,0.0,0.0,0.0,0.0,0.0,0.0,0.0,0.0,0.0,0.0,0.0,0.0,0.0,0.0,0.020678057,0.002930772,-0.048207621,0.048459002,6.76e-08,0.122213594,-1.866542053,-0.017997307,-1.988755647,0.167740466,-0.045526872
p50,1836,0.045928124,-1.941732166,-0.000867056,-0.050202764,0.0,-0.028848003,0.00719808,0.12067067,0.042641308,0.006375268,0.0,0.0,0.0,0.0,0.0,0.0,0.0,0.0,0.0,0.0,0.0,0.0,0.0,0.0,0.0,0.0,0.0,0.0,0.0,0.0,0.0,0.0,0.0,0.0,0.0,0.0,0.0,0.0,0.0,0.0,0.0,6.84e-08,0.0,0.0,0.0,0.0,0.0,0.0,0.0,0.0,0.0,0.0,0.0,0.0,0.0,0.0,0.0,0.0,0.0,0.020308118,0.002965252,-0.05106982,0.049016645,6.84e-08,0.120240942,-1.775563099,-0.018684671,-1.895804042,0.169687315,-0.049446373
p50,1837,0.07081106,-0.506702244,-0.000414373,-0.05313417,0.0,-0.029623213,0.007827694,0.122059553,0.043124893,0.006449048,0.0,0.0,0.0,0.0,0.0,0.0,0.0,0.0,0.0,0.0,0.0,0.0,0.0,0.0,0.0,0.0,0.0,0.0,0.0,0.0,0.0,0.0,0.0,0.0,0.0,0.0,0.0,0.0,0.0,0.0,0.0,6.92e-08,0.0,0.0,0.0,0.0,0.0,0.0,0.0,0.0,0.0,0.0,0.0,0.0,0.0,0.0,0.0,0.0,0.0,0.021616001,0.002999732,-0.053548543,0.049574011,6.92e-08,0.120905234,-0.31498595,-0.018795787,-0.435891184,0.171633563,-0.05072833
p50,1838,0.04491409,-0.477732781,-0.000902334,-0.058581006,0.0,-0.030398837,0.008478539,0.123448112,0.043608209,0.006522819,0.0,0.0,0.0,0.0,0.0,0.0,0.0,0.0,0.0,0.0,0.0,0.0,0.0,0.0,0.0,0.0,0.0,0.0,0.0,0.0,0.0,0.0,0.0,0.0,0.0,0.0,0.0,0.0,0.0,0.0,0.0,7e-08,0.0,0.0,0.0,0.0,0.0,0.0,0.0,0.0,0.0,0.0,0.0,0.0,0.0,0.0,0.0,0.0,0.0,0.022942074,0.003034212,-0.05948334,0.050131099,7e-08,0.11815186,-0.314666831,-0.018886086,-0.432818691,0.173579211,-0.055427352
p50,1839,0.03408728,0.016025177,-0.000877666,-0.056643128,0.0,-0.031174661,0.008174574,0.124836349,0.044091257,0.006596583,0.0,0.0,0.0,0.0,0.0,0.0,0.0,0.0,0.0,0.0,0.0,0.0,0.0,0.0,0.0,0.0,0.0,0.0,0.0,0.0,0.0,0.0,0.0,0.0,0.0,0.0,0.0,0.0,0.0,0.0,0.0,7.08e-08,0.0,0.0,0.0,0.0,0.0,0.0,0.0,0.0,0.0,0.0,0.0,0.0,0.0,0.0,0.0,0.0,0.0,0.022005212,0.003068691,-0.057520795,0.050687911,7.08e-08,0.120077282,0.170189739,-0.019931395,0.050112457,0.17552426,-0.055446978
p50,1840,0.013166895,0.201228392,-0.001525214,-0.057922991,0.0,-0.03192096,0.0081088,0.126224263,0.044574036,0.006670339,0.0,0.0,0.0,0.0,0.0,0.0,0.0,0.0,0.0,0.0,0.0,0.0,0.0,0.0,0.0,0.0,0.0,0.0,0.0,0.0,0.0,0.0,0.0,0.0,0.0,0.0,0.0,0.0,0.0,0.0,0.0,7.16e-08,0.0,0.0,0.0,0.0,0.0,0.0,0.0,0.0,0.0,0.0,0.0,0.0,0.0,0.0,0.0,0.0,0.0,0.02154749,0.003103171,-0.059448205,0.051244446,7.16e-08,0.118859004,0.333254292,-0.020708989,0.214395287,0.177468709,-0.058609705
p50,1841,-0.012074854,0.237787924,-0.001138362,-0.062286922,0.0,-0.032637615,0.008929681,0.127611855,0.045056546,0.006744086,0.0,0.0,0.0,0.0,0.0,0.0,0.0,0.0,0.0,0.0,0.0,0.0,0.0,0.0,0.0,0.0,0.0,0.0,0.0,0.0,0.0,0.0,0.0,0.0,0.0,0.0,0.0,0.0,0.0,0.0,0.0,7.24e-08,0.0,0.0,0.0,0.0,0.0,0.0,0.0,0.0,0.0,0.0,0.0,0.0,0.0,0.0,0.0,0.0,0.0,0.023242982,0.003137651,-0.063425284,0.051800705,7.24e-08,0.118659974,0.344373044,-0.020570284,0.22571307,0.17941256,-0.060752585
p50,1842,-0.027425831,0.24403967,-0.001537843,-0.059975436,0.0,-0.033354379,0.008385389,0.128999124,0.04553879,0.006817826,0.0,0.0,0.0,0.0,0.0,0.0,0.0,0.0,0.0,0.0,0.0,0.0,0.0,0.0,0.0,0.0,0.0,0.0,0.0,0.0,0.0,0.0,0.0,0.0,0.0,0.0,0.0,0.0,0.0,0.0,0.0,7.32e-08,0.0,0.0,0.0,0.0,0.0,0.0,0.0,0.0,0.0,0.0,0.0,0.0,0.0,0.0,0.0,0.0,0.0,0.022054349,0.00317213,-0.061513279,0.052356689,7.32e-08,0.120100023,0.336713862,-0.021796859,0.216613839,0.181355813,-0.061255789
p50,1843,-0.044851687,-0.147659896,-0.000750373,-0.05519951,0.0,-0.034071455,0.007896374,0.130386071,0.046020766,0.006891558,0.0,0.0,0.0,0.0,0.0,0.0,0.0,0.0,0.0,0.0,0.0,0.0,0.0,0.0,0.0,0.0,0.0,0.0,0.0,0.0,0.0,0.0,0.0,0.0,0.0,0.0,0.0,0.0,0.0,0.0,0.0,7.4e-08,0.0,0.0,0.0,0.0,0.0,0.0,0.0,0.0,0.0,0.0,0.0,0.0,0.0,0.0,0.0,0.0,0.0,0.021096966,0.00320661,-0.055949882,0.052912397,7.4e-08,0.125477081,-0.067034503,-0.022968471,-0.192511583,0.183298468,-0.057821388
p50,1844,-0.044617675,0.07437313,0.000134004,-0.057100728,0.0,-0.034788775,0.008489721,0.131772696,0.046502475,0.006965282,0.0,0.0,0.0,0.0,0.0,0.0,0.0,0.0,0.0,0.0,0.0,0.0,0.0,0.0,0.0,0.0,0.0,0.0,0.0,0.0,0.0,0.0,0.0,0.0,0.0,0.0,0.0,0.0,0.0,0.0,0.0,7.48e-08,0.0,0.0,0.0,0.0,0.0,0.0,0.0,0.0,0.0,0.0,0.0,0.0,0.0,0.0,0.0,0.0,0.0,0.022217934,0.00324109,-0.056966724,0.053467831,7.48e-08,0.127433772,0.157189227,-0.023057965,0.029755455,0.185240527,-0.057806755
p50,1845,-0.0213104,0.132474242,-0.001460566,-0.064658231,0.0,-0.035506151,0.009001209,0.133158999,0.046983917,0.007038998,0.0,0.0,0.0,0.0,0.0,0.0,0.0,0.0,0.0,0.0,0.0,0.0,0.0,0.0,0.0,0.0,0.0,0.0,0.0,0.0,0.0,0.0,0.0,0.0,0.0,0.0,0.0,0.0,0.0,0.0,0.0,7.56e-08,0.0,0.0,0.0,0.0,0.0,0.0,0.0,0.0,0.0,0.0,0.0,0.0,0.0,0.0,0.0,0.0,0.0,0.02274857,0.003275569,-0.066118797,0.054022991,7.56e-08,0.12058239,0.231746232,-0.023229373,0.111163842,0.18718199,-0.0665996
p50,1846,0.001950073,-0.404805032,-0.000362726,-0.062587087,0.0,-0.03622369,0.009093755,0.134544981,0.047465094,0.007112706,0.0,0.0,0.0,0.0,0.0,0.0,0.0,0.0,0.0,0.0,0.0,0.0,0.0,0.0,0.0,0.0,0.0,0.0,0.0,0.0,0.0,0.0,0.0,0.0,0.0,0.0,0.0,0.0,0.0,0.0,0.0,7.64e-08,0.0,0.0,0.0,0.0,0.0,0.0,0.0,0.0,0.0,0.0,0.0,0.0,0.0,0.0,0.0,0.0,0.0,0.02273767,0.003310049,-0.062949813,0.054577876,7.64e-08,0.125090828,-0.277764131,-0.023819886,-0.402854959,0.189122857,-0.064032029
p50,1847,0.027457032,0.026086289,-0.001109024,-0.070351873,0.0,-0.036941348,0.009967246,0.135930641,0.047946005,0.007186406,0.0,0.0,0.0,0.0,0.0,0.0,0.0,0.0,0.0,0.0,0.0,0.0,0.0,0.0,0.0,0.0,0.0,0.0,0.0,0.0,0.0,0.0,0.0,0.0,0.0,0.0,0.0,0.0,0.0,0.0,0.0,7.72e-08,0.0,0.0,0.0,0.0,0.0,0.0,0.0,0.0,0.0,0.0,0.0,0.0,0.0,0.0,0.0,0.0,0.0,0.024029855,0.003344529,-0.071460897,0.055132488,7.72e-08,0.120002513,0.173545834,-0.023629574,0.053543321,0.191063129,-0.071060616
p50,1848,0.051918752,0.202837464,-0.002436696,-0.079618404,0.0,-0.037659113,0.010914293,0.13731598,0.04842665,0.007260098,0.0,0.0,0.0,0.0,0.0,0.0,0.0,0.0,0.0,0.0,0.0,0.0,0.0,0.0,0.0,0.0,0.0,0.0,0.0,0.0,0.0,0.0,0.0,0.0,0.0,0.0,0.0,0.0,0.0,0.0,0.0,7.8e-08,0.0,0.0,0.0,0.0,0.0,0.0,0.0,0.0,0.0,0.0,0.0,0.0,0.0,0.0,0.0,0.0,0.0,0.025784093,0.003379008,-0.0820551,0.055686826,7.8e-08,0.113365987,0.368122203,-0.023365812,0.254756216,0.193002806,-0.079636819
p50,1849,0.045023292,0.238080341,-0.002164862,-0.077621974,0.0,-0.038376916,0.010630965,0.138700997,0.048907031,0.007333782,0.0,0.0,0.0,0.0,0.0,0.0,0.0,0.0,0.0,0.0,0.0,0.0,0.0,0.0,0.0,0.0,0.0,0.0,0.0,0.0,0.0,0.0,0.0,0.0,0.0,0.0,0.0,0.0,0.0,0.0,0.0,7.88e-08,0.0,0.0,0.0,0.0,0.0,0.0,0.0,0.0,0.0,0.0,0.0,0.0,0.0,0.0,0.0,0.0,0.0,0.025178583,0.003413488,-0.079786835,0.056240892,7.88e-08,0.116001173,0.399104807,-0.024332463,0.283103633,0.194941889,-0.078940716
p50,1850,0.024056105,0.243994885,-0.002316131,-0.080306524,0.0,-0.03939352,0.011008615,0.140085694,0.049387147,0.007407459,0.0,0.0,0.0,0.0,0.0,0.0,0.0,0.0,0.0,0.0,0.0,0.0,0.0,0.0,0.0,0.0,0.0,0.0,0.0,0.0,0.0,0.0,0.0,0.0,0.0,0.0,0.0,0.0,0.0,0.0,0.0,7.96e-08,0.0,0.0,0.0,0.0,0.0,0.0,0.0,0.0,0.0,0.0,0.0,0.0,0.0,0.0,0.0,0.0,0.0,0.025613641,0.003447968,-0.082622655,0.056794685,7.96e-08,0.114934428,0.382985418,-0.024936937,0.26805099,0.196880379,-0.081945951
p50,1851,0.016084205,0.244748657,-0.000919336,-0.073427571,0.0,-0.040708746,0.010416004,0.14242946,0.049490248,0.007705454,0.0,0.0,2.83e-10,0.0,0.0,0.0,1.26e-11,0.0,0.0,0.0,0.0,0.0,0.0,5.21e-11,0.0,2.36e-09,0.0,0.0,0.0,0.0,0.0,0.0,0.0,0.0,0.0,0.0,0.0,0.0,0.0,0.0,0.0,7.96e-08,0.0,0.0,0.0,0.0,0.0,0.0,0.0,0.0,0.0,0.0,0.0,0.0,0.0,0.0,0.0,0.0,0.0,0.024453277,0.003455399,-0.074346907,0.057195784,8.23e-08,0.122894271,0.383727133,-0.026837343,0.260832862,0.199625244,-0.076730973
p50,1852,0.010327588,0.244696585,-0.000264079,-0.070948095,0.0,-0.042023902,0.010219134,0.145080015,0.049951329,0.008003354,0.0,0.0,5.66e-10,0.0,0.0,0.0,2.51e-11,0.0,0.0,0.0,0.0,0.0,0.0,1.04e-10,-9.97e-18,5.06e-09,0.0,0.0,0.0,0.0,0.0,0.0,0.0,0.0,0.0,0.0,0.0,0.0,0.0,0.0,0.0,7.96e-08,0.0,0.0,0.0,0.0,0.0,0.0,0.0,0.0,0.0,0.0,0.0,0.0,0.0,0.0,0.0,0.0,0.0,0.023994106,0.003488554,-0.071212174,0.057954768,8.53e-08,0.127500502,0.382524675,-0.028316213,0.255024173,0.203034783,-0.075534281
p50,1853,-0.007410279,0.001717936,-0.000691709,-0.074799541,0.0,-0.043339067,0.010628766,0.147460315,0.050712849,0.008381922,0.0,0.0,8.49e-10,0.0,0.0,0.0,3.77e-11,0.0,0.0,0.0,0.0,0.0,0.0,1.56e-10,-2.95e-17,7.78e-09,0.0,0.0,0.0,0.0,0.0,0.0,0.0,0.0,0.0,0.0,0.0,0.0,0.0,0.0,0.0,7.96e-08,0.0,0.0,0.0,0.0,0.0,0.0,0.0,0.0,0.0,0.0,0.0,0.0,0.0,0.0,0.0,0.0,0.0,0.02466972,0.003543341,-0.07549125,0.059094859,8.84e-08,0.126566685,0.120874342,-0.02916696,-0.005692342,0.206555174,-0.07998849
p50,1854,-0.029687915,-0.250005517,-0.002717705,-0.088982038,0.0,-0.044654181,0.011971739,0.14949455,0.051526921,0.008771473,0.0,0.0,1.13e-09,0.0,0.0,0.0,5.02e-11,0.0,0.0,0.0,0.0,0.0,0.0,2.08e-10,-4.9e-17,1.05e-08,0.0,0.0,0.0,0.0,0.0,0.0,0.0,0.0,0.0,0.0,0.0,0.0,0.0,0.0,0.0,7.96e-08,0.0,0.0,0.0,0.0,0.0,0.0,0.0,0.0,0.0,0.0,0.0,0.0,0.0,0.0,0.0,0.0,0.0,0.026799751,0.003601962,-0.091699743,0.060298486,9.15e-08,0.115812564,-0.163880868,-0.02908048,-0.279693432,0.209793036,-0.093980472
p50,1855,-0.051731545,0.091308559,-0.001397485,-0.085175845,0.0,-0.045969121,0.011812538,0.151143816,0.052506068,0.009190388,0.0,0.0,1.41e-09,0.0,0.0,0.0,6.28e-11,0.0,0.0,0.0,0.0,0.0,0.0,2.6e-10,-5.85e-17,1.32e-08,0.0,0.0,0.0,0.0,0.0,0.0,0.0,0.0,0.0,0.0,0.0,0.0,0.0,0.0,0.0,7.96e-08,0.0,0.0,0.0,0.0,0.0,0.0,0.0,0.0,0.0,0.0,0.0,0.0,0.0,0.0,0.0,0.0,0.0,0.026756475,0.003672538,-0.08657333,0.06169655,9.46e-08,0.122539467,0.162116481,-0.030484044,0.039577014,0.212840366,-0.090300899
p50,1856,-0.056271315,0.158744204,-0.002084458,-0.086395581,0.0,-0.047283933,0.011625778,0.153042087,0.053401331,0.009612616,0.0,0.0,1.7e-09,0.0,0.0,0.0,7.54e-11,0.0,0.0,0.0,0.0,0.0,0.0,3.12e-10,-7.81e-17,1.6e-08,0.0,0.0,0.0,0.0,0.0,0.0,0.0,0.0,0.0,0.0,0.0,0.0,0.0,0.0,0.0,7.96e-08,0.0,0.0,0.0,0.0,0.0,0.0,0.0,0.0,0.0,0.0,0.0,0.0,0.0,0.0,0.0,0.0,0.0,0.026149058,0.003737142,-0.088480039,0.063014045,9.77e-08,0.121804137,0.224277026,-0.031921013,0.102472889,0.216056131,-0.094251994
p50,1857,-0.03595935,-0.764880594,-0.002111297,-0.09320808,0.0,-0.048598767,0.012718338,0.155841225,0.054412554,0.009994586,0.0,0.0,1.98e-09,0.0,0.0,0.0,8.79e-11,0.0,0.0,0.0,0.0,0.0,0.0,3.64e-10,-9.8e-17,1.88e-08,0.0,0.0,0.0,0.0,0.0,0.0,0.0,0.0,0.0,0.0,0.0,0.0,0.0,0.0,0.0,7.96e-08,0.0,0.0,0.0,0.0,0.0,0.0,0.0,0.0,0.0,0.0,0.0,0.0,0.0,0.0,0.0,0.0,0.0,0.028747308,0.003810185,-0.095319377,0.064407241,1.01e-07,0.121606153,-0.679233791,-0.032070244,-0.800839944,0.220248466,-0.098642313
p50,1858,0.00293291,-0.385167933,-0.002474238,-0.097187043,0.0,-0.049913059,0.013208751,0.158830389,0.055572837,0.010317745,0.0,0.0,2.26e-09,0.0,0.0,0.0,1e-10,0.0,0.0,0.0,0.0,0.0,0.0,4.17e-10,-1.18e-16,2.15e-08,0.0,0.0,0.0,0.0,0.0,0.0,0.0,0.0,0.0,0.0,0.0,0.0,0.0,0.0,0.0,7.96e-08,0.0,0.0,0.0,0.0,0.0,0.0,0.0,0.0,0.0,0.0,0.0,0.0,0.0,0.0,0.0,0.0,0.0,0.030127497,0.003894088,-0.099661282,0.065890686,1.04e-07,0.122377071,-0.259857952,-0.03281022,-0.382235023,0.224721075,-0.102344004
p50,1859,0.037581813,0.080680672,-0.00309448,-0.099134155,0.0,-0.051227484,0.013154798,0.16202959,0.056815068,0.010853392,0.0,0.0,2.55e-09,0.0,0.0,0.0,1.13e-10,0.0,0.0,0.0,0.0,0.0,0.0,4.69e-10,-1.38e-16,2.44e-08,0.0,0.0,0.0,0.0,0.0,0.0,0.0,0.0,0.0,0.0,0.0,0.0,0.0,0.0,0.0,7.96e-08,0.0,0.0,0.0,0.0,0.0,0.0,0.0,0.0,0.0,0.0,0.0,0.0,0.0,0.0,0.0,0.0,0.0,0.029794123,0.003984061,-0.102228636,0.067668567,1.07e-07,0.12317502,0.241437504,-0.034088625,0.118262485,0.229698157,-0.106523138
p50,1860,0.048034206,0.203352107,-0.00408704,-0.103421093,0.0,-0.052319094,0.013289314,0.165571217,0.057979688,0.011469392,0.0,0.0,2.83e-09,0.0,0.0,0.0,1.26e-10,0.0,0.0,0.0,0.0,0.0,0.0,5.21e-10,-1.48e-16,2.72e-08,0.0,0.0,0.0,0.0,0.0,0.0,0.0,0.0,0.0,0.0,0.0,0.0,0.0,0.0,0.0,7.96e-08,0.0,0.0,0.0,0.0,0.0,0.0,0.0,0.0,0.0,0.0,0.0,0.0,0.0,0.0,0.0,0.0,0.0,0.030010589,0.004068542,-0.107508134,0.069449191,1.1e-07,0.122561626,0.373947939,-0.034961238,0.251386313,0.235020408,-0.112458783
p50,1861,0.0345709,0.23405545,-0.003429857,-0.104941077,0.0,-0.053188307,0.013682401,0.169110683,0.059246129,0.012169252,0.0,0.0,3.11e-09,0.0,0.0,0.0,1.38e-10,0.0,0.0,0.0,0.0,0.0,0.0,5.73e-10,-1.67e-16,3e-08,0.0,0.0,0.0,0.0,0.0,0.0,0.0,0.0,0.0,0.0,0.0,0.0,0.0,0.0,0.0,7.96e-08,0.0,0.0,0.0,0.0,0.0,0.0,0.0,0.0,0.0,0.0,0.0,0.0,0.0,0.0,0.0,0.0,0.0,0.031386027,0.004160542,-0.108370935,0.071415494,1.13e-07,0.128195905,0.396822255,-0.035345364,0.26862635,0.240526177,-0.112330272
p50,1862,0.02315127,-1.240735285,-0.003927374,-0.104573309,0.0,-0.054057206,0.013421259,0.172131493,0.060838961,0.01283951,0.0,0.0,3.4e-09,0.0,0.0,0.0,1.51e-10,0.0,0.0,0.0,0.0,0.0,0.0,6.25e-10,9.86e-09,3.29e-08,0.0,0.0,0.0,0.0,0.0,0.0,0.0,0.0,0.0,0.0,0.0,0.0,0.0,0.0,0.0,7.96e-08,0.0,0.0,0.0,0.0,0.0,0.0,0.0,0.0,0.0,0.0,0.0,0.0,0.0,0.0,0.0,0.0,0.0,0.031248356,0.00427642,-0.108500683,0.073678598,1.27e-07,0.132198238,-1.085385777,-0.036359527,-1.217584015,0.245810091,-0.113611853
p50,1863,0.002043677,-1.136647141,-0.003658684,-0.102777595,0.0,-0.054925864,0.013051253,0.175227248,0.062734808,0.013432614,0.0,0.0,3.68e-09,0.0,0.0,0.0,1.63e-10,0.0,0.0,0.0,0.0,0.0,0.0,6.77e-10,9.86e-09,3.58e-08,0.0,0.0,0.0,0.0,0.0,0.0,0.0,0.0,0.0,0.0,0.0,0.0,0.0,0.0,0.0,7.96e-08,0.0,0.0,0.0,0.0,0.0,0.0,0.0,0.0,0.0,0.0,0.0,0.0,0.0,0.0,0.0,0.0,0.0,0.031135935,0.004414597,-0.106436278,0.076167551,1.3e-07,0.138634443,-0.995969021,-0.037460013,-1.134603464,0.251394799,-0.112760357
p50,1864,-0.005288599,-0.124663032,-0.003432168,-0.107305661,0.0,-0.055794051,0.013717907,0.178321407,0.064807639,0.014003526,0.0,0.0,3.96e-09,0.0,0.0,0.0,1.76e-10,0.0,0.0,0.0,0.0,0.0,0.0,7.29e-10,9.86e-09,3.88e-08,0.0,0.0,0.0,0.0,0.0,0.0,0.0,0.0,0.0,0.0,0.0,0.0,0.0,0.0,0.0,7.96e-08,0.0,0.0,0.0,0.0,0.0,0.0,0.0,0.0,0.0,0.0,0.0,0.0,0.0,0.0,0.0,0.0,0.0,0.033018988,0.004566008,-0.110737829,0.078811298,1.33e-07,0.141903727,0.011952096,-0.037510136,-0.129951631,0.257132704,-0.115228977
p50,1865,-0.020265162,0.170427715,-0.005483799,-0.118204436,0.0,-0.056661664,0.014605443,0.181433745,0.06678678,0.014614172,0.0,0.0,4.24e-09,0.0,0.0,0.0,1.88e-10,0.0,0.0,0.0,0.0,0.0,0.0,7.81e-10,9.86e-09,4.17e-08,0.0,0.0,0.0,0.0,0.0,0.0,0.0,0.0,0.0,0.0,0.0,0.0,0.0,0.0,0.0,7.96e-08,0.0,0.0,0.0,0.0,0.0,0.0,0.0,0.0,0.0,0.0,0.0,0.0,0.0,0.0,0.0,0.0,0.0,0.035121033,0.004710917,-0.123688235,0.081401089,1.36e-07,0.136922327,0.287084881,-0.037345304,0.150162553,0.262834834,-0.125912506
p50,1866,-0.036879785,0.229583645,-0.004865736,-0.116925495,0.0,-0.057529156,0.014539875,0.18444832,0.068867934,0.015253793,0.0,0.0,4.53e-09,0.0,0.0,0.0,2.01e-10,0.0,0.0,0.0,0.0,0.0,0.0,8.33e-10,9.86e-09,4.47e-08,0.0,0.0,0.0,0.0,0.0,0.0,0.0,0.0,0.0,0.0,0.0,0.0,0.0,0.0,0.0,7.96e-08,0.0,0.0,0.0,0.0,0.0,0.0,0.0,0.0,0.0,0.0,0.0,0.0,0.0,0.0,0.0,0.0,0.0,0.035690473,0.004863648,-0.121791231,0.084121867,1.4e-07,0.144343797,0.337047657,-0.038125633,0.19270386,0.268570188,-0.124226391
p50,1867,-0.050452296,0.239870377,-0.00624701,-0.126339529,0.0,-0.058396109,0.015379172,0.187594702,0.071042751,0.015882108,0.0,0.0,4.81e-09,0.0,0.0,0.0,2.14e-10,0.0,0.0,0.0,0.0,0.0,0.0,8.85e-10,1.97e-08,4.77e-08,0.0,0.0,0.0,0.0,0.0,0.0,0.0,0.0,0.0,0.0,0.0,0.0,0.0,0.0,0.0,7.96e-08,0.0,0.0,0.0,0.0,0.0,0.0,0.0,0.0,0.0,0.0,0.0,0.0,0.0,0.0,0.0,0.0,0.0,0.037867163,0.005023635,-0.132586539,0.086925012,1.53e-07,0.141807036,0.331225117,-0.037993302,0.189418081,0.274519715,-0.132712678
p50,1868,-0.024056105,0.235587109,-0.007621486,-0.136224918,0.0,-0.059262631,0.016437489,0.190282576,0.072986284,0.01655755,0.0,0.0,5.09e-09,0.0,0.0,0.0,2.26e-10,0.0,0.0,0.0,0.0,0.0,0.0,9.37e-10,1.97e-08,5.08e-08,0.0,0.0,0.0,0.0,0.0,0.0,0.0,0.0,0.0,0.0,0.0,0.0,0.0,0.0,0.0,7.96e-08,0.0,0.0,0.0,0.0,0.0,0.0,0.0,0.0,0.0,0.0,0.0,0.0,0.0,0.0,0.0,0.0,0.0,0.040490067,0.005166958,-0.143846404,0.08954399,1.56e-07,0.138812045,0.350343049,-0.037658184,0.211531004,0.279826566,-0.141014522
p50,1869,0.012246461,0.007413557,-0.007579851,-0.134238909,0.0,-0.060128493,0.015914193,0.192396849,0.074703632,0.017203373,0.0,0.0,5.38e-09,0.0,0.0,0.0,2.39e-10,0.0,0.0,0.0,0.0,0.0,0.0,9.89e-10,1.97e-08,5.39e-08,0.0,0.0,0.0,0.0,0.0,0.0,0.0,0.0,0.0,0.0,0.0,0.0,0.0,0.0,0.0,7.96e-08,0.0,0.0,0.0,0.0,0.0,0.0,0.0,0.0,0.0,0.0,0.0,0.0,0.0,0.0,0.0,0.0,0.0,0.039911528,0.005293872,-0.14181876,0.091907164,1.6e-07,0.143476353,0.163136371,-0.038920428,0.019660018,0.284304013,-0.14082766
p50,1870,0.057846975,0.16349014,-0.00862034,-0.141751028,0.0,-0.061510948,0.016681854,0.194701138,0.07607562,0.017808974,0.0,0.0,5.66e-09,0.0,0.0,0.0,2.51e-10,0.0,0.0,0.0,0.0,0.0,0.0,1.04e-09,1.97e-08,5.7e-08,0.0,0.0,0.0,0.0,0.0,0.0,0.0,0.0,0.0,0.0,0.0,0.0,0.0,0.0,0.0,7.96e-08,0.0,0.0,0.0,0.0,0.0,0.0,0.0,0.0,0.0,0.0,0.0,0.0,0.0,0.0,0.0,0.0,0.0,0.041629852,0.005395454,-0.150371368,0.093884757,1.63e-07,0.14041074,0.361747855,-0.039433639,0.221337115,0.288585896,-0.148175155
p50,1871,0.055772096,0.22642756,-0.008350268,-0.139894876,0.0,-0.063409645,0.016220299,0.197175364,0.077002204,0.018501755,0.0,0.0,5.94e-09,0.0,0.0,0.0,2.64e-10,0.0,0.0,0.0,0.0,0.0,0.0,1.09e-09,2.96e-08,6.02e-08,0.0,0.0,0.0,0.0,0.0,0.0,0.0,0.0,0.0,0.0,0.0,0.0,0.0,0.0,0.0,7.96e-08,0.0,0.0,0.0,0.0,0.0,0.0,0.0,0.0,0.0,0.0,0.0,0.0,0.0,0.0,0.0,0.0,0.0,0.041192714,0.005464189,-0.148245144,0.095504136,1.77e-07,0.143901912,0.426101568,-0.041725157,0.282199656,0.2926795,-0.148777587
p50,1872,0.048049808,-0.490276527,-0.008800552,-0.141806762,0.0,-0.065307882,0.016060445,0.200239461,0.077739263,0.019165126,0.0,0.0,6.23e-09,0.0,0.0,0.0,2.76e-10,0.0,0.0,0.0,0.0,0.0,0.0,1.15e-09,2.96e-08,6.34e-08,0.0,0.0,0.0,0.0,0.0,0.0,0.0,0.0,0.0,0.0,0.0,0.0,0.0,0.0,0.0,7.96e-08,0.0,0.0,0.0,0.0,0.0,0.0,0.0,0.0,0.0,0.0,0.0,0.0,0.0,0.0,0.0,0.0,0.0,0.040501438,0.005518933,-0.150607314,0.096904568,1.8e-07,0.14330965,-0.298917069,-0.043728503,-0.442226719,0.29714403,-0.153834379
p50,1873,0.026505396,-0.654408325,-0.011138278,-0.155160455,0.0,-0.067205578,0.017200599,0.203796125,0.078295194,0.019817482,0.0,0.0,6.51e-09,0.0,0.0,0.0,2.89e-10,0.0,0.0,0.0,0.0,0.0,0.0,1.2e-09,2.96e-08,6.67e-08,0.0,0.0,0.0,0.0,0.0,0.0,0.0,0.0,0.0,0.0,0.0,0.0,0.0,0.0,0.0,7.96e-08,0.0,0.0,0.0,0.0,0.0,0.0,0.0,0.0,0.0,0.0,0.0,0.0,0.0,0.0,0.0,0.0,0.0,0.042637045,0.005560278,-0.166298732,0.09811286,1.84e-07,0.133802596,-0.494100334,-0.044444702,-0.627902929,0.301908985,-0.168106389
p50,1874,-0.002605298,0.035465884,-0.011900315,-0.15874378,0.0,-0.069102401,0.017614023,0.207446429,0.079275044,0.020447393,0.0,0.0,6.79e-09,0.0,0.0,0.0,3.01e-10,0.0,0.0,0.0,0.0,0.0,0.0,1.25e-09,3.94e-08,7e-08,0.0,0.0,0.0,0.0,0.0,0.0,0.0,0.0,0.0,0.0,0.0,0.0,0.0,0.0,0.0,7.96e-08,0.0,0.0,0.0,0.0,0.0,0.0,0.0,0.0,0.0,0.0,0.0,0.0,0.0,0.0,0.0,0.0,0.0,0.044245032,0.005633138,-0.170644095,0.099722634,1.97e-07,0.134914761,0.167775348,-0.045855239,0.032860587,0.307169063,-0.172254302
p50,1875,-0.030998364,0.068066082,-0.011497343,-0.156138905,0.0,-0.070998806,0.017102077,0.21164481,0.080252074,0.021088003,0.0,0.0,7.07e-09,0.0,0.0,0.0,3.14e-10,0.0,0.0,0.0,0.0,0.0,0.0,1.3e-09,3.94e-08,7.33e-08,0.0,0.0,0.0,0.0,0.0,0.0,0.0,0.0,0.0,0.0,0.0,0.0,0.0,0.0,0.0,7.96e-08,0.0,0.0,0.0,0.0,0.0,0.0,0.0,0.0,0.0,0.0,0.0,0.0,0.0,0.0,0.0,0.0,0.0,0.043635198,0.005705873,-0.167636248,0.101340278,2.01e-07,0.140793183,0.177860901,-0.048190856,0.037067718,0.312985088,-0.172191906
p50,1876,-0.037956227,0.136074423,-0.013136553,-0.161156591,0.0,-0.07289424,0.017250865,0.215821751,0.081075233,0.021659206,0.0,0.0,7.36e-09,0.0,0.0,0.0,3.27e-10,0.0,0.0,0.0,0.0,0.0,0.0,1.35e-09,4.93e-08,7.67e-08,0.0,0.0,0.0,0.0,0.0,0.0,0.0,0.0,0.0,0.0,0.0,0.0,0.0,0.0,0.0,7.96e-08,0.0,0.0,0.0,0.0,0.0,0.0,0.0,0.0,0.0,0.0,0.0,0.0,0.0,0.0,0.0,0.0,0.0,0.044147653,0.005767221,-0.174293144,0.102734653,2.15e-07,0.138534759,0.236652955,-0.049876154,0.098118196,0.318556404,-0.180021646
p50,1877,-0.03639617,0.201851149,-0.013366967,-0.166020969,0.0,-0.074789161,0.017865784,0.220053161,0.081974412,0.022153747,0.0,0.0,7.64e-09,0.0,0.0,0.0,3.39e-10,0.0,0.0,0.0,0.0,0.0,0.0,1.41e-09,4.93e-08,8.02e-08,0.0,0.0,0.0,0.0,0.0,0.0,0.0,0.0,0.0,0.0,0.0,0.0,0.0,0.0,0.0,7.96e-08,0.0,0.0,0.0,0.0,0.0,0.0,0.0,0.0,0.0,0.0,0.0,0.0,0.0,0.0,0.0,0.0,0.0,0.045845409,0.00583428,-0.179387936,0.104128377,2.18e-07,0.139549915,0.305004893,-0.051089096,0.165454979,0.324181538,-0.184631624
p50,1878,-0.053104397,0.226138181,-0.013800102,-0.169496012,0.0,-0.076683264,0.018246047,0.224451668,0.083014127,0.02268076,0.0,0.0,7.92e-09,0.0,0.0,0.0,3.52e-10,0.0,0.0,0.0,0.0,0.0,0.0,1.46e-09,5.92e-08,8.37e-08,0.0,0.0,0.0,0.0,0.0,0.0,0.0,0.0,0.0,0.0,0.0,0.0,0.0,0.0,0.0,7.96e-08,0.0,0.0,0.0,0.0,0.0,0.0,0.0,0.0,0.0,0.0,0.0,0.0,0.0,0.0,0.0,0.0,0.0,0.047294288,0.0059119,-0.183296114,0.105695119,2.32e-07,0.141619644,0.314653428,-0.052525317,0.173033784,0.330146788,-0.188527143
p50,1879,-0.04737898,0.236980607,-0.016087489,-0.178782622,0.0,-0.078576727,0.018719165,0.228600641,0.08427864,0.023182027,0.0,0.0,8.21e-09,0.0,0.0,0.0,3.64e-10,0.0,0.0,0.0,0.0,0.0,0.0,1.51e-09,5.92e-08,8.72e-08,0.0,0.0,0.0,0.0,0.0,0.0,0.0,0.0,0.0,0.0,0.0,0.0,0.0,0.0,0.0,7.96e-08,0.0,0.0,0.0,0.0,0.0,0.0,0.0,0.0,0.0,0.0,0.0,0.0,0.0,0.0,0.0,0.0,0.0,0.047815473,0.006006404,-0.19487011,0.107460903,2.36e-07,0.135155749,0.324757376,-0.053851157,0.189601627,0.336061543,-0.200905794
p50,1880,-0.012995289,0.125928505,-0.018501053,-0.186301781,0.0,-0.080200956,0.01867785,0.233144264,0.085699406,0.023686515,0.0,0.0,8.49e-09,0.0,0.0,0.0,3.77e-10,0.0,0.0,0.0,0.0,0.0,0.0,1.56e-09,6.9e-08,9.08e-08,0.0,0.0,0.0,0.0,0.0,0.0,0.0,0.0,0.0,0.0,0.0,0.0,0.0,0.0,0.0,7.96e-08,0.0,0.0,0.0,0.0,0.0,0.0,0.0,0.0,0.0,0.0,0.0,0.0,0.0,0.0,0.0,0.0,0.0,0.047752122,0.006112738,-0.204802834,0.109386171,2.5e-07,0.130069355,0.243002571,-0.055410368,0.112933216,0.342530435,-0.21246108
p50,1881,0.01967234,0.005678376,-0.018757162,-0.191550204,0.0,-0.081555598,0.019297748,0.238025139,0.08704478,0.02410731,0.0,0.0,8.77e-09,0.0,0.0,0.0,3.89e-10,0.0,0.0,0.0,0.0,0.0,0.0,1.61e-09,6.9e-08,9.45e-08,0.0,0.0,0.0,0.0,0.0,0.0,0.0,0.0,0.0,0.0,0.0,0.0,0.0,0.0,0.0,7.96e-08,0.0,0.0,0.0,0.0,0.0,0.0,0.0,0.0,0.0,0.0,0.0,0.0,0.0,0.0,0.0,0.0,0.0,0.049536699,0.006213576,-0.210307367,0.111152344,2.54e-07,0.132362542,0.157713258,-0.056044274,0.025350716,0.349177483,-0.216814941
p50,1882,0.015569385,0.167312839,-0.020129538,-0.194249793,0.0,-0.082909558,0.019047074,0.243185832,0.088375188,0.024538793,0.0,0.0,9.06e-09,0.0,0.0,0.0,4.02e-10,0.0,0.0,0.0,0.0,0.0,0.0,1.67e-09,7.89e-08,9.82e-08,0.0,0.0,0.0,0.0,0.0,0.0,0.0,0.0,0.0,0.0,0.0,0.0,0.0,0.0,0.0,7.96e-08,0.0,0.0,0.0,0.0,0.0,0.0,0.0,0.0,0.0,0.0,0.0,0.0,0.0,0.0,0.0,0.0,0.0,0.049004586,0.006313446,-0.214379331,0.112914248,2.68e-07,0.133176297,0.31605852,-0.057549038,0.182882224,0.35610008,-0.222923783
p50,1883,0.009890772,-0.094731096,-0.020745132,-0.19436786,0.0,-0.084262687,0.018653633,0.247623956,0.089754578,0.024944612,0.0,0.0,9.34e-09,0.0,0.0,0.0,4.14e-10,0.0,0.0,0.0,0.0,0.0,0.0,1.72e-09,8.87e-08,1.02e-07,0.0,0.0,0.0,0.0,0.0,0.0,0.0,0.0,0.0,0.0,0.0,0.0,0.0,0.0,0.0,7.96e-08,0.0,0.0,0.0,0.0,0.0,0.0,0.0,0.0,0.0,0.0,0.0,0.0,0.0,0.0,0.0,0.0,0.0,0.048554466,0.006417144,-0.215112993,0.114699472,2.82e-07,0.13657299,0.051732666,-0.05919191,-0.084840324,0.362323428,-0.225750437
p50,1884,0.017956275,-2.165882441,-0.021337225,-0.201654086,0.0,-0.085615018,0.019551518,0.252153254,0.091243986,0.025346639,0.0,0.0,9.62e-09,0.0,0.0,0.0,4.27e-10,0.0,0.0,0.0,0.0,0.0,0.0,1.77e-09,9.86e-08,1.06e-07,0.0,0.0,0.0,0.0,0.0,0.0,0.0,0.0,0.0,0.0,0.0,0.0,0.0,0.0,0.0,7.96e-08,0.0,0.0,0.0,0.0,0.0,0.0,0.0,0.0,0.0,0.0,0.0,0.0,0.0,0.0,0.0,0.0,0.0,0.050936023,0.006529286,-0.222991312,0.116590921,2.96e-07,0.137154673,-2.010771493,-0.059534213,-2.147926166,0.368744174,-0.231589502
p50,1885,0.005382202,-1.407300591,-0.022484366,-0.204809739,0.0,-0.086966279,0.019642113,0.257358226,0.092924437,0.025733811,0.0,0.0,9.9e-09,0.0,0.0,0.0,4.4e-10,0.0,0.0,0.0,0.0,0.0,0.0,1.82e-09,9.86e-08,1.1e-07,0.0,0.0,0.0,0.0,0.0,0.0,0.0,0.0,0.0,0.0,0.0,0.0,0.0,0.0,0.0,7.96e-08,0.0,0.0,0.0,0.0,0.0,0.0,0.0,0.0,0.0,0.0,0.0,0.0,0.0,0.0,0.0,0.0,0.0,0.051776537,0.006656025,-0.227294106,0.118658548,3e-07,0.139831065,-1.262087324,-0.060668141,-1.401918389,0.376016774,-0.236185709
p50,1886,-0.027659839,-1.286334718,-0.022018504,-0.204729784,0.0,-0.088316497,0.019779263,0.262897936,0.094565252,0.026084508,0.0,0.0,1.02e-08,0.0,0.0,0.0,4.52e-10,0.0,0.0,0.0,0.0,0.0,0.0,1.87e-09,1.08e-07,1.14e-07,0.0,0.0,0.0,0.0,0.0,0.0,0.0,0.0,0.0,0.0,0.0,0.0,0.0,0.0,0.0,7.96e-08,0.0,0.0,0.0,0.0,0.0,0.0,0.0,0.0,0.0,0.0,0.0,0.0,0.0,0.0,0.0,0.0,0.0,0.052764423,0.00678,-0.226748288,0.120650074,3.14e-07,0.147806911,-1.166187646,-0.061757234,-1.313994557,0.38354801,-0.235741099
p50,1887,-0.041934375,-0.437575137,-0.02375693,-0.213562716,0.0,-0.089665618,0.020437348,0.268639241,0.096365376,0.02650753,0.0,0.0,1.05e-08,0.0,0.0,0.0,4.65e-10,0.0,0.0,0.0,0.0,0.0,0.0,1.93e-09,1.18e-07,1.18e-07,0.0,0.0,0.0,0.0,0.0,0.0,0.0,0.0,0.0,0.0,0.0,0.0,0.0,0.0,0.0,7.96e-08,0.0,0.0,0.0,0.0,0.0,0.0,0.0,0.0,0.0,0.0,0.0,0.0,0.0,0.0,0.0,0.0,0.0,0.054499136,0.006916279,-0.237319646,0.122873235,3.28e-07,0.146379976,-0.333129536,-0.062311991,-0.479509512,0.391512476,-0.2451325
p50,1888,-0.049703468,0.088194889,-0.027701635,-0.232660193,0.0,-0.091014081,0.021756584,0.275033297,0.098103724,0.026839629,0.0,0.0,1.08e-08,0.0,0.0,0.0,4.77e-10,0.0,0.0,0.0,0.0,0.0,0.0,1.98e-09,1.28e-07,1.22e-07,0.0,0.0,0.0,0.0,0.0,0.0,0.0,0.0,0.0,0.0,0.0,0.0,0.0,0.0,0.0,7.96e-08,0.0,0.0,0.0,0.0,0.0,0.0,0.0,0.0,0.0,0.0,0.0,0.0,0.0,0.0,0.0,0.0,0.0,0.056638971,0.007048127,-0.260361827,0.124943696,3.43e-07,0.134044766,0.172536187,-0.06220937,0.038491421,0.399976993,-0.265932227
p50,1889,-0.050405495,0.180163467,-0.027472317,-0.229293482,0.0,-0.092361293,0.021337921,0.281439364,0.099975499,0.027265716,0.0,0.0,1.1e-08,0.0,0.0,0.0,4.9e-10,0.0,0.0,0.0,0.0,0.0,0.0,2.03e-09,1.38e-07,1.26e-07,0.0,0.0,0.0,0.0,0.0,0.0,0.0,0.0,0.0,0.0,0.0,0.0,0.0,0.0,0.0,7.96e-08,0.0,0.0,0.0,0.0,0.0,0.0,0.0,0.0,0.0,0.0,0.0,0.0,0.0,0.0,0.0,0.0,0.0,0.057193267,0.007190392,-0.256765799,0.127241572,3.57e-07,0.145275423,0.275033395,-0.063832981,0.129757972,0.408680936,-0.263405513
p50,1890,-0.049391456,0.027525509,-0.030591255,-0.243813684,0.0,-0.093680516,0.022272503,0.287744811,0.101841935,0.027586555,0.0,0.0,1.13e-08,0.0,0.0,0.0,5.02e-10,0.0,0.0,0.0,0.0,0.0,0.0,2.08e-09,1.48e-07,1.3e-07,0.0,0.0,0.0,0.0,0.0,0.0,0.0,0.0,0.0,0.0,0.0,0.0,0.0,0.0,0.0,7.96e-08,0.0,0.0,0.0,0.0,0.0,0.0,0.0,0.0,0.0,0.0,0.0,0.0,0.0,0.0,0.0,0.0,0.0,0.058823466,0.007332526,-0.274404939,0.129428861,3.72e-07,0.137516712,0.115650765,-0.064075487,-0.021865947,0.417173672,-0.27965696
p50,1891,-0.011310425,0.149832855,-0.030986452,-0.242193182,0.0,-0.094971822,0.021795053,0.294287323,0.10373691,0.027878246,0.0,0.0,1.16e-08,0.0,0.0,0.0,5.15e-10,0.0,0.0,0.0,0.0,0.0,0.0,2.13e-09,1.58e-07,1.35e-07,8.86e-12,0.0,0.0,0.0,0.0,0.0,0.0,0.0,0.0,0.0,0.0,0.0,0.0,0.0,0.0,7.96e-08,0.0,0.0,0.0,0.0,0.0,0.0,0.0,0.0,0.0,0.0,0.0,0.0,0.0,0.0,0.0,0.0,0.0,0.05846068,0.007477126,-0.273179634,0.131615542,3.86e-07,0.145484269,0.284006699,-0.065699643,0.13852243,0.425902866,-0.280418597
p50,1892,0.029079493,0.096282909,-0.031214485,-0.241277873,0.0,-0.096261702,0.021560558,0.300691231,0.105963819,0.028245556,0.0,0.0,1.19e-08,0.0,0.0,0.0,5.28e-10,0.0,0.0,0.0,0.0,0.0,0.0,2.19e-09,1.68e-07,1.39e-07,8.23e-11,0.0,0.0,0.0,0.0,0.0,0.0,0.0,0.0,0.0,0.0,0.0,0.0,0.0,0.0,7.96e-08,0.0,0.0,0.0,0.0,0.0,0.0,0.0,0.0,0.0,0.0,0.0,0.0,0.0,0.0,0.0,0.0,0.0,0.058797102,0.007647448,-0.272492359,0.134209775,4.01e-07,0.154152053,0.279514454,-0.067053697,0.125362402,0.434901006,-0.280748953
p50,1893,0.038985863,0.168580464,-0.031620703,-0.243395995,0.0,-0.09755065,0.021781382,0.306321721,0.108111744,0.028674337,0.0,0.0,1.22e-08,0.0,0.0,0.0,5.4e-10,0.0,0.0,0.0,0.0,0.0,0.0,2.24e-09,1.77e-07,1.43e-07,1.87e-10,0.0,0.0,0.0,0.0,0.0,0.0,0.0,0.0,0.0,0.0,0.0,0.0,0.0,0.0,7.96e-08,0.0,0.0,0.0,0.0,0.0,0.0,0.0,0.0,0.0,0.0,0.0,0.0,0.0,0.0,0.0,0.0,0.0,0.06026749,0.00781214,-0.275016698,0.136786496,4.16e-07,0.16040188,0.367968207,-0.067957129,0.207566327,0.443108217,-0.282706337
p50,1894,0.037737817,0.213182667,-0.03490206,-0.258397039,0.0,-0.098838342,0.022902314,0.312021543,0.109947853,0.029186449,0.0,0.0,1.25e-08,0.0,0.0,0.0,5.53e-10,0.0,0.0,0.0,0.0,0.0,0.0,2.29e-09,1.87e-07,1.48e-07,3.35e-10,0.0,0.0,0.0,0.0,0.0,0.0,0.0,0.0,0.0,0.0,0.0,0.0,0.0,0.0,7.96e-08,0.0,0.0,0.0,0.0,0.0,0.0,0.0,0.0,0.0,0.0,0.0,0.0,0.0,0.0,0.0,0.0,0.0,0.063281365,0.007953264,-0.293299099,0.139134733,4.3e-07,0.153155779,0.404076263,-0.067982763,0.250920484,0.451156276,-0.298000497
p50,1895,0.020561572,-0.075952108,-0.036052466,-0.26377462,0.0,-0.100124817,0.02319721,0.317231081,0.111519664,0.029723871,0.0,0.0,1.27e-08,0.0,0.0,0.0,5.65e-10,0.0,0.0,0.0,0.0,0.0,0.0,2.34e-09,2.07e-07,1.53e-07,5.29e-10,0.0,0.0,0.0,0.0,0.0,0.0,0.0,0.0,0.0,0.0,0.0,0.0,0.0,0.0,7.96e-08,0.0,0.0,0.0,0.0,0.0,0.0,0.0,0.0,0.0,0.0,0.0,0.0,0.0,0.0,0.0,0.0,0.0,0.063920938,0.008074324,-0.299827086,0.141243991,4.55e-07,0.15371564,0.098325105,-0.068853284,-0.055390536,0.458475071,-0.304759431
p50,1896,-0.000109204,0.082721237,-0.037833378,-0.262782065,0.0,-0.10140977,0.022376237,0.322398101,0.112403192,0.030138799,0.0,0.0,1.3e-08,0.0,0.0,0.0,5.78e-10,0.0,0.0,0.0,0.0,0.0,0.0,2.4e-09,2.17e-07,1.57e-07,7.69e-10,0.0,0.0,0.0,0.0,0.0,0.0,0.0,0.0,0.0,0.0,0.0,0.0,0.0,0.0,7.96e-08,0.0,0.0,0.0,0.0,0.0,0.0,0.0,0.0,0.0,0.0,0.0,0.0,0.0,0.0,0.0,0.0,0.0,0.062500526,0.00814249,-0.300615443,0.142542461,4.7e-07,0.155934601,0.238546634,-0.070891043,0.082612033,0.464940562,-0.309005961
p50,1897,-0.03276123,0.193324962,-0.040284881,-0.278154783,0.0,-0.102693854,0.023790963,0.32746795,0.113261944,0.030568067,0.0,0.0,1.33e-08,0.0,0.0,0.0,5.9e-10,0.0,0.0,0.0,0.0,0.0,0.0,2.45e-09,2.27e-07,1.62e-07,1.06e-09,0.0,0.0,0.0,0.0,0.0,0.0,0.0,0.0,0.0,0.0,0.0,0.0,0.0,0.0,7.96e-08,0.0,0.0,0.0,0.0,0.0,0.0,0.0,0.0,0.0,0.0,0.0,0.0,0.0,0.0,0.0,0.0,0.0,0.06566231,0.008208814,-0.318439664,0.143830497,4.86e-07,0.147827015,0.308390747,-0.070694077,0.160563732,0.471298447,-0.323471432
p50,1898,-0.025460158,0.221808885,-0.042797778,-0.28662783,0.0,-0.103976585,0.024190362,0.333036454,0.114825526,0.030996387,0.0,0.0,1.36e-08,0.0,0.0,0.0,6.03e-10,0.0,0.0,0.0,0.0,0.0,0.0,2.5e-09,2.46e-07,1.67e-07,1.39e-09,0.0,0.0,0.0,0.0,0.0,0.0,0.0,0.0,0.0,0.0,0.0,0.0,0.0,0.0,7.96e-08,0.0,0.0,0.0,0.0,0.0,0.0,0.0,0.0,0.0,0.0,0.0,0.0,0.0,0.0,0.0,0.0,0.0,0.066762672,0.008329659,-0.329425609,0.145822424,5.11e-07,0.144739376,0.341088104,-0.071456564,0.196348727,0.478858878,-0.334119501
p50,1899,-0.041653566,0.231952754,-0.04879029,-0.307275729,0.0,-0.105257667,0.025132123,0.339305876,0.116681996,0.031543316,0.0,0.0,1.39e-08,0.0,0.0,0.0,6.15e-10,0.0,0.0,0.0,0.0,0.0,0.0,2.55e-09,2.56e-07,1.72e-07,1.78e-09,0.0,0.0,0.0,0.0,0.0,0.0,0.0,0.0,0.0,0.0,0.0,0.0,0.0,0.0,7.96e-08,0.0,0.0,0.0,0.0,0.0,0.0,0.0,0.0,0.0,0.0,0.0,0.0,0.0,0.0,0.0,0.0,0.0,0.067893047,0.008473419,-0.356066019,0.148225838,5.27e-07,0.127706616,0.318005804,-0.071652125,0.190299188,0.487531714,-0.359825097
p50,1900,-0.044321265,0.222365168,-0.051813175,-0.314563739,0.0,-0.106776502,0.025177902,0.346108024,0.118538608,0.032093536,0.0,0.0,1.41e-08,0.0,0.0,0.0,6.28e-10,0.0,0.0,0.0,0.0,0.0,0.0,2.6e-09,2.76e-07,1.77e-07,2.21e-09,0.0,0.0,0.0,0.0,0.0,0.0,0.0,0.0,0.0,0.0,0.0,-8.62e-12,-9.11e-18,3.28e-18,7.96e-08,-2.35e-14,-7.75e-13,0.0,0.0,0.0,0.0,0.0,0.0,0.0,0.0,0.0,0.0,0.0,0.0,0.0,0.0,0.0,0.068505659,0.008617485,-0.366376914,0.150632696,5.52e-07,0.125888349,0.303932252,-0.072981115,0.178043903,0.496740719,-0.37085237
p50,1901,-0.05694214,0.231301107,-0.053081505,-0.319187581,0.0,-0.108532625,0.025504653,0.352104324,0.12037845,0.03269047,0.0,0.0,1.44e-08,0.0,0.0,0.0,6.41e-10,0.0,0.0,0.0,0.0,0.0,0.0,2.66e-09,2.86e-07,1.83e-07,2.7e-09,0.0,0.0,0.0,0.0,0.0,0.0,0.0,0.0,0.0,0.0,0.0,1.09e-11,-9.11e-18,-4.28e-18,7.96e-08,3.03e-14,-7.75e-13,0.0,0.0,0.0,0.0,0.0,0.0,0.0,0.0,0.0,0.0,0.0,0.0,0.0,0.0,0.0,0.069908602,0.008760553,-0.372269086,0.153069489,5.69e-07,0.12854591,0.302904877,-0.074267419,0.174358967,0.505173813,-0.376627903
p50,1902,-0.0533072,0.193602568,-0.054971941,-0.322318351,0.0,-0.110288141,0.025414048,0.357835037,0.12259875,0.033607792,0.0,0.0,1.47e-08,0.0,0.0,0.0,6.53e-10,0.0,0.0,0.0,0.0,0.0,0.0,2.71e-09,5.23e-07,2.31e-07,4.05e-09,0.0,0.0,0.0,0.0,0.0,0.0,0.0,0.0,0.0,0.0,0.0,-1.41e-11,0.0,5.7e-18,7.96e-08,-3.96e-14,-7.75e-13,0.0,0.0,0.0,0.0,0.0,0.0,0.0,0.0,0.0,0.0,0.0,0.0,0.0,0.0,0.0,0.070658521,0.008933639,-0.377290292,0.156207397,8.55e-07,0.13147021,0.271765577,-0.075940453,0.140295368,0.514042434,-0.382572224
p50,1903,-0.026926612,-0.111540681,-0.059637779,-0.33373825,0.0,-0.112042874,0.02573267,0.363763019,0.124881476,0.034693644,0.0,0.0,1.5e-08,0.0,0.0,0.0,6.66e-10,0.0,0.0,0.0,0.0,0.0,0.0,2.76e-09,7.89e-07,2.91e-07,6.75e-09,0.0,0.0,0.0,0.0,0.0,0.0,0.0,0.0,0.0,0.0,0.0,1.84e-11,0.0,-7.74e-18,7.96e-08,5.26e-14,-7.75e-13,0.0,0.0,0.0,0.0,0.0,0.0,0.0,0.0,0.0,0.0,0.0,0.0,0.0,0.0,0.0,0.071306565,0.00911207,-0.393376029,0.159576304,1.18e-06,0.124071724,-0.014395569,-0.077198134,-0.138467293,0.523339323,-0.399267599
p50,1904,0.005912622,0.068043808,-0.062543323,-0.347725921,0.0,-0.113797129,0.026728326,0.3691492,0.127876125,0.03570927,0.0,0.0,1.53e-08,0.0,0.0,0.0,6.78e-10,0.0,0.0,0.0,0.0,0.0,0.0,2.81e-09,1.06e-06,3.61e-07,9.45e-09,0.0,0.0,0.0,0.0,0.0,0.0,0.0,0.0,0.0,0.0,0.0,-2.43e-11,0.0,1.06e-17,7.96e-08,-7.1e-14,-7.75e-13,0.0,0.0,0.0,0.0,0.0,0.0,0.0,0.0,0.0,0.0,0.0,0.0,0.0,0.0,0.0,0.075199544,0.009346728,-0.410269244,0.163586929,1.53e-06,0.119944353,0.193900783,-0.077722075,0.07395643,0.532736129,-0.412791776
p50,1905,0.003588135,0.187980894,-0.066964735,-0.363406041,0.0,-0.115552153,0.027729779,0.375177268,0.130860021,0.03671316,0.0,0.0,1.56e-08,0.0,0.0,0.0,6.91e-10,0.0,0.0,0.0,0.0,0.0,0.0,2.86e-09,1.4e-06,4.48e-07,1.35e-08,0.0,0.0,0.0,0.0,0.0,0.0,0.0,0.0,0.0,0.0,0.0,3.27e-11,0.0,-1.48e-17,7.96e-08,7.02e-15,-7.75e-13,0.0,0.0,0.0,0.0,0.0,0.0,0.0,0.0,0.0,0.0,0.0,0.0,0.0,0.0,0.0,0.077925203,0.009581308,-0.430370776,0.167575141,1.96e-06,0.11206577,0.303634799,-0.078241066,0.191569029,0.542752409,-0.43068664
p50,1906,0.014882959,0.217150903,-0.071403199,-0.375372973,0.0,-0.117307014,0.028272125,0.38190107,0.134012552,0.037722951,0.0,0.0,1.58e-08,0.0,0.0,0.0,7.03e-10,0.0,0.0,0.0,0.0,0.0,0.0,2.92e-09,1.84e-06,5.73e-07,1.62e-08,0.0,0.0,0.0,0.0,0.0,0.0,0.0,0.0,0.0,0.0,0.0,-4.45e-11,0.0,2.09e-17,7.96e-08,-8.72e-13,-7.75e-13,0.0,0.0,0.0,0.0,0.0,0.0,0.0,0.0,0.0,0.0,0.0,0.0,0.0,0.0,0.0,0.079631654,0.009829964,-0.446776172,0.171738034,2.53e-06,0.107289662,0.339323524,-0.079204924,0.232033862,0.553639105,-0.446349443
p50,1907,0.01010918,-0.153820516,-0.080519062,-0.40925866,0.0,-0.119063749,0.030491308,0.389779791,0.137384237,0.038806802,0.0,0.0,1.61e-08,0.0,0.0,0.0,7.16e-10,0.0,0.0,0.0,0.0,0.0,0.0,2.97e-09,2.44e-06,7.5e-07,2.29e-08,0.0,0.0,0.0,0.0,0.0,0.0,0.0,0.0,0.0,0.0,0.0,6.14e-11,0.0,-3e-17,7.96e-08,-1.38e-12,-7.75e-13,0.0,0.0,0.0,0.0,0.0,0.0,0.0,0.0,0.0,0.0,0.0,0.0,0.0,0.0,0.0,0.083932259,0.010096855,-0.489777722,0.176194347,3.31e-06,0.081653089,-0.062058246,-0.078475586,-0.143711336,0.565974138,-0.484321049
p50,1908,0.006770655,-0.091447847,-0.077621349,-0.401568947,0.0,-0.120821495,0.030179363,0.397353388,0.140115268,0.040030866,0.0,0.0,1.64e-08,0.0,0.0,0.0,7.28e-10,0.0,0.0,0.0,0.0,0.0,0.0,3.02e-09,3.19e-06,9.83e-07,2.97e-08,0.0,0.0,0.0,0.0,0.0,0.0,0.0,0.0,0.0,0.0,0.0,-8.56e-11,0.0,4.38e-17,7.96e-08,-2.66e-12,-7.75e-13,0.0,0.0,0.0,0.0,0.0,0.0,0.0,0.0,0.0,0.0,0.0,0.0,0.0,0.0,0.0,0.086306474,0.010313851,-0.479190296,0.18015044,4.31e-06,0.104291724,0.019614531,-0.080328281,-0.084677193,0.577503828,-0.473212104
p50,1909,-0.006084229,0.162935714,-0.081349711,-0.410499389,0.0,-0.122581345,0.030520111,0.404880353,0.14304995,0.041267619,0.0,0.0,1.67e-08,0.0,0.0,0.0,7.41e-10,0.0,0.0,0.0,0.0,0.0,0.0,3.07e-09,3.69e-06,1.13e-06,3.37e-08,0.0,0.0,0.0,0.0,0.0,0.0,0.0,0.0,0.0,0.0,0.0,1.21e-08,0.0,-6.48e-17,7.96e-08,-2.84e-12,-7.75e-13,0.0,0.0,0.0,0.0,0.0,0.0,0.0,0.0,0.0,0.0,0.0,0.0,0.0,0.0,0.0,0.087889485,0.010547727,-0.491849099,0.184322533,4.96e-06,0.103729765,0.26058125,-0.081513507,0.156851485,0.589202886,-0.485473121
p50,1910,-0.03218401,0.221242803,-0.086763351,-0.430534689,0.0,-0.123725275,0.031826727,0.412820031,0.146016566,0.04259275,0.0,0.0,1.7e-08,0.0,0.0,0.0,7.54e-10,0.0,0.0,0.0,0.0,0.0,0.0,3.12e-09,4.76e-06,1.46e-06,4.32e-08,0.0,0.0,0.0,0.0,0.0,0.0,0.0,0.0,0.0,0.0,0.0,5.46e-08,0.0,9.72e-17,7.96e-08,-4.64e-12,-7.75e-13,0.0,0.0,0.0,0.0,0.0,0.0,0.0,0.0,0.0,0.0,0.0,0.0,0.0,0.0,0.0,0.091298703,0.010784933,-0.51729804,0.18861574,6.42e-06,0.09432282,0.283381613,-0.081113615,0.189058793,0.601435771,-0.507112952
p50,1911,-0.051216725,0.219164613,-0.085969113,-0.423919909,0.0,-0.12425529,0.03135162,0.420951152,0.14858338,0.044071171,0.0,0.0,1.73e-08,0.0,0.0,0.0,7.66e-10,0.0,0.0,0.0,0.0,0.0,0.0,3.18e-09,6.37e-06,1.96e-06,5.67e-08,0.0,0.0,0.0,0.0,0.0,0.0,0.0,0.0,0.0,0.0,0.0,9.35e-06,0.0,-1.48e-16,7.96e-08,-4.04e-12,-7.75e-13,0.0,0.0,0.0,0.0,0.0,0.0,0.0,0.0,0.0,0.0,0.0,0.0,0.0,0.0,0.0,0.091941873,0.010990891,-0.509889022,0.192672381,1.78e-05,0.113763604,0.281711493,-0.08191278,0.167947888,0.613623534,-0.499859929
p50,1912,-0.05352561,-0.445161184,-0.088620843,-0.428350255,0.0,-0.124788054,0.031464642,0.430391589,0.150850303,0.045158195,0.0,0.0,1.75e-08,0.0,0.0,0.0,7.79e-10,0.0,0.0,0.0,0.0,0.0,0.0,3.23e-09,7.87e-06,2.42e-06,7.15e-08,0.0,0.0,0.0,0.0,0.0,0.0,0.0,0.0,0.0,0.0,0.0,1.25e-05,0.0,2.29e-16,7.96e-08,-7.12e-12,-7.75e-13,0.0,0.0,0.0,0.0,0.0,0.0,0.0,0.0,0.0,0.0,0.0,0.0,0.0,0.0,0.0,0.092746948,0.0111732,-0.516971097,0.196031417,2.29e-05,0.120048646,-0.378638149,-0.082150212,-0.498686794,0.626423007,-0.506374361
p50,1913,-0.05611531,-0.614586877,-0.093077512,-0.4465378,0.0,-0.125324105,0.032859932,0.440420442,0.152289661,0.046406825,0.0,0.0,1.78e-08,0.0,0.0,0.0,7.91e-10,0.0,0.0,0.0,0.0,0.0,0.0,3.28e-09,9.84e-06,3.02e-06,8.91e-08,0.0,0.0,0.0,0.0,0.0,0.0,0.0,0.0,0.0,0.0,0.0,1.52e-05,4.34e-18,-3.6e-16,7.96e-08,-4.64e-12,-7.75e-13,0.0,0.0,0.0,0.0,0.0,0.0,0.0,0.0,0.0,0.0,0.0,0.0,0.0,0.0,0.0,0.09552622,0.011289363,-0.539615312,0.198724768,2.83e-05,0.113881307,-0.55682088,-0.081174809,-0.670702187,0.639145209,-0.525263902
p50,1914,-0.04547571,0.064390637,-0.086379082,-0.430213917,0.0,-0.125863874,0.032035853,0.449555306,0.15358043,0.047694243,0.0,0.0,1.81e-08,0.0,0.0,0.0,8.04e-10,0.0,0.0,0.0,0.0,0.0,0.0,3.33e-09,1.2e-05,3.68e-06,1.08e-07,0.0,0.0,0.0,0.0,0.0,0.0,0.0,0.0,0.0,0.0,0.0,2.8e-05,-4.34e-18,5.73e-16,7.96e-08,-1.08e-11,-7.75e-13,0.0,0.0,0.0,0.0,0.0,0.0,0.0,0.0,0.0,0.0,0.0,0.0,0.0,0.0,0.0,0.09764681,0.011393745,-0.516592998,0.201318508,4.38e-05,0.14949335,0.168408277,-0.082434276,0.018914927,0.650873814,-0.501380464
p50,1915,0.006552246,0.206363321,-0.084332738,-0.42145085,0.0,-0.126407852,0.031541165,0.458841181,0.155131992,0.048897862,0.0,0.0,1.84e-08,0.0,0.0,0.0,8.16e-10,0.0,0.0,0.0,0.0,0.0,0.0,3.38e-09,1.42e-05,4.36e-06,1.28e-07,0.0,0.0,0.0,0.0,0.0,0.0,0.0,0.0,0.0,0.0,0.0,4.84e-05,9.54e-18,-9.27e-16,7.96e-08,-3.47e-12,-7.75e-13,0.0,0.0,0.0,0.0,0.0,0.0,0.0,0.0,0.0,0.0,0.0,0.0,0.0,0.0,0.0,0.097796845,0.011519306,-0.505783588,0.204097081,6.72e-05,0.171604138,0.384519706,-0.083347381,0.212915568,0.662938262,-0.491334125
p50,1916,0.02503894,0.228657188,-0.092866109,-0.441466828,0.0,-0.126956548,0.032308845,0.468659336,0.158931739,0.04985944,0.0,0.0,1.87e-08,0.0,0.0,0.0,8.29e-10,0.0,0.0,0.0,0.0,0.0,0.0,3.44e-09,1.67e-05,5.13e-06,1.51e-07,0.0,0.0,0.0,0.0,0.0,0.0,0.0,0.0,0.0,0.0,0.0,8.24e-05,-1.43e-17,1.52e-15,7.96e-08,-1.76e-11,-7.75e-13,0.0,0.0,0.0,0.0,0.0,0.0,0.0,0.0,0.0,0.0,0.0,0.0,0.0,0.0,0.0,0.099895544,0.011827057,-0.534332937,0.208895665,0.000104486,0.160296962,0.413993089,-0.082820646,0.253696128,0.677555001,-0.517258039
p50,1917,0.073806375,0.222115479,-0.096884825,-0.459645152,0.0,-0.127510058,0.033928543,0.478061338,0.161701364,0.050958182,0.0,0.0,1.9e-08,0.0,0.0,0.0,8.41e-10,0.0,0.0,0.0,0.0,0.0,0.0,3.49e-09,2.03e-05,6.25e-06,1.84e-07,0.0,0.0,0.0,0.0,0.0,0.0,0.0,0.0,0.0,0.0,0.0,0.000121519,2.3e-17,-2.53e-15,7.96e-08,2.89e-12,-7.75e-13,0.0,0.0,0.0,0.0,0.0,0.0,0.0,0.0,0.0,0.0,0.0,0.0,0.0,0.0,0.0,0.104305163,0.012052299,-0.556529978,0.212807946,0.0001484,0.157115252,0.453037106,-0.081529217,0.295921854,0.690869284,-0.533754032
p50,1918,0.05695774,0.16492846,-0.096397825,-0.459245922,0.0,-0.128068578,0.033962959,0.485851787,0.165242407,0.05165137,0.0,0.0,1.92e-08,0.0,0.0,0.0,8.54e-10,0.0,0.0,0.0,0.0,0.0,0.0,3.54e-09,2.44e-05,7.49e-06,2.2e-07,0.0,0.0,0.0,0.0,0.0,0.0,0.0,0.0,0.0,0.0,0.0,0.000149988,-4.16e-17,4.29e-15,7.96e-08,-3.34e-11,-7.75e-13,0.0,0.0,0.0,0.0,0.0,0.0,0.0,0.0,0.0,0.0,0.0,0.0,0.0,0.0,0.0,0.106963644,0.01234101,-0.555643747,0.217075979,0.000182202,0.172483054,0.394369254,-0.081764609,0.2218862,0.702927766,-0.530444712
p50,1919,0.017893873,-0.024202593,-0.08193937,-0.412643436,0.0,-0.128633214,0.03104208,0.492309972,0.169276929,0.051829719,0.0,0.0,1.95e-08,0.0,0.0,0.0,8.67e-10,0.0,0.0,0.0,0.0,0.0,0.0,3.59e-09,2.85e-05,8.73e-06,2.56e-07,0.0,0.0,0.0,0.0,0.0,0.0,0.0,0.0,0.0,0.0,0.0,0.000176024,7.07e-17,-7.36e-15,7.96e-08,2.38e-11,-7.75e-13,0.0,0.0,0.0,0.0,0.0,0.0,0.0,0.0,0.0,0.0,0.0,0.0,0.0,0.0,0.0,0.107938675,0.012671064,-0.494582807,0.221320223,0.000213575,0.242065993,0.235757273,-0.08492007,-0.00630872,0.713630195,-0.471564202
p50,1920,-0.015756592,0.172160834,-0.091257312,-0.444025864,0.0,-0.12948917,0.033135994,0.499974453,0.173261862,0.052121903,0.0,0.0,1.98e-08,0.0,0.0,0.0,8.79e-10,0.0,0.0,0.0,0.0,0.0,0.0,3.64e-09,3.21e-05,9.84e-06,2.89e-07,0.0,0.0,0.0,0.0,0.0,0.0,0.0,0.0,0.0,0.0,0.0,0.000191256,-1.16e-16,1.28e-14,7.96e-08,-5.25e-11,-7.75e-13,0.0,0.0,0.0,0.0,0.0,0.0,0.0,0.0,0.0,0.0,0.0,0.0,0.0,0.0,0.0,0.112048605,0.01299848,-0.535283176,0.225617377,0.000233612,0.219002563,0.375406805,-0.083354695,0.156404242,0.72559183,-0.506589267
p50,1921,-0.027862648,0.221691177,-0.075016128,-0.39328929,0.0,-0.13063674,0.030459595,0.506217299,0.177064747,0.052528587,0.0,0.0,2.01e-08,0.0,0.0,0.0,8.92e-10,0.0,0.0,0.0,0.0,0.0,0.0,3.7e-09,3.6e-05,1.1e-05,3.24e-07,0.0,0.0,0.0,0.0,0.0,0.0,0.0,0.0,0.0,0.0,0.0,0.000202162,2.1e-16,-2.27e-14,7.96e-08,2.59e-07,-7.75e-13,0.0,0.0,0.0,0.0,0.0,0.0,0.0,0.0,0.0,0.0,0.0,0.0,0.0,0.0,0.0,0.112646026,0.013312265,-0.468305418,0.229843151,0.000249817,0.293536178,0.487364707,-0.08686488,0.193828529,0.73606045,-0.442524272
p50,1922,-0.045428906,0.229888663,-0.078628563,-0.398587734,0.0,-0.131791332,0.030442599,0.512291395,0.18073019,0.053009965,0.0,0.0,2.04e-08,0.0,0.0,0.0,9.04e-10,0.0,0.0,0.0,0.0,0.0,0.0,3.75e-09,3.75e-05,1.15e-05,3.37e-07,0.0,0.0,0.0,0.0,0.0,0.0,2.78e-07,0.0,0.0,0.0,0.0,0.000226623,-3.73e-16,4.07e-14,7.96e-08,9.87e-07,-7.74e-13,0.0,0.0,0.0,0.0,0.0,0.0,0.0,0.0,0.0,0.0,0.0,0.0,0.0,0.0,0.0,0.114535383,0.013615931,-0.477216297,0.234017417,0.000277262,0.295895095,0.480354852,-0.087732802,0.184459757,0.746308812,-0.450413716
p50,1923,-0.049547464,0.230982284,-0.085515275,-0.447082851,0.0,-0.132952829,0.035572235,0.518015526,0.183919223,0.054082854,0.0,0.0,2.07e-08,0.0,0.0,0.0,9.17e-10,0.0,0.0,0.0,0.0,0.0,0.0,3.8e-09,4.01e-05,1.23e-05,3.6e-07,0.0,0.0,0.0,0.0,0.0,0.0,2.78e-07,0.0,0.0,0.0,0.0,0.000265855,6.71e-16,-7.42e-14,7.96e-08,2.1e-06,-7.75e-13,0.0,0.0,0.0,0.0,0.0,0.0,0.0,0.0,0.0,0.0,0.0,0.0,0.0,0.0,0.0,0.121737633,0.013881334,-0.532598125,0.238323193,0.000321117,0.261978967,0.443413787,-0.08349926,0.18143482,0.756338719,-0.494359752
p50,1924,-0.03862705,0.048176749,-0.085847752,-0.435095459,0.0,-0.13412227,0.033891949,0.524329864,0.186199267,0.054591709,0.0,0.0,2.09e-08,0.0,0.0,0.0,9.29e-10,0.0,0.0,0.0,0.0,0.0,0.0,3.85e-09,4.49e-05,1.37e-05,4.04e-07,0.0,0.0,0.0,0.0,0.0,0.0,5.55e-07,0.0,0.0,0.0,0.0,0.00030257,-1.24e-15,1.37e-13,7.96e-08,3.53e-06,-7.74e-13,0.0,0.0,0.0,0.0,0.0,0.0,0.0,0.0,0.0,0.0,0.0,0.0,0.0,0.0,0.0,0.120519536,0.014071535,-0.520943211,0.241156795,0.000365818,0.278904197,0.288453896,-0.086158786,0.009549699,0.765486658,-0.486582461
p50,1925,-0.011575635,0.151295255,-0.086352853,-0.438485282,0.0,-0.135299633,0.034398297,0.527466408,0.187628371,0.054779633,0.0,0.0,2.12e-08,0.0,0.0,0.0,9.42e-10,0.0,0.0,0.0,0.0,0.0,0.0,3.91e-09,5.03e-05,1.54e-05,4.52e-07,0.0,0.0,0.0,0.0,0.0,0.0,8.33e-07,0.0,0.0,0.0,0.0,0.000347511,2.31e-15,-2.58e-13,7.96e-08,5.19e-06,-7.75e-13,0.0,0.0,0.0,0.0,0.0,0.0,0.0,0.0,0.0,0.0,0.0,0.0,0.0,0.0,0.0,0.122540631,0.014190931,-0.524838134,0.242827795,0.000419791,0.281286294,0.421005914,-0.086710405,0.13971962,0.770294203,-0.489007909
p50,1926,0.012386866,-0.068067027,-0.090500452,-0.441388463,0.0,-0.136485871,0.033749119,0.529844048,0.188387805,0.054944559,0.0,0.0,2.15e-08,0.0,0.0,0.0,9.55e-10,0.0,0.0,0.0,0.0,0.0,0.0,3.96e-09,5.58e-05,1.7e-05,5.01e-07,0.0,0.0,0.0,0.0,0.0,0.0,1.39e-06,0.0,0.0,0.0,0.0,0.000404661,-4.37e-15,4.91e-13,7.96e-08,7e-06,-7.73e-13,0.0,0.0,0.0,0.0,0.0,0.0,0.0,0.0,0.0,0.0,0.0,0.0,0.0,0.0,0.0,0.12314322,0.014254477,-0.531888915,0.243818848,0.000486484,0.276434925,0.220754764,-0.088482275,-0.055680161,0.773662895,-0.49722797
p50,1927,0.034258887,0.086334221,-0.097211939,-0.462216956,0.0,-0.137680593,0.035009294,0.533697837,0.189530237,0.055136568,0.0,0.0,2.18e-08,0.0,0.0,0.0,9.67e-10,0.0,0.0,0.0,0.0,0.0,0.0,4.01e-09,6.18e-05,1.88e-05,5.53e-07,0.0,0.0,0.0,0.0,0.0,0.0,1.67e-06,0.0,0.0,0.0,0.0,0.000443528,8.41e-15,-9.51e-13,7.96e-08,8.88e-06,-7.78e-13,0.0,0.0,0.0,0.0,0.0,0.0,0.0,0.0,0.0,0.0,0.0,0.0,0.0,0.0,0.0,0.126869111,0.014350143,-0.559428894,0.245202135,0.000535329,0.258019033,0.378612141,-0.088321156,0.120593108,0.778899972,-0.520880939
p50,1928,0.030202735,0.208283157,-0.099753412,-0.461145584,0.0,-0.138884939,0.034150046,0.536271018,0.192085879,0.055484867,0.0,0.0,2.21e-08,0.0,0.0,0.0,9.8e-10,0.0,0.0,0.0,0.0,0.0,0.0,4.06e-09,6.85e-05,2.08e-05,6.13e-07,0.0,0.0,0.0,0.0,0.0,0.0,2.22e-06,0.0,0.0,0.0,0.0,0.000498728,-1.64e-14,1.87e-12,7.96e-08,1.08e-05,-7.68e-13,0.0,0.0,0.0,0.0,0.0,0.0,0.0,0.0,0.0,0.0,0.0,0.0,0.0,0.0,0.0,0.128677944,0.014564529,-0.560898996,0.248172496,0.00060175,0.262052099,0.500537991,-0.090170363,0.238485892,0.784443514,-0.522391415
p50,1929,0.006411841,0.220294648,-0.109389839,-0.485489147,0.0,-0.140098417,0.035081664,0.53909542,0.195236179,0.055707137,0.0,1.6e-07,2.24e-08,0.0,0.0,0.0,9.92e-10,0.0,0.0,0.0,0.0,0.0,0.0,4.11e-09,7.64e-05,2.32e-05,6.83e-07,0.0,0.0,0.0,0.0,0.0,0.0,2.5e-06,0.0,0.0,0.0,0.0,0.000580349,3.25e-14,-3.65e-12,7.96e-08,1.25e-05,-7.87e-13,0.0,0.0,0.0,0.0,0.0,0.0,0.0,0.0,0.0,0.0,0.0,0.0,0.0,0.0,0.0,0.132477982,0.014829498,-0.594878986,0.251639245,0.000695929,0.238146405,0.464852894,-0.090187256,0.226706489,0.790734665,-0.55258826
p50,1930,-0.003572534,0.225101965,-0.102715561,-0.470242191,0.0,-0.141226278,0.034192821,0.541180782,0.198355471,0.0558904,0.0,9.76e-07,2.26e-08,0.0,0.0,0.0,1e-09,0.0,0.0,0.0,0.0,0.0,0.0,4.17e-09,8.47e-05,2.56e-05,7.57e-07,0.0,0.0,0.0,3.96e-07,0.0,0.0,3.05e-06,0.0,0.0,0.0,0.0,0.000671031,-6.55e-14,5.21e-12,7.96e-08,1.42e-05,-7.48e-13,0.0,0.0,0.0,0.0,0.0,0.0,0.0,0.0,0.0,0.0,0.0,0.0,0.0,0.0,0.0,0.134629956,0.015092695,-0.572957752,0.255046692,0.000800821,0.265958916,0.487488347,-0.091940761,0.22152943,0.796227473,-0.530268557
p50,1931,-0.02472693,0.212588035,-0.088022957,-0.41438121,2.94e-05,-0.142268604,0.030380711,0.54464893,0.200875881,0.056568245,0.0,2.63e-07,2.29e-08,0.0,0.0,0.0,1.02e-09,0.0,0.0,0.0,0.0,0.0,0.0,4.22e-09,9.23e-05,2.78e-05,8.23e-07,0.0,0.0,0.0,6.38e-06,0.0,0.0,3.61e-06,0.0,0.0,0.0,0.0,0.000777293,1.34e-13,2.87e-08,7.96e-08,1.58e-05,-8.3e-13,0.0,0.0,0.0,0.0,0.0,0.0,0.0,0.0,0.0,0.0,0.0,0.0,0.0,0.0,0.0,0.130402243,0.015306212,-0.502404167,0.258368561,0.000924436,0.334463263,0.522324368,-0.096552305,0.187861105,0.803017491,-0.468554228
p50,1932,-0.037987426,0.122609598,-0.076959629,-0.390512905,5.88e-05,-0.143321722,0.029880539,0.54935541,0.203194443,0.056933724,0.0,1.26e-07,2.32e-08,0.0,0.0,0.0,1.03e-09,0.0,0.0,0.0,0.0,0.0,0.0,4.27e-09,9.79e-05,2.94e-05,8.72e-07,0.0,0.0,0.0,2.26e-05,0.0,0.0,4.16e-06,0.0,0.0,0.0,0.0,0.000875532,-2.78e-13,1.65e-07,7.96e-08,1.74e-05,-6.57e-13,0.0,0.0,0.0,0.0,0.0,0.0,0.0,0.0,0.0,0.0,0.0,0.0,0.0,0.0,0.0,0.132165003,0.015503011,-0.467472534,0.261176462,0.001048295,0.377344922,0.461967095,-0.097879419,0.084622172,0.810531872,-0.43318695
p50,1933,-0.045912527,-0.163348254,-0.082800135,-0.400536418,8.81e-05,-0.144386146,0.029723307,0.554739876,0.205563391,0.057479562,0.0,1.37e-07,2.35e-08,0.0,0.0,0.0,1.04e-09,0.0,0.0,0.0,0.0,0.0,0.0,4.32e-09,0.000101222,3.04e-05,9.02e-07,0.0,0.0,0.0,3.77e-05,0.0,0.0,4.72e-06,0.0,0.0,0.0,0.0,0.000982408,5.86e-13,3.46e-07,7.96e-08,1.91e-05,-1.03e-12,0.0,0.0,0.0,0.0,0.0,0.0,0.0,0.0,0.0,0.0,0.0,0.0,0.0,0.0,0.0,0.132766192,0.015704652,-0.483336553,0.264219982,0.001177029,0.369519441,0.160258659,-0.098870057,-0.209260781,0.818959858,-0.449440417
p50,1934,-0.03918867,0.104510577,-0.09346357,-0.438476342,0.000117506,-0.145462247,0.032141834,0.561446926,0.208262451,0.057836065,0.0,1.49e-07,2.38e-08,0.0,0.0,0.0,1.06e-09,0.0,0.0,0.0,0.0,0.0,0.0,4.37e-09,0.000104663,3.14e-05,9.31e-07,0.0,0.0,0.0,5.27e-05,0.0,0.0,5.55e-06,1.63e-07,0.0,0.0,0.0,0.001105761,-1.25e-12,5.18e-07,7.96e-08,2.09e-05,-2.17e-13,0.0,0.0,0.0,0.0,0.0,0.0,0.0,0.0,0.0,0.0,0.0,0.0,0.0,0.0,0.0,0.138031506,0.015934876,-0.531939911,0.267421377,0.00132286,0.337691866,0.403013772,-0.097268031,0.065321907,0.828868302,-0.491176437
p50,1935,-0.007425879,0.208783049,-0.101969158,-0.456151235,0.000146882,-0.146549899,0.032505022,0.56920333,0.210994584,0.058277026,0.0,1.62e-07,2.41e-08,0.0,0.0,0.0,1.07e-09,0.0,0.0,0.0,0.0,0.0,0.0,4.43e-09,0.000109228,3.27e-05,9.72e-07,0.0,0.0,0.0,6.78e-05,0.0,0.0,6.11e-06,4.08e-06,0.0,0.0,0.0,0.001257968,2.73e-12,6.91e-07,7.96e-08,2.28e-05,-2.02e-12,0.0,0.0,0.0,0.0,0.0,0.0,0.0,0.0,0.0,0.0,0.0,0.0,0.0,0.0,0.0,0.14013038,0.016168611,-0.558120393,0.270774199,0.001502588,0.324258132,0.525615302,-0.097729384,0.20135717,0.839977528,-0.515719397
p50,1936,0.058346193,0.225707076,-0.110354813,-0.488686059,0.000176259,-0.14765058,0.035011435,0.583080237,0.213431513,0.058858905,0.0,1.77e-07,2.43e-08,0.0,0.0,0.0,1.08e-09,0.0,0.0,0.0,0.0,0.0,0.0,4.48e-09,0.000116691,3.48e-05,1.04e-06,0.0,0.0,0.0,8.29e-05,0.0,0.0,6.66e-06,1.7e-05,0.0,0.0,0.0,0.001451636,-6.02e-12,8.64e-07,7.95e-08,2.47e-05,2.04e-12,0.0,0.0,0.0,0.0,0.0,0.0,0.0,0.0,0.0,0.0,0.0,0.0,0.0,0.0,0.0,0.145647676,0.016377736,-0.599040871,0.27402697,0.001736553,0.307628861,0.591682129,-0.096085151,0.284053269,0.857107207,-0.549478346
p50,1937,0.07820574,0.219511253,-0.119948846,-0.504282742,0.000205635,-0.148763458,0.035115619,0.596336548,0.215728199,0.059596665,0.0,1.92e-07,2.46e-08,0.0,0.0,0.0,1.09e-09,0.0,0.0,0.0,0.0,0.0,0.0,4.53e-09,0.000126826,3.76e-05,1.13e-06,0.0,0.0,0.0,9.8e-05,0.0,0.0,7.22e-06,2.99e-05,0.0,0.0,0.0,0.001661593,1.35e-11,1.04e-06,7.97e-08,2.68e-05,-7.26e-12,0.0,0.0,0.0,0.0,0.0,0.0,0.0,0.0,0.0,0.0,0.0,0.0,0.0,0.0,0.0,0.147728832,0.016575399,-0.624231589,0.27731527,0.001990405,0.300282257,0.597999249,-0.096866805,0.297716993,0.873651818,-0.573369561
p50,1938,0.066832915,0.221511255,-0.110317168,-0.470367593,0.000235012,-0.149889764,0.032827371,0.605613795,0.21792748,0.060462322,0.0,2.09e-07,2.49e-08,0.0,0.0,0.0,1.11e-09,0.0,0.0,0.0,0.0,0.0,0.0,4.58e-09,0.000139978,4.13e-05,1.24e-06,0.0,0.0,0.0,0.000113032,0.0,0.0,7.77e-06,4.28e-05,0.0,0.0,0.0,0.001867832,-3.07e-11,1.21e-06,7.94e-08,2.89e-05,1.44e-11,0.0,0.0,0.0,0.0,0.0,0.0,0.0,0.0,0.0,0.0,0.0,0.0,0.0,0.0,0.0,0.145718673,0.016765197,-0.580684761,0.280634151,0.002244349,0.351219674,0.639563844,-0.100062184,0.28834417,0.886247946,-0.535028272
p50,1939,0.050935913,0.226782893,-0.119994395,-0.503001653,0.000264388,-0.151029744,0.034904549,0.615357172,0.22112392,0.061168699,0.0,2.27e-07,2.52e-08,0.0,0.0,0.0,1.12e-09,0.0,0.0,0.0,0.0,0.0,0.0,4.63e-09,0.000154934,4.53e-05,1.38e-06,0.0,0.0,0.0,0.000128103,1.39e-07,0.0,8.33e-06,5.56e-05,0.0,0.0,0.0,0.002085435,7.1e-11,1.38e-06,8e-08,3.12e-05,-3.75e-11,0.0,0.0,0.0,0.0,0.0,0.0,0.0,0.0,0.0,0.0,0.0,0.0,0.0,0.0,0.0,0.151234365,0.017041553,-0.622996048,0.284804798,0.002512179,0.329581034,0.607299839,-0.098819253,0.277718806,0.90016197,-0.570580936
p50,1940,0.031965602,0.227742246,-0.133119688,-0.524570968,0.000293765,-0.15137003,0.035275156,0.624179266,0.222752745,0.06200665,0.0,2.46e-07,2.55e-08,0.0,0.0,0.0,1.13e-09,0.0,0.0,0.0,0.0,0.0,0.0,4.69e-09,0.000173025,5.02e-05,1.54e-06,0.0,0.0,0.0,0.000143174,2.9e-06,0.0,8.88e-06,6.84e-05,0.0,0.0,0.0,0.002337182,-1.67e-10,1.56e-06,7.86e-08,3.36e-05,1.26e-10,0.0,0.0,0.0,0.0,0.0,0.0,0.0,0.0,0.0,0.0,0.0,0.0,0.0,0.0,0.0,0.152968205,0.017182965,-0.657690656,0.287580253,0.002820858,0.308418923,0.568126771,-0.098618144,0.259707848,0.911759519,-0.603340595
p50,1941,0.016365016,0.227736583,-0.138062392,-0.535745073,0.000316656,-0.150911042,0.035955969,0.632067473,0.224332753,0.062890313,0.0,2.68e-07,2.58e-08,0.0,0.0,0.0,1.14e-09,0.0,0.0,0.0,0.0,0.0,0.0,4.74e-09,0.000191393,5.51e-05,1.7e-06,0.0,0.0,0.0,0.000158245,1.51e-05,0.0,9.16e-06,8.13e-05,0.0,0.0,0.0,0.002633162,4.03e-10,1.73e-06,3.79e-07,3.61e-05,2.31e-06,0.0,0.0,0.0,0.0,0.0,0.0,0.0,0.0,0.0,0.0,0.0,0.0,0.0,0.0,0.0,0.154773891,0.017320403,-0.673807464,0.290409016,0.003185949,0.306124901,0.550226501,-0.097318014,0.244101599,0.922476489,-0.616351587
p50,1942,-0.010545996,0.227570593,-0.142175995,-0.553670159,0.000343362,-0.150468173,0.037337893,0.638298654,0.226834821,0.063873249,0.0,2.91e-07,2.6e-08,0.0,0.0,0.0,1.16e-09,0.0,0.0,0.0,0.0,0.0,0.0,4.79e-09,0.000215804,6.15e-05,1.92e-06,0.0,0.0,0.0,0.000173316,3.54e-05,0.0,9.71e-06,9.41e-05,0.0,0.0,0.0,0.003006737,-1.21e-09,1.9e-06,1.28e-06,3.87e-05,4.27e-06,0.0,0.0,0.0,0.0,0.0,0.0,0.0,0.0,0.0,0.0,0.0,0.0,0.0,0.0,0.0,0.15695348,0.017538301,-0.695846154,0.294353015,0.003644944,0.298510378,0.515534975,-0.095248617,0.217024597,0.932651669,-0.634141291
p50,1943,-0.03379087,0.047650289,-0.14328149,-0.556353656,0.000370068,-0.150043779,0.037762415,0.641991333,0.2290808,0.066157803,0.0,3.16e-07,2.63e-08,0.0,0.0,0.0,1.17e-09,0.0,0.0,0.0,0.0,0.0,0.0,4.84e-09,0.000247569,6.97e-05,2.2e-06,0.0,0.0,0.0,0.000188387,6.36e-05,0.0,9.99e-06,0.000106926,0.0,0.0,0.0,0.003450997,4.34e-06,2.07e-06,2.76e-06,4.15e-05,5.84e-06,0.0,0.0,0.0,0.0,0.0,0.0,0.0,0.0,0.0,0.0,0.0,0.0,0.0,0.0,0.0,0.159810888,0.0177351,-0.699635146,0.299434845,0.004196242,0.307425723,0.321285142,-0.094176197,0.013859419,0.941426178,-0.634000455
p50,1944,-0.03544453,0.096494138,-0.138916919,-0.550358368,0.000400589,-0.149639623,0.03792008,0.642235489,0.230897415,0.066948427,0.0,3.44e-07,2.66e-08,0.0,0.0,0.0,1.18e-09,0.0,0.0,0.0,0.0,0.0,0.0,4.89e-09,0.000290131,8.05e-05,2.59e-06,0.0,6.96e-06,0.0,0.000203458,9.98e-05,0.0,1.03e-05,0.000119757,0.0,0.0,0.0,0.003961218,1.74e-05,2.25e-06,4.8e-06,4.44e-05,7.03e-06,0.0,0.0,0.0,0.0,0.0,0.0,0.0,0.0,0.0,0.0,0.0,0.0,0.0,0.0,0.0,0.162606168,0.017894072,-0.689275287,0.302696825,0.004850983,0.324838313,0.38588792,-0.093424883,0.061049608,0.944932314,-0.620094002
p50,1945,0.002979712,0.191964231,-0.119418709,-0.495165524,0.00043111,-0.149257648,0.034518341,0.641577876,0.232429242,0.067767847,0.0,3.74e-07,2.69e-08,0.0,0.0,0.0,1.19e-09,0.0,0.0,0.0,0.0,0.0,0.0,4.95e-09,0.000320191,8.78e-05,2.86e-06,0.0,0.000151056,1.42e-06,0.000218529,0.000143981,0.0,1.05e-05,0.000132588,0.0,0.0,0.0,0.004300096,2.91e-05,2.42e-06,7.37e-06,4.74e-05,7.97e-06,0.0,0.0,0.0,0.0,0.0,0.0,0.0,0.0,0.0,0.0,0.0,0.0,0.0,0.0,0.0,0.16179324,0.018028435,-0.614584233,0.305660862,0.005463773,0.398167983,0.593111926,-0.096279762,0.194943943,0.947238738,-0.549070755
p50,1946,0.04385325,0.218324175,-0.114797847,-0.482481716,0.000469261,-0.148899423,0.034156761,0.641504163,0.234606308,0.068489309,0.0,4.06e-07,2.72e-08,0.0,0.0,0.0,1.21e-09,0.0,0.0,0.0,0.0,0.0,0.0,5e-09,0.000329458,8.99e-05,2.95e-06,0.0,0.000586202,2.44e-05,0.0002336,0.000196002,0.0,1.08e-05,0.000145419,0.0,0.0,0.0,0.004566036,4.07e-05,2.59e-06,1.05e-05,5.07e-05,8.36e-06,0.0,0.0,0.0,0.0,0.0,0.0,0.0,0.0,0.0,0.0,0.0,0.0,0.0,0.0,0.0,0.16145549,0.018219527,-0.597279563,0.309393665,0.006298048,0.419019881,0.681197306,-0.096053874,0.262177425,0.950897828,-0.531877946
p50,1947,0.07597485,0.117495245,-0.129482106,-0.509374555,0.000503597,-0.148567152,0.03469837,0.64304087,0.237601095,0.068798952,0.0,4.42e-07,2.75e-08,0.0,0.0,0.0,1.22e-09,0.0,0.0,0.0,0.0,0.0,0.0,5.05e-09,0.000340145,9.23e-05,3.05e-06,0.0,0.001016006,8.79e-05,0.000248671,0.000255868,0.0,1.08e-05,0.00015825,0.0,0.0,0.0,0.00482754,5.24e-05,2.76e-06,1.4e-05,5.41e-05,8.51e-06,0.0,0.0,0.0,0.0,0.0,0.0,0.0,0.0,0.0,0.0,0.0,0.0,0.0,0.0,0.0,0.166077353,0.018482724,-0.63885666,0.313572913,0.007172867,0.388952015,0.582422111,-0.094882461,0.193470095,0.956613784,-0.567661768
p50,1948,0.09084222,0.150137679,-0.135506432,-0.531692703,0.000545563,-0.148262147,0.03644945,0.643499068,0.240592745,0.068971521,0.0,4.8e-07,2.77e-08,0.0,0.0,0.0,1.23e-09,0.0,0.0,0.0,0.0,0.0,0.0,5.1e-09,0.000356945,9.61e-05,3.2e-06,0.0,0.001442475,0.00014657,0.000263742,0.00032428,0.0,1.08e-05,0.00017108,0.0,0.0,0.0,0.005153642,6.4e-05,2.94e-06,1.81e-05,5.77e-05,8.52e-06,0.0,0.0,0.0,0.0,0.0,0.0,0.0,0.0,0.0,0.0,0.0,0.0,0.0,0.0,0.0,0.172315574,0.018746367,-0.667199136,0.317684922,0.008120656,0.373779663,0.614759562,-0.092520766,0.240979899,0.96118399,-0.587404328
p50,1949,0.07272993,0.21067207,-0.135849947,-0.526134608,0.00058753,-0.147987207,0.035117023,0.645301118,0.242944087,0.069135287,0.0,5.22e-07,2.8e-08,0.0,0.0,0.0,1.24e-09,0.0,0.0,0.0,0.0,0.0,1.56e-07,5.15e-09,0.000375155,0.000100145,3.38e-06,0.0,0.001868944,0.000205197,0.000278813,0.000393484,0.0,1.08e-05,0.000183913,0.0,0.0,0.0,0.005511085,7.57e-05,3.11e-06,2.25e-05,6.15e-05,8.3e-06,0.0,0.0,0.0,0.0,0.0,0.0,0.0,0.0,0.0,0.0,0.0,0.0,0.0,0.0,0.0,0.171703247,0.018954155,-0.661984556,0.32118213,0.009102756,0.382873441,0.666275441,-0.093328499,0.283402,0.966483248,-0.583609807
p50,1950,0.035194922,0.222842836,-0.147842571,-0.566255582,0.000637127,-0.148668678,0.037904616,0.648481134,0.24466767,0.069648929,0.0,5.84e-07,2.83e-08,0.0,0.0,0.0,1.26e-09,0.0,0.0,0.0,0.0,0.0,1.09e-06,5.21e-09,0.000391787,0.000103629,3.54e-06,0.0,0.002287258,0.000262027,0.000293884,0.000465984,0.0,1.08e-05,0.000198346,0.0,0.0,0.0,0.005894498,8.73e-05,3.28e-06,2.74e-05,6.55e-05,7.76e-06,0.0,0.0,0.0,0.0,0.0,0.0,0.0,0.0,0.0,0.0,0.0,0.0,0.0,0.0,0.0,0.179821252,0.019107002,-0.714098153,0.324421321,0.010104723,0.347605622,0.605643379,-0.091019933,0.258037758,0.972902456,-0.625296834
p50,1951,0.007410279,0.196775468,-0.155584586,-0.552589991,0.000686723,-0.150392144,0.035300827,0.651729723,0.247141151,0.070089329,0.0,1.32e-06,2.86e-08,0.0,0.0,0.0,1.27e-09,0.0,0.0,0.0,0.0,0.0,3.1e-06,5.26e-09,0.000409572,0.000107199,3.71e-06,0.0,0.002786512,0.000336182,0.000308783,0.000545336,0.0,1.08e-05,0.000199949,0.0,0.0,0.0,0.006240276,9.93e-05,3.46e-06,3.27e-05,6.97e-05,7.13e-06,0.0,0.0,0.0,0.0,0.0,0.0,0.0,0.0,0.0,0.0,0.0,0.0,0.0,0.0,0.0,0.177961705,0.019326649,-0.708174578,0.328395575,0.011165095,0.354834481,0.559020227,-0.095077945,0.204185747,0.980125298,-0.625290817
p50,1952,-0.015834594,0.197371347,-0.161657649,-0.567717974,0.000740135,-0.152079625,0.03587391,0.657359328,0.249860037,0.070682507,0.0,3.99e-06,2.89e-08,0.0,0.0,0.0,1.28e-09,0.0,0.0,0.0,0.0,0.0,8.5e-06,5.31e-09,0.000429556,0.000111009,3.91e-06,0.0,0.003384662,0.000455537,0.000325328,0.000623726,0.0,1.08e-05,0.000196742,0.0,0.0,0.0,0.006427384,0.000112589,3.63e-06,3.84e-05,7.41e-05,6.7e-06,0.0,0.0,0.0,0.0,0.0,0.0,0.0,0.0,0.0,0.0,0.0,0.0,0.0,0.0,0.0,0.181865334,0.019568786,-0.729375622,0.332759218,0.012216674,0.346711465,0.528248217,-0.095896793,0.181536753,0.990118546,-0.643407082
p50,1953,-0.03170039,0.210556537,-0.167673176,-0.585031402,0.000801177,-0.153628039,0.036829662,0.664040288,0.25431449,0.071773962,0.0,8.89e-06,2.91e-08,0.0,0.0,0.0,1.29e-09,0.0,0.0,0.0,0.0,0.0,1.42e-05,5.36e-09,0.000449994,0.000114655,4.11e-06,0.0,0.004018605,0.000624209,0.000343296,0.000704072,0.0,1.08e-05,0.000198079,0.0,0.0,7.51e-08,0.006650846,0.000126642,3.82e-06,4.47e-05,7.89e-05,6.15e-06,0.0,0.0,0.0,0.0,0.0,0.0,0.0,0.0,0.0,0.0,0.0,0.0,0.0,0.0,0.0,0.187922536,0.019966997,-0.752704578,0.339490496,0.013402045,0.342718539,0.521574686,-0.096030203,0.178856147,1.003530784,-0.660812245
p50,1954,-0.04099834,0.21905403,-0.171913756,-0.595095204,0.000866034,-0.155307363,0.037541539,0.670309467,0.259739682,0.07252739,0.0,1.57e-05,2.94e-08,0.0,0.0,0.0,1.31e-09,0.0,0.0,0.0,0.0,0.0,1.98e-05,5.42e-09,0.000472374,0.000118382,4.33e-06,0.0,0.004731992,0.000839415,0.000364108,0.000784226,0.0,1.08e-05,0.000206099,0.0,0.0,1.13e-06,0.006898542,0.000146831,4.02e-06,5.17e-05,8.4e-05,5.72e-06,0.0,0.0,0.0,0.0,0.0,0.0,0.0,0.0,0.0,0.0,0.0,0.0,0.0,0.0,0.0,0.192240311,0.020454063,-0.76700896,0.347026295,0.014759222,0.346121386,0.524177076,-0.096445727,0.17805569,1.017335762,-0.671214376
p50,1955,-0.020655176,0.218408908,-0.187441057,-0.623263121,0.000934707,-0.157067166,0.038680085,0.675780078,0.265692867,0.073565611,0.0,2.44e-05,2.97e-08,0.0,0.0,0.0,1.32e-09,0.0,0.0,0.0,0.0,0.0,2.55e-05,5.47e-09,0.000494991,0.000121836,4.54e-06,0.0,0.005533218,0.001104465,0.000389961,0.00086438,0.0,1.08e-05,0.000225368,0.0,0.0,6.98e-06,0.007169465,0.000168948,4.21e-06,5.92e-05,8.94e-05,5.27e-06,0.0,0.0,0.0,0.0,0.0,0.0,0.0,0.0,0.0,0.0,0.0,0.0,0.0,0.0,0.0,0.199956759,0.020991711,-0.810704178,0.355561441,0.016302962,0.324133436,0.521887168,-0.096460663,0.197753732,1.031341518,-0.707208083
p50,1956,0.04875183,0.083301983,-0.201976463,-0.668283032,0.001011009,-0.158671854,0.042019262,0.680594584,0.272686672,0.074762945,0.0,3.48e-05,3e-08,0.0,0.0,0.0,1.33e-09,0.0,0.0,0.0,0.0,0.0,3.12e-05,5.52e-09,0.000517617,0.000124989,4.76e-06,0.0,0.006453355,0.001436578,0.000418433,0.000944927,0.0,1.08e-05,0.000253628,0.0,0.0,1.87e-05,0.007462953,0.000186212,4.41e-06,6.71e-05,9.51e-05,4.81e-06,0.0,0.0,0.0,0.0,0.0,0.0,0.0,0.0,0.0,0.0,0.0,0.0,0.0,0.0,0.0,0.209984,0.021627421,-0.870259495,0.365520018,0.018070402,0.291824946,0.423878759,-0.094014162,0.132053813,1.046114603,-0.754289657
p50,1957,0.10703562,0.082855337,-0.208650155,-0.696172667,0.001091127,-0.160160022,0.044583271,0.685598931,0.279752147,0.075895199,0.0,4.71e-05,3.03e-08,0.0,0.0,0.0,1.34e-09,0.0,0.0,0.0,0.0,0.0,3.68e-05,5.57e-09,0.000539297,0.000127734,4.96e-06,0.0,0.00751788,0.001828975,0.000451369,0.001021545,0.0,1.08e-05,0.000287942,0.0,0.0,3.64e-05,0.007777111,0.000203632,4.6e-06,7.53e-05,0.000101143,4.52e-06,0.0,0.0,0.0,0.0,0.0,0.0,0.0,0.0,0.0,0.0,0.0,0.0,0.0,0.0,0.0,0.218173051,0.0222741,-0.904822822,0.375724492,0.020077146,0.282462128,0.472353084,-0.092211524,0.189890957,1.061323423,-0.778861296
p50,1958,0.10333829,0.188206112,-0.207089405,-0.680135575,0.001178875,-0.161078624,0.043961971,0.691634986,0.285303164,0.076804357,0.0,6.11e-05,3.06e-08,0.0,0.0,0.0,1.36e-09,0.0,0.0,0.0,0.0,0.0,4.25e-05,5.62e-09,0.000558522,0.000129933,5.12e-06,0.0,0.008667126,0.002218208,0.000490556,0.00109921,0.0,1.08e-05,0.000338866,0.0,0.0,5.68e-05,0.008111092,0.000221368,4.8e-06,8.38e-05,0.000107415,4.22e-06,0.0,0.0,0.0,0.0,0.0,0.0,0.0,0.0,0.0,0.0,0.0,0.0,0.0,0.0,0.0,0.215502331,0.022785362,-0.88722498,0.384318989,0.022211467,0.311078909,0.602623311,-0.093152417,0.291544402,1.075953975,-0.764875066
p50,1959,0.0639936,0.217450891,-0.216092828,-0.696076139,0.001270438,-0.161719224,0.045117497,0.699576193,0.290008838,0.077558327,0.0,7.68e-05,3.08e-08,0.0,0.0,0.0,1.37e-09,0.0,0.0,0.0,0.0,0.0,4.82e-05,5.68e-09,0.000577234,0.000131893,5.27e-06,0.0,0.009894466,0.00257873,0.000535769,0.00117138,0.0,1.14e-05,0.000407606,0.0,0.0,7.99e-05,0.008465211,0.000239355,4.99e-06,9.28e-05,0.000113922,3.92e-06,0.0,0.0,0.0,0.0,0.0,0.0,0.0,0.0,0.0,0.0,0.0,0.0,0.0,0.0,0.0,0.218535683,0.023220954,-0.912168968,0.392006003,0.024438838,0.305838577,0.587283068,-0.092110335,0.281444491,1.091582196,-0.78574362
p50,1960,0.04441487,0.223006168,-0.228424104,-0.720209553,0.001373447,-0.162467874,0.046808973,0.713734006,0.293225144,0.07859824,0.0,9.41e-05,3.11e-08,0.0,0.0,0.0,1.38e-09,0.0,0.0,0.0,0.0,0.0,5.38e-05,7.49e-09,0.000598303,0.000133943,5.43e-06,3.53e-09,0.011326653,0.003000841,0.000586848,0.001238042,0.0,1.25e-05,0.000481036,0.0,0.0,0.000109816,0.008837426,0.000257385,5.21e-06,0.000102286,0.000120637,3.62e-06,3.63e-10,2.18e-09,0.0,0.0,0.0,0.0,0.0,0.0,0.0,0.0,0.0,0.0,0.0,0.0,0.0,0.223476298,0.023520217,-0.948633657,0.398791322,0.026967938,0.296602731,0.56402377,-0.090765238,0.267421038,1.112525328,-0.815922596
p50,1961,-0.004898584,0.223785618,-0.240060438,-0.744518165,0.001594387,-0.163068721,0.04685278,0.725345987,0.295742683,0.079721088,0.0,0.000113071,3.14e-08,0.0,0.0,0.0,1.39e-09,0.0,0.0,0.0,0.0,0.0,6.23e-05,7.9e-08,0.000620377,0.000135936,5.57e-06,5.45e-07,0.012986409,0.003566803,0.000645407,0.001308765,0.0,1.47e-05,0.000564062,0.0,0.0,0.00014065,0.009228284,0.000275127,5.42e-06,0.000112096,0.00012751,3.32e-06,2.9e-09,1.74e-08,0.0,0.0,0.0,0.0,0.0,0.0,0.0,0.0,0.0,0.0,0.0,0.0,0.0,0.230932436,0.023755353,-0.984578603,0.405380289,0.029916517,0.286213908,0.505100942,-0.090866201,0.218887034,1.130726275,-0.844512368
p50,1962,-0.028096655,0.223742828,-0.245862321,-0.745778063,0.001852107,-0.164025029,0.046894452,0.738173015,0.301903619,0.0809101,0.0,0.000133606,3.17e-08,0.0,0.0,0.0,1.41e-09,0.0,0.0,0.0,0.0,0.0,7.37e-05,1.89e-07,0.000642422,0.000137801,5.7e-06,2.13e-06,0.014864348,0.00429144,0.000713063,0.001382632,0.0,1.83e-05,0.00066917,0.0,0.0,0.000178922,0.009634362,0.000292305,5.64e-06,0.000122395,0.000134531,3.02e-06,5.8e-09,3.48e-08,0.0,0.0,0.0,0.0,0.0,0.0,0.0,0.0,0.0,0.0,0.0,0.0,0.0,0.234378511,0.024332122,-0.991640384,0.416119431,0.033305712,0.306084224,0.501730397,-0.090946348,0.195646173,1.154292446,-0.848208222
p50,1963,-0.03564734,-0.664880785,-0.264430984,-0.796087457,0.002055866,-0.164979916,0.049690239,0.748555925,0.310406286,0.082223467,0.0,0.000155679,3.2e-08,0.0,0.0,0.0,1.42e-09,0.0,0.0,0.0,0.0,0.0,8.78e-05,3.21e-07,0.000665955,0.000139704,5.82e-06,4.67e-06,0.01706042,0.005193452,0.000791384,0.001457225,3.53e-08,2.36e-05,0.000802734,0.0,0.0,0.000226648,0.010049762,0.000308697,5.88e-06,0.000133006,0.000141664,2.72e-06,8.7e-09,6.53e-08,0.0,0.0,0.0,0.0,0.0,0.0,0.0,0.0,0.0,0.0,0.0,0.0,0.0,0.249361201,0.025133602,-1.060518441,0.429887035,0.037257282,0.279185511,-0.421342614,-0.088100209,-0.700528125,1.17844296,-0.899257449
p50,1964,-0.038159035,-0.547657344,-0.274465328,-0.780004147,0.002256146,-0.165569143,0.047194335,0.760257558,0.318083066,0.083454166,0.0,0.000179248,3.23e-08,0.0,0.0,0.0,1.43e-09,0.0,0.0,0.0,0.0,0.0,0.000101982,4.8e-07,0.000690593,0.000141626,5.94e-06,8.08e-06,0.019639023,0.006279405,0.000880025,0.001533125,8.56e-07,3.14e-05,0.00096292,0.0,0.0,0.000274564,0.010476809,0.00032405,6.12e-06,0.000143864,0.000148945,2.42e-06,1.16e-08,1e-07,0.0,0.0,0.0,0.0,0.0,0.0,0.0,0.0,0.0,0.0,0.0,0.0,0.0,0.250509401,0.025862988,-1.054469476,0.443368802,0.04183157,0.309410612,-0.276405767,-0.090255674,-0.585816379,1.20362636,-0.894215748
p50,1965,-0.03372847,0.056009654,-0.285169783,-0.794057897,0.00252478,-0.166159675,0.047352488,0.768472237,0.324377279,0.084697196,0.0,0.000204274,3.25e-08,0.0,0.0,0.0,1.44e-09,0.0,0.0,0.0,0.0,0.0,0.000113313,6.83e-07,0.000718967,0.000143799,6.06e-06,1.23e-05,0.022588187,0.007536399,0.000982019,0.001614139,4.72e-06,4.16e-05,0.001152888,0.0,0.0,0.000334504,0.010900401,0.000338211,6.33e-06,0.00015492,0.000156392,2.08e-06,1.68e-08,1.43e-07,0.0,5.1e-09,0.0,0.0,1.04e-08,1.16e-08,0.0,0.0,0.0,0.0,0.0,0.0,0.0,0.258530089,0.026465269,-1.07922768,0.456086893,0.047012418,0.3140444,0.336325584,-0.089817139,0.022281184,1.224559131,-0.91051473
p50,1966,-0.008767529,0.170574279,-0.293151961,-0.801044802,0.002859448,-0.166659264,0.047545598,0.786722106,0.329486219,0.086106767,0.0,0.000230716,3.28e-08,0.0,0.0,0.0,1.46e-09,0.0,0.0,0.0,0.0,0.0,0.000124645,9.32e-07,0.00074953,0.000146129,6.18e-06,1.72e-05,0.02589204,0.00894166,0.001101136,0.001701584,9.73e-06,5.41e-05,0.001384153,0.0,0.0,0.000428145,0.011306563,0.000351071,6.56e-06,0.000166207,0.000163984,1.97e-06,3.57e-08,5.63e-07,0.0,6.1e-08,0.0,0.0,9.01e-08,1.06e-07,0.0,0.0,0.0,0.0,0.0,0.0,0.0,0.263180923,0.026957177,-1.094196763,0.46837814,0.052785154,0.334787365,0.496594116,-0.089297041,0.16180675,1.255100246,-0.920312881
p50,1967,0.017909473,0.200737785,-0.298642105,-0.821897696,0.003518906,-0.168098966,0.049109277,0.796918655,0.334956622,0.087511975,0.0,0.000258536,3.31e-08,0.0,0.0,0.0,1.47e-09,0.0,0.0,0.0,0.0,0.0,0.000135976,1.25e-06,0.000784253,0.000148836,6.32e-06,2.28e-05,0.029605626,0.010513659,0.001236395,0.001793889,1.57e-05,6.88e-05,0.001662525,0.0,0.0,0.00056896,0.01169787,0.000362659,6.83e-06,0.000177565,0.000171722,2.01e-06,6.69e-08,1.71e-06,0.0,1.69e-07,0.0,0.0,1.94e-07,2.39e-07,0.0,0.0,0.0,0.0,0.0,0.0,0.0,0.27397977,0.027486509,-1.120539801,0.481713167,0.059244569,0.344087518,0.562734776,-0.087984273,0.218647258,1.278631822,-0.934544304
p50,1968,0.024945337,0.103470889,-0.310942963,-0.829655349,0.004150011,-0.171092324,0.049240724,0.812417071,0.342812478,0.088908173,0.0,0.000287694,3.34e-08,0.0,0.0,0.0,1.48e-09,0.0,0.0,0.0,0.0,0.0,0.000152973,1.64e-06,0.00082436,0.000152115,6.48e-06,2.89e-05,0.033780552,0.012293756,0.001391249,0.001890538,2.43e-05,8.52e-05,0.002006735,0.0,0.0,0.00074539,0.012074107,0.000372956,7.08e-06,0.000188969,0.000179619,3.03e-06,1.08e-07,3.33e-06,1.07e-09,3.32e-07,0.0,0.0,3.11e-07,4.02e-07,0.0,0.0,0.0,0.0,0.0,0.0,0.0,0.280189798,0.028251033,-1.140598312,0.498222807,0.066502155,0.360780808,0.489197035,-0.089450556,0.128416226,1.310639878,-0.94985907
p50,1969,0.033619262,0.023511385,-0.321257846,-0.8378853,0.004517669,-0.173303796,0.049821723,0.827069618,0.350749286,0.090311925,0.0,0.000318149,3.37e-08,2.84e-10,1.63e-09,0.0,1.49e-09,0.0,0.0,0.0,0.0,6.75e-09,0.00016997,2.13e-06,0.000868814,0.000156021,6.66e-06,3.55e-05,0.038450039,0.014340845,0.001568543,0.001991012,3.53e-05,0.000102682,0.002393332,0.0,0.0,0.000945494,0.012436237,0.000381986,7.34e-06,0.000200356,0.000187713,6.65e-06,1.54e-07,5.2e-06,8.53e-09,5.56e-07,0.0,0.0,4.46e-07,5.9e-07,0.0,0.0,0.0,0.0,0.0,0.0,0.0,0.2856735,0.029029294,-1.159143147,0.51567294,0.074611729,0.379337801,0.436468448,-0.08993511,0.057130647,1.342742558,-0.963404757
p50,1970,0.032605227,0.163759687,-0.346353035,-0.87945827,0.004701892,-0.174709548,0.052019339,0.853148737,0.360431529,0.091716912,0.0,0.00034986,3.4e-08,2e-09,1.14e-08,0.0,1.51e-09,7.16e-12,0.0,0.0,0.0,4.85e-08,0.000184134,2.73e-06,0.000921954,0.000161184,6.89e-06,4.25e-05,0.043596345,0.016694896,0.001773076,0.002094793,5.01e-05,0.000120999,0.002800098,0.0,2.06e-07,0.001141079,0.012785173,0.000389878,7.6e-06,0.000211692,0.000195976,1.16e-05,2.36e-07,7.1e-06,1.81e-08,8.46e-07,0.0,0.0,5.97e-07,8.01e-07,0.0,0.0,0.0,0.0,0.0,0.0,0.0,0.299203324,0.029986436,-1.225811305,0.535700843,0.083552402,0.374239718,0.570604632,-0.088001881,0.196364914,1.38884958,-1.014609862
p50,1971,-0.004695776,0.21048292,-0.345214312,-0.890472786,0.005751222,-0.17555704,0.054102892,0.863525322,0.369261223,0.093153281,0.0,0.00038279,3.42e-08,2.35e-09,1.33e-08,0.0,1.87e-07,1.29e-08,0.0,1.96e-08,0.0,6.04e-08,0.000201131,3.47e-06,0.000981749,0.00016771,7.17e-06,4.97e-05,0.049147261,0.019301804,0.002007691,0.002201687,6.76e-05,0.000139593,0.003233424,0.0,4.07e-06,0.001343431,0.013120817,0.000396689,7.86e-06,0.00022295,0.000204459,1.7e-05,1.02e-06,9.1e-06,1.12e-07,1.19e-06,0.0,0.0,7.62e-07,1.03e-06,0.0,0.0,0.0,0.0,0.0,0.0,0.0,0.306857375,0.030867135,-1.235687098,0.555638153,0.093223649,0.40549796,0.611285104,-0.084835792,0.205787144,1.419163475,-1.013665515
p50,1972,0.005881421,0.219918212,-0.359042407,-0.945602999,0.006269175,-0.176146172,0.058898453,0.896530277,0.377209558,0.09461331,0.0,0.000416897,3.45e-08,2.43e-09,1.35e-08,0.0,6.82e-07,4.69e-08,0.0,7.13e-08,0.0,4.82e-08,0.000220961,4.33e-06,0.001048869,0.000175967,7.51e-06,5.73e-05,0.055138625,0.022181657,0.002276819,0.002312425,8.57e-05,0.000159019,0.003710809,0.0,1.35e-05,0.001608124,0.013443068,0.000402554,8.14e-06,0.000234096,0.000213231,2.31e-05,3.03e-06,1.14e-05,4.21e-07,1.59e-06,0.0,0.0,9.4e-07,1.28e-06,0.0,0.0,0.0,0.0,0.0,0.0,0.0,0.322827197,0.031666409,-1.304645406,0.575585239,0.103762371,0.410985172,0.636784805,-0.079312135,0.225799633,1.472115516,-1.061130344
p50,1973,-0.022995263,0.215287495,-0.370679951,-0.937582982,0.006703123,-0.177509386,0.058043128,0.939663374,0.383103866,0.096114871,0.0,0.000452144,3.48e-08,2.51e-09,1.38e-08,0.0,1.38e-06,9.49e-08,0.0,1.44e-07,0.0,3.46e-08,0.000240791,5.34e-06,0.001124389,0.000186358,7.92e-06,6.49e-05,0.061733143,0.025465257,0.002585116,0.002427869,0.000107861,0.000179,0.004261537,0.0,2.22e-05,0.001957229,0.013752741,0.000407579,8.45e-06,0.000245101,0.000222247,3.09e-05,6.26e-06,1.41e-05,9.12e-07,2.04e-06,0.0,0.0,1.13e-06,1.56e-06,0.0,0.0,0.0,0.0,0.0,0.0,0.0,0.323162344,0.032263449,-1.308262933,0.594734608,0.11551587,0.468797708,0.66108994,-0.080499685,0.192292232,1.534397982,-1.065600274
p50,1974,-0.03271443,0.213907141,-0.36429016,-0.936151911,0.006701857,-0.178491995,0.059158446,0.953761982,0.388839618,0.097667741,0.0,0.000488485,3.51e-08,2.58e-09,1.4e-08,0.0,2.18e-06,1.5e-07,0.0,2.28e-07,0.0,2e-08,0.000260621,6.48e-06,0.001211927,0.0001997,8.46e-06,7.27e-05,0.069010713,0.029178167,0.00293826,0.002548882,0.000133762,0.000199814,0.004817096,0.0,3.12e-05,0.002373039,0.014051846,0.000411803,8.72e-06,0.000255936,0.000231538,4.26e-05,1.05e-05,1.71e-05,1.56e-06,2.52e-06,0.0,0.0,1.33e-06,1.84e-06,0.0,0.0,0.0,0.0,0.0,0.0,0.0,0.323601489,0.032847713,-1.300442071,0.615026619,0.12851926,0.512164038,0.69335675,-0.07978398,0.181192711,1.568788601,-1.056624562
p50,1975,-0.040545925,0.203536622,-0.356715347,-0.924420573,0.00692789,-0.179084571,0.059426199,0.954797703,0.39553992,0.09926965,0.0,0.000525888,3.54e-08,2.66e-09,1.45e-08,2.87e-10,2.99e-06,2.05e-07,0.0,3.12e-07,0.0,1.7e-08,0.000283284,7.77e-06,0.001312006,0.000216277,9.18e-06,8.04e-05,0.076418727,0.032928181,0.003344479,0.002676333,0.000162943,0.000221461,0.005384556,0.0,3.77e-05,0.00275715,0.014340234,0.000415379,9.03e-06,0.00026657,0.000241173,5.97e-05,1.55e-05,2.06e-05,2.34e-06,3.05e-06,0.0,0.0,1.54e-06,2.13e-06,0.0,0.0,0.0,0.0,0.0,0.0,0.0,0.322063607,0.033534006,-1.28113592,0.63655671,0.141747141,0.553085624,0.716076321,-0.079196476,0.162990697,1.591354413,-1.038268789
p50,1976,-0.04335403,0.204081861,-0.374506629,-0.974243349,0.007147659,-0.179789694,0.063950008,0.966697236,0.402952252,0.100918117,0.0,0.000564306,3.57e-08,2.74e-09,1.25e-06,2.29e-09,3.69e-06,2.53e-07,0.0,3.85e-07,0.0,7.44e-08,0.00030843,9.23e-06,0.001402551,0.000231606,9.9e-06,8.81e-05,0.083500985,0.036562736,0.003808874,0.002814859,0.000199908,0.000243108,0.006029739,0.0,4.45e-05,0.003165156,0.014616775,0.000418428,9.36e-06,0.000276971,0.000251149,8.2e-05,2.61e-05,2.5e-05,3.22e-06,3.61e-06,0.0,0.0,1.77e-06,2.42e-06,0.0,0.0,0.0,0.0,0.0,0.0,0.0,0.333559239,0.034298137,-1.348749978,0.65857677,0.1547064,0.535689378,0.696417209,-0.07439389,0.160727831,1.625274006,-1.089584628
p50,1977,-0.021279199,0.217710129,-0.374082172,-0.983455739,0.007806015,-0.181223348,0.066297897,0.996798716,0.410820749,0.10261047,0.0,0.000603706,3.59e-08,2.81e-09,4.52e-06,4.58e-09,4.18e-06,2.87e-07,0.0,4.37e-07,0.0,1.02e-06,0.000336855,1.08e-05,0.001502758,0.000247757,1.07e-05,9.55e-05,0.090309079,0.040099374,0.004364175,0.002964723,0.000242222,0.000265032,0.006716558,0.0,5.12e-05,0.003713452,0.014882531,0.000420983,9.65e-06,0.00028711,0.000261477,0.000109626,4.5e-05,3.06e-05,4.19e-06,4.2e-06,0.0,0.0,2.02e-06,2.72e-06,0.0,0.0,0.0,0.0,0.0,0.0,0.0,0.339680815,0.035115041,-1.357537911,0.681035942,0.167604723,0.587973167,0.784404097,-0.072004395,0.19643093,1.677834657,-1.08986149
p50,1978,0.02764424,0.220255305,-0.373258385,-1.003145095,0.00829744,-0.183115996,0.070023203,1.02424457,0.418900035,0.104370713,0.0,0.000644041,3.62e-08,2.89e-09,9.09e-06,6.88e-09,4.37e-06,3e-07,0.0,4.56e-07,0.0,0.0,0.000373934,1.26e-05,0.00161584,0.000266573,1.18e-05,0.000102764,0.096762377,0.043385071,0.004811582,0.003120238,0.00028901,0.000287233,0.007639487,0.0,5.77e-05,0.004425727,0.015138319,0.000423118,9.98e-06,0.000296955,0.000272171,0.000141624,6.89e-05,3.69e-05,5.22e-06,4.82e-06,0.0,0.0,2.27e-06,3.01e-06,2.86e-05,0.0,5.72e-06,0.000103123,0.0,0.0,0.0,0.346995946,0.035960093,-1.37640348,0.703631858,0.18036111,0.629633634,0.877533179,-0.068835261,0.247899545,1.727876428,-1.098242795
p50,1979,0.07410278,0.195689698,-0.381625257,-1.017166482,0.008855483,-0.183930937,0.071143042,1.05239487,0.426943401,0.106201792,0.0,0.000684747,3.65e-08,1.17e-05,1.43e-05,9.17e-09,4.37e-06,3e-07,0.0,2.28e-07,0.0,8.18e-07,0.000436255,4.27e-05,0.001726054,0.000285802,1.29e-05,0.000110881,0.102673089,0.046209085,0.005330048,0.003275706,0.000339398,0.00030999,0.008658594,0.0,6.62e-05,0.005045853,0.015384436,0.000424908,1.03e-05,0.000306478,0.000283247,0.000175561,9.44e-05,4.35e-05,6.29e-06,5.46e-06,0.0,0.0,2.53e-06,3.29e-06,3.07e-05,0.0,6.08e-06,0.000113931,0.0,0.0,0.0,0.351944601,0.036807786,-1.398791739,0.725275363,0.19213017,0.663698469,0.933490947,-0.067124626,0.269792478,1.777670233,-1.113971764
p50,1980,0.07742571,0.151555791,-0.384477246,-1.009446451,0.009153713,-0.184864161,0.069178783,1.086350454,0.434719752,0.10843908,2.51e-05,0.00074896,2.94e-06,2.56e-05,1.61e-05,1.15e-08,3e-06,3e-07,0.0,1.17e-08,0.0,6.13e-07,0.000486117,7.27e-05,0.001914026,0.000317175,1.44e-05,0.00011932,0.108932455,0.048892143,0.006078854,0.003185682,0.000430938,0.000333579,0.009527336,0.0,7.96e-05,0.005545654,0.015587801,0.000426396,1.07e-05,0.000315644,0.000294717,0.00021168,0.000113035,4.55e-05,7.37e-06,6.11e-06,3.59e-06,0.0,2.82e-06,3.56e-06,3.31e-05,0.0,6.51e-06,0.000129399,2.09e-06,0.0,0.0,0.352461099,0.037633924,-1.393923696,0.747111493,0.203952661,0.723101609,0.952083109,-0.068897741,0.228981501,1.833461947,-1.110360339
p50,1981,0.083478734,0.118739404,-0.371568647,-0.982867353,0.009186114,-0.186270499,0.067333956,1.10603868,0.441993988,0.111243041,4.96e-05,0.000814702,4.06e-06,3.09e-05,3.51e-05,1.38e-08,8.19e-07,3e-07,0.0,2.91e-08,0.0,6.13e-07,0.000552406,8.05e-05,0.002027208,0.00033832,1.61e-05,0.000128023,0.114956783,0.051305216,0.007010117,0.003331125,0.000494962,0.000359111,0.010240707,3.12e-05,0.000145519,0.00590752,0.015848075,0.000427627,1.1e-05,0.000324429,0.000306629,0.000261438,0.000134968,5.17e-05,8.85e-06,7.13e-06,3.59e-06,0.0,3.3e-06,3.85e-06,3.59e-05,0.0,6.99e-06,0.00014224,2.37e-06,0.0,0.0,0.35036768,0.038413002,-1.354435999,0.768678269,0.21544124,0.799311202,1.00152934,-0.071337428,0.202218138,1.874716949,-1.075405747
p50,1982,0.027035816,-0.198464499,-0.370379291,-1.022603013,0.009582634,-0.187271929,0.071738843,1.118139674,0.448540014,0.115167147,5.67e-05,0.000879488,7.33e-06,1.79e-05,3.23e-05,1.6e-08,5.45e-07,3e-07,0.0,6.15e-08,1.34e-09,8.18e-07,0.00062436,8.53e-05,0.002125107,0.000356855,1.79e-05,0.000137278,0.120887932,0.053709935,0.008267348,0.003470413,0.000563913,0.000386585,0.010865549,3.17e-05,0.000151116,0.006189205,0.016038165,0.000428643,1.14e-05,0.000332797,0.000318929,0.000301957,0.000162141,5.83e-05,1.03e-05,8.36e-06,3.59e-06,0.0,3.91e-06,4.04e-06,3.93e-05,0.0,7.47e-06,0.000155081,3.63e-06,0.0,0.0,0.362915873,0.039120398,-1.392982304,0.790461167,0.226754007,0.811704355,0.640275672,-0.066830055,-0.171428683,1.908600841,-1.096896486
p50,1983,0.027457032,-0.645011647,-0.353666652,-0.956390725,0.010008547,-0.18842084,0.067060299,1.145552038,0.454180089,0.117069288,7.05e-05,0.000953448,3.14e-06,3.34e-05,3.21e-05,1.83e-08,3e-06,3e-07,0.0,6.84e-07,1.13e-08,1.23e-06,0.000689516,8.98e-05,0.002225275,0.000375912,1.92e-05,0.000147387,0.127016189,0.056358248,0.009063398,0.003641827,0.00064025,0.000417668,0.011531432,3.03e-05,0.000154011,0.006442722,0.016255484,0.000429505,1.18e-05,0.000340722,0.000331588,0.000348479,0.000193881,6.31e-05,1.2e-05,9.58e-06,3.59e-06,0.0,4.51e-06,4.04e-06,4.33e-05,0.0,8.01e-06,0.000165393,4.46e-06,0.0,0.0,0.349024111,0.039731462,-1.310057377,0.80941961,0.238170233,0.922317849,0.304763234,-0.071620533,-0.617554615,1.954971648,-1.032653799
p50,1984,-0.024695728,-0.242265168,-0.357432213,-0.980068075,0.010930145,-0.189529924,0.070208375,1.170571518,0.459033854,0.11935123,5.1e-05,0.001034478,3.24e-06,2.71e-05,3.48e-05,2.06e-08,4.64e-06,3e-07,0.0,1.14e-06,2.64e-08,1.64e-06,0.00075977,9.8e-05,0.00233047,0.000398623,2.05e-05,0.000158512,0.132728728,0.058783047,0.010330869,0.003827361,0.000721513,0.000450692,0.012327955,2.72e-05,0.000162889,0.006742159,0.016475001,0.000430223,1.21e-05,0.000348168,0.000344589,0.00039545,0.000232433,6.98e-05,1.38e-05,1.1e-05,3.59e-06,0.0,5.3e-06,4.32e-06,4.81e-05,0.0,8.73e-06,0.000180267,4.46e-06,0.0,0.0,0.356463398,0.040260739,-1.337500288,0.827999136,0.249614052,0.949403098,0.682442203,-0.068130665,-0.266960896,1.998570654,-1.049167555
p50,1985,-0.04340083,0.027570317,-0.359593957,-0.99071103,0.011542963,-0.190504463,0.071551604,1.194361129,0.46410315,0.121182343,6.8e-05,0.001116465,6.2e-06,3.51e-05,4.02e-05,2.29e-07,4.64e-06,3e-07,0.0,9.13e-07,4.22e-08,1.84e-06,0.000841356,0.000110845,0.002432018,0.000422118,2.21e-05,0.000170656,0.138799644,0.061731821,0.011841285,0.003982902,0.000810163,0.000487603,0.013404884,3.27e-05,0.000168679,0.007002488,0.016679128,0.00043083,1.25e-05,0.000355111,0.00035786,0.000442122,0.000277646,7.65e-05,1.59e-05,1.24e-05,3.59e-06,0.0,6.34e-06,4.52e-06,5.44e-05,0.0,9.64e-06,0.00019514,4.46e-06,0.0,0.0,0.360437578,0.040815317,-1.350304987,0.847758832,0.262473339,0.985657972,0.969827459,-0.066594579,-0.015830513,2.042119961,-1.056461988
p50,1986,-0.042636402,0.022630269,-0.356114445,-0.995924096,0.012489888,-0.191321306,0.073654315,1.217410711,0.469214148,0.124201056,7.05e-05,0.001200935,3.86e-06,3.39e-05,4.82e-05,2.01e-06,4.92e-06,3e-07,0.0,2.28e-07,9.3e-08,1.84e-06,0.000932574,0.0001237,0.002529819,0.000445612,2.4e-05,0.000201537,0.145583732,0.064746257,0.013405052,0.004190386,0.0009062,0.000529508,0.014711724,4.15e-05,0.000189329,0.007211394,0.016940417,0.000431314,1.29e-05,0.000361517,0.000371373,0.000493896,0.000332592,8.35e-05,1.79e-05,1.41e-05,7.18e-06,0.0,7.7e-06,5.3e-06,6.24e-05,0.0,1.07e-05,0.000207337,5.3e-06,0.0,0.0,0.366476033,0.04137869,-1.352038541,0.869919836,0.276504632,1.037969626,1.017963493,-0.063798414,-0.020006133,2.087330548,-1.049360922
p50,1987,-0.025413355,0.098332455,-0.365633068,-1.027735008,0.013352212,-0.192023226,0.07654814,1.244874294,0.473232191,0.124835262,6e-05,0.001284259,2.22e-06,3.34e-05,5.16e-05,4.72e-06,6.01e-06,3e-07,0.0,6.84e-07,2.47e-07,1.64e-06,0.001025492,0.000131919,0.002629001,0.000468845,2.59e-05,0.000211582,0.152826544,0.068033454,0.015293448,0.00441521,0.001009625,0.000571414,0.015661234,3.85e-05,0.000189715,0.007458949,0.017139978,0.000431734,1.33e-05,0.000367357,0.000385233,0.000550323,0.000392029,8.95e-05,1.99e-05,1.55e-05,7.18e-06,0.0,9.28e-06,6.14e-06,7.16e-05,0.0,1.18e-05,0.000220425,5.58e-06,0.0,0.0,0.373850442,0.041821055,-1.393368076,0.889240171,0.291172718,1.054295011,1.127214111,-0.060301819,0.0729191,2.134114465,-1.079819453
p50,1988,0.013697315,0.151271119,-0.363950223,-1.036813121,0.014333108,-0.192660577,0.079462845,1.284483999,0.478298557,0.127172964,6.32e-05,0.001378285,3.86e-06,3.71e-05,6.13e-05,8.25e-06,5.46e-06,3e-07,0.0,6.84e-07,5.33e-07,1.64e-06,0.001118976,0.000138452,0.002730154,0.000492862,2.81e-05,0.000221,0.160933045,0.071182732,0.01739947,0.004603206,0.001120438,0.000609434,0.016617836,3.53e-05,0.000193189,0.007798543,0.017326178,0.000432079,1.38e-05,0.000372597,0.000400157,0.000607199,0.000449968,9.74e-05,2.21e-05,1.73e-05,1.08e-05,0.0,1.11e-05,7.53e-06,8.16e-05,0.0,1.31e-05,0.000237679,6.14e-06,0.0,0.0,0.379818846,0.042383306,-1.400763344,0.912361568,0.306890047,1.119419753,1.284388187,-0.056481317,0.164968434,2.196845568,-1.077425815
p50,1989,0.07742571,0.187976162,-0.360916734,-1.023214729,0.015255068,-0.192852849,0.078780223,1.310371942,0.48371709,0.13066631,7e-05,0.001483969,6e-06,3.71e-05,7.11e-05,1.26e-05,3.82e-06,3e-07,0.0,6.84e-07,9.35e-07,1.64e-06,0.001219825,0.000141824,0.002833181,0.00051714,3e-05,0.000229789,0.167720717,0.073741199,0.019409941,0.004761392,0.001233713,0.000643014,0.017829918,3.94e-05,0.000217314,0.008062868,0.017520907,0.000432359,1.42e-05,0.000377208,0.000408845,0.000665877,0.00050424,0.000105819,2.42e-05,1.92e-05,1.44e-05,0.0,1.29e-05,8.93e-06,9.26e-05,0.0,1.48e-05,0.000253147,6.55e-06,0.0,0.0,0.381854743,0.042988966,-1.384131464,0.935178828,0.320795428,1.187445458,1.45284733,-0.055828592,0.265401872,2.24555077,-1.058105312
p50,1990,0.06705132,0.183656021,-0.36201464,-1.03739208,0.015695334,-0.192968247,0.08045659,1.330466063,0.486726816,0.133736954,7.71e-05,0.00158908,5.18e-06,3.04e-05,8.06e-05,1.79e-05,3.82e-06,3e-07,0.0,1.14e-06,1.44e-06,1.84e-06,0.001330873,0.000142456,0.002934827,0.000541156,3.19e-05,0.000237951,0.173150137,0.075655946,0.021291405,0.004900824,0.001344525,0.000672153,0.019163831,4.44e-05,0.00029374,0.008347501,0.017641623,0.000432592,1.47e-05,0.000381622,0.000406629,0.000731007,0.000555667,0.000114546,2.62e-05,2.1e-05,1.44e-05,6.73e-06,1.47e-05,1.06e-05,0.000105015,0.0,1.66e-05,0.000270698,7.39e-06,0.0,0.0,0.385167668,0.043328353,-1.399406719,0.953127851,0.332664082,1.215866892,1.466574234,-0.05348797,0.250707341,2.283593914,-1.067727022
p50,1991,0.0533072,-0.528646173,-0.373625409,-1.115266116,0.015585714,-0.192290181,0.08857845,1.351444166,0.491995125,0.136048399,7e-05,0.001690941,5.59e-06,3.98e-05,8.99e-05,3.03e-05,1.12e-05,3e-07,0.0,1.83e-06,2.04e-06,2.86e-06,0.001451552,0.000144774,0.003033614,0.000564651,3.4e-05,0.000245799,0.177450669,0.076968157,0.022878381,0.004987919,0.001450412,0.000696298,0.020458853,4.17e-05,0.00044254,0.008493191,0.017613957,0.000432779,1.51e-05,0.000386158,0.000387808,0.000793586,0.000603801,0.000121247,2.84e-05,2.28e-05,1.8e-05,7.77e-06,1.7e-05,1.23e-05,0.000118547,0.0,1.86e-05,0.000278531,8.51e-06,0.0,0.0,0.411508115,0.043920225,-1.488891524,0.970215698,0.342172174,1.200070662,0.724731689,-0.044205793,-0.475338973,2.321659864,-1.121589203
p50,1992,0.036552172,-1.741239475,-0.338543677,-0.994480039,0.017212921,-0.191571642,0.07861763,1.362454438,0.494965931,0.137776844,5.97e-05,0.001795861,7.02e-06,2.9e-05,9.41e-05,4.27e-05,9.29e-06,3e-07,0.0,1.14e-06,2.73e-06,4.7e-06,0.001571099,0.000153625,0.003117712,0.000587101,3.64e-05,0.00025302,0.181410741,0.077785266,0.024179159,0.005042357,0.001548913,0.000717389,0.021659797,4.52e-05,0.000624343,0.008574494,0.017552727,0.000432937,1.56e-05,0.000390601,0.000359181,0.000852464,0.000648491,0.000127637,3.04e-05,2.49e-05,2.15e-05,8.8e-06,1.92e-05,1.45e-05,0.00012926,0.0,2.04e-05,0.000285472,9.62e-06,0.0,0.0,0.3877828,0.044255874,-1.333023716,0.98303974,0.350296965,1.348768045,-0.355919258,-0.051485217,-1.704687303,2.345494178,-0.996726133
p50,1993,0.002433691,-0.747571441,-0.332339668,-1.00833075,0.018823886,-0.191506467,0.081655253,1.374076532,0.495734451,0.138827473,8.65e-05,0.001911291,4.88e-06,3.81e-05,0.00010374,5.09e-05,9.29e-06,6e-07,0.0,2.43e-07,3.52e-06,7.36e-06,0.001690645,0.000161844,0.003195203,0.000609551,3.91e-05,0.000259612,0.183937303,0.078188031,0.024808524,0.005084393,0.00164495,0.000735983,0.022571012,0.000121933,0.000734019,0.008198807,0.017427775,0.000433109,1.61e-05,0.000394727,0.000354615,0.000907589,0.000685844,0.000133559,3.26e-05,2.69e-05,2.51e-05,9.83e-06,2.11e-05,1.67e-05,0.000134899,0.0,2.19e-05,0.000288843,1.12e-05,0.0,0.0,0.393460259,0.044343766,-1.340670417,0.98970165,0.355139726,1.369884462,0.624746712,-0.046683562,-0.74513775,2.363778182,-0.99389372
p50,1994,-0.025506958,-0.041033911,-0.335512556,-1.062474569,0.020045553,-0.191421695,0.088263155,1.397570187,0.497897591,0.140619257,0.00016012,0.002030162,4.37e-06,4.78e-05,0.000116592,6e-05,1.2e-05,6e-07,0.0,4.59e-07,4.38e-06,1.04e-05,0.00181699,0.000169431,0.00326816,0.000632002,4.24e-05,0.000266204,0.185972888,0.078212655,0.025190875,0.005113172,0.0017336,0.000749026,0.023725802,0.000303709,0.00096848,0.007531786,0.017292188,0.000411873,1.66e-05,0.000398321,0.000352677,0.000971219,0.000717285,0.000139014,3.47e-05,2.87e-05,2.87e-05,1.09e-05,2.33e-05,1.92e-05,0.000137718,0.0,3.32e-05,0.000294835,1.32e-05,0.0,0.0,0.411013462,0.044589742,-1.397987125,0.997584652,0.359067804,1.36965793,1.303117061,-0.038523245,-0.066540869,2.395154839,-1.025496909
p50,1995,-0.036302563,0.132313999,-0.310180704,-1.017031414,0.021404484,-0.191166387,0.088198296,1.426269984,0.499827224,0.142593494,0.000306284,0.002157632,7.22e-06,6.51e-05,0.000138348,7.02e-05,1.23e-05,1.2e-06,0.0,9.13e-07,5.32e-06,1.39e-05,0.001956083,0.000179335,0.003341511,0.000656279,4.62e-05,0.000272796,0.188320261,0.077867637,0.025249049,0.00512754,0.0018124,0.000758185,0.024819324,0.000564524,0.001203134,0.006752368,0.017162334,0.000435182,1.57e-05,0.000401165,0.00034817,0.001024044,0.000744383,0.000142286,3.69e-05,3.08e-05,3.23e-05,1.19e-05,2.54e-05,2.18e-05,0.000138987,0.0,5.49e-05,0.000301456,1.42e-05,0.0,0.0,0.404543186,0.044810165,-1.327212118,1.005067629,0.362646911,1.471915239,1.567926675,-0.036753442,0.096011436,2.431337613,-0.959422374
p50,1996,-0.04603733,0.195139717,-0.301857957,-0.987580737,0.022656012,-0.191532493,0.085075549,1.453594435,0.500623498,0.145422011,0.000541199,0.002293702,1.2e-05,9.74e-05,0.000171528,8.34e-05,1.45e-05,1.8e-06,0.0,4.59e-07,6.33e-06,1.78e-05,0.002092626,0.000190926,0.003415158,0.000683168,5.1e-05,0.000279389,0.190334343,0.077595023,0.02525568,0.005136447,0.001873963,0.000763458,0.02597914,0.000872972,0.001400869,0.005879755,0.016985041,0.000376573,1.65e-05,0.00040303,0.000319712,0.001065063,0.000767963,0.000145092,3.91e-05,3.3e-05,3.95e-05,1.29e-05,2.74e-05,2.43e-05,0.000139268,0.0,6.75e-05,0.000301397,1.48e-05,0.0,0.0,0.404800998,0.044904325,-1.289438694,1.011867743,0.365822234,1.541927874,1.691030261,-0.038896608,0.149102387,2.465462179,-0.923534304
p50,1997,-0.030436743,0.215709424,-0.332768547,-1.09450112,0.023810453,-0.192147973,0.094372477,1.470761062,0.501924068,0.148188608,0.000881246,0.002440284,5.8e-06,0.000142372,0.000215712,9.77e-05,1.8e-05,2.4e-06,0.0,9.13e-07,7.41e-06,2.17e-05,0.002223221,0.000198723,0.003486734,0.000713449,5.64e-05,0.000285981,0.191710513,0.077267007,0.025159075,0.005144812,0.00192075,0.000769563,0.026934835,0.001180537,0.001620543,0.004998591,0.016824032,0.000394599,1.63e-05,0.000403762,0.000275077,0.001115786,0.000789223,0.000147585,4.13e-05,3.48e-05,4.31e-05,1.4e-05,2.94e-05,2.68e-05,0.000138987,0.0,7.05e-05,0.000303271,1.53e-05,0.0,0.0,0.442222829,0.045055437,-1.427269668,1.01830083,0.368188154,1.475105448,1.660378129,-0.028909606,0.185272681,2.489061893,-1.013956445
p50,1998,0.013697315,0.217367833,-0.323427276,-1.08296837,0.024772601,-0.192631644,0.094741208,1.511729533,0.505926974,0.150710938,0.001302856,0.002589923,1.27e-05,0.00020748,0.000276108,0.000114966,2.21e-05,3.3e-06,0.0,2.28e-06,9.41e-06,2.58e-05,0.0023473,0.00020926,0.003557029,0.00074582,6.26e-05,0.000292887,0.192699636,0.076848119,0.025036096,0.005151824,0.001957688,0.000775946,0.028130577,0.001466413,0.001808904,0.004197165,0.016663189,0.000499676,1.75e-05,0.000387609,0.000250655,0.001163209,0.000808087,0.000148209,4.35e-05,3.67e-05,5.03e-05,1.5e-05,3.12e-05,2.96e-05,0.000138282,0.0,7.35e-05,0.000305369,1.58e-05,0.0,0.0,0.43505832,0.045512513,-1.406395647,1.027169508,0.370531595,1.539956392,1.77102154,-0.027605322,0.231065148,2.53889904,-0.998942648
p50,1999,0.048283815,0.220854656,-0.293800471,-0.972561898,0.026280147,-0.193277945,0.082652764,1.543878284,0.508892327,0.153960418,0.001817898,0.002742811,1.76e-05,0.00026873,0.000340116,0.000136332,2.57e-05,4.2e-06,1.02e-09,2.51e-06,1.16e-05,3.03e-05,0.002467696,0.000218111,0.003625056,0.000779234,6.94e-05,0.000299794,0.193574077,0.076413842,0.024899101,0.005155254,0.001987238,0.000781219,0.029241956,0.001762491,0.001997749,0.003507329,0.016472936,0.000463417,1.63e-05,0.000389971,0.000247234,0.001202677,0.000825903,0.00014852,4.59e-05,3.85e-05,5.75e-05,1.6e-05,3.31e-05,3.24e-05,0.000137295,1.84e-05,7.66e-05,0.000305436,1.69e-05,0.0,0.0,0.420371019,0.045854363,-1.266362369,1.035574941,0.372722197,1.694971204,1.964109675,-0.03849067,0.269138471,2.579453225,-0.88448202
p50,2000,0.08413396,0.221501502,-0.290258149,-0.928315266,0.028348951,-0.193836382,0.076842402,1.561558246,0.509352034,0.157210115,0.002376313,0.002899521,2.34e-05,0.000344358,0.000411432,0.000159732,3.09e-05,5.4e-06,3.67e-06,2.38e-06,1.11e-05,3.54e-05,0.002581859,0.000225487,0.003691407,0.000812648,7.67e-05,0.000306386,0.194337421,0.07597297,0.024745226,0.00515485,0.0020094,0.000785104,0.030315055,0.002039211,0.002209788,0.002932859,0.016289496,0.000421495,1.64e-05,0.000378253,0.000200258,0.001236593,0.000844018,0.000148832,4.79e-05,4.01e-05,6.1e-05,1.71e-05,3.51e-05,3.49e-05,0.000136026,1.79e-05,7.98e-05,0.000307287,1.69e-05,1.84e-06,0.0,0.417495814,0.045911756,-1.218573414,1.041393174,0.374831025,1.759140547,2.064776008,-0.042733273,0.305635462,2.602951419,-0.843810873
p50,2001,0.062121533,0.216241088,-0.289775799,-0.929322166,0.029009886,-0.193532216,0.077557609,1.585874006,0.508741749,0.159654959,0.002962974,0.003031578,3.09e-05,0.000436117,0.000491064,0.000185167,3.85e-05,6.6e-06,1.47e-06,3.47e-06,1.11e-05,4.09e-05,0.002696873,0.000233495,0.003755589,0.000843974,8.42e-05,0.000312664,0.19467788,0.075494576,0.024586528,0.005152516,0.0020291,0.000789544,0.031580726,0.002273198,0.002404431,0.00244229,0.01612616,0.000371458,1.42e-05,0.000364042,0.000179364,0.001260604,0.000859738,0.000148988,5.03e-05,4.2e-05,6.82e-05,1.78e-05,3.69e-05,3.74e-05,0.000134476,1.77e-05,8.29e-05,0.000306877,1.73e-05,1.97e-06,0.0,0.420695477,0.045846183,-1.219097965,1.045132525,0.376735817,1.791485506,2.069848128,-0.041118537,0.278362621,2.631006531,-0.839521025
p50,2002,0.07606846,0.223024883,-0.304728539,-0.997956809,0.028463508,-0.193031195,0.083177821,1.616444282,0.509061171,0.161764311,0.003603121,0.003162297,4.21e-05,0.000536525,0.000585144,0.000221793,4.73e-05,8.1e-06,7.35e-07,5.63e-06,1.36e-05,4.72e-05,0.002819252,0.000244454,0.003821151,0.000874778,9.23e-05,0.000319571,0.194853485,0.074925458,0.024364231,0.005147579,0.002043875,0.000794817,0.032724396,0.00248646,0.00255945,0.002034946,0.015953852,0.000382771,1.26e-05,0.000417155,0.000175832,0.001275911,0.00087593,0.000148676,5.25e-05,4.34e-05,7.18e-05,1.86e-05,3.85e-05,3.96e-05,0.000132784,1.72e-05,8.6e-05,0.000305658,1.87e-05,2.18e-06,0.0,0.433477815,0.045885852,-1.302685348,1.049274958,0.378449477,1.761007693,2.060101036,-0.035504014,0.299093343,2.66571924,-0.904711547
p50,2003,0.012184058,0.206669847,-0.319504522,-1.023490822,0.029486088,-0.19325908,0.084352061,1.654976955,0.510649718,0.164058707,0.004295749,0.003299132,5.77e-05,0.000657974,0.00068838,0.000263507,5.68e-05,9.6e-06,1e-05,1.34e-05,1.93e-05,5.46e-05,0.002942198,0.000258574,0.003892826,0.000904277,0.000100166,0.000326791,0.194792561,0.074300498,0.024140728,0.005153749,0.002051263,0.00080009,0.033814497,0.002669039,0.002686344,0.0016995,0.015793176,0.000391544,1.17e-05,0.000433619,0.000179952,0.001286416,0.000889019,0.000147897,5.44e-05,4.44e-05,7.54e-05,1.93e-05,4.03e-05,4.16e-05,0.000131234,1.67e-05,8.92e-05,0.000304439,2.05e-05,2.38e-06,0.0,0.436652947,0.046070367,-1.342995343,1.054640995,0.37993257,1.769924989,1.988778895,-0.033350564,0.218853905,2.70961795,-0.93969296
p50,2004,-0.0159438,0.217584752,-0.319349137,-1.026271724,0.033537013,-0.193805838,0.087103073,1.682076478,0.510378525,0.166193849,0.005013531,0.003461193,8.32e-05,0.000786787,0.000809508,0.000318751,6.86e-05,1.11e-05,3.7e-05,2.8e-05,2.57e-05,6.32e-05,0.003071659,0.00027459,0.003971121,0.0009321,0.000108739,0.000334325,0.194631291,0.073713058,0.023886028,0.005152419,0.002054406,0.000810689,0.034838197,0.002784145,0.002817298,0.001412458,0.015629176,0.000401235,1.14e-05,0.000424254,0.000171712,0.001297371,0.00090921,0.000150566,5.6e-05,4.57e-05,7.9e-05,2.01e-05,4.19e-05,4.3e-05,0.000129824,1.65e-05,9.25e-05,0.000305502,2.45e-05,2.58e-06,0.000259013,0.444594636,0.046042858,-1.345620862,1.058182455,0.381610081,1.812109813,2.013750766,-0.027122894,0.201640952,2.740258933,-0.92814912
p50,2005,-0.0425428,0.187877554,-0.333498265,-1.056002907,0.035230123,-0.194328604,0.08996691,1.712332531,0.509580882,0.168513187,0.005773851,0.003643321,0.000120909,0.000926938,0.00094458,0.000376133,8.31e-05,1.26e-05,8.6e-05,4.75e-05,3.32e-05,7.32e-05,0.003199138,0.000285138,0.004038652,0.000957088,0.000116438,0.000342801,0.194369675,0.073111109,0.023707135,0.005119611,0.002057044,0.00081791,0.03607735,0.002839569,0.002928633,0.001181179,0.015470576,0.000392753,1.18e-05,0.000455173,0.000170903,0.001302774,0.000917637,0.000150093,5.75e-05,4.65e-05,8.26e-05,2.09e-05,4.35e-05,4.46e-05,0.000128556,1.65e-05,9.59e-05,0.000310856,3.05e-05,2.86e-06,0.000269373,0.450242585,0.045955691,-1.389501172,1.06138564,0.383291571,1.811283705,1.956618459,-0.023175879,0.145334754,2.773718171,-0.962434466
p50,2006,-0.045943726,0.167280369,-0.344185662,-1.070010739,0.036697412,-0.192275613,0.089070784,1.744514161,0.509628596,0.171248459,0.006502582,0.003844369,0.000161826,0.001084155,0.001098468,0.000444095,9.97e-05,1.53e-05,0.000147968,6.89e-05,4.07e-05,8.49e-05,0.003334548,0.000299904,0.00410363,0.000980785,0.000123455,0.000351904,0.193821357,0.072472958,0.023522666,0.005096193,0.002058498,0.00082446,0.037504158,0.002913227,0.003083555,0.000987623,0.015285141,0.000366575,1.08e-05,0.000461296,0.000171712,0.001298572,0.000927947,0.000148388,5.88e-05,4.73e-05,8.62e-05,2.16e-05,4.51e-05,4.55e-05,0.00012771,1.62e-05,9.79e-05,0.000305502,3.71e-05,3.26e-06,0.000273517,0.456579698,0.045965455,-1.414196401,1.065785064,0.384908008,1.832140558,1.953477201,-0.020541963,0.121336643,2.810299225,-0.978158667
p50,2007,-0.05453965,0.153785657,-0.330583362,-1.056029118,0.038624099,-0.190120339,0.091431998,1.770346853,0.512269537,0.173658473,0.007238666,0.004018088,0.000212875,0.001285206,0.001260756,0.000519993,0.000117496,1.65e-05,0.00020274,8.84e-05,4.82e-05,9.84e-05,0.003489505,0.000311856,0.004173669,0.001005389,0.000129702,0.000361322,0.193050846,0.071852102,0.023280174,0.005104955,0.002059023,0.000828766,0.039181383,0.003017891,0.003279068,0.000825112,0.015097381,0.000405675,1.02e-05,0.000495795,0.000188192,0.001288517,0.000938473,0.000146774,5.99e-05,4.79e-05,8.98e-05,2.24e-05,4.66e-05,4.66e-05,0.000127146,1.62e-05,9.82e-05,0.000305204,4.3e-05,3.94e-06,0.000279734,0.461301161,0.046270384,-1.38661248,1.07274371,0.3868157,1.903985387,2.003231394,-0.013793857,0.099246007,2.843090563,-0.939105177
p50,2008,-0.050935913,0.171549334,-0.315630182,-1.015616239,0.039390958,-0.190128844,0.08796175,1.801500764,0.514710738,0.176571784,0.007994724,0.004176518,0.000269017,0.0015177,0.001443456,0.000579765,0.000136077,1.85e-05,0.000252414,0.000104244,5.61e-05,0.000113895,0.00365126,0.000319556,0.004242609,0.001027763,0.000135285,0.000371681,0.192222993,0.071275948,0.023057876,0.005126565,0.00206026,0.000831986,0.040915386,0.003108497,0.003505314,0.000692676,0.014906047,0.000408442,9.2e-06,0.000562069,0.000181791,0.00127396,0.000947623,0.000145356,6.08e-05,4.87e-05,8.98e-05,2.32e-05,4.85e-05,4.74e-05,0.000126582,1.62e-05,9.82e-05,0.000308179,4.41e-05,4.69e-06,0.000259013,0.456692792,0.046554028,-1.331246421,1.080100397,0.388817875,1.990825423,2.111438844,-0.016222109,0.120613421,2.88160116,-0.890775738
p50,2009,-0.051669143,0.14285552,-0.287960838,-0.965338288,0.038333044,-0.190347118,0.08485456,1.823157743,0.516575638,0.178836479,0.008774516,0.004312397,0.00032548,0.001769247,0.001631784,0.000601741,0.000156844,2.06e-05,0.000291202,0.000122734,6.32e-05,0.000130867,0.003807917,0.000330345,0.004304209,0.001047241,0.000140377,0.000382982,0.191319882,0.070724564,0.022870092,0.005135681,0.00206176,0.000836388,0.042518299,0.003190991,0.003718126,0.000582202,0.014692033,0.000376479,8.21e-06,0.000555603,0.000166783,0.001255051,0.000952179,0.000143821,6.18e-05,4.93e-05,9.34e-05,2.39e-05,4.98e-05,4.8e-05,0.000125172,1.62e-05,0.000100894,0.000308179,4.3e-05,5.37e-06,0.000238292,0.449090851,0.046771219,-1.253299126,1.085897248,0.39048513,2.084458421,2.175644798,-0.020388295,0.091186377,2.909054991,-0.82459657
p50,2010,-0.032683227,0.177394253,-0.27884973,-0.99094179,0.042468772,-0.190340052,0.091162783,1.855945124,0.518540414,0.181661839,0.009617319,0.004443499,0.00042378,0.002056329,0.001815408,0.000626668,0.000178978,2.25e-05,0.000328912,0.000124615,6.97e-05,0.000149475,0.003970806,0.000344007,0.00436566,0.001066863,0.000145206,0.000395225,0.190262668,0.070167611,0.02267221,0.005130101,0.002063237,0.0008424,0.04412057,0.003288024,0.003948089,0.000487042,0.014501032,0.000385219,7.96e-06,0.000646621,0.000181939,0.001235542,0.000960028,0.000141873,6.25e-05,4.89e-05,9.34e-05,2.47e-05,5.16e-05,4.85e-05,0.000118406,1.62e-05,0.000110832,0.000315913,4.69e-05,5.71e-06,0.000227931,0.45791581,0.047001186,-1.269791519,1.092560828,0.392358575,2.126922932,2.271633959,-0.00970731,0.144711026,2.948505952,-0.821583019
p50,2011,0.001419653,0.136224342,-0.288973445,-0.967808578,0.044525167,-0.188851171,0.085423928,1.883060907,0.520565335,0.184902892,0.010485528,0.004596578,0.000524367,0.002405362,0.002016672,0.000666041,0.000198771,2.45e-05,0.000371981,0.000136982,7.61e-05,0.000169309,0.004135961,0.000360531,0.004432418,0.001087472,0.000149868,0.000409038,0.189320135,0.069556575,0.022474026,0.005108727,0.002065978,0.000849521,0.045585335,0.003432207,0.004097979,0.000405973,0.014303634,0.000340759,7.79e-06,0.000650889,0.000194372,0.001213932,0.000965538,0.000139704,6.34e-05,5.01e-05,9.7e-05,2.53e-05,5.3e-05,4.91e-05,0.000117561,1.62e-05,0.000119265,0.000309369,5.65e-05,6.12e-06,0.000223787,0.460900656,0.04723918,-1.256782023,1.099615504,0.394147276,2.175132147,2.312776142,-0.011662897,0.137643995,2.98267641,-0.807544264
p50,2012,0.02209043,0.174917764,-0.287812909,-0.991333675,0.044871003,-0.18756005,0.088471254,1.912371099,0.522453059,0.187688472,0.011298915,0.004769341,0.000624772,0.002784904,0.002233896,0.000683082,0.000221086,2.73e-05,0.000417473,0.000150815,8.16e-05,0.000190166,0.004301683,0.00037966,0.004502964,0.001108149,0.000154257,0.000423478,0.18833818,0.06897324,0.022280816,0.005072186,0.002069505,0.00085725,0.046756806,0.003593178,0.004183329,0.000337598,0.01411255,0.000373218,7.36e-06,0.000645269,0.000208792,0.001189021,0.000975407,0.000137643,6.43e-05,5.05e-05,9.7e-05,2.59e-05,5.43e-05,4.97e-05,0.000120803,1.57e-05,0.000130108,0.000315913,6.32e-05,6.32e-06,0.000221715,0.46617808,0.047461098,-1.279146584,1.105821913,0.395680382,2.198467813,2.395476007,-0.006756695,0.197008194,3.018193012,-0.819725199
p50,2013,0.027815845,0.211265707,-0.267707669,-0.932156792,0.046266004,-0.188020389,0.083539558,1.951868479,0.524466622,0.190647213,0.01213052,0.004963509,0.000765462,0.003223008,0.002458008,0.000681251,0.000246677,3.02e-05,0.000461353,0.000164588,8.53e-05,0.000212455,0.004482419,0.000401705,0.004574035,0.001128673,0.000158446,0.000438546,0.187245128,0.068478137,0.022080371,0.005053719,0.002072721,0.000864869,0.047936295,0.003737442,0.004255409,0.000280997,0.013935341,0.000371204,6.76e-06,0.000810934,0.000230495,0.001157956,0.00098228,0.000135518,6.53e-05,5.1e-05,0.000100549,2.66e-05,5.57e-05,5.02e-05,0.000119393,1.57e-05,0.000144564,0.000307287,6.32e-05,6.26e-06,0.000217571,0.459218243,0.047698256,-1.19986446,1.112578752,0.397464917,2.313284444,2.552365996,-0.01051657,0.239081552,3.064447231,-0.751162787
p50,2014,0.037488207,0.174008527,-0.264797938,-0.943295768,0.048205725,-0.188231479,0.084867229,1.979575237,0.527898633,0.194210717,0.013006083,0.005167041,0.000924547,0.003692555,0.002689932,0.000667007,0.000274272,3.29e-05,0.000502579,0.000179171,8.78e-05,0.000236992,0.004673353,0.000423886,0.004645563,0.001149641,0.000162532,0.000454242,0.186213001,0.068075226,0.021896204,0.005047092,0.002077145,0.000871235,0.048989186,0.003823872,0.004279249,0.000234972,0.013750737,0.000384644,6.11e-06,0.000818265,0.000271694,0.001128092,0.000987221,0.000133326,6.62e-05,5.14e-05,0.000100549,2.72e-05,5.71e-05,5.08e-05,0.000118406,1.65e-05,0.000154202,0.000305502,6.01e-05,5.64e-06,0.000213426,0.467702812,0.048101039,-1.208093706,1.121293621,0.399184271,2.353420479,2.564917213,-0.007057485,0.211496734,3.100868858,-0.747448379
p50,2015,0.045194898,0.138081906,-0.258297055,-0.935952187,0.050747745,-0.188185343,0.084498379,2.012418971,0.532056511,0.197143691,0.0139419,0.005359107,0.001087684,0.004229314,0.002951004,0.000671179,0.000299546,3.55e-05,0.000546361,0.0001952,9.08e-05,0.00026602,0.004857488,0.000444136,0.00471989,0.001170964,0.000166628,0.00047088,0.185130701,0.067701627,0.021704501,0.005034781,0.002084092,0.000876592,0.049896979,0.003891104,0.004284368,0.000198906,0.013561896,0.000405328,5.98e-06,0.000801645,0.000282656,0.001096878,0.000989916,0.000131335,7.01e-05,5.71e-05,9.88e-05,2.78e-05,5.53e-05,5.13e-05,0.000116151,1.62e-05,0.000163839,0.000312344,5.98e-05,6.01e-06,0.000211354,0.476777049,0.048588439,-1.194249242,1.13002918,0.400828978,2.420625177,2.603901981,-0.00435078,0.183276804,3.142448151,-0.721822973
p50,2016,-0.016677028,0.170457766,-0.23523751,-0.861863655,0.053342548,-0.188609179,0.078376663,2.060749926,0.535101835,0.199708363,0.014956105,0.005532635,0.001278039,0.004788165,0.003218124,0.000677588,0.000329484,3.82e-05,0.000594202,0.000212472,9.43e-05,0.000297177,0.005045872,0.000465395,0.004800233,0.001193214,0.000170824,0.000489087,0.183944471,0.067297396,0.021532993,0.005033475,0.00209315,0.000882775,0.050791727,0.003937532,0.004305937,0.000168239,0.013375132,0.000449802,6.72e-06,0.000835053,0.000311863,0.001066413,0.000989916,0.000129759,7.04e-05,5.64e-05,0.000100908,2.85e-05,5.73e-05,5.19e-05,0.000115305,1.65e-05,0.000177091,0.000309369,6.37e-05,6.01e-06,0.000207624,0.464016464,0.048947353,-1.097101165,1.137404643,0.402594444,2.557127253,2.710907992,-0.007942616,0.153780738,3.19815457,-0.641027316
p50,2017,-0.03884546,0.195311474,-0.226000278,-0.848342903,0.055809788,-0.188963352,0.078243063,2.090938576,0.53772345,0.202596237,0.016003404,0.005728522,0.001531857,0.005434216,0.003500112,0.000693612,0.000362739,4.15e-05,0.000646075,0.000225946,9.73e-05,0.000333469,0.005240489,0.00048756,0.004887401,0.00121718,0.000175233,0.000508864,0.182751073,0.067021265,0.021381529,0.005030384,0.002107304,0.000890763,0.051546297,0.003937586,0.004317839,0.000142988,0.013223511,0.000407721,5.9e-06,0.000909984,0.000350193,0.0010376,0.000991263,0.000126702,7.19e-05,5.79e-05,0.000101626,2.91e-05,5.81e-05,5.24e-05,0.00011446,1.67e-05,0.000190343,0.000307673,6.6e-05,6.01e-06,0.000204309,0.466996015,0.049258286,-1.074343181,1.144891532,0.404571844,2.622830725,2.779296739,-0.005652216,0.156466014,3.235830107,-0.612999382
p50,2018,-0.0425428,0.175525967,-0.223238262,-0.832851503,0.056371933,-0.189036728,0.075921267,2.124327861,0.540879577,0.206221729,0.017021788,0.005954605,0.001836334,0.006151336,0.003767316,0.000713553,0.000398325,4.5e-05,0.000700528,0.000238102,0.000100149,0.000375306,0.005435389,0.000507734,0.004978951,0.00124139,0.000179815,0.000529269,0.181686692,0.066772102,0.021208966,0.005030384,0.002122806,0.000900371,0.052187633,0.003915161,0.00430583,0.000122755,0.013084934,0.000397123,5.47e-06,0.000928397,0.000336509,0.001011488,0.000991413,0.000125767,7.34e-05,5.93e-05,0.000102345,2.97e-05,5.88e-05,5.3e-05,0.000113614,1.69e-05,0.000203594,0.00030687,6.58e-05,6.01e-06,0.000200994,0.46762296,0.04963389,-1.056089766,1.15370047,0.406599164,2.682451888,2.815435055,-0.007109638,0.132983167,3.278028331,-0.595576444
p50,2019,-0.04343203,0.066971995,-0.235358788,-0.877559079,0.061541386,-0.189741761,0.08,2.158520452,0.543955631,0.209149983,0.017990195,0.006262418,0.002162074,0.006913654,0.004033436,0.000725724,0.000437586,4.86e-05,0.000753524,0.000246859,0.000103288,0.000422293,0.005630652,0.000526326,0.005072619,0.001265285,0.000184544,0.00054936,0.180251367,0.066316497,0.021038815,0.005033475,0.002135509,0.000910451,0.052751157,0.003915553,0.004295361,0.0001047,0.012961474,0.000393391,5.15e-06,0.000971382,0.000293176,0.000978186,0.000993135,0.00012361,7.49e-05,6.08e-05,0.000103063,3.03e-05,5.95e-05,5.36e-05,0.000112768,1.71e-05,0.000216846,0.000306067,6.45e-05,6.01e-06,0.000197678,0.479125049,0.05,-1.112917867,1.16120964,0.408104026,2.6877369,2.711276865,0.001799625,0.023539965,3.319730092,-0.631993192
p50,2020,-0.03483611,0.031984631,-0.18793836,-0.768604485,0.03067597,-0.190277255,0.0740985,2.191284528,0.548373994,0.212782866,0.018890127,0.006494249,0.00249168,0.007658335,0.004292002,0.00072109,0.000478944,5.19e-05,0.000799824,0.000250566,0.000106269,0.000474202,0.005824836,0.000545832,0.005167995,0.001289409,0.000189421,0.000568635,0.178810582,0.065628699,0.020807906,0.00502928,0.002143748,0.000919476,0.053002635,0.003936901,0.00424754,9.09e-05,0.012778411,0.000412284,5.56e-06,0.000983989,0.000266359,0.000946468,0.000992158,0.000122982,7.64e-05,6.23e-05,0.000103781,3.1e-05,6.03e-05,5.41e-05,0.000112768,1.73e-05,0.00024094,0.000305264,6.45e-05,6.01e-06,0.000194363,0.461935379,0.050526674,-0.956542844,1.169907089,0.408750229,2.831608041,2.828756563,-0.034976111,-0.002851479,3.361191617,-0.529583576
p50,2021,-0.013541309,0.113283726,-0.212988825,-0.825746343,0.036909063,-0.190479846,0.077541113,2.222369247,0.554545673,0.216705639,0.019854115,0.00671511,0.002864119,0.008477328,0.004567803,0.000736092,0.000526673,5.52e-05,0.000838175,0.000257059,0.000108867,0.000530176,0.006032888,0.000569243,0.005265212,0.001314708,0.000194331,0.000588349,0.177421461,0.064951689,0.020596912,0.00502928,0.002154653,0.000927286,0.053205221,0.003953527,0.004206617,7.93e-05,0.012591778,0.000413515,5.38e-06,0.001091382,0.00025759,0.000921389,0.000994288,0.000122626,7.8e-05,6.37e-05,0.000104499,3.16e-05,6.1e-05,5.47e-05,0.000112768,1.75e-05,0.000265034,0.000304461,6.45e-05,6.01e-06,0.000191048,0.476627975,0.051263853,-1.038735167,1.181025508,0.409774197,2.816521746,2.916264163,-0.024765818,0.099742417,3.403394756,-0.58687301
p50,2022,0.049297854,-0.035362432,-0.186828766,-0.738823282,0.046869746,-0.190703752,0.070228328,2.254943801,0.56043814,0.220709783,0.020798542,0.006896009,0.003297932,0.009396137,0.004881003,0.000750858,0.000575799,5.87e-05,0.000870725,0.000261642,0.000110884,0.000588771,0.006249249,0.000593684,0.005362827,0.001341138,0.000199281,0.000608063,0.176111559,0.064288462,0.020446202,0.00502928,0.002172967,0.000934484,0.053183282,0.003953042,0.004152226,7.19e-05,0.012422875,0.000389452,4.97e-06,0.001092241,0.000229738,0.000893169,0.00099481,0.000122271,7.95e-05,6.52e-05,0.000105217,3.22e-05,6.18e-05,5.52e-05,0.000112768,1.77e-05,0.000289128,0.000303657,6.45e-05,6.01e-06,0.000187732,0.471179781,0.051972021,-0.925652049,1.19186273,0.410714806,2.970700606,2.984636029,-0.021633657,0.013935422,3.446806531,-0.476105924
p50,2023,0.10892329,0.168161177,-0.242386944,-0.888389074,0.058994272,-0.191346276,0.083364666,2.28600009,0.564151658,0.224036374,0.021643358,0.00707099,0.003772565,0.010337044,0.005198436,0.000751756,0.000623864,6.24e-05,0.000897624,0.0002605,0.00011093,0.000648728,0.006464318,0.000614997,0.005458757,0.001366811,0.000204353,0.000627777,0.174650888,0.063554792,0.02026535,0.00502928,0.002190716,0.000941095,0.052873067,0.003933422,0.004105884,6.46e-05,0.012281625,0.000370311,4.75e-06,0.001110136,0.000208879,0.000864855,0.000988925,0.000121716,8.1e-05,6.67e-05,0.000105936,3.29e-05,6.25e-05,5.58e-05,0.000112768,1.79e-05,0.000313222,0.000302854,6.45e-05,6.01e-06,0.000184417,0.50112113,0.052421773,-1.130776018,1.199269908,0.411081876,2.859049545,3.136134012,0.003434435,0.277084467,3.485269998,-0.626220453
p50,2024,0.123899855,0.16631884,-0.215542654,-0.850660996,0.06487882,-0.191844339,0.082753389,2.33245544,0.566915515,0.227302407,0.022516925,0.007224705,0.004315282,0.011372752,0.005488527,0.000784229,0.000675596,6.62e-05,0.000919777,0.000251282,0.000109591,0.00070914,0.006679903,0.000634566,0.005553402,0.001391605,0.000209543,0.000647491,0.173136478,0.062861371,0.020084498,0.005027602,0.002202831,0.000947035,0.052434636,0.003914505,0.004051401,5.77e-05,0.012121087,0.000405828,5.27e-06,0.001211192,0.000221257,0.000836575,0.000984536,0.000121005,8.25e-05,6.82e-05,0.000106654,3.35e-05,6.33e-05,5.63e-05,0.000112768,1.81e-05,0.000337316,0.000302051,6.45e-05,6.01e-06,0.000181102,0.502505798,0.052759033,-1.066203649,1.20582544,0.411607518,2.983129933,3.273348628,0.008546903,0.290218695,3.538280881,-0.555150948
p50,2025,0.10486714,0.157269385,-0.198500872,-0.763304221,0.067500187,-0.192211005,0.069986847,2.370924636,0.569585072,0.231590531,0.023453465,0.00742525,0.004715011,0.012234884,0.005792659,0.000791387,0.000723324,6.96e-05,0.000955031,0.000257672,0.000111921,0.000766732,0.00693676,0.000658631,0.005650946,0.001417683,0.000214465,0.000667206,0.171790559,0.062177537,0.01990666,0.005026763,0.002219252,0.000954553,0.052499322,0.00391881,0.00400483,4.86e-05,0.011951715,0.000381443,4.82e-06,0.001239736,0.00019509,0.000809595,0.000984762,0.000120661,8.4e-05,6.96e-05,0.000107372,3.41e-05,6.4e-05,5.69e-05,0.000112768,1.83e-05,0.00036141,0.000301248,6.45e-05,6.01e-06,0.000177786,0.482354429,0.053087731,-0.961805093,1.213710883,0.41253528,3.103548614,3.365685139,-0.001636241,0.262136525,3.584635519,-0.481086905
p95,1750,0.032366127,0.294038412,0.0,0.0,0.0,0.0,0.0,0.0,0.0,0.0,0.0,0.0,0.0,0.0,0.0,0.0,0.0,0.0,0.0,0.0,0.0,0.0,0.0,0.0,0.0,0.0,0.0,0.0,0.0,0.0,0.0,0.0,0.0,0.0,0.0,0.0,0.0,0.0,0.0,0.0,0.0,0.0,0.0,0.0,0.0,0.0,0.0,0.0,0.0,0.0,0.0,0.0,0.0,0.0,0.0,0.0,0.0,0.0,0.0,0.0,0.0,0.0,0.0,0.0,0.0,0.316673067,0.0,0.316673067,0.0,0.0
p95,1751,0.001248488,0.304688379,0.001667931,0.020479888,0.0,1.79e-05,9.94e-07,0.001586732,0.000609735,8.5e-05,0.0,0.0,0.0,0.0,0.0,0.0,0.0,0.0,0.0,0.0,0.0,0.0,0.0,0.0,0.0,0.0,0.0,0.0,0.0,0.0,0.0,0.0,0.0,0.0,0.0,0.0,0.0,0.0,0.0,0.0,0.0,1.22e-09,0.0,0.0,0.0,0.0,0.0,0.0,0.0,0.0,0.0,0.0,0.0,0.0,0.0,0.0,0.0,0.0,0.0,-0.000221031,6.88e-05,0.021138579,0.000684444,1.22e-09,0.022264409,0.314460102,-5.2e-05,0.305474203,0.002197857,0.020254337
p95,1752,-0.004541358,0.301338922,0.002717046,0.032643241,0.0,3.16e-05,1.33e-06,0.003173086,0.001219102,0.000169976,0.0,0.0,0.0,0.0,0.0,0.0,0.0,0.0,0.0,0.0,0.0,0.0,0.0,0.0,0.0,0.0,0.0,0.0,0.0,0.0,0.0,0.0,0.0,0.0,0.0,0.0,0.0,0.0,0.0,0.0,0.0,2.43e-09,0.0,0.0,0.0,0.0,0.0,0.0,0.0,0.0,0.0,0.0,0.0,0.0,0.0,0.0,0.0,0.0,0.0,-0.000205059,0.000137502,0.033799481,0.001368508,2.43e-09,0.036764279,0.308499708,-8.57e-05,0.292473707,0.004395004,0.032738234
p95,1753,-0.01188356,0.120251148,0.001682224,0.02071459,0.0,4.11e-05,9.94e-07,0.004759062,0.001828101,0.000254949,0.0,0.0,0.0,0.0,0.0,0.0,0.0,0.0,0.0,0.0,0.0,0.0,0.0,0.0,0.0,0.0,0.0,0.0,0.0,0.0,0.0,0.0,0.0,0.0,0.0,0.0,0.0,0.0,0.0,0.0,0.0,3.65e-09,0.0,0.0,0.0,0.0,0.0,0.0,0.0,0.0,0.0,0.0,0.0,0.0,0.0,0.0,0.0,0.0,0.0,-7.45e-05,0.000206253,0.02138192,0.002052193,3.65e-09,0.026672988,0.114076234,-6.28e-05,0.099058625,0.006591442,0.0206329
p95,1754,-0.021530251,-0.020968785,-0.000139879,-0.000120092,0.0,4.66e-05,0.000121178,0.006344661,0.002436733,0.000339913,0.0,0.0,0.0,0.0,0.0,0.0,0.0,0.0,0.0,0.0,0.0,0.0,0.0,0.0,0.0,0.0,0.0,0.0,0.0,0.0,0.0,0.0,0.0,0.0,0.0,0.0,0.0,0.0,0.0,0.0,0.0,4.87e-09,0.0,0.0,0.0,0.0,0.0,0.0,0.0,0.0,0.0,0.0,0.0,0.0,0.0,0.0,0.0,0.0,0.0,0.001119632,0.000275004,-0.000499055,0.0027355,4.87e-09,0.008467738,-0.042203739,0.000262741,-0.048454351,0.008787172,0.000222536
p95,1755,-0.0265918,0.135516017,0.000759403,0.006399009,0.0,4.78e-05,0.000131776,0.007929882,0.003044998,0.000424868,0.0,0.0,0.0,0.0,0.0,0.0,0.0,0.0,0.0,0.0,0.0,0.0,0.0,0.0,0.0,0.0,0.0,0.0,0.0,0.0,0.0,0.0,0.0,0.0,0.0,0.0,0.0,0.0,0.0,0.0,0.0,6.09e-09,0.0,0.0,0.0,0.0,0.0,0.0,0.0,0.0,0.0,0.0,0.0,0.0,0.0,0.0,0.0,0.0,0.0,0.001555672,0.000343755,0.006878688,0.00341843,6.09e-09,0.01767281,0.105605837,0.000307619,0.093116499,0.010982195,0.007621802
p95,1756,-0.027074148,-0.023430038,0.001504497,0.01935994,0.0,4.56e-05,1.06e-06,0.009514725,0.003652897,0.000509813,0.0,0.0,0.0,0.0,0.0,0.0,0.0,0.0,0.0,0.0,0.0,0.0,0.0,0.0,0.0,0.0,0.0,0.0,0.0,0.0,0.0,0.0,0.0,0.0,0.0,0.0,0.0,0.0,0.0,0.0,0.0,7.3e-09,0.0,0.0,0.0,0.0,0.0,0.0,0.0,0.0,0.0,0.0,0.0,0.0,0.0,0.0,0.0,0.0,0.0,0.000311654,0.000412506,0.019900045,0.004100982,7.3e-09,0.031284443,-0.036883729,-1.89e-05,-0.057287413,0.013176554,0.019211959
p95,1757,-0.014978956,0.242506878,0.001648247,-0.000481298,0.0,3.92e-05,0.001841313,0.011099192,0.00426043,0.000594748,0.0,0.0,0.0,0.0,0.0,0.0,0.0,0.0,0.0,0.0,0.0,0.0,0.0,0.0,0.0,0.0,0.0,0.0,0.0,0.0,0.0,0.0,0.0,0.0,0.0,0.0,0.0,0.0,0.0,0.0,0.0,8.52e-09,0.0,0.0,0.0,0.0,0.0,0.0,0.0,0.0,0.0,0.0,0.0,0.0,0.0,0.0,0.0,0.0,0.0,0.004132718,0.000481257,0.000162255,0.004783158,8.52e-09,0.017929183,0.224830244,0.001599522,0.214571004,0.015370216,0.003702518
p95,1758,-0.004359333,0.29731167,0.000964141,-0.000246417,0.0,2.88e-05,0.000918289,0.012683282,0.004867598,0.000679674,0.0,0.0,0.0,0.0,0.0,0.0,0.0,0.0,0.0,0.0,0.0,0.0,0.0,0.0,0.0,0.0,0.0,0.0,0.0,0.0,0.0,0.0,0.0,0.0,0.0,0.0,0.0,0.0,0.0,0.0,0.0,9.74e-09,0.0,0.0,0.0,0.0,0.0,0.0,0.0,0.0,0.0,0.0,0.0,0.0,0.0,0.0,0.0,0.0,0.0,0.003501776,0.000550008,0.000269022,0.005464977,9.74e-09,0.01947235,0.303124004,0.00087416,0.288077305,0.017563159,0.003049999
p95,1759,0.000785298,0.301298481,0.00065453,-0.000197061,0.0,1.6e-05,0.000819861,0.014266995,0.005474402,0.000764591,0.0,0.0,0.0,0.0,0.0,0.0,0.0,0.0,0.0,0.0,0.0,0.0,0.0,0.0,0.0,0.0,0.0,0.0,0.0,0.0,0.0,0.0,0.0,0.0,0.0,0.0,0.0,0.0,0.0,0.0,0.0,1.1e-08,0.0,0.0,0.0,0.0,0.0,0.0,0.0,0.0,0.0,0.0,0.0,0.0,0.0,0.0,0.0,0.0,0.0,0.003153327,0.000618759,-3.66e-06,0.006146431,1.1e-08,0.020850477,0.315562982,0.000825061,0.299728774,0.019755344,0.002355252
p95,1760,0.007847412,0.108757151,0.000494002,-0.000423618,0.0,-2.7e-06,0.001198977,0.015850332,0.006080842,0.000849498,0.0,0.0,0.0,0.0,0.0,0.0,0.0,0.0,0.0,0.0,0.0,0.0,0.0,0.0,0.0,0.0,0.0,0.0,0.0,0.0,0.0,0.0,0.0,0.0,0.0,0.0,0.0,0.0,0.0,0.0,0.0,1.22e-08,0.0,0.0,0.0,0.0,0.0,0.0,0.0,0.0,0.0,0.0,0.0,0.0,0.0,0.0,0.0,0.0,0.0,0.003714448,0.00068751,-0.000884226,0.006827516,1.22e-08,0.022219033,0.129364427,0.001087509,0.113479655,0.021946829,0.001795752
p95,1761,0.036247982,-0.919472877,0.001243298,-0.000483977,0.0,-2.81e-05,0.001560282,0.017433292,0.006686919,0.000934396,0.0,0.0,0.0,0.0,0.0,0.0,0.0,0.0,0.0,0.0,0.0,0.0,0.0,0.0,0.0,0.0,0.0,0.0,0.0,0.0,0.0,0.0,0.0,0.0,0.0,0.0,0.0,0.0,0.0,0.0,0.0,1.34e-08,0.0,0.0,0.0,0.0,0.0,0.0,0.0,0.0,0.0,0.0,0.0,0.0,0.0,0.0,0.0,0.0,0.0,0.004740447,0.000756261,-0.000153854,0.007508232,1.34e-08,0.025965763,-0.878204535,0.001348854,-0.895054453,0.024137585,0.003488616
p95,1762,0.011565818,-0.400353642,0.000123577,-0.000132879,0.0,-5.74e-05,0.000341766,0.019015877,0.007292633,0.001019284,0.0,0.0,0.0,0.0,0.0,0.0,0.0,0.0,0.0,0.0,0.0,0.0,0.0,0.0,0.0,0.0,0.0,0.0,0.0,0.0,0.0,0.0,0.0,0.0,0.0,0.0,0.0,0.0,0.0,0.0,0.0,1.46e-08,0.0,0.0,0.0,0.0,0.0,0.0,0.0,0.0,0.0,0.0,0.0,0.0,0.0,0.0,0.0,0.0,0.0,0.003102649,0.000825012,-0.00026844,0.008188582,1.46e-08,0.026747647,-0.370970746,0.000580582,-0.393451699,0.026327584,0.001879856
p95,1763,-0.003600216,0.038299772,0.000344163,-0.000221175,0.0,-8.95e-05,0.000543801,0.020598085,0.007897985,0.001104162,0.0,0.0,0.0,0.0,0.0,0.0,0.0,0.0,0.0,0.0,0.0,0.0,0.0,0.0,0.0,0.0,0.0,0.0,0.0,0.0,0.0,0.0,0.0,0.0,0.0,0.0,0.0,0.0,0.0,0.0,0.0,1.58e-08,0.0,0.0,0.0,0.0,0.0,0.0,0.0,0.0,0.0,0.0,0.0,0.0,0.0,0.0,0.0,0.0,0.0,0.003870983,0.000893763,-0.000223006,0.008868564,1.58e-08,0.029384244,0.056740495,0.000692912,0.030816775,0.028516972,0.00251024
p95,1764,-0.008177633,0.247579763,0.003287361,0.037034858,0.0,-0.000124296,7.79e-07,0.022179918,0.008502975,0.001189032,0.0,0.0,0.0,0.0,0.0,0.0,0.0,0.0,0.0,0.0,0.0,0.0,0.0,0.0,0.0,0.0,0.0,0.0,0.0,0.0,0.0,0.0,0.0,0.0,0.0,0.0,0.0,0.0,0.0,0.0,0.0,1.7e-08,0.0,0.0,0.0,0.0,0.0,0.0,0.0,0.0,0.0,0.0,0.0,0.0,0.0,0.0,0.0,0.0,0.0,0.003014031,0.000962514,0.038748016,0.009548179,1.7e-08,0.067220459,0.274703257,0.000148343,0.230701437,0.030705655,0.039173057
p95,1765,-0.018557084,0.296701831,0.000716372,-0.000390691,0.0,-0.00016192,0.001154475,0.023761375,0.009107605,0.001273891,0.0,0.0,0.0,0.0,0.0,0.0,0.0,0.0,0.0,0.0,0.0,0.0,0.0,0.0,0.0,0.0,0.0,0.0,0.0,0.0,0.0,0.0,0.0,0.0,0.0,0.0,0.0,0.0,0.0,0.0,0.0,1.83e-08,0.0,0.0,0.0,0.0,0.0,0.0,0.0,0.0,0.0,0.0,0.0,0.0,0.0,0.0,0.0,0.0,0.0,0.005117617,0.001031265,-0.000435547,0.010227429,1.83e-08,0.033925046,0.28793119,0.001053019,0.261741624,0.032893632,0.003099503
p95,1766,-0.024698178,-0.184525255,0.001300738,0.004744312,0.0,-0.000204203,0.000720699,0.025342457,0.009711874,0.001358742,0.0,0.0,0.0,0.0,0.0,0.0,0.0,0.0,0.0,0.0,0.0,0.0,0.0,0.0,0.0,0.0,0.0,0.0,0.0,0.0,0.0,0.0,0.0,0.0,0.0,0.0,0.0,0.0,0.0,0.0,0.0,1.95e-08,0.0,0.0,0.0,0.0,0.0,0.0,0.0,0.0,0.0,0.0,0.0,0.0,0.0,0.0,0.0,0.0,0.0,0.005036279,0.001100016,0.005481943,0.010906313,1.95e-08,0.040828914,-0.19504406,0.000787586,-0.229369226,0.035080907,0.008100837
p95,1767,-0.008360525,0.005144721,0.001198165,0.00135231,0.0,-0.000247398,0.000809778,0.026923164,0.010315783,0.001443583,0.0,0.0,0.0,0.0,0.0,0.0,0.0,0.0,0.0,0.0,0.0,0.0,0.0,0.0,0.0,0.0,0.0,0.0,0.0,0.0,0.0,0.0,0.0,0.0,0.0,0.0,0.0,0.0,0.0,0.0,0.0,2.07e-08,0.0,0.0,0.0,0.0,0.0,0.0,0.0,0.0,0.0,0.0,0.0,0.0,0.0,0.0,0.0,0.0,0.0,0.005330009,0.001168767,0.002017738,0.011584832,2.07e-08,0.040940588,0.032765788,0.000831516,-0.004175567,0.037267482,0.005721354
p95,1768,0.031012492,0.248437758,0.002344258,-0.001054092,0.0,-0.000293814,0.003261397,0.028503496,0.010919334,0.001528414,0.0,0.0,0.0,0.0,0.0,0.0,0.0,0.0,0.0,0.0,0.0,0.0,0.0,0.0,0.0,0.0,0.0,0.0,0.0,0.0,0.0,0.0,0.0,0.0,0.0,0.0,0.0,0.0,0.0,0.0,0.0,2.19e-08,0.0,0.0,0.0,0.0,0.0,0.0,0.0,0.0,0.0,0.0,0.0,0.0,0.0,0.0,0.0,0.0,0.0,0.008667863,0.001237518,-0.000747889,0.012262987,2.19e-08,0.042478067,0.298627769,0.002488353,0.269781491,0.039453358,0.005853197
p95,1769,0.070905657,0.095800398,0.001215898,-0.000628301,0.0,-0.000341269,0.001716269,0.030083453,0.011522525,0.001613236,0.0,0.0,0.0,0.0,0.0,0.0,0.0,0.0,0.0,0.0,0.0,0.0,0.0,0.0,0.0,0.0,0.0,0.0,0.0,0.0,0.0,0.0,0.0,0.0,0.0,0.0,0.0,0.0,0.0,0.0,0.0,2.31e-08,0.0,0.0,0.0,0.0,0.0,0.0,0.0,0.0,0.0,0.0,0.0,0.0,0.0,0.0,0.0,0.0,0.0,0.006924693,0.001306269,-0.000484422,0.012940779,2.31e-08,0.043263006,0.189136708,0.001354413,0.154300135,0.041638527,0.004279151
p95,1770,0.071065019,0.242622945,0.001295755,-0.000646071,0.0,-0.000401006,0.001796009,0.031663036,0.012125358,0.001698049,0.0,0.0,0.0,0.0,0.0,0.0,0.0,0.0,0.0,0.0,0.0,0.0,0.0,0.0,0.0,0.0,0.0,0.0,0.0,0.0,0.0,0.0,0.0,0.0,0.0,0.0,0.0,0.0,0.0,0.0,0.0,2.43e-08,0.0,0.0,0.0,0.0,0.0,0.0,0.0,0.0,0.0,0.0,0.0,0.0,0.0,0.0,0.0,0.0,0.0,0.007375123,0.00137502,-0.000462641,0.01361819,2.43e-08,0.045611786,0.331117918,0.001383,0.295350465,0.04382299,0.004590464
p95,1771,0.057860932,0.296901326,0.001113376,0.006926985,0.0,-0.00046508,0.000495898,0.033242244,0.012727834,0.001782852,0.0,0.0,0.0,0.0,0.0,0.0,0.0,0.0,0.0,0.0,0.0,0.0,0.0,0.0,0.0,0.0,0.0,0.0,0.0,0.0,0.0,0.0,0.0,0.0,0.0,0.0,0.0,0.0,0.0,0.0,0.0,2.56e-08,0.0,0.0,0.0,0.0,0.0,0.0,0.0,0.0,0.0,0.0,0.0,0.0,0.0,0.0,0.0,0.0,0.0,0.005967403,0.001443771,0.007566828,0.01429522,2.56e-08,0.052856959,0.38355926,0.000596138,0.338397157,0.046006776,0.010048455
p95,1772,0.035536868,0.305396773,0.002256038,0.023295418,0.0,-0.000532101,4.5e-05,0.034821079,0.013329953,0.001867646,0.0,0.0,0.0,0.0,0.0,0.0,0.0,0.0,0.0,0.0,0.0,0.0,0.0,0.0,0.0,0.0,0.0,0.0,0.0,0.0,0.0,0.0,0.0,0.0,0.0,0.0,0.0,0.0,0.0,0.0,0.0,2.68e-08,0.0,0.0,0.0,0.0,0.0,0.0,0.0,0.0,0.0,0.0,0.0,0.0,0.0,0.0,0.0,0.0,0.0,0.005581014,0.001512522,0.024604332,0.014971884,2.68e-08,0.070328062,0.382716646,0.000342181,0.329682232,0.048189862,0.026102554
p95,1773,-0.001635611,0.306661669,0.001703628,0.01594945,0.0,-0.000602924,0.000265231,0.036399539,0.013931715,0.00195243,0.0,0.0,0.0,0.0,0.0,0.0,0.0,0.0,0.0,0.0,0.0,0.0,0.0,0.0,0.0,0.0,0.0,0.0,0.0,0.0,0.0,0.0,0.0,0.0,0.0,0.0,0.0,0.0,0.0,0.0,0.0,2.8e-08,0.0,0.0,0.0,0.0,0.0,0.0,0.0,0.0,0.0,0.0,0.0,0.0,0.0,0.0,0.0,0.0,0.0,0.005856173,0.001581273,0.016962581,0.015648183,2.8e-08,0.065003381,0.349888207,0.000421914,0.298061997,0.050372136,0.018735965
p95,1774,-0.007909942,0.306841549,0.001645263,-0.000873424,0.0,-0.000674567,0.002428181,0.037977625,0.014533122,0.002037205,0.0,0.0,0.0,0.0,0.0,0.0,0.0,0.0,0.0,0.0,0.0,0.0,0.0,0.0,0.0,0.0,0.0,0.0,0.0,0.0,0.0,0.0,0.0,0.0,0.0,0.0,0.0,0.0,0.0,0.0,0.0,2.92e-08,0.0,0.0,0.0,0.0,0.0,0.0,0.0,0.0,0.0,0.0,0.0,0.0,0.0,0.0,0.0,0.0,0.0,0.008547546,0.001650024,-0.000756978,0.016324119,2.92e-08,0.054013384,0.329911806,0.001641929,0.288523875,0.052553583,0.00487924
p95,1775,-0.024101479,0.306864062,0.00235832,-0.000581811,0.0,-0.000746335,0.00224992,0.039555339,0.015134173,0.002121971,0.0,0.0,0.0,0.0,0.0,0.0,0.0,0.0,0.0,0.0,0.0,0.0,0.0,0.0,0.0,0.0,0.0,0.0,0.0,0.0,0.0,0.0,0.0,0.0,0.0,0.0,0.0,0.0,0.0,0.0,0.0,3.04e-08,0.0,0.0,0.0,0.0,0.0,0.0,0.0,0.0,0.0,0.0,0.0,0.0,0.0,0.0,0.0,0.0,0.0,0.008670017,0.001718775,0.000694884,0.01699969,3.04e-08,0.058026627,0.309896049,0.001477709,0.261923086,0.054734401,0.006650669
p95,1776,-0.018894033,0.306865314,0.0014305,0.002314636,0.0,-0.000819536,0.001004661,0.041132678,0.015734869,0.002206727,0.0,0.0,0.0,0.0,0.0,0.0,0.0,0.0,0.0,0.0,0.0,0.0,0.0,0.0,0.0,0.0,0.0,0.0,0.0,0.0,0.0,0.0,0.0,0.0,0.0,0.0,0.0,0.0,0.0,0.0,0.0,3.17e-08,0.0,0.0,0.0,0.0,0.0,0.0,0.0,0.0,0.0,0.0,0.0,0.0,0.0,0.0,0.0,0.0,0.0,0.006936263,0.001787526,0.003058122,0.017674918,3.17e-08,0.060906006,0.323520478,0.000695203,0.270261713,0.056914699,0.007044991
p95,1777,0.023891435,0.306864427,0.003114299,-0.000797876,0.0,-0.000897351,0.003028416,0.042709645,0.016335212,0.002291474,0.0,0.0,0.0,0.0,0.0,0.0,0.0,0.0,0.0,0.0,0.0,0.0,0.0,0.0,0.0,0.0,0.0,0.0,0.0,0.0,0.0,0.0,0.0,0.0,0.0,0.0,0.0,0.0,0.0,0.0,0.0,3.29e-08,0.0,0.0,0.0,0.0,0.0,0.0,0.0,0.0,0.0,0.0,0.0,0.0,0.0,0.0,0.0,0.0,0.0,0.009726336,0.001856277,0.000828573,0.018349856,3.29e-08,0.062838128,0.37229972,0.001892926,0.321706719,0.059094136,0.007508225
p95,1778,0.091079839,0.302869585,0.00366013,-0.001151165,0.0,-0.000978114,0.004008147,0.044286238,0.0169352,0.002376212,0.0,0.0,0.0,0.0,0.0,0.0,0.0,0.0,0.0,0.0,0.0,0.0,0.0,0.0,0.0,0.0,0.0,0.0,0.0,0.0,0.0,0.0,0.0,0.0,0.0,0.0,0.0,0.0,0.0,0.0,0.0,3.41e-08,0.0,0.0,0.0,0.0,0.0,0.0,0.0,0.0,0.0,0.0,0.0,0.0,0.0,0.0,0.0,0.0,0.0,0.011394944,0.001925028,0.000370169,0.019024436,3.41e-08,0.065517666,0.420573892,0.002523976,0.370562309,0.061272869,0.008355292
p95,1779,0.086978647,0.214440197,0.002807425,-0.000675683,0.0,-0.001059741,0.002712277,0.045862459,0.017534836,0.00246094,0.0,0.0,0.0,0.0,0.0,0.0,0.0,0.0,0.0,0.0,0.0,0.0,0.0,0.0,0.0,0.0,0.0,0.0,0.0,0.0,0.0,0.0,0.0,0.0,0.0,0.0,0.0,0.0,0.0,0.0,0.0,3.53e-08,0.0,0.0,0.0,0.0,0.0,0.0,0.0,0.0,0.0,0.0,0.0,0.0,0.0,0.0,0.0,0.0,0.0,0.009445665,0.001993779,0.000835039,0.019698659,3.53e-08,0.066601088,0.336466572,0.001578094,0.281228549,0.063450898,0.00703819
p95,1780,0.055047575,0.27829846,0.002830689,-0.001085204,0.0,-0.001143846,0.003663958,0.047438307,0.018134119,0.002545658,0.0,0.0,0.0,0.0,0.0,0.0,0.0,0.0,0.0,0.0,0.0,0.0,0.0,0.0,0.0,0.0,0.0,0.0,0.0,0.0,0.0,0.0,0.0,0.0,0.0,0.0,0.0,0.0,0.0,0.0,0.0,3.65e-08,0.0,0.0,0.0,0.0,0.0,0.0,0.0,0.0,0.0,0.0,0.0,0.0,0.0,0.0,0.0,0.0,0.0,0.010493154,0.00206253,-0.000383948,0.020372389,3.65e-08,0.067702452,0.369570486,0.00216716,0.31728717,0.065628226,0.006409732
p95,1781,0.042933518,0.302354911,0.003503248,-0.001068413,0.0,-0.001228565,0.00370146,0.049013783,0.01873305,0.002630368,0.0,0.0,0.0,0.0,0.0,0.0,0.0,0.0,0.0,0.0,0.0,0.0,0.0,0.0,0.0,0.0,0.0,0.0,0.0,0.0,0.0,0.0,0.0,0.0,0.0,0.0,0.0,0.0,0.0,0.0,0.0,3.77e-08,0.0,0.0,0.0,0.0,0.0,0.0,0.0,0.0,0.0,0.0,0.0,0.0,0.0,0.0,0.0,0.0,0.0,0.011038167,0.002131281,0.000515245,0.021045752,3.77e-08,0.071235429,0.388394517,0.00213263,0.331821927,0.067804758,0.007812315
p95,1782,0.001207169,0.306210849,0.002471973,-0.000805337,0.0,-0.001313031,0.002734872,0.050588887,0.01933163,0.002715068,0.0,0.0,0.0,0.0,0.0,0.0,0.0,0.0,0.0,0.0,0.0,0.0,0.0,0.0,0.0,0.0,0.0,0.0,0.0,0.0,0.0,0.0,0.0,0.0,0.0,0.0,0.0,0.0,0.0,0.0,0.0,3.9e-08,0.0,0.0,0.0,0.0,0.0,0.0,0.0,0.0,0.0,0.0,0.0,0.0,0.0,0.0,0.0,0.0,0.0,0.009703353,0.002200032,0.0002257,0.021718752,3.9e-08,0.071878445,0.357897483,0.001439584,0.298888063,0.069980354,0.006158122
p95,1783,-0.009655485,-1.562878839,0.002371037,-0.00073716,0.0,-0.001399946,0.002426098,0.052163619,0.019929858,0.002799758,0.0,0.0,0.0,0.0,0.0,0.0,0.0,0.0,0.0,0.0,0.0,0.0,0.0,0.0,0.0,0.0,0.0,0.0,0.0,0.0,0.0,0.0,0.0,0.0,0.0,0.0,0.0,0.0,0.0,0.0,0.0,4.02e-08,0.0,0.0,0.0,0.0,0.0,0.0,0.0,0.0,0.0,0.0,0.0,0.0,0.0,0.0,0.0,0.0,0.0,0.009741385,0.002268783,0.000406614,0.02239138,4.02e-08,0.07426264,-1.526601502,0.001194921,-1.586961685,0.072155742,0.006347462
p95,1784,-0.021447693,-2.290860127,0.003700857,0.012299597,0.0,-0.00148711,0.00210908,0.053737979,0.020527737,0.00288444,0.0,0.0,0.0,0.0,0.0,0.0,0.0,0.0,0.0,0.0,0.0,0.0,0.0,0.0,0.0,0.0,0.0,0.0,0.0,0.0,0.0,0.0,0.0,0.0,0.0,0.0,0.0,0.0,0.0,0.0,0.0,4.14e-08,0.0,0.0,0.0,0.0,0.0,0.0,0.0,0.0,0.0,0.0,0.0,0.0,0.0,0.0,0.0,0.0,0.0,0.009984004,0.002337534,0.014401147,0.023063645,4.14e-08,0.087388064,-2.264827502,0.00094768,-2.33603312,0.074330358,0.018433999
p95,1785,-0.016623256,-0.233435645,0.002732221,-0.000901661,0.0,-0.001578824,0.003004235,0.055311967,0.021125265,0.002969112,0.0,0.0,0.0,0.0,0.0,0.0,0.0,0.0,0.0,0.0,0.0,0.0,0.0,0.0,0.0,0.0,0.0,0.0,0.0,0.0,0.0,0.0,0.0,0.0,0.0,0.0,0.0,0.0,0.0,0.0,0.0,4.26e-08,0.0,0.0,0.0,0.0,0.0,0.0,0.0,0.0,0.0,0.0,0.0,0.0,0.0,0.0,0.0,0.0,0.0,0.010938555,0.002406285,0.000246423,0.023735549,4.26e-08,0.078683527,-0.203658747,0.001442777,-0.267827129,0.076504621,0.006847675
p95,1786,0.025877644,0.03759889,0.00338781,-0.000695979,0.0,-0.001667035,0.00278014,0.056885584,0.021722444,0.003053774,0.0,0.0,0.0,0.0,0.0,0.0,0.0,0.0,0.0,0.0,0.0,0.0,0.0,0.0,0.0,0.0,0.0,0.0,0.0,0.0,0.0,0.0,0.0,0.0,0.0,0.0,0.0,0.0,0.0,0.0,0.0,4.38e-08,0.0,0.0,0.0,0.0,0.0,0.0,0.0,0.0,0.0,0.0,0.0,0.0,0.0,0.0,0.0,0.0,0.0,0.010953025,0.002475036,0.001499786,0.024407104,4.38e-08,0.082795877,0.133671601,0.001242794,0.058206333,0.078677813,0.008557283
p95,1787,0.077751721,0.085528814,0.003766363,-0.001097483,0.0,-0.001758189,0.003720694,0.058458829,0.022319275,0.003138428,0.0,0.0,0.0,0.0,0.0,0.0,0.0,0.0,0.0,0.0,0.0,0.0,0.0,0.0,0.0,0.0,0.0,0.0,0.0,0.0,0.0,0.0,0.0,0.0,0.0,0.0,0.0,0.0,0.0,0.0,0.0,4.5e-08,0.0,0.0,0.0,0.0,0.0,0.0,0.0,0.0,0.0,0.0,0.0,0.0,0.0,0.0,0.0,0.0,0.0,0.012345794,0.002543787,0.000807692,0.025078346,4.5e-08,0.084335161,0.223444768,0.00178023,0.151155912,0.080850306,0.008509125
p95,1788,0.089269612,0.192376862,0.005042237,-0.001918235,0.0,-0.001851167,0.006160312,0.060031704,0.022915757,0.003223072,0.0,0.0,0.0,0.0,0.0,0.0,0.0,0.0,0.0,0.0,0.0,0.0,0.0,0.0,0.0,0.0,0.0,0.0,0.0,0.0,0.0,0.0,0.0,0.0,0.0,0.0,0.0,0.0,0.0,0.0,0.0,4.63e-08,0.0,0.0,0.0,0.0,0.0,0.0,0.0,0.0,0.0,0.0,0.0,0.0,0.0,0.0,0.0,0.0,0.0,0.015574561,0.002612538,-0.000418379,0.025749231,4.63e-08,0.0873133,0.330183016,0.00343243,0.261862091,0.083022426,0.010030371
p95,1789,0.076347427,0.278856145,0.003905094,-0.001459362,0.0,-0.001944587,0.004556375,0.061604208,0.023511892,0.003307706,0.0,0.0,0.0,0.0,0.0,0.0,0.0,0.0,0.0,0.0,0.0,0.0,0.0,0.0,0.0,0.0,0.0,0.0,0.0,0.0,0.0,0.0,0.0,0.0,0.0,0.0,0.0,0.0,0.0,0.0,0.0,4.75e-08,0.0,0.0,0.0,0.0,0.0,0.0,0.0,0.0,0.0,0.0,0.0,0.0,0.0,0.0,0.0,0.0,0.0,0.01376044,0.002681289,-0.000100845,0.026419798,4.75e-08,0.088084298,0.405008173,0.002202712,0.334600579,0.085193842,0.008415912
p95,1790,0.053031173,0.005798403,0.004164877,-0.00154462,0.0,-0.002048022,0.00488452,0.063176341,0.02410768,0.003392332,0.0,0.0,0.0,0.0,0.0,0.0,0.0,0.0,0.0,0.0,0.0,0.0,0.0,0.0,0.0,0.0,0.0,0.0,0.0,0.0,0.0,0.0,0.0,0.0,0.0,0.0,0.0,0.0,0.0,0.0,0.0,4.87e-08,0.0,0.0,0.0,0.0,0.0,0.0,0.0,0.0,0.0,0.0,0.0,0.0,0.0,0.0,0.0,0.0,0.0,0.014464479,0.00275004,-0.000105459,0.027089969,4.87e-08,0.090534378,0.137050664,0.002351741,0.057734283,0.08736456,0.008871061
p95,1791,0.02627587,0.19403086,0.003602243,-0.001076215,0.0,-0.002161658,0.003425177,0.064748103,0.024703121,0.003476948,0.0,0.0,0.0,0.0,0.0,0.0,0.0,0.0,0.0,0.0,0.0,0.0,0.0,0.0,0.0,0.0,0.0,0.0,0.0,0.0,0.0,0.0,0.0,0.0,0.0,0.0,0.0,0.0,0.0,0.0,0.0,4.99e-08,0.0,0.0,0.0,0.0,0.0,0.0,0.0,0.0,0.0,0.0,0.0,0.0,0.0,0.0,0.0,0.0,0.0,0.012942317,0.002818791,0.000824729,0.027759773,4.99e-08,0.09271898,0.289651095,0.001309039,0.20973229,0.089534156,0.00851239
p95,1792,0.021230868,0.28480438,0.003845214,-0.000850004,0.0,-0.002276599,0.00312483,0.066319496,0.025298216,0.003561554,0.0,0.0,0.0,0.0,0.0,0.0,0.0,0.0,0.0,0.0,0.0,0.0,0.0,0.0,0.0,0.0,0.0,0.0,0.0,0.0,0.0,0.0,0.0,0.0,0.0,0.0,0.0,0.0,0.0,0.0,0.0,5.11e-08,0.0,0.0,0.0,0.0,0.0,0.0,0.0,0.0,0.0,0.0,0.0,0.0,0.0,0.0,0.0,0.0,0.0,0.012986675,0.002887542,0.001632339,0.02842925,5.11e-08,0.096213109,0.378894408,0.001037323,0.295439981,0.091703338,0.009670172
p95,1793,0.010425982,0.2809241,0.003352593,-0.000867003,0.0,-0.002390147,0.002885908,0.067890518,0.025892965,0.003646152,0.0,0.0,0.0,0.0,0.0,0.0,0.0,0.0,0.0,0.0,0.0,0.0,0.0,0.0,0.0,0.0,0.0,0.0,0.0,0.0,0.0,0.0,0.0,0.0,0.0,0.0,0.0,0.0,0.0,0.0,0.0,5.23e-08,0.0,0.0,0.0,0.0,0.0,0.0,0.0,0.0,0.0,0.0,0.0,0.0,0.0,0.0,0.0,0.0,0.0,0.012704509,0.002956293,0.001154674,0.029098393,5.23e-08,0.097206296,0.365665281,0.000802359,0.281232885,0.093871617,0.008610042
p95,1794,0.002005778,0.286123051,0.003906479,-0.001834185,0.0,-0.002509108,0.005033052,0.06946117,0.02648737,0.00373074,0.0,0.0,0.0,0.0,0.0,0.0,0.0,0.0,0.0,0.0,0.0,0.0,0.0,0.0,0.0,0.0,0.0,0.0,0.0,0.0,0.0,0.0,0.0,0.0,0.0,0.0,0.0,0.0,0.0,0.0,0.0,5.36e-08,0.0,0.0,0.0,0.0,0.0,0.0,0.0,0.0,0.0,0.0,0.0,0.0,0.0,0.0,0.0,0.0,0.0,0.015489532,0.003025044,-0.00091866,0.029767198,5.36e-08,0.097799014,0.355395024,0.002066476,0.2769687,0.096038949,0.008022821
p95,1795,-0.014923711,-0.111924459,0.004406898,-0.001526359,0.0,-0.002631289,0.004705158,0.071031453,0.02708143,0.003815319,0.0,0.0,0.0,0.0,0.0,0.0,0.0,0.0,0.0,0.0,0.0,0.0,0.0,0.0,0.0,0.0,0.0,0.0,0.0,0.0,0.0,0.0,0.0,0.0,0.0,0.0,0.0,0.0,0.0,0.0,0.0,5.48e-08,0.0,0.0,0.0,0.0,0.0,0.0,0.0,0.0,0.0,0.0,0.0,0.0,0.0,0.0,0.0,0.0,0.0,0.015498863,0.003093795,0.000375125,0.030435653,5.48e-08,0.101303091,-0.057315373,0.001747375,-0.142661135,0.098206459,0.009347653
p95,1796,-0.018685791,0.019413562,0.002964057,-0.00111055,0.0,-0.002745593,0.003069651,0.072601366,0.027675146,0.003899888,0.0,0.0,0.0,0.0,0.0,0.0,0.0,0.0,0.0,0.0,0.0,0.0,0.0,0.0,0.0,0.0,0.0,0.0,0.0,0.0,0.0,0.0,0.0,0.0,0.0,0.0,0.0,0.0,0.0,0.0,0.0,5.6e-08,0.0,0.0,0.0,0.0,0.0,0.0,0.0,0.0,0.0,0.0,0.0,0.0,0.0,0.0,0.0,0.0,0.0,0.013340003,0.003162546,0.000246177,0.031103799,5.6e-08,0.101763345,0.087617227,0.000632807,-0.002815971,0.100372908,0.007290774
p95,1797,-0.024746397,0.185932214,0.0048514,-0.001751624,0.0,-0.002871821,0.005197029,0.07417091,0.028268519,0.003984449,0.0,0.0,0.0,0.0,0.0,0.0,0.0,0.0,0.0,0.0,0.0,0.0,0.0,0.0,0.0,0.0,0.0,0.0,0.0,0.0,0.0,0.0,0.0,0.0,0.0,0.0,0.0,0.0,0.0,0.0,0.0,5.72e-08,0.0,0.0,0.0,0.0,0.0,0.0,0.0,0.0,0.0,0.0,0.0,0.0,0.0,0.0,0.0,0.0,0.0,0.016474744,0.003231297,0.000308467,0.031771696,5.72e-08,0.105693205,0.230118983,0.001884653,0.141521251,0.102538376,0.009760474
p95,1798,-0.026959953,0.288115609,0.005220651,-0.002114792,0.0,-0.002997599,0.005956524,0.075740085,0.028861548,0.004069,0.0,0.0,0.0,0.0,0.0,0.0,0.0,0.0,0.0,0.0,0.0,0.0,0.0,0.0,0.0,0.0,0.0,0.0,0.0,0.0,0.0,0.0,0.0,0.0,0.0,0.0,0.0,0.0,0.0,0.0,0.0,5.84e-08,0.0,0.0,0.0,0.0,0.0,0.0,0.0,0.0,0.0,0.0,0.0,0.0,0.0,0.0,0.0,0.0,0.0,0.017951203,0.003300048,-0.000253665,0.032439249,5.84e-08,0.108029597,0.324168356,0.002296085,0.237125321,0.104703142,0.010258591
p95,1799,-0.025780195,0.30411801,0.004304429,-0.001906959,0.0,-0.003122068,0.005079902,0.07730889,0.029454236,0.004153541,0.0,0.0,0.0,0.0,0.0,0.0,0.0,0.0,0.0,0.0,0.0,0.0,0.0,0.0,0.0,0.0,0.0,0.0,0.0,0.0,0.0,0.0,0.0,0.0,0.0,0.0,0.0,0.0,0.0,0.0,0.0,5.97e-08,0.0,0.0,0.0,0.0,0.0,0.0,0.0,0.0,0.0,0.0,0.0,0.0,0.0,0.0,0.0,0.0,0.0,0.016556152,0.003368799,-0.000523879,0.033106459,5.97e-08,0.108431014,0.342584285,0.001617938,0.254261229,0.10686715,0.008455751
p95,1800,-0.019138912,-0.066521767,0.004082776,-0.002213963,0.0,-0.003257737,0.005429541,0.078877328,0.030046582,0.004238074,0.0,0.0,0.0,0.0,0.0,0.0,0.0,0.0,0.0,0.0,0.0,0.0,0.0,0.0,0.0,0.0,0.0,0.0,0.0,0.0,0.0,0.0,0.0,0.0,0.0,0.0,0.0,0.0,0.0,0.0,0.0,6.09e-08,0.0,0.0,0.0,0.0,0.0,0.0,0.0,0.0,0.0,0.0,0.0,0.0,0.0,0.0,0.0,0.0,0.0,0.017021214,0.00343755,-0.001479961,0.033773326,6.09e-08,0.109420655,-0.006779092,0.001731537,-0.099814438,0.109030487,0.007518191
p95,1801,0.003777914,0.198079355,0.004903273,-0.002109944,0.0,-0.003407541,0.005624784,0.080445396,0.030638586,0.004322597,0.0,0.0,0.0,0.0,0.0,0.0,0.0,0.0,0.0,0.0,0.0,0.0,0.0,0.0,0.0,0.0,0.0,0.0,0.0,0.0,0.0,0.0,0.0,0.0,0.0,0.0,0.0,0.0,0.0,0.0,0.0,6.21e-08,0.0,0.0,0.0,0.0,0.0,0.0,0.0,0.0,0.0,0.0,0.0,0.0,0.0,0.0,0.0,0.0,0.0,0.017674004,0.003506301,-0.000399644,0.034439852,6.21e-08,0.11307469,0.285506596,0.001733696,0.19012882,0.111193617,0.009133563
p95,1802,0.004858252,0.277778797,0.004088786,-0.002239742,0.0,-0.003558961,0.00514603,0.082013096,0.03123025,0.004407111,0.0,0.0,0.0,0.0,0.0,0.0,0.0,0.0,0.0,0.0,0.0,0.0,0.0,0.0,0.0,0.0,0.0,0.0,0.0,0.0,0.0,0.0,0.0,0.0,0.0,0.0,0.0,0.0,0.0,0.0,0.0,6.33e-08,0.0,0.0,0.0,0.0,0.0,0.0,0.0,0.0,0.0,0.0,0.0,0.0,0.0,0.0,0.0,0.0,0.0,0.016749439,0.003575052,-0.001248728,0.035106032,6.33e-08,0.113120038,0.363529025,0.001278943,0.270174008,0.11335628,0.007087606
p95,1803,-0.000873329,0.297919689,0.003899307,-0.001904386,0.0,-0.003708838,0.004437279,0.083580428,0.031821573,0.004491616,0.0,0.0,0.0,0.0,0.0,0.0,0.0,0.0,0.0,0.0,0.0,0.0,0.0,0.0,0.0,0.0,0.0,0.0,0.0,0.0,0.0,0.0,0.0,0.0,0.0,0.0,0.0,0.0,0.0,0.0,0.0,6.45e-08,0.0,0.0,0.0,0.0,0.0,0.0,0.0,0.0,0.0,0.0,0.0,0.0,0.0,0.0,0.0,0.0,0.0,0.016135342,0.003643803,-0.000535325,0.035771863,6.45e-08,0.115517427,0.379936411,0.000696745,0.28301127,0.1155175,0.007205117
p95,1804,0.002337027,0.300662254,0.005421551,-0.001869457,0.0,-0.003863484,0.005122427,0.085147392,0.032412557,0.004576111,0.0,0.0,0.0,0.0,0.0,0.0,0.0,0.0,0.0,0.0,0.0,0.0,0.0,0.0,0.0,0.0,0.0,0.0,0.0,0.0,0.0,0.0,0.0,0.0,0.0,0.0,0.0,0.0,0.0,0.0,0.0,6.57e-08,0.0,0.0,0.0,0.0,0.0,0.0,0.0,0.0,0.0,0.0,0.0,0.0,0.0,0.0,0.0,0.0,0.0,0.017384857,0.003712554,0.000928384,0.036437354,6.57e-08,0.120278046,0.391469198,0.000992264,0.28950765,0.117678524,0.00985343
p95,1805,-0.001039615,0.18981348,0.004860742,-0.002397136,0.0,-0.004012883,0.005807769,0.086713988,0.033003201,0.004660597,0.0,0.0,0.0,0.0,0.0,0.0,0.0,0.0,0.0,0.0,0.0,0.0,0.0,0.0,0.0,0.0,0.0,0.0,0.0,0.0,0.0,0.0,0.0,0.0,0.0,0.0,0.0,0.0,0.0,0.0,0.0,6.7e-08,0.0,0.0,0.0,0.0,0.0,0.0,0.0,0.0,0.0,0.0,0.0,0.0,0.0,0.0,0.0,0.0,0.0,0.018015215,0.003781305,-0.000932906,0.037102504,6.7e-08,0.119891168,0.277119637,0.001303363,0.175452558,0.119839788,0.007818475
p95,1806,-0.007650493,0.282873291,0.005782223,-0.00239134,0.0,-0.004170169,0.006154231,0.088280217,0.033593507,0.004745074,0.0,0.0,0.0,0.0,0.0,0.0,0.0,0.0,0.0,0.0,0.0,0.0,0.0,0.0,0.0,0.0,0.0,0.0,0.0,0.0,0.0,0.0,0.0,0.0,0.0,0.0,0.0,0.0,0.0,0.0,0.0,6.82e-08,0.0,0.0,0.0,0.0,0.0,0.0,0.0,0.0,0.0,0.0,0.0,0.0,0.0,0.0,0.0,0.0,0.0,0.018606641,0.003850056,2.75e-05,0.037767315,6.82e-08,0.123394092,0.361304877,0.001397698,0.258595593,0.121998238,0.00929381
p95,1807,-0.020490951,0.303292944,0.006088238,-0.002687254,0.0,-0.004323073,0.006816228,0.089846078,0.034183474,0.004829542,0.0,0.0,0.0,0.0,0.0,0.0,0.0,0.0,0.0,0.0,0.0,0.0,0.0,0.0,0.0,0.0,0.0,0.0,0.0,0.0,0.0,0.0,0.0,0.0,0.0,0.0,0.0,0.0,0.0,0.0,0.0,6.94e-08,0.0,0.0,0.0,0.0,0.0,0.0,0.0,0.0,0.0,0.0,0.0,0.0,0.0,0.0,0.0,0.0,0.0,0.01949847,0.003918807,-0.000428335,0.03843159,6.94e-08,0.125254315,0.362500579,0.001700972,0.260426795,0.124157277,0.009275221
p95,1808,-0.023498396,0.306356821,0.007642297,-0.003463202,0.0,-0.004477991,0.009379717,0.091411572,0.034773104,0.004914001,0.0,0.0,0.0,0.0,0.0,0.0,0.0,0.0,0.0,0.0,0.0,0.0,0.0,0.0,0.0,0.0,0.0,0.0,0.0,0.0,0.0,0.0,0.0,0.0,0.0,0.0,0.0,0.0,0.0,0.0,0.0,7.06e-08,0.0,0.0,0.0,0.0,0.0,0.0,0.0,0.0,0.0,0.0,0.0,0.0,0.0,0.0,0.0,0.0,0.0,0.02285049,0.003987558,-0.001363397,0.039095481,7.06e-08,0.128641276,0.360290216,0.003354671,0.25891705,0.126315457,0.011172537
p95,1809,-0.026624191,-2.55765324,0.006542102,-0.003051761,0.0,-0.004635975,0.007927522,0.092976699,0.035362397,0.00499845,0.0,0.0,0.0,0.0,0.0,0.0,0.0,0.0,0.0,0.0,0.0,0.0,0.0,0.0,0.0,0.0,0.0,0.0,0.0,0.0,0.0,0.0,0.0,0.0,0.0,0.0,0.0,0.0,0.0,0.0,0.0,7.18e-08,0.0,0.0,0.0,0.0,0.0,0.0,0.0,0.0,0.0,0.0,0.0,0.0,0.0,0.0,0.0,0.0,0.0,0.021087402,0.004056309,-0.001152395,0.039759025,7.18e-08,0.12915481,-2.528398627,0.002177443,-2.616592612,0.128473274,0.009371054
p95,1810,-0.029720308,-2.982767031,0.006946474,-0.003197687,0.0,-0.004801155,0.008436495,0.094541459,0.035951353,0.00508289,0.0,0.0,0.0,0.0,0.0,0.0,0.0,0.0,0.0,0.0,0.0,0.0,0.0,0.0,0.0,0.0,0.0,0.0,0.0,0.0,0.0,0.0,0.0,0.0,0.0,0.0,0.0,0.0,0.0,0.0,0.0,7.3e-08,0.0,0.0,0.0,0.0,0.0,0.0,0.0,0.0,0.0,0.0,0.0,0.0,0.0,0.0,0.0,0.0,0.0,0.021783236,0.00412506,-0.001203784,0.040422224,7.3e-08,0.131452154,-2.959632097,0.002388263,-3.047441035,0.130629076,0.00972501
p95,1811,-0.029111137,-1.227618497,0.006833786,-0.00292827,0.0,-0.004963328,0.007610393,0.096105853,0.036539972,0.005167321,0.0,0.0,0.0,0.0,0.0,0.0,0.0,0.0,0.0,0.0,0.0,0.0,0.0,0.0,0.0,0.0,0.0,0.0,0.0,0.0,0.0,0.0,0.0,0.0,0.0,0.0,0.0,0.0,0.0,0.0,0.0,7.43e-08,0.0,0.0,0.0,0.0,0.0,0.0,0.0,0.0,0.0,0.0,0.0,0.0,0.0,0.0,0.0,0.0,0.0,0.021006088,0.004193811,-0.000355635,0.041085069,7.43e-08,0.133608923,-1.193008912,0.001652334,-1.290881466,0.132784843,0.00965943
p95,1812,-0.025538823,-0.584038324,0.006659882,-0.002671595,0.0,-0.005134112,0.006882181,0.09766988,0.037128256,0.005251742,0.0,0.0,0.0,0.0,0.0,0.0,0.0,0.0,0.0,0.0,0.0,0.0,0.0,0.0,0.0,0.0,0.0,0.0,0.0,0.0,0.0,0.0,0.0,0.0,0.0,0.0,0.0,0.0,0.0,0.0,0.0,7.55e-08,0.0,0.0,0.0,0.0,0.0,0.0,0.0,0.0,0.0,0.0,0.0,0.0,0.0,0.0,0.0,0.0,0.0,0.020330589,0.004262562,0.00028626,0.041747565,7.55e-08,0.135756928,-0.533819302,0.001014007,-0.639392146,0.134940927,0.009542876
p95,1813,-0.019803008,-0.553975502,0.006507115,-0.002823301,0.0,-0.005313101,0.007128544,0.09923354,0.037716205,0.005336155,0.0,0.0,0.0,0.0,0.0,0.0,0.0,0.0,0.0,0.0,0.0,0.0,0.0,0.0,0.0,0.0,0.0,0.0,0.0,0.0,0.0,0.0,0.0,0.0,0.0,0.0,0.0,0.0,0.0,0.0,0.0,7.67e-08,0.0,0.0,0.0,0.0,0.0,0.0,0.0,0.0,0.0,0.0,0.0,0.0,0.0,0.0,0.0,0.0,0.0,0.020508756,0.004331313,-0.000276736,0.042409717,7.67e-08,0.136821601,-0.49501404,0.001015183,-0.60020511,0.137096356,0.008750523
p95,1814,-0.017602371,-0.622046615,0.007273266,-0.003738672,0.0,-0.005489258,0.009290826,0.100796835,0.03830382,0.005420558,0.0,0.0,0.0,0.0,0.0,0.0,0.0,0.0,0.0,0.0,0.0,0.0,0.0,0.0,0.0,0.0,0.0,0.0,0.0,0.0,0.0,0.0,0.0,0.0,0.0,0.0,0.0,0.0,0.0,0.0,0.0,7.79e-08,0.0,0.0,0.0,0.0,0.0,0.0,0.0,0.0,0.0,0.0,0.0,0.0,0.0,0.0,0.0,0.0,0.0,0.023232306,0.004400064,-0.002083204,0.043071524,7.79e-08,0.138472797,-0.566990566,0.002319485,-0.665650932,0.139251131,0.008886896
p95,1815,-0.006984488,-2.312318799,0.007951531,-0.0035803,0.0,-0.00566059,0.009249612,0.102359764,0.0388911,0.005504952,0.0,0.0,0.0,0.0,0.0,0.0,0.0,0.0,0.0,0.0,0.0,0.0,0.0,0.0,0.0,0.0,0.0,0.0,0.0,0.0,0.0,0.0,0.0,0.0,0.0,0.0,0.0,0.0,0.0,0.0,0.0,7.91e-08,0.0,0.0,0.0,0.0,0.0,0.0,0.0,0.0,0.0,0.0,0.0,0.0,0.0,0.0,0.0,0.0,0.0,0.023487904,0.004468815,-0.000951138,0.043732988,7.91e-08,0.141831968,-2.24535413,0.002125547,-2.340991346,0.141405251,0.010073582
p95,1816,0.006282345,-4.307500196,0.007052329,-0.003576044,0.0,-0.005837368,0.008459545,0.103922327,0.039478047,0.005589337,0.0,0.0,0.0,0.0,0.0,0.0,0.0,0.0,0.0,0.0,0.0,0.0,0.0,0.0,0.0,0.0,0.0,0.0,0.0,0.0,0.0,0.0,0.0,0.0,0.0,0.0,0.0,0.0,0.0,0.0,0.0,8.03e-08,0.0,0.0,0.0,0.0,0.0,0.0,0.0,0.0,0.0,0.0,0.0,0.0,0.0,0.0,0.0,0.0,0.0,0.02227482,0.004537566,-0.001511321,0.044394109,8.03e-08,0.141916356,-4.221226208,0.001427274,-4.318411521,0.143558718,0.008041191
p95,1817,0.004225285,-3.139352414,0.00844129,-0.003913595,0.0,-0.00601035,0.009770605,0.105484524,0.04006466,0.005673713,0.0,0.0,0.0,0.0,0.0,0.0,0.0,0.0,0.0,0.0,0.0,0.0,0.0,0.0,0.0,0.0,0.0,0.0,0.0,0.0,0.0,0.0,0.0,0.0,0.0,0.0,0.0,0.0,0.0,0.0,0.0,8.16e-08,0.0,0.0,0.0,0.0,0.0,0.0,0.0,0.0,0.0,0.0,0.0,0.0,0.0,0.0,0.0,0.0,0.0,0.024181893,0.004606317,-0.001112747,0.045054887,8.16e-08,0.145651462,-3.056527903,0.002141132,-3.153380495,0.145710494,0.009961667
p95,1818,-0.001138643,-1.714844344,0.009309379,-0.004475491,0.0,-0.006176765,0.011233357,0.107046356,0.040650941,0.00575808,0.0,0.0,0.0,0.0,0.0,0.0,0.0,0.0,0.0,0.0,0.0,0.0,0.0,0.0,0.0,0.0,0.0,0.0,0.0,0.0,0.0,0.0,0.0,0.0,0.0,0.0,0.0,0.0,0.0,0.0,0.0,8.28e-08,0.0,0.0,0.0,0.0,0.0,0.0,0.0,0.0,0.0,0.0,0.0,0.0,0.0,0.0,0.0,0.0,0.0,0.026541507,0.004675068,-0.001786696,0.045715323,8.28e-08,0.148504164,-1.640088416,0.002993621,-1.736289057,0.147862347,0.011124002
p95,1819,-0.006057113,-0.563690321,0.008598755,-0.00408832,0.0,-0.006352701,0.010261985,0.108607823,0.041236889,0.005842437,0.0,0.0,0.0,0.0,0.0,0.0,0.0,0.0,0.0,0.0,0.0,0.0,0.0,0.0,0.0,0.0,0.0,0.0,0.0,0.0,0.0,0.0,0.0,0.0,0.0,0.0,0.0,0.0,0.0,0.0,0.0,8.4e-08,0.0,0.0,0.0,0.0,0.0,0.0,0.0,0.0,0.0,0.0,0.0,0.0,0.0,0.0,0.0,0.0,0.0,0.024843789,0.004743819,-0.001510279,0.046375483,8.4e-08,0.149158261,-0.482729364,0.002152171,-0.591094279,0.150013019,0.009531325
p95,1820,-0.015229186,-0.008213184,0.008554995,-0.004452519,0.0,-0.006542817,0.010951619,0.110168925,0.041822507,0.005926785,0.0,0.0,0.0,0.0,0.0,0.0,0.0,0.0,0.0,0.0,0.0,0.0,0.0,0.0,0.0,0.0,0.0,0.0,0.0,0.0,0.0,0.0,0.0,0.0,0.0,0.0,0.0,0.0,0.0,0.0,0.0,8.52e-08,0.0,0.0,0.0,0.0,0.0,0.0,0.0,0.0,0.0,0.0,0.0,0.0,0.0,0.0,0.0,0.0,0.0,0.025604915,0.00481257,-0.002569694,0.047035412,8.52e-08,0.150240599,0.105193386,0.002440015,-0.026153631,0.152162586,0.008793007
p95,1821,-0.021832432,0.059378999,0.009588751,-0.004512699,0.0,-0.006740673,0.011497246,0.111729662,0.042407792,0.006011124,0.0,0.0,0.0,0.0,0.0,0.0,0.0,0.0,0.0,0.0,0.0,0.0,0.0,0.0,0.0,0.0,0.0,0.0,0.0,0.0,0.0,0.0,0.0,0.0,0.0,0.0,0.0,0.0,0.0,0.0,0.0,8.64e-08,0.0,0.0,0.0,0.0,0.0,0.0,0.0,0.0,0.0,0.0,0.0,0.0,0.0,0.0,0.0,0.0,0.0,0.026571706,0.004881321,-0.001671288,0.047695005,8.64e-08,0.153743937,0.16003917,0.002617051,0.027696173,0.154311428,0.010350208
p95,1822,-0.023260681,0.045051213,0.008457295,-0.004386145,0.0,-0.006942328,0.010573193,0.113290035,0.042992748,0.006095454,0.0,0.0,0.0,0.0,0.0,0.0,0.0,0.0,0.0,0.0,0.0,0.0,0.0,0.0,0.0,0.0,0.0,0.0,0.0,0.0,0.0,0.0,0.0,0.0,0.0,0.0,0.0,0.0,0.0,0.0,0.0,8.77e-08,0.0,0.0,0.0,0.0,0.0,0.0,0.0,0.0,0.0,0.0,0.0,0.0,0.0,0.0,0.0,0.0,0.0,0.024906549,0.004950072,-0.00228616,0.048354263,8.77e-08,0.153266909,0.145864127,0.00178675,0.013992288,0.156459378,0.007737439
p95,1823,-0.026340201,-0.324538903,0.008441598,-0.004264456,0.0,-0.007144472,0.010017889,0.114850043,0.043577373,0.006179775,0.0,0.0,0.0,0.0,0.0,0.0,0.0,0.0,0.0,0.0,0.0,0.0,0.0,0.0,0.0,0.0,0.0,0.0,0.0,0.0,0.0,0.0,0.0,0.0,0.0,0.0,0.0,0.0,0.0,0.0,0.0,8.89e-08,0.0,0.0,0.0,0.0,0.0,0.0,0.0,0.0,0.0,0.0,0.0,0.0,0.0,0.0,0.0,0.0,0.0,0.024413414,0.005018823,-0.001719824,0.049013186,8.89e-08,0.155260732,-0.261518921,0.001228753,-0.381179257,0.158606638,0.007546965
p95,1824,-0.022357512,-0.040858118,0.010162657,-0.004451941,0.0,-0.007334815,0.011145384,0.116409687,0.044161668,0.006264087,0.0,0.0,0.0,0.0,0.0,0.0,0.0,0.0,0.0,0.0,0.0,0.0,0.0,0.0,0.0,0.0,0.0,0.0,0.0,0.0,0.0,0.0,0.0,0.0,0.0,0.0,0.0,0.0,0.0,0.0,0.0,9.01e-08,0.0,0.0,0.0,0.0,0.0,0.0,0.0,0.0,0.0,0.0,0.0,0.0,0.0,0.0,0.0,0.0,0.0,0.026003711,0.005087574,-0.000540742,0.049671774,9.01e-08,0.159626404,0.063603532,0.001781495,-0.074550348,0.160753209,0.010028473
p95,1825,-0.013150002,0.095137033,0.009708806,-0.004900115,0.0,-0.007538773,0.011666204,0.117968967,0.044745634,0.006348389,0.0,0.0,0.0,0.0,0.0,0.0,0.0,0.0,0.0,0.0,0.0,0.0,0.0,0.0,0.0,0.0,0.0,0.0,0.0,0.0,0.0,0.0,0.0,0.0,0.0,0.0,0.0,0.0,0.0,0.0,0.0,9.13e-08,0.0,0.0,0.0,0.0,0.0,0.0,0.0,0.0,0.0,0.0,0.0,0.0,0.0,0.0,0.0,0.0,0.0,0.026337103,0.005156325,-0.002099804,0.050330029,9.13e-08,0.159682136,0.207004104,0.001930544,0.068715304,0.162899584,0.008271179
p95,1826,0.002495696,0.256890971,0.010391424,-0.004749747,0.0,-0.007742924,0.011744442,0.119527883,0.045329272,0.006432682,0.0,0.0,0.0,0.0,0.0,0.0,0.0,0.0,0.0,0.0,0.0,0.0,0.0,0.0,0.0,0.0,0.0,0.0,0.0,0.0,0.0,0.0,0.0,0.0,0.0,0.0,0.0,0.0,0.0,0.0,0.0,9.25e-08,0.0,0.0,0.0,0.0,0.0,0.0,0.0,0.0,0.0,0.0,0.0,0.0,0.0,0.0,0.0,0.0,0.0,0.026369316,0.005225076,-0.001069673,0.050987951,9.25e-08,0.162654961,0.376534065,0.001786422,0.241902826,0.165045762,0.009122835
p95,1827,0.018290394,0.278327759,0.0110723,-0.005251767,0.0,-0.00795595,0.012734239,0.121086436,0.045912581,0.006516967,0.0,0.0,0.0,0.0,0.0,0.0,0.0,0.0,0.0,0.0,0.0,0.0,0.0,0.0,0.0,0.0,0.0,0.0,0.0,0.0,0.0,0.0,0.0,0.0,0.0,0.0,0.0,0.0,0.0,0.0,0.0,9.37e-08,0.0,0.0,0.0,0.0,0.0,0.0,0.0,0.0,0.0,0.0,0.0,0.0,0.0,0.0,0.0,0.0,0.0,0.02753955,0.005293827,-0.001570228,0.051645539,9.37e-08,0.164640043,0.414810951,0.002252854,0.280159261,0.167191113,0.009360339
p95,1828,0.030496076,0.207318498,0.012546934,-0.006224361,0.0,-0.008163566,0.015436661,0.122644625,0.046495563,0.006601242,0.0,0.0,0.0,0.0,0.0,0.0,0.0,0.0,0.0,0.0,0.0,0.0,0.0,0.0,0.0,0.0,0.0,0.0,0.0,0.0,0.0,0.0,0.0,0.0,0.0,0.0,0.0,0.0,0.0,0.0,0.0,9.5e-08,0.0,0.0,0.0,0.0,0.0,0.0,0.0,0.0,0.0,0.0,0.0,0.0,0.0,0.0,0.0,0.0,0.0,0.030865519,0.005362578,-0.002916631,0.052302796,9.5e-08,0.167688443,0.361692869,0.003915428,0.221784607,0.169334719,0.010744453
p95,1829,0.042366137,0.228780841,0.011623098,-0.005869007,0.0,-0.008369691,0.014141061,0.12420245,0.047078217,0.006685508,0.0,0.0,0.0,0.0,0.0,0.0,0.0,0.0,0.0,0.0,0.0,0.0,0.0,0.0,0.0,0.0,0.0,0.0,0.0,0.0,0.0,0.0,0.0,0.0,0.0,0.0,0.0,0.0,0.0,0.0,0.0,9.62e-08,0.0,0.0,0.0,0.0,0.0,0.0,0.0,0.0,0.0,0.0,0.0,0.0,0.0,0.0,0.0,0.0,0.0,0.029276409,0.005431329,-0.002674739,0.05295972,9.62e-08,0.168142905,0.393026339,0.002788492,0.25373728,0.171479068,0.009030277
p95,1830,0.047012331,0.287088626,0.011985123,-0.00716975,0.0,-0.008609506,0.015060672,0.125759913,0.047660545,0.006769764,0.0,0.0,0.0,0.0,0.0,0.0,0.0,0.0,0.0,0.0,0.0,0.0,0.0,0.0,0.0,0.0,0.0,0.0,0.0,0.0,0.0,0.0,0.0,0.0,0.0,0.0,0.0,0.0,0.0,0.0,0.0,9.74e-08,0.0,0.0,0.0,0.0,0.0,0.0,0.0,0.0,0.0,0.0,0.0,0.0,0.0,0.0,0.0,0.0,0.0,0.030180007,0.00550008,-0.004423683,0.053616197,9.74e-08,0.16853708,0.450608679,0.003172774,0.314986781,0.173622235,0.007623554
p95,1831,0.022269035,-0.403664206,0.011711672,-0.006431747,0.0,-0.00889072,0.01378974,0.127317013,0.048242547,0.006854012,0.0,0.0,0.0,0.0,0.0,0.0,0.0,0.0,0.0,0.0,0.0,0.0,0.0,0.0,0.0,0.0,0.0,0.0,0.0,0.0,0.0,0.0,0.0,0.0,0.0,0.0,0.0,0.0,0.0,0.0,0.0,9.86e-08,0.0,0.0,0.0,0.0,0.0,0.0,0.0,0.0,0.0,0.0,0.0,0.0,0.0,0.0,0.0,0.0,0.0,0.028670877,0.005568831,-0.002921,0.054272302,9.86e-08,0.170432045,-0.274261729,0.002034225,-0.400798631,0.175764146,0.007291136
p95,1832,0.001368671,-2.129347798,0.012029759,-0.006383188,0.0,-0.009167006,0.013726707,0.12887375,0.048824222,0.006938251,0.0,0.0,0.0,0.0,0.0,0.0,0.0,0.0,0.0,0.0,0.0,0.0,0.0,0.0,0.0,0.0,0.0,0.0,0.0,0.0,0.0,0.0,0.0,0.0,0.0,0.0,0.0,0.0,0.0,0.0,0.0,9.98e-08,0.0,0.0,0.0,0.0,0.0,0.0,0.0,0.0,0.0,0.0,0.0,0.0,0.0,0.0,0.0,0.0,0.0,0.028715823,0.005637582,-0.002387078,0.054928073,9.98e-08,0.172597907,-2.04011425,0.001711989,-2.151911179,0.177905937,0.007443131
p95,1833,-0.016321023,-0.972289217,0.011951467,-0.006603891,0.0,-0.009449799,0.014028092,0.130430124,0.049405573,0.00702248,0.0,0.0,0.0,0.0,0.0,0.0,0.0,0.0,0.0,0.0,0.0,0.0,0.0,0.0,0.0,0.0,0.0,0.0,0.0,0.0,0.0,0.0,0.0,0.0,0.0,0.0,0.0,0.0,0.0,0.0,0.0,1.01e-07,0.0,0.0,0.0,0.0,0.0,0.0,0.0,0.0,0.0,0.0,0.0,0.0,0.0,0.0,0.0,0.0,0.0,0.028761198,0.005706333,-0.002984054,0.05558357,1.01e-07,0.173404651,-0.901812473,0.001623742,-1.018899405,0.180048229,0.006359217
p95,1834,-0.015468049,-0.125096977,0.012835364,-0.007478213,0.0,-0.009728061,0.016109621,0.131986136,0.049986598,0.007106701,0.0,0.0,0.0,0.0,0.0,0.0,0.0,0.0,0.0,0.0,0.0,0.0,0.0,0.0,0.0,0.0,0.0,0.0,0.0,0.0,0.0,0.0,0.0,0.0,0.0,0.0,0.0,0.0,0.0,0.0,0.0,1.02e-07,0.0,0.0,0.0,0.0,0.0,0.0,0.0,0.0,0.0,0.0,0.0,0.0,0.0,0.0,0.0,0.0,0.0,0.031118505,0.005775084,-0.004524526,0.05623882,1.02e-07,0.175228939,-0.017453894,0.002718142,-0.162090932,0.182189833,0.006394214
p95,1835,0.014343437,-1.481266014,0.013602071,-0.007316682,0.0,-0.010000467,0.016029685,0.133541786,0.050567299,0.007190912,0.0,0.0,0.0,0.0,0.0,0.0,0.0,0.0,0.0,0.0,0.0,0.0,0.0,0.0,0.0,0.0,0.0,0.0,0.0,0.0,0.0,0.0,0.0,0.0,0.0,0.0,0.0,0.0,0.0,0.0,0.0,1.03e-07,0.0,0.0,0.0,0.0,0.0,0.0,0.0,0.0,0.0,0.0,0.0,0.0,0.0,0.0,0.0,0.0,0.0,0.031017259,0.005843835,-0.003243688,0.056893731,1.03e-07,0.178101102,-1.376772813,0.002393964,-1.488855325,0.184330713,0.00726747
p95,1836,0.077992296,-1.452199782,0.013203546,-0.008089359,0.0,-0.010276558,0.016148425,0.135097074,0.051147677,0.007275114,0.0,0.0,0.0,0.0,0.0,0.0,0.0,0.0,0.0,0.0,0.0,0.0,0.0,0.0,0.0,0.0,0.0,0.0,0.0,0.0,0.0,0.0,0.0,0.0,0.0,0.0,0.0,0.0,0.0,0.0,0.0,1.05e-07,0.0,0.0,0.0,0.0,0.0,0.0,0.0,0.0,0.0,0.0,0.0,0.0,0.0,0.0,0.0,0.0,0.0,0.030462348,0.005912586,-0.004766329,0.057548312,1.05e-07,0.177411609,-1.294438539,0.00218157,-1.405883531,0.186470329,0.004653052
p95,1837,0.112793146,-0.378956945,0.014768169,-0.00837325,0.0,-0.010551897,0.017560923,0.136652,0.051727731,0.007359308,0.0,0.0,0.0,0.0,0.0,0.0,0.0,0.0,0.0,0.0,0.0,0.0,0.0,0.0,0.0,0.0,0.0,0.0,0.0,0.0,0.0,0.0,0.0,0.0,0.0,0.0,0.0,0.0,0.0,0.0,0.0,1.06e-07,0.0,0.0,0.0,0.0,0.0,0.0,0.0,0.0,0.0,0.0,0.0,0.0,0.0,0.0,0.0,0.0,0.0,0.032424184,0.005981337,-0.004162646,0.058202564,1.06e-07,0.181334323,-0.170060037,0.002837219,-0.301514767,0.188608649,0.006688113
p95,1838,0.076999557,-0.357291007,0.015700064,-0.009053946,0.0,-0.010831201,0.019021052,0.138206565,0.052307462,0.007443492,0.0,0.0,0.0,0.0,0.0,0.0,0.0,0.0,0.0,0.0,0.0,0.0,0.0,0.0,0.0,0.0,0.0,0.0,0.0,0.0,0.0,0.0,0.0,0.0,0.0,0.0,0.0,0.0,0.0,0.0,0.0,1.07e-07,0.0,0.0,0.0,0.0,0.0,0.0,0.0,0.0,0.0,0.0,0.0,0.0,0.0,0.0,0.0,0.0,0.0,0.034413304,0.006050088,-0.004874513,0.058856419,1.07e-07,0.183814254,-0.174849464,0.003551039,-0.30822622,0.190746782,0.007334566
p95,1839,0.062818792,0.020055918,0.015106981,-0.009008808,0.0,-0.011107855,0.018339125,0.139760768,0.052886871,0.007527667,0.0,0.0,0.0,0.0,0.0,0.0,0.0,0.0,0.0,0.0,0.0,0.0,0.0,0.0,0.0,0.0,0.0,0.0,0.0,0.0,0.0,0.0,0.0,0.0,0.0,0.0,0.0,0.0,0.0,0.0,0.0,1.08e-07,0.0,0.0,0.0,0.0,0.0,0.0,0.0,0.0,0.0,0.0,0.0,0.0,0.0,0.0,0.0,0.0,0.0,0.033008004,0.006118839,-0.005088821,0.059509842,1.08e-07,0.183787616,0.241397965,0.002791935,0.079147047,0.192884537,0.005293558
p95,1840,0.037532476,0.251842473,0.014495074,-0.009348102,0.0,-0.011382028,0.018191566,0.14131461,0.053465957,0.007611833,0.0,0.0,0.0,0.0,0.0,0.0,0.0,0.0,0.0,0.0,0.0,0.0,0.0,0.0,0.0,0.0,0.0,0.0,0.0,0.0,0.0,0.0,0.0,0.0,0.0,0.0,0.0,0.0,0.0,0.0,0.0,1.1e-07,0.0,0.0,0.0,0.0,0.0,0.0,0.0,0.0,0.0,0.0,0.0,0.0,0.0,0.0,0.0,0.0,0.0,0.032321416,0.00618759,-0.006094026,0.060162935,1.1e-07,0.183590087,0.420411342,0.002410836,0.270446748,0.195020293,0.003081242
p95,1841,0.012337966,0.297597661,0.016385631,-0.009956691,0.0,-0.011646126,0.020033158,0.14286809,0.054044723,0.007695989,0.0,0.0,0.0,0.0,0.0,0.0,0.0,0.0,0.0,0.0,0.0,0.0,0.0,0.0,0.0,0.0,0.0,0.0,0.0,0.0,0.0,0.0,0.0,0.0,0.0,0.0,0.0,0.0,0.0,0.0,0.0,1.11e-07,0.0,0.0,0.0,0.0,0.0,0.0,0.0,0.0,0.0,0.0,0.0,0.0,0.0,0.0,0.0,0.0,0.0,0.034864669,0.006256341,-0.005832314,0.060815697,1.11e-07,0.187725606,0.440888455,0.00338499,0.290350148,0.197156723,0.005408846
p95,1842,0.000104733,0.305421881,0.014976901,-0.009981168,0.0,-0.011911529,0.018812076,0.14442121,0.054623167,0.007780137,0.0,0.0,0.0,0.0,0.0,0.0,0.0,0.0,0.0,0.0,0.0,0.0,0.0,0.0,0.0,0.0,0.0,0.0,0.0,0.0,0.0,0.0,0.0,0.0,0.0,0.0,0.0,0.0,0.0,0.0,0.0,1.12e-07,0.0,0.0,0.0,0.0,0.0,0.0,0.0,0.0,0.0,0.0,0.0,0.0,0.0,0.0,0.0,0.0,0.0,0.033081709,0.006325092,-0.006685742,0.061468129,1.12e-07,0.186594242,0.433041301,0.00230054,0.283841862,0.199290767,0.00222514
p95,1843,-0.012015951,-0.110433186,0.014544917,-0.009751393,0.0,-0.012177024,0.017715001,0.14597397,0.055201291,0.007864276,0.0,0.0,0.0,0.0,0.0,0.0,0.0,0.0,0.0,0.0,0.0,0.0,0.0,0.0,0.0,0.0,0.0,0.0,0.0,0.0,0.0,0.0,0.0,0.0,0.0,0.0,0.0,0.0,0.0,0.0,0.0,1.13e-07,0.0,0.0,0.0,0.0,0.0,0.0,0.0,0.0,0.0,0.0,0.0,0.0,0.0,0.0,0.0,0.0,0.0,0.031645626,0.006393843,-0.006160398,0.062120231,1.13e-07,0.187482147,0.013658595,0.001337995,-0.142993768,0.201426113,0.000999901
p95,1844,-0.011675562,0.093079872,0.016298965,-0.010337332,0.0,-0.012433988,0.019046136,0.147526368,0.055779094,0.007948406,0.0,0.0,0.0,0.0,0.0,0.0,0.0,0.0,0.0,0.0,0.0,0.0,0.0,0.0,0.0,0.0,0.0,0.0,0.0,0.0,0.0,0.0,0.0,0.0,0.0,0.0,0.0,0.0,0.0,0.0,0.0,1.14e-07,0.0,0.0,0.0,0.0,0.0,0.0,0.0,0.0,0.0,0.0,0.0,0.0,0.0,0.0,0.0,0.0,0.0,0.033327088,0.006462594,-0.005632838,0.062772005,1.14e-07,0.191118868,0.232493309,0.001953659,0.067667455,0.203560769,0.002773208
p95,1845,0.005529434,0.165794898,0.016134376,-0.011583987,0.0,-0.012693488,0.020193628,0.149078407,0.056356578,0.008032526,0.0,0.0,0.0,0.0,0.0,0.0,0.0,0.0,0.0,0.0,0.0,0.0,0.0,0.0,0.0,0.0,0.0,0.0,0.0,0.0,0.0,0.0,0.0,0.0,0.0,0.0,0.0,0.0,0.0,0.0,0.0,1.16e-07,0.0,0.0,0.0,0.0,0.0,0.0,0.0,0.0,0.0,0.0,0.0,0.0,0.0,0.0,0.0,0.0,0.0,0.034123046,0.006531345,-0.008173266,0.063423447,1.16e-07,0.190473225,0.315165915,0.002431393,0.153945017,0.205694767,0.000374457
p95,1846,0.027001508,-0.302749159,0.0171078,-0.011394949,0.0,-0.012959183,0.020401248,0.150630085,0.056933743,0.008116638,0.0,0.0,0.0,0.0,0.0,0.0,0.0,0.0,0.0,0.0,0.0,0.0,0.0,0.0,0.0,0.0,0.0,0.0,0.0,0.0,0.0,0.0,0.0,0.0,0.0,0.0,0.0,0.0,0.0,0.0,0.0,1.17e-07,0.0,0.0,0.0,0.0,0.0,0.0,0.0,0.0,0.0,0.0,0.0,0.0,0.0,0.0,0.0,0.0,0.0,0.034106696,0.006600096,-0.00687697,0.064074556,1.17e-07,0.193571762,-0.15255227,0.002316218,-0.297792536,0.207827237,0.001432331
p95,1847,0.056208903,0.032647657,0.01824394,-0.012737588,0.0,-0.01322141,0.022360868,0.152181403,0.057510589,0.008200741,0.0,0.0,0.0,0.0,0.0,0.0,0.0,0.0,0.0,0.0,0.0,0.0,0.0,0.0,0.0,0.0,0.0,0.0,0.0,0.0,0.0,0.0,0.0,0.0,0.0,0.0,0.0,0.0,0.0,0.0,0.0,1.18e-07,0.0,0.0,0.0,0.0,0.0,0.0,0.0,0.0,0.0,0.0,0.0,0.0,0.0,0.0,0.0,0.0,0.0,0.036044985,0.006668847,-0.008503464,0.064725338,1.18e-07,0.195095545,0.255165651,0.003364617,0.083004585,0.209959729,0.00119798
p95,1848,0.088293824,0.253856268,0.019163205,-0.013964804,0.0,-0.013473982,0.024485506,0.153732362,0.058087117,0.008284834,0.0,0.0,0.0,0.0,0.0,0.0,0.0,0.0,0.0,0.0,0.0,0.0,0.0,0.0,0.0,0.0,0.0,0.0,0.0,0.0,0.0,0.0,0.0,0.0,0.0,0.0,0.0,0.0,0.0,0.0,0.0,1.19e-07,0.0,0.0,0.0,0.0,0.0,0.0,0.0,0.0,0.0,0.0,0.0,0.0,0.0,0.0,0.0,0.0,0.0,0.038676356,0.006737598,-0.010351743,0.065375793,1.19e-07,0.197030518,0.475104733,0.004599978,0.317431572,0.212090406,0.001257573
p95,1849,0.079225346,0.297963629,0.018752171,-0.014152769,0.0,-0.013737739,0.023849878,0.15528296,0.058663327,0.008368919,0.0,0.0,0.0,0.0,0.0,0.0,0.0,0.0,0.0,0.0,0.0,0.0,0.0,0.0,0.0,0.0,0.0,0.0,0.0,0.0,0.0,0.0,0.0,0.0,0.0,0.0,0.0,0.0,0.0,0.0,0.0,1.21e-07,0.0,0.0,0.0,0.0,0.0,0.0,0.0,0.0,0.0,0.0,0.0,0.0,0.0,0.0,0.0,0.0,0.0,0.037768086,0.006806349,-0.010678408,0.06602601,1.21e-07,0.197314461,0.507972471,0.003861393,0.352088955,0.214220104,-0.000395562
p95,1850,0.052758127,0.305365831,0.019403644,-0.014455344,0.0,-0.014097084,0.024697113,0.1568332,0.05923922,0.008452994,0.0,0.0,0.0,0.0,0.0,0.0,0.0,0.0,0.0,0.0,0.0,0.0,0.0,0.0,0.0,0.0,0.0,0.0,0.0,0.0,0.0,0.0,0.0,0.0,0.0,0.0,0.0,0.0,0.0,0.0,0.0,1.22e-07,0.0,0.0,0.0,0.0,0.0,0.0,0.0,0.0,0.0,0.0,0.0,0.0,0.0,0.0,0.0,0.0,0.0,0.038420677,0.0068751,-0.010875256,0.06667598,1.22e-07,0.199123596,0.493285026,0.004055881,0.335795774,0.216349728,-0.000484539
p95,1851,0.043642229,0.306309196,0.019227508,-0.013825815,0.0,-0.014567927,0.023367627,0.159457168,0.059362888,0.008793051,0.0,0.0,3.93e-10,0.0,0.0,0.0,1.75e-11,0.0,0.0,0.0,0.0,0.0,0.0,7.23e-11,0.0,3.27e-09,0.0,0.0,0.0,0.0,0.0,0.0,0.0,0.0,0.0,0.0,0.0,0.0,0.0,0.0,0.0,1.22e-07,0.0,0.0,0.0,0.0,0.0,0.0,0.0,0.0,0.0,0.0,0.0,0.0,0.0,0.0,0.0,0.0,0.0,0.036680122,0.006889918,-0.009267193,0.067101775,1.24e-07,0.200984104,0.488705641,0.002578744,0.328156425,0.219353563,-0.001439698
p95,1852,0.037410178,0.306244027,0.019308886,-0.013815174,0.0,-0.015024482,0.022925963,0.162424602,0.059915949,0.009132998,0.0,0.0,7.86e-10,0.0,0.0,0.0,3.49e-11,0.0,0.0,0.0,0.0,0.0,0.0,1.45e-10,-6.07e-18,7.03e-09,0.0,0.0,0.0,0.0,0.0,0.0,0.0,0.0,0.0,0.0,0.0,0.0,0.0,0.0,0.0,1.22e-07,0.0,0.0,0.0,0.0,0.0,0.0,0.0,0.0,0.0,0.0,0.0,0.0,0.0,0.0,0.0,0.0,0.0,0.035991361,0.006956027,-0.008858206,0.067954841,1.28e-07,0.203512302,0.485330565,0.001827554,0.322068913,0.223097428,-0.002591452
p95,1853,0.019669621,0.002150041,0.019767092,-0.014477473,0.0,-0.015490205,0.023844946,0.165089471,0.060829382,0.009565,0.0,0.0,1.18e-09,0.0,0.0,0.0,5.24e-11,0.0,0.0,0.0,0.0,0.0,0.0,2.17e-10,-1.8e-17,1.08e-08,0.0,0.0,0.0,0.0,0.0,0.0,0.0,0.0,0.0,0.0,0.0,0.0,0.0,0.0,0.0,1.22e-07,0.0,0.0,0.0,0.0,0.0,0.0,0.0,0.0,0.0,0.0,0.0,0.0,0.0,0.0,0.0,0.0,0.0,0.037004788,0.007065271,-0.009697575,0.069257682,1.31e-07,0.206151514,0.205637715,0.001948073,0.021393506,0.226938592,-0.003400731
p95,1854,0.001103017,-0.186976331,0.020839444,-0.017163682,0.0,-0.015952937,0.026857819,0.167366903,0.06180585,0.010009535,0.0,0.0,1.57e-09,0.0,0.0,0.0,6.99e-11,0.0,0.0,0.0,0.0,0.0,0.0,2.89e-10,-2.98e-17,1.46e-08,0.0,0.0,0.0,0.0,0.0,0.0,0.0,0.0,0.0,0.0,0.0,0.0,0.0,0.0,0.0,1.22e-07,0.0,0.0,0.0,0.0,0.0,0.0,0.0,0.0,0.0,0.0,0.0,0.0,0.0,0.0,0.0,0.0,0.0,0.040199852,0.007182157,-0.013661537,0.070631851,1.34e-07,0.207170655,-0.046233496,0.003474901,-0.209803129,0.230471314,-0.005400347
p95,1855,-0.014284425,0.114274994,0.021494978,-0.016833121,0.0,-0.016407615,0.026500662,0.169213342,0.062980324,0.010487577,0.0,0.0,1.96e-09,0.0,0.0,0.0,8.73e-11,0.0,0.0,0.0,0.0,0.0,0.0,3.62e-10,-3.57e-17,1.84e-08,0.0,0.0,0.0,0.0,0.0,0.0,0.0,0.0,0.0,0.0,0.0,0.0,0.0,0.0,0.0,1.22e-07,0.0,0.0,0.0,0.0,0.0,0.0,0.0,0.0,0.0,0.0,0.0,0.0,0.0,0.0,0.0,0.0,0.0,0.040134938,0.007322883,-0.012279243,0.072228827,1.37e-07,0.21078513,0.262474071,0.00276938,0.083500828,0.233789507,-0.004808581
p95,1856,-0.017040725,0.198672426,0.020605961,-0.017482756,0.0,-0.016863702,0.026081677,0.171338554,0.06405418,0.010969401,0.0,0.0,2.36e-09,0.0,0.0,0.0,1.05e-10,0.0,0.0,0.0,0.0,0.0,0.0,4.34e-10,-4.75e-17,2.22e-08,0.0,0.0,0.0,0.0,0.0,0.0,0.0,0.0,0.0,0.0,0.0,0.0,0.0,0.0,0.0,1.22e-07,0.0,0.0,0.0,0.0,0.0,0.0,0.0,0.0,0.0,0.0,0.0,0.0,0.0,0.0,0.0,0.0,0.0,0.039223808,0.0074517,-0.013866405,0.073735135,1.4e-07,0.210578652,0.331165885,0.002001339,0.158384809,0.237291907,-0.008371764
p95,1857,-0.002935901,-0.572045647,0.022696123,-0.0185036,0.0,-0.017321483,0.028532764,0.174472334,0.065267129,0.011405286,0.0,0.0,2.75e-09,0.0,0.0,0.0,1.22e-10,0.0,0.0,0.0,0.0,0.0,0.0,5.06e-10,-5.97e-17,2.61e-08,0.0,0.0,0.0,0.0,0.0,0.0,0.0,0.0,0.0,0.0,0.0,0.0,0.0,0.0,0.0,1.22e-07,0.0,0.0,0.0,0.0,0.0,0.0,0.0,0.0,0.0,0.0,0.0,0.0,0.0,0.0,0.0,0.0,0.0,0.043121205,0.007597345,-0.014198561,0.075331739,1.44e-07,0.217103209,-0.463859031,0.003205726,-0.605008008,0.241877806,-0.005927135
p95,1858,0.031174845,-0.288062792,0.023399001,-0.019219771,0.0,-0.017783489,0.029632973,0.177818859,0.066658872,0.011774057,0.0,0.0,3.14e-09,0.0,0.0,0.0,1.4e-10,0.0,0.0,0.0,0.0,0.0,0.0,5.79e-10,-7.18e-17,2.99e-08,0.0,0.0,0.0,0.0,0.0,0.0,0.0,0.0,0.0,0.0,0.0,0.0,0.0,0.0,0.0,1.22e-07,0.0,0.0,0.0,0.0,0.0,0.0,0.0,0.0,0.0,0.0,0.0,0.0,0.0,0.0,0.0,0.0,0.0,0.045191499,0.007764646,-0.014966693,0.077051651,1.47e-07,0.221804775,-0.115834733,0.003484302,-0.281267469,0.246774836,-0.005790248
p95,1859,0.071598502,0.100973922,0.022790224,-0.020100143,0.0,-0.018247352,0.029511934,0.18140053,0.068148911,0.012385309,0.0,0.0,3.54e-09,0.0,0.0,0.0,1.57e-10,0.0,0.0,0.0,0.0,0.0,0.0,6.51e-10,-8.43e-17,3.38e-08,0.0,0.0,0.0,0.0,0.0,0.0,0.0,0.0,0.0,0.0,0.0,0.0,0.0,0.0,0.0,1.22e-07,0.0,0.0,0.0,0.0,0.0,0.0,0.0,0.0,0.0,0.0,0.0,0.0,0.0,0.0,0.0,0.0,0.0,0.044691436,0.007944048,-0.016645841,0.079082754,1.5e-07,0.223577871,0.350613522,0.002970309,0.158100172,0.252209802,-0.009068942
p95,1860,0.085427899,0.254500357,0.022305543,-0.021449783,0.0,-0.018632712,0.029813711,0.185365566,0.069545858,0.013088255,0.0,0.0,3.93e-09,0.0,0.0,0.0,1.75e-10,0.0,0.0,0.0,0.0,0.0,0.0,7.23e-10,-9.01e-17,3.78e-08,0.0,0.0,0.0,0.0,0.0,0.0,0.0,0.0,0.0,0.0,0.0,0.0,0.0,0.0,0.0,1.22e-07,0.0,0.0,0.0,0.0,0.0,0.0,0.0,0.0,0.0,0.0,0.0,0.0,0.0,0.0,0.0,0.0,0.0,0.045016136,0.008112499,-0.019104234,0.081103499,1.54e-07,0.225798025,0.49720503,0.002798291,0.31475964,0.258015868,-0.012110029
p95,1861,0.068212521,0.292926374,0.023471228,-0.02210783,0.0,-0.01894457,0.030695578,0.189328181,0.071064936,0.013886897,0.0,0.0,4.32e-09,0.0,0.0,0.0,1.92e-10,0.0,0.0,0.0,0.0,0.0,0.0,7.96e-10,-1.02e-16,4.17e-08,0.0,0.0,0.0,0.0,0.0,0.0,0.0,0.0,0.0,0.0,0.0,0.0,0.0,0.0,0.0,1.22e-07,0.0,0.0,0.0,0.0,0.0,0.0,0.0,0.0,0.0,0.0,0.0,0.0,0.0,0.0,0.0,0.0,0.0,0.047079305,0.008295942,-0.019019224,0.083338909,1.57e-07,0.23269875,0.523501827,0.003150411,0.336496725,0.264024053,-0.010760551
p95,1862,0.05462701,-0.927932051,0.022623135,-0.022164274,0.0,-0.019257335,0.030109722,0.192710135,0.072975517,0.01465176,0.0,0.0,4.71e-09,0.0,0.0,0.0,2.1e-10,0.0,0.0,0.0,0.0,0.0,0.0,8.68e-10,1.37e-08,4.57e-08,0.0,0.0,0.0,0.0,0.0,0.0,0.0,0.0,0.0,0.0,0.0,0.0,0.0,0.0,0.0,1.22e-07,0.0,0.0,0.0,0.0,0.0,0.0,0.0,0.0,0.0,0.0,0.0,0.0,0.0,0.0,0.0,0.0,0.0,0.046872798,0.008526999,-0.019786843,0.085926106,1.71e-07,0.236458297,-0.760805221,0.002532959,-0.903618193,0.269776858,-0.012490755
p95,1863,0.031532234,-0.850085691,0.022057336,-0.022865991,0.0,-0.019564917,0.029279638,0.196175993,0.07524956,0.015328578,0.0,0.0,5.11e-09,0.0,0.0,0.0,2.27e-10,0.0,0.0,0.0,0.0,0.0,0.0,9.4e-10,1.37e-08,4.98e-08,0.0,0.0,0.0,0.0,0.0,0.0,0.0,0.0,0.0,0.0,0.0,0.0,0.0,0.0,0.0,1.22e-07,0.0,0.0,0.0,0.0,0.0,0.0,0.0,0.0,0.0,0.0,0.0,0.0,0.0,0.0,0.0,0.0,0.0,0.046704165,0.008802518,-0.020685994,0.088802374,1.75e-07,0.240379219,-0.696465239,0.001800171,-0.846437057,0.275892982,-0.014484865
p95,1864,0.024522022,-0.093234089,0.023484252,-0.024304727,0.0,-0.019878465,0.030775232,0.199640064,0.077735893,0.015980072,0.0,0.0,5.5e-09,0.0,0.0,0.0,2.45e-10,0.0,0.0,0.0,0.0,0.0,0.0,1.01e-09,1.37e-08,5.38e-08,0.0,0.0,0.0,0.0,0.0,0.0,0.0,0.0,0.0,0.0,0.0,0.0,0.0,0.0,0.0,1.22e-07,0.0,0.0,0.0,0.0,0.0,0.0,0.0,0.0,0.0,0.0,0.0,0.0,0.0,0.0,0.0,0.0,0.0,0.049528761,0.009104424,-0.021687386,0.091867518,1.78e-07,0.247109953,0.12696574,0.002577553,-0.086718685,0.282140443,-0.013445738
p95,1865,0.01124988,0.213294639,0.02371185,-0.026434259,0.0,-0.020186007,0.032766361,0.203124488,0.080109847,0.016676909,0.0,0.0,5.89e-09,0.0,0.0,0.0,2.62e-10,0.0,0.0,0.0,0.0,0.0,0.0,1.09e-09,1.37e-08,5.79e-08,0.0,0.0,0.0,0.0,0.0,0.0,0.0,0.0,0.0,0.0,0.0,0.0,0.0,0.0,0.0,1.22e-07,0.0,0.0,0.0,0.0,0.0,0.0,0.0,0.0,0.0,0.0,0.0,0.0,0.0,0.0,0.0,0.0,0.0,0.052681846,0.009393367,-0.025348173,0.094854287,1.82e-07,0.25123632,0.414580963,0.003688471,0.203341543,0.288374402,-0.014998498
p95,1866,-0.001614551,0.287329796,0.023957178,-0.026682252,0.0,-0.020496994,0.032619263,0.206499462,0.082606163,0.017406811,0.0,0.0,6.29e-09,0.0,0.0,0.0,2.8e-10,0.0,0.0,0.0,0.0,0.0,0.0,1.16e-09,1.37e-08,6.21e-08,0.0,0.0,0.0,0.0,0.0,0.0,0.0,0.0,0.0,0.0,0.0,0.0,0.0,0.0,0.0,1.22e-07,0.0,0.0,0.0,0.0,0.0,0.0,0.0,0.0,0.0,0.0,0.0,0.0,0.0,0.0,0.0,0.0,0.0,0.05353601,0.009697907,-0.025145765,0.097995281,1.86e-07,0.257406315,0.470811725,0.003420432,0.260308537,0.294643168,-0.014681064
p95,1867,-0.011082915,0.300203904,0.024538649,-0.028997908,0.0,-0.02080559,0.034502173,0.210021999,0.085214827,0.01812381,0.0,0.0,6.68e-09,0.0,0.0,0.0,2.97e-10,0.0,0.0,0.0,0.0,0.0,0.0,1.23e-09,2.74e-08,6.63e-08,0.0,0.0,0.0,0.0,0.0,0.0,0.0,0.0,0.0,0.0,0.0,0.0,0.0,0.0,0.0,1.22e-07,0.0,0.0,0.0,0.0,0.0,0.0,0.0,0.0,0.0,0.0,0.0,0.0,0.0,0.0,0.0,0.0,0.0,0.056801063,0.010016914,-0.028369776,0.101239599,2e-07,0.262335128,0.473653128,0.004497873,0.261404303,0.30113543,-0.015612008
p95,1868,0.00881853,0.294843285,0.025599976,-0.030833214,0.0,-0.021116104,0.036876438,0.213031213,0.087546068,0.018894588,0.0,0.0,7.07e-09,0.0,0.0,0.0,3.14e-10,0.0,0.0,0.0,0.0,0.0,0.0,1.3e-09,2.74e-08,7.05e-08,0.0,0.0,0.0,0.0,0.0,0.0,0.0,0.0,0.0,0.0,0.0,0.0,0.0,0.0,0.0,1.22e-07,0.0,0.0,0.0,0.0,0.0,0.0,0.0,0.0,0.0,0.0,0.0,0.0,0.0,0.0,0.0,0.0,0.0,0.060735442,0.010302693,-0.030998405,0.104254538,2.04e-07,0.268184603,0.498328084,0.005918262,0.279196001,0.306924779,-0.015164382
p95,1869,0.043876187,0.009278255,0.024586431,-0.031414488,0.0,-0.021422288,0.035702458,0.215398252,0.089606004,0.019631566,0.0,0.0,7.46e-09,0.0,0.0,0.0,3.32e-10,0.0,0.0,0.0,0.0,0.0,0.0,1.37e-09,2.74e-08,7.48e-08,0.0,0.0,0.0,0.0,0.0,0.0,0.0,0.0,0.0,0.0,0.0,0.0,0.0,0.0,0.0,1.22e-07,0.0,0.0,0.0,0.0,0.0,0.0,0.0,0.0,0.0,0.0,0.0,0.0,0.0,0.0,0.0,0.0,0.0,0.059867628,0.010555754,-0.03204138,0.106972842,2.08e-07,0.269741446,0.293819889,0.00488622,0.051365329,0.311804548,-0.018112876
p95,1870,0.100356539,0.204612086,0.025290089,-0.032925874,0.0,-0.021913868,0.037424656,0.217978023,0.091251685,0.020322645,0.0,0.0,7.86e-09,0.0,0.0,0.0,3.49e-10,0.0,0.0,0.0,0.0,0.0,0.0,1.45e-09,2.74e-08,7.92e-08,0.0,0.0,0.0,0.0,0.0,0.0,0.0,0.0,0.0,0.0,0.0,0.0,0.0,0.0,0.0,1.22e-07,0.0,0.0,0.0,0.0,0.0,0.0,0.0,0.0,0.0,0.0,0.0,0.0,0.0,0.0,0.0,0.0,0.0,0.062445128,0.010758305,-0.034160438,0.109230166,2.12e-07,0.27337122,0.509179791,0.005580715,0.280740875,0.316466501,-0.018804005
p95,1871,0.097813209,0.283379875,0.024661757,-0.033816665,0.0,-0.022593327,0.036389185,0.220748047,0.092363111,0.02111321,0.0,0.0,8.25e-09,0.0,0.0,0.0,3.67e-10,0.0,0.0,0.0,0.0,0.0,0.0,1.52e-09,4.11e-08,8.36e-08,0.0,0.0,0.0,0.0,0.0,0.0,0.0,0.0,0.0,0.0,0.0,0.0,0.0,0.0,0.0,1.22e-07,0.0,0.0,0.0,0.0,0.0,0.0,0.0,0.0,0.0,0.0,0.0,0.0,0.0,0.0,0.0,0.0,0.0,0.061789418,0.010895359,-0.03521592,0.111050241,2.27e-07,0.27395069,0.576023067,0.004177478,0.353022629,0.320918437,-0.022319908
p95,1872,0.087835261,-0.366672335,0.024212918,-0.035454027,0.0,-0.023264378,0.036030565,0.224178463,0.093247202,0.021870213,0.0,0.0,8.64e-09,0.0,0.0,0.0,3.84e-10,0.0,0.0,0.0,0.0,0.0,0.0,1.59e-09,4.11e-08,8.81e-08,0.0,0.0,0.0,0.0,0.0,0.0,0.0,0.0,0.0,0.0,0.0,0.0,0.0,0.0,0.0,1.22e-07,0.0,0.0,0.0,0.0,0.0,0.0,0.0,0.0,0.0,0.0,0.0,0.0,0.0,0.0,0.0,0.0,0.0,0.060752499,0.011004517,-0.037887655,0.112609342,2.31e-07,0.273406094,-0.113848871,0.003265299,-0.312807973,0.325780078,-0.027154248
p95,1873,0.061249563,-0.489424672,0.024665518,-0.038738036,0.0,-0.023920955,0.038588424,0.228160333,0.093914034,0.022614647,0.0,0.0,9.04e-09,0.0,0.0,0.0,4.02e-10,0.0,0.0,0.0,0.0,0.0,0.0,1.66e-09,4.11e-08,9.26e-08,0.0,0.0,0.0,0.0,0.0,0.0,0.0,0.0,0.0,0.0,0.0,0.0,0.0,0.0,0.0,1.22e-07,0.0,0.0,0.0,0.0,0.0,0.0,0.0,0.0,0.0,0.0,0.0,0.0,0.0,0.0,0.0,0.0,0.0,0.063955927,0.011086956,-0.042858727,0.113944921,2.35e-07,0.274432966,-0.273910509,0.004178904,-0.459440263,0.330976771,-0.030811119
p95,1874,0.029769442,0.04438646,0.024799204,-0.038925134,0.0,-0.02456251,0.039515915,0.232247038,0.095089351,0.023333467,0.0,0.0,9.43e-09,0.0,0.0,0.0,4.19e-10,0.0,0.0,0.0,0.0,0.0,0.0,1.74e-09,5.48e-08,9.72e-08,0.0,0.0,0.0,0.0,0.0,0.0,0.0,0.0,0.0,0.0,0.0,0.0,0.0,0.0,0.0,1.22e-07,0.0,0.0,0.0,0.0,0.0,0.0,0.0,0.0,0.0,0.0,0.0,0.0,0.0,0.0,0.0,0.0,0.0,0.066367921,0.011232237,-0.043387831,0.115758073,2.5e-07,0.279891515,0.316983826,0.004077824,0.06636392,0.336733306,-0.030826173
p95,1875,0.004925703,0.08518644,0.024365129,-0.039466991,0.0,-0.025217909,0.038367398,0.236947343,0.096261285,0.024064498,0.0,0.0,9.82e-09,0.0,0.0,0.0,4.37e-10,0.0,0.0,0.0,0.0,0.0,0.0,1.81e-09,5.48e-08,1.02e-07,0.0,0.0,0.0,0.0,0.0,0.0,0.0,0.0,0.0,0.0,0.0,0.0,0.0,0.0,0.0,1.22e-07,0.0,0.0,0.0,0.0,0.0,0.0,0.0,0.0,0.0,0.0,0.0,0.0,0.0,0.0,0.0,0.0,0.0,0.065453164,0.011377267,-0.044277809,0.117577958,2.55e-07,0.282485895,0.325676038,0.002683467,0.07695606,0.343074942,-0.033853063
p95,1876,-0.000139038,0.170300616,0.02342882,-0.040753806,0.0,-0.025892418,0.038701195,0.241623645,0.097248653,0.024716323,0.0,0.0,1.02e-08,0.0,0.0,0.0,4.54e-10,0.0,0.0,0.0,0.0,0.0,0.0,1.88e-09,6.85e-08,1.07e-07,0.0,0.0,0.0,0.0,0.0,0.0,0.0,0.0,0.0,0.0,0.0,0.0,0.0,0.0,0.0,1.22e-07,0.0,0.0,0.0,0.0,0.0,0.0,0.0,0.0,0.0,0.0,0.0,0.0,0.0,0.0,0.0,0.0,0.0,0.066221851,0.011499591,-0.047040992,0.119146107,2.7e-07,0.284328156,0.392312963,0.002199821,0.149195376,0.349162311,-0.037839495
p95,1877,0.001248711,0.252621868,0.02443069,-0.04206506,0.0,-0.026550535,0.040080725,0.246360928,0.098327206,0.025280667,0.0,0.0,1.06e-08,0.0,0.0,0.0,4.72e-10,0.0,0.0,0.0,0.0,0.0,0.0,1.95e-09,6.85e-08,1.11e-07,0.0,0.0,0.0,0.0,0.0,0.0,0.0,0.0,0.0,0.0,0.0,0.0,0.0,0.0,0.0,1.22e-07,0.0,0.0,0.0,0.0,0.0,0.0,0.0,0.0,0.0,0.0,0.0,0.0,0.0,0.0,0.0,0.0,0.0,0.068768499,0.011633306,-0.048428806,0.12072552,2.74e-07,0.289442325,0.468807426,0.002431483,0.228492571,0.355322433,-0.03829608
p95,1878,-0.010698786,0.28301771,0.024821324,-0.042900247,0.0,-0.027193632,0.04093382,0.251285285,0.099574331,0.025882067,0.0,0.0,1.1e-08,0.0,0.0,0.0,4.89e-10,0.0,0.0,0.0,0.0,0.0,0.0,2.03e-09,8.22e-08,1.16e-07,0.0,0.0,0.0,0.0,0.0,0.0,0.0,0.0,0.0,0.0,0.0,0.0,0.0,0.0,0.0,1.22e-07,0.0,0.0,0.0,0.0,0.0,0.0,0.0,0.0,0.0,0.0,0.0,0.0,0.0,0.0,0.0,0.0,0.0,0.070941831,0.011788076,-0.049472117,0.122507551,2.9e-07,0.294931251,0.484957468,0.002322779,0.24394149,0.361847629,-0.038871311
p95,1879,-0.006529791,0.296587283,0.024121439,-0.045653252,0.0,-0.027827164,0.04199523,0.255930274,0.101091097,0.026454085,0.0,0.0,1.14e-08,0.0,0.0,0.0,5.07e-10,0.0,0.0,0.0,0.0,0.0,0.0,2.1e-09,8.22e-08,1.21e-07,0.0,0.0,0.0,0.0,0.0,0.0,0.0,0.0,0.0,0.0,0.0,0.0,0.0,0.0,0.0,1.22e-07,0.0,0.0,0.0,0.0,0.0,0.0,0.0,0.0,0.0,0.0,0.0,0.0,0.0,0.0,0.0,0.0,0.0,0.071723613,0.011976513,-0.054303935,0.124532438,2.95e-07,0.295046263,0.501836303,0.002397932,0.261825701,0.368321151,-0.044689492
p95,1880,0.021467474,0.157602741,0.022587728,-0.048818849,0.0,-0.028405848,0.041902543,0.261017096,0.102795288,0.02702978,0.0,0.0,1.18e-08,0.0,0.0,0.0,5.24e-10,0.0,0.0,0.0,0.0,0.0,0.0,2.17e-09,9.59e-08,1.26e-07,0.0,0.0,0.0,0.0,0.0,0.0,0.0,0.0,0.0,0.0,0.0,0.0,0.0,0.0,0.0,1.22e-07,0.0,0.0,0.0,0.0,0.0,0.0,0.0,0.0,0.0,0.0,0.0,0.0,0.0,0.0,0.0,0.0,0.0,0.071628585,0.012188537,-0.060166328,0.126752278,3.11e-07,0.29416074,0.413975792,0.001760746,0.159710295,0.375405716,-0.052184784
p95,1881,0.055247727,0.007106632,0.023679405,-0.050474707,0.0,-0.028869935,0.043293243,0.266481489,0.104409045,0.027509969,0.0,0.0,1.22e-08,0.0,0.0,0.0,5.42e-10,0.0,0.0,0.0,0.0,0.0,0.0,2.24e-09,9.59e-08,1.31e-07,0.0,0.0,0.0,0.0,0.0,0.0,0.0,0.0,0.0,0.0,0.0,0.0,0.0,0.0,0.0,1.22e-07,0.0,0.0,0.0,0.0,0.0,0.0,0.0,0.0,0.0,0.0,0.0,0.0,0.0,0.0,0.0,0.0,0.0,0.074305466,0.012389606,-0.061958371,0.128789639,3.16e-07,0.300601296,0.329727046,0.002279449,0.060965274,0.382702905,-0.052355139
p95,1882,0.05084018,0.209396291,0.022516835,-0.051828621,0.0,-0.029340756,0.042730871,0.272259153,0.106004851,0.028002354,0.0,0.0,1.26e-08,0.0,0.0,0.0,5.59e-10,0.0,0.0,0.0,0.0,0.0,0.0,2.31e-09,1.1e-07,1.36e-07,0.0,0.0,0.0,0.0,0.0,0.0,0.0,0.0,0.0,0.0,0.0,0.0,0.0,0.0,0.0,1.22e-07,0.0,0.0,0.0,0.0,0.0,0.0,0.0,0.0,0.0,0.0,0.0,0.0,0.0,0.0,0.0,0.0,0.0,0.073507292,0.012588742,-0.064817021,0.130821729,3.33e-07,0.302622525,0.49456797,0.001420889,0.237694342,0.3903012,-0.057379858
p95,1883,0.044934806,-0.070848327,0.021763516,-0.052759356,0.0,-0.029811544,0.041848214,0.277227863,0.107659412,0.028465452,0.0,0.0,1.3e-08,0.0,0.0,0.0,5.76e-10,0.0,0.0,0.0,0.0,0.0,0.0,2.39e-09,1.23e-07,1.42e-07,0.0,0.0,0.0,0.0,0.0,0.0,0.0,0.0,0.0,0.0,0.0,0.0,0.0,0.0,0.0,1.22e-07,0.0,0.0,0.0,0.0,0.0,0.0,0.0,0.0,0.0,0.0,0.0,0.0,0.0,0.0,0.0,0.0,0.0,0.072832107,0.01279551,-0.066733085,0.132886648,3.5e-07,0.305143256,0.226013069,0.000358481,-0.0424106,0.39711337,-0.061324027
p95,1884,0.054033596,-1.619839268,0.0229008,-0.054552401,0.0,-0.03027911,0.04386256,0.282298646,0.109445937,0.028924224,0.0,0.0,1.34e-08,0.0,0.0,0.0,5.94e-10,0.0,0.0,0.0,0.0,0.0,0.0,2.46e-09,1.37e-07,1.47e-07,0.0,0.0,0.0,0.0,0.0,0.0,0.0,0.0,0.0,0.0,0.0,0.0,0.0,0.0,0.0,1.22e-07,0.0,0.0,0.0,0.0,0.0,0.0,0.0,0.0,0.0,0.0,0.0,0.0,0.0,0.0,0.0,0.0,0.0,0.076404464,0.013019117,-0.068738881,0.135079918,3.66e-07,0.312058438,-1.442563764,0.001324604,-1.60087865,0.404159724,-0.061023909
p95,1885,0.040685227,-1.052504381,0.022229393,-0.055242762,0.0,-0.030745051,0.044065804,0.288125883,0.111461615,0.029366045,0.0,0.0,1.37e-08,0.0,0.0,0.0,6.11e-10,0.0,0.0,0.0,0.0,0.0,0.0,2.53e-09,1.37e-07,1.52e-07,0.0,0.0,0.0,0.0,0.0,0.0,0.0,0.0,0.0,0.0,0.0,0.0,0.0,0.0,0.0,1.22e-07,0.0,0.0,0.0,0.0,0.0,0.0,0.0,0.0,0.0,0.0,0.0,0.0,0.0,0.0,0.0,0.0,0.0,0.077665242,0.01327183,-0.070616196,0.137487132,3.72e-07,0.317478257,-0.866843142,0.001070279,-1.045435023,0.412135946,-0.062837417
p95,1886,0.010213852,-0.962035357,0.022908119,-0.055455097,0.0,-0.031222449,0.044373489,0.294327875,0.11342975,0.029766241,0.0,0.0,1.41e-08,0.0,0.0,0.0,6.29e-10,0.0,0.0,0.0,0.0,0.0,0.0,2.6e-09,1.51e-07,1.58e-07,0.0,0.0,0.0,0.0,0.0,0.0,0.0,0.0,0.0,0.0,0.0,0.0,0.0,0.0,0.0,1.22e-07,0.0,0.0,0.0,0.0,0.0,0.0,0.0,0.0,0.0,0.0,0.0,0.0,0.0,0.0,0.0,0.0,0.0,0.079147079,0.01351903,-0.07026692,0.139811708,3.89e-07,0.325805266,-0.797051992,0.000852087,-0.987342868,0.420413515,-0.062244181
p95,1887,-0.000640465,-0.327257554,0.022980744,-0.057914027,0.0,-0.031705739,0.045849861,0.300755564,0.115588975,0.030248971,0.0,0.0,1.45e-08,0.0,0.0,0.0,6.46e-10,0.0,0.0,0.0,0.0,0.0,0.0,2.68e-09,1.64e-07,1.63e-07,0.0,0.0,0.0,0.0,0.0,0.0,0.0,0.0,0.0,0.0,0.0,0.0,0.0,0.0,0.0,1.22e-07,0.0,0.0,0.0,0.0,0.0,0.0,0.0,0.0,0.0,0.0,0.0,0.0,0.0,0.0,0.0,0.0,0.0,0.081749164,0.013790765,-0.074172819,0.142393222,4.06e-07,0.330958873,-0.112545582,0.001459505,-0.361728714,0.42916704,-0.064951615
p95,1888,-0.006300273,0.110378156,0.022987144,-0.063520043,0.0,-0.032193624,0.04880948,0.307914042,0.1176741,0.030627945,0.0,0.0,1.49e-08,0.0,0.0,0.0,6.64e-10,0.0,0.0,0.0,0.0,0.0,0.0,2.75e-09,1.78e-07,1.69e-07,0.0,0.0,0.0,0.0,0.0,0.0,0.0,0.0,0.0,0.0,0.0,0.0,0.0,0.0,0.0,1.22e-07,0.0,0.0,0.0,0.0,0.0,0.0,0.0,0.0,0.0,0.0,0.0,0.0,0.0,0.0,0.0,0.0,0.0,0.084958934,0.014053663,-0.083138776,0.144813516,4.24e-07,0.332141431,0.37651296,0.002991138,0.08734055,0.438458256,-0.072000905
p95,1889,-0.006582796,0.225479181,0.022504403,-0.062848542,0.0,-0.032684138,0.047870237,0.315085966,0.119919269,0.031114172,0.0,0.0,1.53e-08,0.0,0.0,0.0,6.81e-10,0.0,0.0,0.0,0.0,0.0,0.0,2.82e-09,1.92e-07,1.75e-07,0.0,0.0,0.0,0.0,0.0,0.0,0.0,0.0,0.0,0.0,0.0,0.0,0.0,0.0,0.0,1.22e-07,0.0,0.0,0.0,0.0,0.0,0.0,0.0,0.0,0.0,0.0,0.0,0.0,0.0,0.0,0.0,0.0,0.0,0.085790382,0.014337334,-0.082518833,0.147487283,4.41e-07,0.341019395,0.481299575,0.001962623,0.192926265,0.447999716,-0.072000932
p95,1890,-0.005640052,0.034448877,0.022467821,-0.067167272,0.0,-0.033152618,0.049966913,0.32214524,0.122158034,0.031480296,0.0,0.0,1.57e-08,0.0,0.0,0.0,6.99e-10,0.0,0.0,0.0,0.0,0.0,0.0,2.89e-09,2.05e-07,1.81e-07,0.0,0.0,0.0,0.0,0.0,0.0,0.0,0.0,0.0,0.0,0.0,0.0,0.0,0.0,0.0,1.22e-07,0.0,0.0,0.0,0.0,0.0,0.0,0.0,0.0,0.0,0.0,0.0,0.0,0.0,0.0,0.0,0.0,0.0,0.088235695,0.014620743,-0.089734404,0.150048902,4.59e-07,0.343438375,0.327215714,0.002973363,0.022447395,0.457297662,-0.078128786
p95,1891,0.025852933,0.187519646,0.022086254,-0.067519451,0.0,-0.033610808,0.048895784,0.329469923,0.124431031,0.031813159,0.0,0.0,1.61e-08,0.0,0.0,0.0,7.16e-10,0.0,0.0,0.0,0.0,0.0,0.0,2.97e-09,2.19e-07,1.87e-07,1.23e-11,0.0,0.0,0.0,0.0,0.0,0.0,0.0,0.0,0.0,0.0,0.0,0.0,0.0,0.0,1.22e-07,0.0,0.0,0.0,0.0,0.0,0.0,0.0,0.0,0.0,0.0,0.0,0.0,0.0,0.0,0.0,0.0,0.0,0.087691513,0.01490907,-0.09084432,0.152612317,4.77e-07,0.349413462,0.494821625,0.001923884,0.191327372,0.466895911,-0.080704023
p95,1892,0.068948831,0.12050052,0.02183317,-0.067622831,0.0,-0.034057642,0.04836971,0.336639429,0.127102178,0.032232313,0.0,0.0,1.65e-08,0.0,0.0,0.0,7.34e-10,0.0,0.0,0.0,0.0,0.0,0.0,3.04e-09,2.33e-07,1.93e-07,1.14e-10,0.0,0.0,0.0,0.0,0.0,0.0,0.0,0.0,0.0,0.0,0.0,0.0,0.0,0.0,1.22e-07,0.0,0.0,0.0,0.0,0.0,0.0,0.0,0.0,0.0,0.0,0.0,0.0,0.0,0.0,0.0,0.0,0.0,0.088196148,0.015248683,-0.091147475,0.155656091,4.96e-07,0.357479543,0.488313387,0.001158471,0.171875483,0.476780701,-0.081651402
p95,1893,0.081018322,0.210982757,0.021701921,-0.067948674,0.0,-0.034510826,0.048865113,0.342943055,0.129678585,0.032721614,0.0,0.0,1.69e-08,0.0,0.0,0.0,7.51e-10,0.0,0.0,0.0,0.0,0.0,0.0,3.11e-09,2.47e-07,1.99e-07,2.6e-10,0.0,0.0,0.0,0.0,0.0,0.0,0.0,0.0,0.0,0.0,0.0,0.0,0.0,0.0,1.22e-07,0.0,0.0,0.0,0.0,0.0,0.0,0.0,0.0,0.0,0.0,0.0,0.0,0.0,0.0,0.0,0.0,0.0,0.090401743,0.015577073,-0.091884403,0.158665793,5.14e-07,0.366181346,0.582582938,0.001166954,0.267313739,0.485791036,-0.08172251
p95,1894,0.079749175,0.266803553,0.021371916,-0.071982214,0.0,-0.034963281,0.051379853,0.349324301,0.131880974,0.03330601,0.0,0.0,1.73e-08,0.0,0.0,0.0,7.69e-10,0.0,0.0,0.0,0.0,0.0,0.0,3.18e-09,2.6e-07,2.05e-07,4.66e-10,0.0,0.0,0.0,0.0,0.0,0.0,0.0,0.0,0.0,0.0,0.0,0.0,0.0,0.0,1.22e-07,0.0,0.0,0.0,0.0,0.0,0.0,0.0,0.0,0.0,0.0,0.0,0.0,0.0,0.0,0.0,0.0,0.0,0.09492258,0.015858469,-0.098636553,0.161386981,5.33e-07,0.37001236,0.632424652,0.002505334,0.318912324,0.494612432,-0.085541582
p95,1895,0.059732347,-0.056803732,0.021915668,-0.074080887,0.0,-0.03542383,0.052041432,0.355156649,0.133766341,0.033919287,0.0,0.0,1.77e-08,0.0,0.0,0.0,7.86e-10,0.0,0.0,0.0,0.0,0.0,0.0,3.26e-09,2.88e-07,2.12e-07,7.34e-10,0.0,0.0,0.0,0.0,0.0,0.0,0.0,0.0,0.0,0.0,0.0,0.0,0.0,0.0,1.22e-07,0.0,0.0,0.0,0.0,0.0,0.0,0.0,0.0,0.0,0.0,0.0,0.0,0.0,0.0,0.0,0.0,0.0,0.095881946,0.016099856,-0.101752863,0.1638145,5.64e-07,0.374033933,0.323559526,0.002551681,-0.01158316,0.502630469,-0.08878997
p95,1896,0.037974151,0.103527741,0.019885579,-0.074347309,0.0,-0.035863749,0.050199633,0.360941397,0.13482612,0.03439278,0.0,0.0,1.81e-08,0.0,0.0,0.0,8.04e-10,0.0,0.0,0.0,0.0,0.0,0.0,3.33e-09,3.01e-07,2.18e-07,1.07e-09,0.0,0.0,0.0,0.0,0.0,0.0,0.0,0.0,0.0,0.0,0.0,0.0,0.0,0.0,1.22e-07,0.0,0.0,0.0,0.0,0.0,0.0,0.0,0.0,0.0,0.0,0.0,0.0,0.0,0.0,0.0,0.0,0.0,0.093751315,0.016235776,-0.10408976,0.165286583,5.83e-07,0.375061676,0.462457034,0.000889927,0.12590328,0.509722176,-0.094395364
p95,1897,0.00872943,0.241951128,0.020904225,-0.078710824,0.0,-0.036308264,0.053373478,0.366617355,0.135856182,0.034882638,0.0,0.0,1.85e-08,0.0,0.0,0.0,8.21e-10,0.0,0.0,0.0,0.0,0.0,0.0,3.4e-09,3.15e-07,2.25e-07,1.47e-09,0.0,0.0,0.0,0.0,0.0,0.0,0.0,0.0,0.0,0.0,0.0,0.0,0.0,0.0,1.22e-07,0.0,0.0,0.0,0.0,0.0,0.0,0.0,0.0,0.0,0.0,0.0,0.0,0.0,0.0,0.0,0.0,0.0,0.098494018,0.016368024,-0.110316475,0.166758821,6.02e-07,0.378195666,0.547952703,0.002536975,0.224478973,0.516683486,-0.097451523
p95,1898,0.015012505,0.277599486,0.020716933,-0.081670444,0.0,-0.036752787,0.054269504,0.372851584,0.137731677,0.035371413,0.0,0.0,1.89e-08,0.0,0.0,0.0,8.39e-10,0.0,0.0,0.0,0.0,0.0,0.0,3.47e-09,3.42e-07,2.32e-07,1.93e-09,0.0,0.0,0.0,0.0,0.0,0.0,0.0,0.0,0.0,0.0,0.0,0.0,0.0,0.0,1.22e-07,0.0,0.0,0.0,0.0,0.0,0.0,0.0,0.0,0.0,0.0,0.0,0.0,0.0,0.0,0.0,0.0,0.0,0.10014457,0.016608983,-0.115466783,0.169067812,6.34e-07,0.380646334,0.587225861,0.002750796,0.26524899,0.524982829,-0.102190629
p95,1899,0.002246175,0.290294797,0.019339423,-0.087808832,0.0,-0.037212125,0.056382283,0.379870527,0.139958487,0.03599554,0.0,0.0,1.92e-08,0.0,0.0,0.0,8.56e-10,0.0,0.0,0.0,0.0,0.0,0.0,3.54e-09,3.56e-07,2.39e-07,2.47e-09,0.0,0.0,0.0,0.0,0.0,0.0,0.0,0.0,0.0,0.0,0.0,0.0,0.0,0.0,1.22e-07,0.0,0.0,0.0,0.0,0.0,0.0,0.0,0.0,0.0,0.0,0.0,0.0,0.0,0.0,0.0,0.0,0.0,0.101840143,0.016895635,-0.127049263,0.17185109,6.54e-07,0.378166458,0.579121606,0.003812203,0.263245252,0.534480529,-0.113244481
p95,1900,0.000472221,0.278295688,0.018339764,-0.090361537,0.0,-0.037746803,0.056484985,0.387485884,0.142185469,0.036623421,0.0,0.0,1.96e-08,0.0,0.0,0.0,8.73e-10,0.0,0.0,0.0,0.0,0.0,0.0,3.62e-09,3.84e-07,2.46e-07,3.07e-09,0.0,0.0,0.0,0.0,0.0,0.0,0.0,0.0,0.0,0.0,0.0,-5.27e-12,-4.25e-18,4.56e-18,1.22e-07,-1.1e-14,-4.71e-13,0.0,0.0,0.0,0.0,0.0,0.0,0.0,0.0,0.0,0.0,0.0,0.0,0.0,0.0,0.0,0.102759065,0.017182897,-0.13234135,0.174634959,6.87e-07,0.381478755,0.569542139,0.003431952,0.249637129,0.544589833,-0.119370489
p95,1901,-0.008687385,0.289479244,0.019016021,-0.091743952,0.0,-0.038358419,0.05721803,0.394199054,0.144392335,0.03730461,0.0,0.0,2e-08,0.0,0.0,0.0,8.91e-10,0.0,0.0,0.0,0.0,0.0,0.0,3.69e-09,3.97e-07,2.54e-07,3.75e-09,0.0,0.0,0.0,0.0,0.0,0.0,0.0,0.0,0.0,0.0,0.0,1.52e-11,-4.25e-18,-2.62e-18,1.22e-07,4.64e-14,-4.71e-13,0.0,0.0,0.0,0.0,0.0,0.0,0.0,0.0,0.0,0.0,0.0,0.0,0.0,0.0,0.0,0.104863492,0.017468168,-0.134680609,0.177444784,7.07e-07,0.387611741,0.573219575,0.00335608,0.250069572,0.553828451,-0.121439918
p95,1902,-0.005864354,0.242298559,0.018286939,-0.093071368,0.0,-0.038974665,0.057014765,0.400614884,0.147055555,0.038351409,0.0,0.0,2.04e-08,0.0,0.0,0.0,9.08e-10,0.0,0.0,0.0,0.0,0.0,0.0,3.76e-09,7.26e-07,3.2e-07,5.62e-09,0.0,0.0,0.0,0.0,0.0,0.0,0.0,0.0,0.0,0.0,0.0,-8.61e-12,0.0,7.91e-18,1.22e-07,-1.86e-14,-4.71e-13,0.0,0.0,0.0,0.0,0.0,0.0,0.0,0.0,0.0,0.0,0.0,0.0,0.0,0.0,0.0,0.105988377,0.017813294,-0.137377544,0.181036591,1.08e-06,0.393063524,0.542279663,0.002689225,0.208433176,0.563529557,-0.125011795
p95,1903,0.015000812,-0.083420028,0.017688137,-0.097207762,0.0,-0.039580345,0.057729571,0.407251567,0.149793654,0.039590525,0.0,0.0,2.08e-08,0.0,0.0,0.0,9.26e-10,0.0,0.0,0.0,0.0,0.0,0.0,3.83e-09,1.1e-06,4.04e-07,9.37e-09,0.0,0.0,0.0,0.0,0.0,0.0,0.0,0.0,0.0,0.0,0.0,2.55e-11,0.0,-4.73e-18,1.22e-07,8.06e-14,-4.71e-13,0.0,0.0,0.0,0.0,0.0,0.0,0.0,0.0,0.0,0.0,0.0,0.0,0.0,0.0,0.0,0.106960448,0.018169077,-0.144975265,0.1848813,1.52e-06,0.394288673,0.261607078,0.002650972,-0.088279098,0.573672979,-0.13340811
p95,1904,0.04617053,0.085158564,0.01713235,-0.101132155,0.0,-0.040205278,0.059963262,0.413281676,0.153385696,0.040749503,0.0,0.0,2.12e-08,0.0,0.0,0.0,9.43e-10,0.0,0.0,0.0,0.0,0.0,0.0,3.91e-09,1.48e-06,5.01e-07,1.31e-08,0.0,0.0,0.0,0.0,0.0,0.0,0.0,0.0,0.0,0.0,0.0,-1.49e-11,0.0,1.48e-17,1.22e-07,-3.33e-14,-4.71e-13,0.0,0.0,0.0,0.0,0.0,0.0,0.0,0.0,0.0,0.0,0.0,0.0,0.0,0.0,0.0,0.112799949,0.018636975,-0.151569538,0.189501956,1.97e-06,0.400434232,0.478816308,0.003734273,0.117666397,0.583930146,-0.136559937
p95,1905,0.044046342,0.235262891,0.0171039,-0.106040358,0.0,-0.040782592,0.062209955,0.420030411,0.156964839,0.041895089,0.0,0.0,2.16e-08,0.0,0.0,0.0,9.61e-10,0.0,0.0,0.0,0.0,0.0,0.0,3.98e-09,1.95e-06,6.22e-07,1.87e-08,0.0,0.0,0.0,0.0,0.0,0.0,0.0,0.0,0.0,0.0,0.0,4.54e-11,0.0,-9.04e-18,1.22e-07,1.08e-14,-4.71e-13,0.0,0.0,0.0,0.0,0.0,0.0,0.0,0.0,0.0,0.0,0.0,0.0,0.0,0.0,0.0,0.116888461,0.019104718,-0.160222388,0.194098389,2.54e-06,0.404169751,0.602257128,0.004817322,0.253652364,0.5948763,-0.143005385
p95,1906,0.056215772,0.271769903,0.016725222,-0.110134207,0.0,-0.041382841,0.063426674,0.427558057,0.160746257,0.043047407,0.0,0.0,2.2e-08,0.0,0.0,0.0,9.78e-10,0.0,0.0,0.0,0.0,0.0,0.0,4.05e-09,2.56e-06,7.96e-07,2.25e-08,0.0,0.0,0.0,0.0,0.0,0.0,0.0,0.0,0.0,0.0,0.0,-2.72e-11,0.0,2.91e-17,1.22e-07,-4.09e-13,-4.71e-13,0.0,0.0,0.0,0.0,0.0,0.0,0.0,0.0,0.0,0.0,0.0,0.0,0.0,0.0,0.0,0.119448151,0.019600528,-0.1676511,0.198908171,3.29e-06,0.408374811,0.64790141,0.005211027,0.300412664,0.606791126,-0.149359041
p95,1907,0.051431168,-0.115040644,0.016344564,-0.120630043,0.0,-0.041994196,0.068405267,0.436378694,0.164790549,0.04428424,0.0,0.0,2.24e-08,0.0,0.0,0.0,9.96e-10,0.0,0.0,0.0,0.0,0.0,0.0,4.12e-09,3.38e-06,1.04e-06,3.19e-08,0.0,0.0,0.0,0.0,0.0,0.0,0.0,0.0,0.0,0.0,0.0,8.53e-11,0.0,-1.84e-17,1.22e-07,-6.48e-13,-4.71e-13,0.0,0.0,0.0,0.0,0.0,0.0,0.0,0.0,0.0,0.0,0.0,0.0,0.0,0.0,0.0,0.125899096,0.020132697,-0.185369935,0.20405253,4.3e-06,0.407376662,0.269969885,0.008008734,-0.087093963,0.620287002,-0.162431712
p95,1908,0.048110151,-0.068392823,0.016293978,-0.11777122,0.0,-0.042584432,0.067705438,0.444857728,0.168066384,0.045681076,0.0,0.0,2.28e-08,0.0,0.0,0.0,1.01e-09,0.0,0.0,0.0,0.0,0.0,0.0,4.2e-09,4.44e-06,1.36e-06,4.12e-08,0.0,0.0,0.0,0.0,0.0,0.0,0.0,0.0,0.0,0.0,0.0,-5.23e-11,0.0,6.08e-17,1.22e-07,-1.25e-12,-4.71e-13,0.0,0.0,0.0,0.0,0.0,0.0,0.0,0.0,0.0,0.0,0.0,0.0,0.0,0.0,0.0,0.129460438,0.020565377,-0.180683884,0.208583089,5.61e-06,0.425138339,0.344994775,0.00716146,-0.037195254,0.632873101,-0.156532598
p95,1909,0.035436341,0.203918208,0.016070454,-0.121095417,0.0,-0.043168105,0.068469884,0.453284556,0.171586494,0.047092392,0.0,0.0,2.32e-08,0.0,0.0,0.0,1.03e-09,0.0,0.0,0.0,0.0,0.0,0.0,4.27e-09,5.12e-06,1.57e-06,4.69e-08,0.0,0.0,0.0,0.0,0.0,0.0,0.0,0.0,0.0,0.0,0.0,1.68e-08,0.0,-3.96e-17,1.22e-07,-1.33e-12,-4.71e-13,0.0,0.0,0.0,0.0,0.0,0.0,0.0,0.0,0.0,0.0,0.0,0.0,0.0,0.0,0.0,0.131834968,0.021031717,-0.186498808,0.213365002,6.47e-06,0.431763756,0.593780812,0.007217705,0.215202008,0.645663858,-0.161838024
p95,1910,0.012319851,0.27689102,0.015392426,-0.126866903,0.0,-0.043569857,0.071401193,0.462173437,0.175144911,0.048604561,0.0,0.0,2.36e-08,0.0,0.0,0.0,1.05e-09,0.0,0.0,0.0,0.0,0.0,0.0,4.34e-09,6.62e-06,2.03e-06,6e-08,0.0,0.0,0.0,0.0,0.0,0.0,0.0,0.0,0.0,0.0,0.0,7.59e-08,0.0,1.35e-16,1.22e-07,-2.18e-12,-4.71e-13,0.0,0.0,0.0,0.0,0.0,0.0,0.0,0.0,0.0,0.0,0.0,0.0,0.0,0.0,0.0,0.136948824,0.021504695,-0.19700424,0.218266518,8.37e-06,0.436838422,0.633636986,0.008908778,0.260342411,0.659023327,-0.16888316
p95,1911,-0.002271015,0.274290112,0.016116153,-0.125123547,0.0,-0.043758446,0.07033532,0.471276649,0.17822377,0.050291656,0.0,0.0,2.4e-08,0.0,0.0,0.0,1.07e-09,0.0,0.0,0.0,0.0,0.0,0.0,4.41e-09,8.85e-06,2.72e-06,7.87e-08,0.0,0.0,0.0,0.0,0.0,0.0,0.0,0.0,0.0,0.0,0.0,1.3e-05,0.0,-9.06e-17,1.22e-07,-1.9e-12,-4.71e-13,0.0,0.0,0.0,0.0,0.0,0.0,0.0,0.0,0.0,0.0,0.0,0.0,0.0,0.0,0.0,0.137913584,0.021915366,-0.194358659,0.222876478,2.23e-05,0.452286389,0.628274814,0.008251965,0.241673193,0.672337219,-0.165934323
p95,1912,-0.003769493,-0.332931074,0.016069773,-0.126818358,0.0,-0.043965142,0.070588878,0.481845708,0.180942913,0.05153211,0.0,0.0,2.44e-08,0.0,0.0,0.0,1.08e-09,0.0,0.0,0.0,0.0,0.0,0.0,4.48e-09,1.09e-05,3.36e-06,9.94e-08,0.0,0.0,0.0,0.0,0.0,0.0,0.0,0.0,0.0,0.0,0.0,1.73e-05,0.0,3.18e-16,1.22e-07,-3.34e-12,-4.71e-13,0.0,0.0,0.0,0.0,0.0,0.0,0.0,0.0,0.0,0.0,0.0,0.0,0.0,0.0,0.0,0.139121204,0.022278883,-0.19783695,0.226703396,2.87e-05,0.462757173,-0.012976749,0.008420554,-0.3759766,0.68630896,-0.168790877
p95,1913,-0.005489802,-0.459642656,0.016290424,-0.132248822,0.0,-0.044170571,0.07371912,0.493073528,0.182669405,0.052956979,0.0,0.0,2.47e-08,0.0,0.0,0.0,1.1e-09,0.0,0.0,0.0,0.0,0.0,0.0,4.56e-09,1.37e-05,4.19e-06,1.24e-07,0.0,0.0,0.0,0.0,0.0,0.0,0.0,0.0,0.0,0.0,0.0,2.12e-05,6.65e-18,-2.2e-16,1.22e-07,-2.18e-12,-4.71e-13,0.0,0.0,0.0,0.0,0.0,0.0,0.0,0.0,0.0,0.0,0.0,0.0,0.0,0.0,0.0,0.143290134,0.022510507,-0.207028822,0.229723574,3.54e-05,0.469638545,-0.164257697,0.010376392,-0.507549726,0.700224893,-0.174419359
p95,1914,0.002770073,0.080586528,0.0156254,-0.126775401,0.0,-0.044384222,0.071870353,0.503300482,0.184217665,0.054426111,0.0,0.0,2.51e-08,0.0,0.0,0.0,1.12e-09,0.0,0.0,0.0,0.0,0.0,0.0,4.63e-09,1.66e-05,5.11e-06,1.5e-07,0.0,0.0,0.0,0.0,0.0,0.0,0.0,0.0,0.0,0.0,0.0,3.89e-05,-2.02e-18,7.96e-16,1.22e-07,-5.06e-12,-4.71e-13,0.0,0.0,0.0,0.0,0.0,0.0,0.0,0.0,0.0,0.0,0.0,0.0,0.0,0.0,0.0,0.146471038,0.022718641,-0.196622028,0.232604036,5.58e-05,0.493282824,0.517065937,0.009050775,0.06987898,0.713045943,-0.162917765
p95,1915,0.049694404,0.258268968,0.016647654,-0.124265391,0.0,-0.044583991,0.070760553,0.513696501,0.186078742,0.055799616,0.0,0.0,2.55e-08,0.0,0.0,0.0,1.14e-09,0.0,0.0,0.0,0.0,0.0,0.0,4.7e-09,1.97e-05,6.05e-06,1.78e-07,0.0,0.0,0.0,0.0,0.0,0.0,0.0,0.0,0.0,0.0,0.0,6.73e-05,1.46e-17,-5.67e-16,1.22e-07,-1.63e-12,-4.71e-13,0.0,0.0,0.0,0.0,0.0,0.0,0.0,0.0,0.0,0.0,0.0,0.0,0.0,0.0,0.0,0.146696091,0.022969004,-0.192209079,0.235738322,8.7e-05,0.510003083,0.729579926,0.008224013,0.280264462,0.726223071,-0.158089097
p95,1916,0.070129036,0.286170311,0.01538597,-0.130716634,0.0,-0.044772482,0.072482793,0.524688435,0.190636487,0.056896918,0.0,0.0,2.59e-08,0.0,0.0,0.0,1.15e-09,0.0,0.0,0.0,0.0,0.0,0.0,4.77e-09,2.33e-05,7.13e-06,2.1e-07,0.0,0.0,0.0,0.0,0.0,0.0,0.0,0.0,0.0,0.0,0.0,0.000114446,-6.68e-18,2.11e-15,1.22e-07,-8.25e-12,-4.71e-13,0.0,0.0,0.0,0.0,0.0,0.0,0.0,0.0,0.0,0.0,0.0,0.0,0.0,0.0,0.0,0.149844158,0.023582646,-0.205421495,0.241302496,0.000137318,0.513831713,0.774483539,0.009516966,0.32674617,0.742230075,-0.169488042
p95,1917,0.130807081,0.277983195,0.016383564,-0.136161332,0.0,-0.044987215,0.076116479,0.535214464,0.193958615,0.058150743,0.0,0.0,2.63e-08,0.0,0.0,0.0,1.17e-09,0.0,0.0,0.0,0.0,0.0,0.0,4.85e-09,2.83e-05,8.67e-06,2.55e-07,0.0,0.0,0.0,0.0,0.0,0.0,0.0,0.0,0.0,0.0,0.0,0.000168866,3.53e-17,-1.55e-15,1.22e-07,4.42e-12,-4.71e-13,0.0,0.0,0.0,0.0,0.0,0.0,0.0,0.0,0.0,0.0,0.0,0.0,0.0,0.0,0.0,0.156458623,0.024031768,-0.214042358,0.245786859,0.000196431,0.524153957,0.82839023,0.011983711,0.376043916,0.756815975,-0.172401075
p95,1918,0.10912798,0.206412181,0.016045403,-0.135995868,0.0,-0.045199898,0.07619369,0.543936276,0.198206049,0.058941773,0.0,0.0,2.67e-08,0.0,0.0,0.0,1.19e-09,0.0,0.0,0.0,0.0,0.0,0.0,4.92e-09,3.39e-05,1.04e-05,3.06e-07,0.0,0.0,0.0,0.0,0.0,0.0,0.0,0.0,0.0,0.0,0.0,0.000208426,-1.94e-17,5.95e-15,1.22e-07,-1.57e-11,-4.71e-13,0.0,0.0,0.0,0.0,0.0,0.0,0.0,0.0,0.0,0.0,0.0,0.0,0.0,0.0,0.0,0.160446367,0.024607446,-0.213519821,0.250757611,0.000241432,0.539677083,0.767285562,0.012088066,0.28859466,0.770019027,-0.169044998
p95,1919,0.062809809,-0.018100849,0.015624075,-0.12135195,0.0,-0.045442417,0.069640889,0.551166549,0.203045404,0.059145295,0.0,0.0,2.71e-08,0.0,0.0,0.0,1.21e-09,0.0,0.0,0.0,0.0,0.0,0.0,4.99e-09,3.95e-05,1.21e-05,3.56e-07,0.0,0.0,0.0,0.0,0.0,0.0,0.0,0.0,0.0,0.0,0.0,0.000244606,1.08e-16,-4.5e-15,1.22e-07,3.64e-11,-4.71e-13,0.0,0.0,0.0,0.0,0.0,0.0,0.0,0.0,0.0,0.0,0.0,0.0,0.0,0.0,0.0,0.161908922,0.02526556,-0.187961433,0.255781426,0.000283044,0.576327525,0.573952928,0.007892771,0.03901506,0.781803456,-0.143946434
p95,1920,0.029223114,0.215463682,0.016069142,-0.131139552,0.0,-0.045757137,0.074338448,0.559747333,0.207825278,0.059478719,0.0,0.0,2.75e-08,0.0,0.0,0.0,1.22e-09,0.0,0.0,0.0,0.0,0.0,0.0,5.06e-09,4.46e-05,1.37e-05,4.01e-07,0.0,0.0,0.0,0.0,0.0,0.0,0.0,0.0,0.0,0.0,0.0,0.000265773,-5.4e-17,1.78e-14,1.22e-07,-2.46e-11,-4.71e-13,0.0,0.0,0.0,0.0,0.0,0.0,0.0,0.0,0.0,0.0,0.0,0.0,0.0,0.0,0.0,0.168073851,0.025918413,-0.204765354,0.260851531,0.000309232,0.576043548,0.737576142,0.010956392,0.218771445,0.794965562,-0.155492583
p95,1921,0.018636569,0.277452171,0.018044539,-0.115344116,0.0,-0.046156675,0.068334121,0.566736523,0.212386787,0.059942805,0.0,0.0,2.79e-08,0.0,0.0,0.0,1.24e-09,0.0,0.0,0.0,0.0,0.0,0.0,5.14e-09,5e-05,1.53e-05,4.5e-07,0.0,0.0,0.0,0.0,0.0,0.0,0.0,0.0,0.0,0.0,0.0,0.000280928,3.22e-16,-1.39e-14,1.22e-07,3.97e-07,-4.71e-13,0.0,0.0,0.0,0.0,0.0,0.0,0.0,0.0,0.0,0.0,0.0,0.0,0.0,0.0,0.0,0.168969988,0.026544087,-0.175555179,0.265830636,0.000329943,0.615739274,0.818144517,0.006917395,0.266452828,0.806482708,-0.127101115
p95,1922,0.0045896,0.287711534,0.017269332,-0.117494635,0.0,-0.046554214,0.068295991,0.573536788,0.216783437,0.060492128,0.0,0.0,2.83e-08,0.0,0.0,0.0,1.26e-09,0.0,0.0,0.0,0.0,0.0,0.0,5.21e-09,5.21e-05,1.59e-05,4.69e-07,0.0,0.0,0.0,0.0,0.0,0.0,3.86e-07,0.0,0.0,0.0,0.0,0.00031492,-1.74e-16,5.65e-14,1.22e-07,1.51e-06,-4.71e-13,0.0,0.0,0.0,0.0,0.0,0.0,0.0,0.0,0.0,0.0,0.0,0.0,0.0,0.0,0.0,0.171804039,0.027149583,-0.180624142,0.270728048,0.000366835,0.622524696,0.816344005,0.00672934,0.260866568,0.817720926,-0.130798578
p95,1923,0.001723946,0.289080229,0.022693242,-0.131530406,0.0,-0.046981014,0.079803995,0.57994525,0.220608639,0.061716451,0.0,0.0,2.87e-08,0.0,0.0,0.0,1.28e-09,0.0,0.0,0.0,0.0,0.0,0.0,5.28e-09,5.58e-05,1.7e-05,5.01e-07,0.0,0.0,0.0,0.0,0.0,0.0,3.86e-07,0.0,0.0,0.0,0.0,0.000369436,1.03e-15,-4.54e-14,1.22e-07,3.22e-06,-4.71e-13,0.0,0.0,0.0,0.0,0.0,0.0,0.0,0.0,0.0,0.0,0.0,0.0,0.0,0.0,0.0,0.182607475,0.027678787,-0.199336555,0.275688905,0.000425934,0.624090956,0.813028158,0.014183856,0.258787416,0.828674732,-0.139378123
p95,1924,0.010466629,0.060294432,0.020416551,-0.128399966,0.0,-0.047410594,0.076034383,0.587014479,0.223343522,0.062297129,0.0,0.0,2.91e-08,0.0,0.0,0.0,1.29e-09,0.0,0.0,0.0,0.0,0.0,0.0,5.35e-09,6.24e-05,1.91e-05,5.61e-07,0.0,0.0,0.0,0.0,0.0,0.0,7.71e-07,0.0,0.0,0.0,0.0,0.000420457,-5.79e-16,1.91e-13,1.22e-07,5.41e-06,-4.7e-13,0.0,0.0,0.0,0.0,0.0,0.0,0.0,0.0,0.0,0.0,0.0,0.0,0.0,0.0,0.0,0.180780319,0.02805804,-0.196788126,0.278975451,0.000485076,0.632629675,0.646928888,0.011371683,0.060213108,0.838705284,-0.139839238
p95,1925,0.034401422,0.189349876,0.021057241,-0.129468482,0.0,-0.047818941,0.077170342,0.590526003,0.225057712,0.062511578,0.0,0.0,2.95e-08,0.0,0.0,0.0,1.31e-09,0.0,0.0,0.0,0.0,0.0,0.0,5.43e-09,6.99e-05,2.13e-05,6.28e-07,0.0,0.0,0.0,0.0,0.0,0.0,1.16e-06,0.0,0.0,0.0,0.0,0.000482907,3.54e-15,-1.58e-13,1.22e-07,7.95e-06,-4.71e-13,0.0,0.0,0.0,0.0,0.0,0.0,0.0,0.0,0.0,0.0,0.0,0.0,0.0,0.0,0.0,0.183811979,0.028296108,-0.197920169,0.280935784,0.000556705,0.637902458,0.782887826,0.011784294,0.199407299,0.843997602,-0.13917116
p95,1926,0.058760567,-0.050906569,0.018489442,-0.13051115,0.0,-0.048234578,0.075713954,0.593187893,0.225968644,0.062699782,0.0,0.0,2.99e-08,0.0,0.0,0.0,1.33e-09,0.0,0.0,0.0,0.0,0.0,0.0,5.5e-09,7.76e-05,2.36e-05,6.96e-07,0.0,0.0,0.0,0.0,0.0,0.0,1.93e-06,0.0,0.0,0.0,0.0,0.000562324,-2.04e-15,6.82e-13,1.22e-07,1.07e-05,-4.7e-13,0.0,0.0,0.0,0.0,0.0,0.0,0.0,0.0,0.0,0.0,0.0,0.0,0.0,0.0,0.0,0.184715867,0.028422817,-0.202803899,0.282079733,0.000645629,0.635761441,0.584377295,0.010405247,-0.005995524,0.847684426,-0.145371061
p95,1927,0.083670515,0.108049483,0.017834132,-0.137038474,0.0,-0.04868633,0.078541075,0.597502411,0.227338976,0.062918893,0.0,0.0,3.02e-08,0.0,0.0,0.0,1.35e-09,0.0,0.0,0.0,0.0,0.0,0.0,5.57e-09,8.59e-05,2.61e-05,7.69e-07,0.0,0.0,0.0,0.0,0.0,0.0,2.31e-06,0.0,0.0,0.0,0.0,0.000616336,1.29e-14,-5.81e-13,1.22e-07,1.36e-05,-4.73e-13,0.0,0.0,0.0,0.0,0.0,0.0,0.0,0.0,0.0,0.0,0.0,0.0,0.0,0.0,0.0,0.190304736,0.028613571,-0.214625593,0.283697748,0.00070978,0.632635741,0.756979547,0.011860833,0.174411072,0.853434789,-0.153757823
p95,1928,0.079063525,0.260671691,0.014974019,-0.136902372,0.0,-0.049101445,0.076613408,0.60038322,0.230404434,0.063316353,0.0,0.0,3.06e-08,0.0,0.0,0.0,1.36e-09,0.0,0.0,0.0,0.0,0.0,0.0,5.64e-09,9.52e-05,2.89e-05,8.51e-07,0.0,0.0,0.0,0.0,0.0,0.0,3.08e-06,0.0,0.0,0.0,0.0,0.000693041,-7.66e-15,2.59e-12,1.22e-07,1.65e-05,-4.67e-13,0.0,0.0,0.0,0.0,0.0,0.0,0.0,0.0,0.0,0.0,0.0,0.0,0.0,0.0,0.0,0.193018001,0.029041048,-0.21715615,0.287172692,0.000797926,0.636155605,0.880873101,0.010349205,0.31000771,0.859542224,-0.155748724
p95,1929,0.053254939,0.275704379,0.012383544,-0.144618251,0.0,-0.049555955,0.078703431,0.603545284,0.234183176,0.063569996,0.0,2.23e-07,3.1e-08,0.0,0.0,0.0,1.38e-09,0.0,0.0,0.0,0.0,0.0,0.0,5.71e-09,0.000106187,3.22e-05,9.49e-07,0.0,0.0,0.0,0.0,0.0,0.0,3.47e-06,0.0,0.0,0.0,0.0,0.000806464,4.99e-14,-2.23e-12,1.22e-07,1.92e-05,-4.78e-13,0.0,0.0,0.0,0.0,0.0,0.0,0.0,0.0,0.0,0.0,0.0,0.0,0.0,0.0,0.0,0.198718089,0.029569385,-0.232048467,0.291254021,0.000924103,0.630150654,0.862688019,0.011484329,0.299024016,0.866479036,-0.167731747
p95,1930,0.043400818,0.281720859,0.011303142,-0.139311993,0.0,-0.049953943,0.076709371,0.605879955,0.237924725,0.063779126,0.0,1.36e-06,3.14e-08,0.0,0.0,0.0,1.4e-09,0.0,0.0,0.0,0.0,0.0,0.0,5.79e-09,0.000117707,3.56e-05,1.05e-06,0.0,0.0,0.0,5.51e-07,0.0,0.0,4.24e-06,0.0,0.0,0.0,0.0,0.000932478,-3.06e-14,7.24e-12,1.22e-07,2.17e-05,-4.55e-13,0.0,0.0,0.0,0.0,0.0,0.0,0.0,0.0,0.0,0.0,0.0,0.0,0.0,0.0,0.0,0.201946068,0.030094189,-0.222492902,0.295261626,0.001064276,0.646843411,0.875339199,0.010040848,0.294939251,0.872493781,-0.156845357
p95,1931,0.023911581,0.266059356,0.012173056,-0.122394176,5.05e-05,-0.050348643,0.06815715,0.609762727,0.240947923,0.064552646,0.0,3.65e-07,3.18e-08,0.0,0.0,0.0,1.41e-09,0.0,0.0,0.0,0.0,0.0,0.0,5.86e-09,0.000128295,3.87e-05,1.14e-06,0.0,0.0,0.0,8.87e-06,0.0,0.0,5.01e-06,0.0,0.0,0.0,0.0,0.001080141,2.05e-13,3.99e-08,1.22e-07,2.42e-05,-5.04e-13,0.0,0.0,0.0,0.0,0.0,0.0,0.0,0.0,0.0,0.0,0.0,0.0,0.0,0.0,0.0,0.195604464,0.030519932,-0.193944704,0.299092309,0.001229359,0.676725814,0.871982977,0.004187194,0.260111014,0.879906782,-0.134418849
p95,1932,0.012868291,0.153449044,0.014517704,-0.114193637,0.000100978,-0.050697716,0.067035047,0.615031876,0.243729007,0.064969711,0.0,1.76e-07,3.22e-08,0.0,0.0,0.0,1.43e-09,0.0,0.0,0.0,0.0,0.0,0.0,5.93e-09,0.000135993,4.09e-05,1.21e-06,0.0,0.0,0.0,3.14e-05,0.0,0.0,5.78e-06,0.0,0.0,0.0,0.0,0.001216656,-1.3e-13,2.3e-07,1.22e-07,2.67e-05,-3.99e-13,0.0,0.0,0.0,0.0,0.0,0.0,0.0,0.0,0.0,0.0,0.0,0.0,0.0,0.0,0.0,0.198248619,0.030912341,-0.177037158,0.30236751,0.001391436,0.703726789,0.794575479,0.003288989,0.144140922,0.888141882,-0.115772079
p95,1933,0.006782947,-0.122166334,0.012233422,-0.117988173,0.000151468,-0.051044659,0.066682307,0.621060065,0.246570528,0.065592593,0.0,1.91e-07,3.26e-08,0.0,0.0,0.0,1.45e-09,0.0,0.0,0.0,0.0,0.0,0.0,6e-09,0.000140637,4.22e-05,1.25e-06,0.0,0.0,0.0,5.24e-05,0.0,0.0,6.56e-06,0.0,0.0,0.0,0.0,0.001365172,8.99e-13,4.8e-07,1.22e-07,2.93e-05,-6.25e-13,0.0,0.0,0.0,0.0,0.0,0.0,0.0,0.0,0.0,0.0,0.0,0.0,0.0,0.0,0.0,0.199150407,0.031314405,-0.185470214,0.305879222,0.001561772,0.703148185,0.502439674,0.00286096,-0.142616856,0.897378915,-0.124483251
p95,1934,0.012394527,0.130797656,0.011302032,-0.129489582,0.000201957,-0.051471291,0.072108113,0.628568955,0.249808015,0.065999415,0.0,2.07e-07,3.3e-08,0.0,0.0,0.0,1.47e-09,0.0,0.0,0.0,0.0,0.0,0.0,6.08e-09,0.000145418,4.36e-05,1.29e-06,0.0,0.0,0.0,7.34e-05,0.0,0.0,7.71e-06,2.27e-07,0.0,0.0,0.0,0.001536587,-5.85e-13,7.2e-07,1.22e-07,3.2e-05,-1.32e-13,0.0,0.0,0.0,0.0,0.0,0.0,0.0,0.0,0.0,0.0,0.0,0.0,0.0,0.0,0.0,0.207048422,0.031773461,-0.205441615,0.309616341,0.001756133,0.69780021,0.769350365,0.006322473,0.12332407,0.90824166,-0.138678893
p95,1935,0.040872493,0.261297319,0.009244319,-0.135292689,0.000252446,-0.051913199,0.072922904,0.637252651,0.253085172,0.066502616,0.0,2.25e-07,3.34e-08,0.0,0.0,0.0,1.48e-09,0.0,0.0,0.0,0.0,0.0,0.0,6.15e-09,0.00015176,4.54e-05,1.35e-06,0.0,0.0,0.0,9.43e-05,0.0,0.0,8.48e-06,5.68e-06,0.0,0.0,0.0,0.001748096,4.18e-12,9.6e-07,1.22e-07,3.49e-05,-1.23e-12,0.0,0.0,0.0,0.0,0.0,0.0,0.0,0.0,0.0,0.0,0.0,0.0,0.0,0.0,0.0,0.210196751,0.032239518,-0.21809149,0.313518358,0.001995464,0.697972942,0.905119684,0.006725503,0.272719342,0.92042287,-0.150694573
p95,1936,0.114824423,0.282478171,0.009472043,-0.144978025,0.000302935,-0.052343857,0.078545877,0.652788568,0.256008235,0.067166624,0.0,2.45e-07,3.38e-08,0.0,0.0,0.0,1.5e-09,0.0,0.0,0.0,0.0,0.0,0.0,6.22e-09,0.000162129,4.83e-05,1.44e-06,0.0,0.0,0.0,0.000115272,0.0,0.0,9.25e-06,2.36e-05,0.0,0.0,0.0,0.00201722,-2.81e-12,1.2e-06,1.22e-07,3.79e-05,2.84e-12,0.0,0.0,0.0,0.0,0.0,0.0,0.0,0.0,0.0,0.0,0.0,0.0,0.0,0.0,0.0,0.218472741,0.032656504,-0.234402087,0.317261858,0.002305587,0.705358678,0.996810673,0.010137328,0.364245541,0.939247385,-0.16059285
p95,1937,0.14058126,0.27472394,0.006865446,-0.150517828,0.000353424,-0.052807606,0.078779608,0.667629696,0.25876308,0.068008517,0.0,2.66e-07,3.42e-08,0.0,0.0,0.0,1.52e-09,0.0,0.0,0.0,0.0,0.0,0.0,6.29e-09,0.000176211,5.22e-05,1.57e-06,0.0,0.0,0.0,0.00013623,0.0,0.0,1e-05,4.17e-05,0.0,0.0,0.0,0.002308981,2.07e-11,1.44e-06,1.22e-07,4.11e-05,-4.41e-12,0.0,0.0,0.0,0.0,0.0,0.0,0.0,0.0,0.0,0.0,0.0,0.0,0.0,0.0,0.0,0.221594493,0.033050637,-0.247466648,0.321012947,0.002641037,0.710352928,1.015491626,0.01007484,0.381277894,0.957381313,-0.172236173
p95,1938,0.126076064,0.277226994,0.007328691,-0.140158234,0.000403913,-0.053252651,0.073646072,0.678016056,0.261401087,0.068996358,0.0,2.9e-07,3.46e-08,0.0,0.0,0.0,1.54e-09,0.0,0.0,0.0,0.0,0.0,0.0,6.37e-09,0.000194484,5.73e-05,1.73e-06,0.0,0.0,0.0,0.000157189,0.0,0.0,1.08e-05,5.96e-05,0.0,0.0,0.0,0.002595574,-1.43e-11,1.68e-06,1.21e-07,4.43e-05,2e-11,0.0,0.0,0.0,0.0,0.0,0.0,0.0,0.0,0.0,0.0,0.0,0.0,0.0,0.0,0.0,0.218579238,0.033429086,-0.229241886,0.324810051,0.002975691,0.737306553,1.033943892,0.006488419,0.369824787,0.97117763,-0.158337019
p95,1939,0.106362099,0.283824583,0.006020308,-0.149908306,0.000454403,-0.053700396,0.078306086,0.688924271,0.265235174,0.069802437,0.0,3.15e-07,3.5e-08,0.0,0.0,0.0,1.55e-09,0.0,0.0,0.0,0.0,0.0,0.0,6.44e-09,0.000215264,6.3e-05,1.91e-06,0.0,0.0,0.0,0.000178147,1.94e-07,0.0,1.16e-05,7.74e-05,0.0,0.0,0.0,0.002897959,1.09e-10,1.92e-06,1.22e-07,4.78e-05,-2.28e-11,0.0,0.0,0.0,0.0,0.0,0.0,0.0,0.0,0.0,0.0,0.0,0.0,0.0,0.0,0.0,0.226852822,0.033980128,-0.247171217,0.329627896,0.003329058,0.740139133,1.024343906,0.009404591,0.357257422,0.986431684,-0.169980222
p95,1940,0.084096276,0.285025239,0.003402482,-0.157032876,0.000504892,-0.053865442,0.079137519,0.698801063,0.267188927,0.070758662,0.0,3.42e-07,3.54e-08,0.0,0.0,0.0,1.57e-09,0.0,0.0,0.0,0.0,0.0,0.0,6.51e-09,0.000240399,6.98e-05,2.13e-06,0.0,0.0,0.0,0.000199106,4.02e-06,0.0,1.23e-05,9.53e-05,0.0,0.0,0.0,0.003247793,-7.79e-11,2.16e-06,1.2e-07,5.15e-05,1.75e-10,0.0,0.0,0.0,0.0,0.0,0.0,0.0,0.0,0.0,0.0,0.0,0.0,0.0,0.0,0.0,0.229453596,0.034262096,-0.264878018,0.332752003,0.003735983,0.735888864,1.000853744,0.009936928,0.337071796,0.999094426,-0.18573855
p95,1941,0.066804561,0.285018151,0.003350165,-0.16024734,0.000544234,-0.053751149,0.080664878,0.70763232,0.269084126,0.071767051,0.0,3.72e-07,3.57e-08,0.0,0.0,0.0,1.59e-09,0.0,0.0,0.0,0.0,0.0,0.0,6.58e-09,0.000265919,7.65e-05,2.36e-06,0.0,0.0,0.0,0.000220065,2.1e-05,0.0,1.27e-05,0.000113188,0.0,0.0,0.0,0.003659092,6.18e-10,2.4e-06,5.8e-07,5.53e-05,3.21e-06,0.0,0.0,0.0,0.0,0.0,0.0,0.0,0.0,0.0,0.0,0.0,0.0,0.0,0.0,0.0,0.232162141,0.034536144,-0.272063257,0.335941422,0.004217622,0.742051751,0.992044806,0.011317653,0.320241582,1.010815996,-0.189676913
p95,1942,0.039776661,0.28481041,0.003083114,-0.165861907,0.000590133,-0.053660044,0.083765136,0.714608451,0.272085323,0.072888725,0.0,4.04e-07,3.61e-08,0.0,0.0,0.0,1.61e-09,0.0,0.0,0.0,0.0,0.0,0.0,6.65e-09,0.000299835,8.54e-05,2.66e-06,0.0,0.0,0.0,0.000241023,4.91e-05,0.0,1.35e-05,0.000131059,0.0,0.0,0.0,0.004178218,-5.64e-10,2.64e-06,1.96e-06,5.93e-05,5.92e-06,0.0,0.0,0.0,0.0,0.0,0.0,0.0,0.0,0.0,0.0,0.0,0.0,0.0,0.0,0.0,0.235431542,0.034970622,-0.280849493,0.340432738,0.004821894,0.747551912,0.968789785,0.01369628,0.293206523,1.021875455,-0.194598568
p95,1943,0.019084614,0.059635554,0.00392764,-0.166733841,0.000636032,-0.053641593,0.084717523,0.718742596,0.274779345,0.075495735,0.0,4.39e-07,3.65e-08,0.0,0.0,0.0,1.62e-09,0.0,0.0,0.0,0.0,0.0,0.0,6.73e-09,0.00034397,9.68e-05,3.06e-06,0.0,0.0,0.0,0.000261982,8.83e-05,0.0,1.39e-05,0.000148931,0.0,0.0,0.0,0.00479557,6.66e-06,2.88e-06,4.23e-06,6.35e-05,8.11e-06,0.0,0.0,0.0,0.0,0.0,0.0,0.0,0.0,0.0,0.0,0.0,0.0,0.0,0.0,0.0,0.239717678,0.03536303,-0.282335213,0.34601527,0.005544833,0.7587133,0.776354784,0.014743423,0.068143526,1.031301561,-0.191823002
p95,1944,0.017913739,0.120764878,0.004961777,-0.165024724,0.000688489,-0.053559483,0.085071233,0.719015942,0.276958351,0.076397953,0.0,4.78e-07,3.69e-08,0.0,0.0,0.0,1.64e-09,0.0,0.0,0.0,0.0,0.0,0.0,6.8e-09,0.000403104,0.000111788,3.6e-06,0.0,9.68e-06,0.0,0.000282941,0.000138518,0.0,1.43e-05,0.000166802,0.0,0.0,0.0,0.005504584,2.67e-05,3.12e-06,7.34e-06,6.8e-05,9.76e-06,0.0,0.0,0.0,0.0,0.0,0.0,0.0,0.0,0.0,0.0,0.0,0.0,0.0,0.0,0.0,0.243910623,0.035680014,-0.276958478,0.349639708,0.006398941,0.77172808,0.836860204,0.015333297,0.119821446,1.035049753,-0.18267857
p95,1945,0.053871863,0.240248139,0.006000234,-0.147732063,0.000740945,-0.053488496,0.077439654,0.71827971,0.278795756,0.07733303,0.0,5.19e-07,3.73e-08,0.0,0.0,0.0,1.66e-09,0.0,0.0,0.0,0.0,0.0,0.0,6.87e-09,0.000444869,0.000121964,3.98e-06,0.0,0.000209943,1.97e-06,0.000303899,0.000199747,0.0,1.47e-05,0.000184674,0.0,0.0,0.0,0.005975495,4.46e-05,3.36e-06,1.13e-05,7.27e-05,1.11e-05,0.0,0.0,0.0,0.0,0.0,0.0,0.0,0.0,0.0,0.0,0.0,0.0,0.0,0.0,0.0,0.242691223,0.035947927,-0.244636444,0.352928511,0.007145053,0.805728191,1.006400261,0.010555203,0.264969486,1.0374243,-0.152672936
p95,1946,0.099456132,0.273238282,0.007698971,-0.144054363,0.000806515,-0.053342951,0.076628473,0.718197184,0.281407118,0.078156325,0.0,5.64e-07,3.77e-08,0.0,0.0,0.0,1.68e-09,0.0,0.0,0.0,0.0,0.0,0.0,6.94e-09,0.000457745,0.000124823,4.09e-06,0.0,0.000814722,3.4e-05,0.000324858,0.000271917,0.0,1.5e-05,0.000202545,0.0,0.0,0.0,0.006345051,6.25e-05,3.6e-06,1.6e-05,7.76e-05,1.16e-05,0.0,0.0,0.0,0.0,0.0,0.0,0.0,0.0,0.0,0.0,0.0,0.0,0.0,0.0,0.0,0.242184595,0.036328957,-0.236867645,0.357118248,0.008096861,0.817488896,1.086671356,0.010362896,0.340238863,1.04131295,-0.144231205
p95,1947,0.13974227,0.147048301,0.003785748,-0.152187256,0.000865529,-0.053256984,0.077843536,0.719917608,0.284999324,0.078509673,0.0,6.13e-07,3.81e-08,0.0,0.0,0.0,1.69e-09,0.0,0.0,0.0,0.0,0.0,0.0,7.02e-09,0.000472594,0.000128227,4.23e-06,0.0,0.001412077,0.000122261,0.000345817,0.000354971,0.0,1.5e-05,0.000220417,0.0,0.0,0.0,0.006708441,8.04e-05,3.84e-06,2.15e-05,8.29e-05,1.18e-05,0.0,0.0,0.0,0.0,0.0,0.0,0.0,0.0,0.0,0.0,0.0,0.0,0.0,0.0,0.0,0.249117429,0.036853761,-0.257400907,0.361874268,0.009109892,0.808154946,1.006018671,0.011599302,0.26416916,1.047479848,-0.159231818
p95,1948,0.159483922,0.18790114,0.003504649,-0.159370109,0.000937656,-0.053223564,0.081771972,0.720430584,0.288587768,0.078706599,0.0,6.67e-07,3.85e-08,0.0,0.0,0.0,1.71e-09,0.0,0.0,0.0,0.0,0.0,0.0,7.09e-09,0.000495935,0.000133543,4.45e-06,0.0,0.002004797,0.000203767,0.000366775,0.000449879,0.0,1.5e-05,0.000238288,0.0,0.0,0.0,0.007161599,9.82e-05,4.08e-06,2.76e-05,8.83e-05,1.18e-05,0.0,0.0,0.0,0.0,0.0,0.0,0.0,0.0,0.0,0.0,0.0,0.0,0.0,0.0,0.0,0.258474813,0.037379454,-0.268951453,0.366615341,0.010220082,0.809159144,1.055340567,0.014737951,0.319858028,1.052409274,-0.162518935
p95,1949,0.135981936,0.263661477,-0.000477395,-0.157260042,0.001009783,-0.053078789,0.078782757,0.722448072,0.291408171,0.07889348,0.0,7.25e-07,3.89e-08,0.0,0.0,0.0,1.73e-09,0.0,0.0,0.0,0.0,0.0,2.16e-07,7.16e-09,0.000521235,0.000139094,4.69e-06,0.0,0.002597517,0.000285271,0.000387734,0.000545887,0.0,1.5e-05,0.000256161,0.0,0.0,0.0,0.007658308,0.000116095,4.32e-06,3.45e-05,9.42e-05,1.15e-05,0.0,0.0,0.0,0.0,0.0,0.0,0.0,0.0,0.0,0.0,0.0,0.0,0.0,0.0,0.0,0.257556318,0.037793775,-0.268375982,0.37056375,0.011388646,0.813573823,1.103706658,0.013040735,0.366016969,1.058118492,-0.16365707
p95,1950,0.09036488,0.278893501,-0.002041627,-0.169222732,0.001095025,-0.053345077,0.085036541,0.726008266,0.293475586,0.079479621,0.0,8.1e-07,3.93e-08,0.0,0.0,0.0,1.75e-09,0.0,0.0,0.0,0.0,0.0,1.52e-06,7.23e-09,0.000544344,0.000143933,4.91e-06,0.0,0.003178904,0.000364277,0.000408692,0.000646467,0.0,1.5e-05,0.000276264,0.0,0.0,0.0,0.008191106,0.000133878,4.56e-06,4.2e-05,0.000100297,1.08e-05,0.0,0.0,0.0,0.0,0.0,0.0,0.0,0.0,0.0,0.0,0.0,0.0,0.0,0.0,0.0,0.269733394,0.038098544,-0.290022147,0.374169233,0.012583388,0.807182649,1.070400009,0.017303913,0.336590694,1.065063795,-0.175843503
p95,1951,0.059987112,0.246269525,-0.005284288,-0.165081248,0.001180266,-0.053971612,0.079195109,0.729645229,0.296442493,0.079982182,0.0,1.83e-06,3.97e-08,0.0,0.0,0.0,1.76e-09,0.0,0.0,0.0,0.0,0.0,4.31e-06,7.31e-09,0.000569055,0.000148891,5.15e-06,0.0,0.003872783,0.00046737,0.000429412,0.000756554,0.0,1.5e-05,0.000278497,0.0,0.0,0.0,0.008671606,0.000152319,4.8e-06,5.01e-05,0.00010673,9.9e-06,0.0,0.0,0.0,0.0,0.0,0.0,0.0,0.0,0.0,0.0,0.0,0.0,0.0,0.0,0.0,0.266944057,0.038536512,-0.291735097,0.37864612,0.013843818,0.808109793,1.017640135,0.012790902,0.276283199,1.072870121,-0.182372972
p95,1952,0.037382912,0.247015282,-0.007998184,-0.170496035,0.001272065,-0.054593185,0.080480785,0.735947864,0.299703761,0.080659085,0.0,5.54e-06,4.01e-08,0.0,0.0,0.0,1.78e-09,0.0,0.0,0.0,0.0,0.0,1.18e-05,7.38e-09,0.000596821,0.000154183,5.42e-06,0.0,0.00470411,0.000633301,0.00045242,0.000865306,0.0,1.5e-05,0.00027403,0.0,0.0,0.0,0.008931614,0.000172681,5.04e-06,5.88e-05,0.000113601,9.31e-06,0.0,0.0,0.0,0.0,0.0,0.0,0.0,0.0,0.0,0.0,0.0,0.0,0.0,0.0,0.0,0.272799533,0.039019322,-0.301658063,0.383536685,0.015064705,0.811274475,0.997394504,0.013392657,0.254314824,1.083750959,-0.18927022
p95,1953,0.023292666,0.263516884,-0.009916384,-0.175851876,0.001376977,-0.055095305,0.082624952,0.743427545,0.305046817,0.081904594,0.0,1.23e-05,4.05e-08,0.0,0.0,0.0,1.8e-09,0.0,0.0,0.0,0.0,0.0,1.97e-05,7.45e-09,0.000625216,0.000159248,5.7e-06,0.0,0.005585184,0.000867794,0.000477407,0.000976771,0.0,1.5e-05,0.000275892,0.0,0.0,1.05e-07,0.009242142,0.000194235,5.31e-06,6.83e-05,0.000120926,8.54e-06,0.0,0.0,0.0,0.0,0.0,0.0,0.0,0.0,0.0,0.0,0.0,0.0,0.0,0.0,0.0,0.281885388,0.039813337,-0.312174683,0.39118358,0.016445189,0.820515537,1.004555739,0.014707561,0.25517473,1.098259267,-0.193468329
p95,1954,0.015741072,0.274151714,-0.010252611,-0.178747997,0.001488447,-0.055705984,0.084222001,0.750446217,0.311554262,0.082764366,0.0,2.18e-05,4.09e-08,0.0,0.0,0.0,1.82e-09,0.0,0.0,0.0,0.0,0.0,2.76e-05,7.52e-09,0.000656311,0.000164424,6.01e-06,0.0,0.006576673,0.00116698,0.000506351,0.00108797,0.0,1.5e-05,0.000287063,0.0,0.0,1.57e-06,0.009586345,0.0002252,5.58e-06,7.9e-05,0.000128722,7.94e-06,0.0,0.0,0.0,0.0,0.0,0.0,0.0,0.0,0.0,0.0,0.0,0.0,0.0,0.0,0.0,0.288362086,0.040784526,-0.31834304,0.399859051,0.0180436,0.832269673,1.016446864,0.015734731,0.257251049,1.113261313,-0.195346377
p95,1955,0.033717795,0.273344327,-0.013049164,-0.186806561,0.001606474,-0.056254689,0.086776256,0.756570849,0.318695028,0.083949128,0.0,3.38e-05,4.12e-08,0.0,0.0,0.0,1.83e-09,0.0,0.0,0.0,0.0,0.0,3.54e-05,7.6e-09,0.000687734,0.000169221,6.31e-06,0.0,0.007690242,0.00153546,0.000542303,0.00119917,0.0,1.5e-05,0.000313902,0.0,0.0,9.72e-06,0.009962824,0.000259122,5.85e-06,9.05e-05,0.000137023,7.31e-06,0.0,0.0,0.0,0.0,0.0,0.0,0.0,0.0,0.0,0.0,0.0,0.0,0.0,0.0,0.0,0.299936823,0.041856574,-0.33943987,0.409630414,0.019868817,0.834336236,1.037143388,0.017472004,0.274867719,1.128495634,-0.207850909
p95,1956,0.107698952,0.10425456,-0.014376611,-0.200624557,0.001737614,-0.05672193,0.094267481,0.761960938,0.327084003,0.085315461,0.0,4.84e-05,4.16e-08,0.0,0.0,0.0,1.85e-09,0.0,0.0,0.0,0.0,0.0,4.33e-05,7.67e-09,0.000719171,0.000173601,6.61e-06,0.0,0.008969078,0.001997174,0.000581898,0.001310914,0.0,1.5e-05,0.000353264,0.0,0.0,2.6e-05,0.010370661,0.0002856,6.12e-06,0.000102627,0.00014577,6.67e-06,0.0,0.0,0.0,0.0,0.0,0.0,0.0,0.0,0.0,0.0,0.0,0.0,0.0,0.0,0.0,0.31497777,0.043124153,-0.364793283,0.42100538,0.021963127,0.835306485,0.970919262,0.022614145,0.194568186,1.144622258,-0.220181504
p95,1957,0.182980449,0.10369557,-0.014602248,-0.20944868,0.001875312,-0.057257625,0.10001967,0.767563564,0.335558945,0.086607529,0.0,6.54e-05,4.2e-08,0.0,0.0,0.0,1.87e-09,0.0,0.0,0.0,0.0,0.0,5.12e-05,7.74e-09,0.000749293,0.000177413,6.88e-06,0.0,0.010448589,0.002542695,0.000627701,0.001417208,0.0,1.5e-05,0.000401057,0.0,0.0,5.07e-05,0.010807221,0.000312317,6.39e-06,0.000115165,0.000154972,6.27e-06,0.0,0.0,0.0,0.0,0.0,0.0,0.0,0.0,0.0,0.0,0.0,0.0,0.0,0.0,0.0,0.327261415,0.044413602,-0.378375011,0.432665047,0.024367018,0.846804942,1.040942353,0.026869853,0.268853661,1.161216735,-0.224698073
p95,1958,0.178155559,0.235544757,-0.010426961,-0.203980735,0.002026124,-0.057449657,0.098625822,0.774321241,0.342217316,0.087645012,0.0,8.48e-05,4.24e-08,0.0,0.0,0.0,1.89e-09,0.0,0.0,0.0,0.0,0.0,5.91e-05,7.81e-09,0.000776004,0.000180468,7.11e-06,0.0,0.012045846,0.003083818,0.000682197,0.001524954,0.0,1.5e-05,0.000471986,0.0,0.0,7.92e-05,0.011271327,0.00033952,6.66e-06,0.000128186,0.000164582,5.86e-06,0.0,0.0,0.0,0.0,0.0,0.0,0.0,0.0,0.0,0.0,0.0,0.0,0.0,0.0,0.0,0.323255313,0.045433036,-0.37067536,0.442399632,0.026940512,0.86811133,1.165273614,0.026304462,0.380430834,1.177099145,-0.218829998
p95,1959,0.127077168,0.272145345,-0.010511071,-0.208612208,0.002183493,-0.05752137,0.10121817,0.783211834,0.347861709,0.088505401,0.0,0.000106579,4.28e-08,0.0,0.0,0.0,1.9e-09,0.0,0.0,0.0,0.0,0.0,6.7e-05,7.88e-09,0.000802002,0.000183189,7.32e-06,0.0,0.013751642,0.003585027,0.000745072,0.001625076,0.0,1.58e-05,0.000567729,0.0,0.0,0.000111408,0.011763418,0.000367107,6.92e-06,0.00014198,0.000174552,5.44e-06,0.0,0.0,0.0,0.0,0.0,0.0,0.0,0.0,0.0,0.0,0.0,0.0,0.0,0.0,0.0,0.327805366,0.046301588,-0.381544117,0.451037332,0.029630019,0.877138371,1.163384975,0.028478469,0.365132244,1.194070718,-0.22478251
p95,1960,0.103598179,0.279097916,-0.01084826,-0.21515033,0.002360533,-0.057715496,0.105012887,0.79906224,0.351719625,0.089692094,0.0,0.000130657,4.32e-08,0.0,0.0,0.0,1.92e-09,0.0,0.0,0.0,0.0,0.0,7.48e-05,1.04e-08,0.000831275,0.000186037,7.54e-06,4.91e-09,0.015742142,0.004171858,0.000816105,0.001717558,0.0,1.74e-05,0.000670006,0.0,0.0,0.000153045,0.012280655,0.00039476,7.23e-06,0.000156472,0.000184841,5.02e-06,5.04e-10,3.02e-09,0.0,0.0,0.0,0.0,0.0,0.0,0.0,0.0,0.0,0.0,0.0,0.0,0.0,0.33521633,0.046898306,-0.396694437,0.45849917,0.032698866,0.888986453,1.161154675,0.031388471,0.34863307,1.216804037,-0.233899664
p95,1961,0.05019054,0.280073417,-0.018873416,-0.224088412,0.002740262,-0.057899911,0.105111166,0.812062454,0.354739379,0.090973429,0.0,0.000156978,4.36e-08,0.0,0.0,0.0,1.94e-09,0.0,0.0,0.0,0.0,0.0,8.66e-05,1.1e-07,0.000861945,0.000188805,7.74e-06,7.58e-07,0.018048923,0.004958676,0.000897541,0.001815674,0.0,2.04e-05,0.000785649,0.0,0.0,0.000196016,0.012823798,0.000421971,7.53e-06,0.000171478,0.000195371,4.61e-06,4.03e-09,2.42e-08,0.0,0.0,0.0,0.0,0.0,0.0,0.0,0.0,0.0,0.0,0.0,0.0,0.0,0.3464006,0.047367157,-0.416937823,0.46568397,0.036287296,0.894288279,1.117518591,0.031694151,0.297624966,1.236479834,-0.246455784
p95,1962,0.028764749,0.280019864,-0.01856386,-0.223183943,0.003183203,-0.058123746,0.105204654,0.826422978,0.362129339,0.092330265,0.0,0.000185488,4.4e-08,0.0,0.0,0.0,1.96e-09,0.0,0.0,0.0,0.0,0.0,0.000102396,2.63e-07,0.000892573,0.000191396,7.92e-06,2.96e-06,0.020658943,0.005966087,0.000991628,0.00191815,0.0,2.55e-05,0.000932046,0.0,0.0,0.000249353,0.013388091,0.000448319,7.83e-06,0.000187233,0.00020613,4.19e-06,8.06e-09,4.83e-08,0.0,0.0,0.0,0.0,0.0,0.0,0.0,0.0,0.0,0.0,0.0,0.0,0.0,0.351569741,0.04851721,-0.419655318,0.477725126,0.040422905,0.919132459,1.119880691,0.032415583,0.275638744,1.262007195,-0.245405994
p95,1963,0.022431819,-0.497256907,-0.026083663,-0.239971222,0.003533402,-0.058468574,0.11147682,0.838047184,0.372328174,0.093829009,0.0,0.000216131,4.44e-08,0.0,0.0,0.0,1.97e-09,0.0,0.0,0.0,0.0,0.0,0.000122088,4.46e-07,0.00092527,0.000194039,8.09e-06,6.49e-06,0.023711112,0.007220091,0.001100546,0.002021634,4.89e-08,3.28e-05,0.00111808,0.0,0.0,0.000315867,0.013965339,0.000473459,8.16e-06,0.000203465,0.000217059,3.77e-06,1.21e-08,9.06e-08,0.0,0.0,0.0,0.0,0.0,0.0,0.0,0.0,0.0,0.0,0.0,0.0,0.0,0.374043903,0.050115327,-0.453522352,0.493220757,0.045240086,0.928058695,0.253884317,0.037736446,-0.523189865,1.288146897,-0.260525743
p95,1964,0.02057299,-0.409586806,-0.027477526,-0.232393386,0.003877622,-0.058620279,0.105877421,0.85114777,0.381536368,0.095233417,0.0,0.000248852,4.48e-08,0.0,0.0,0.0,1.99e-09,0.0,0.0,0.0,0.0,0.0,0.00014178,6.67e-07,0.000959501,0.000196708,8.25e-06,1.12e-05,0.027294936,0.008729815,0.001223815,0.002126931,1.19e-06,4.36e-05,0.001341193,0.0,0.0,0.000382645,0.014558772,0.000497007,8.49e-06,0.000220075,0.000228215,3.36e-06,1.61e-08,1.39e-07,0.0,0.0,0.0,0.0,0.0,0.0,0.0,0.0,0.0,0.0,0.0,0.0,0.0,0.375766212,0.051569692,-0.451277801,0.508391379,0.050854176,0.955912577,0.388554229,0.034428939,-0.435841297,1.315463483,-0.258735583
p95,1965,0.024525223,0.070097512,-0.032230797,-0.236570187,0.004339321,-0.058766279,0.106232228,0.860344529,0.389086192,0.096651896,0.0,0.000283597,4.52e-08,0.0,0.0,0.0,2.01e-09,0.0,0.0,0.0,0.0,0.0,0.000157533,9.49e-07,0.000998924,0.000199726,8.41e-06,1.71e-05,0.031393779,0.010477325,0.001365654,0.002239324,6.54e-06,5.78e-05,0.001605789,0.0,0.0,0.000466179,0.015147403,0.000518725,8.79e-06,0.000236988,0.000239625,2.89e-06,2.33e-08,1.99e-07,0.0,7.07e-09,0.0,0.0,1.44e-08,1.62e-08,0.0,0.0,0.0,0.0,0.0,0.0,0.0,0.387797312,0.052770614,-0.464509214,0.522513168,0.057222776,0.9727652,0.997846254,0.035582419,0.082359605,1.337889244,-0.263211535
p95,1966,0.047620158,0.213478068,-0.034171116,-0.2379662,0.004914513,-0.05882047,0.106665458,0.880776204,0.395214297,0.098260422,0.0,0.000320307,4.56e-08,0.0,0.0,0.0,2.03e-09,0.0,0.0,0.0,0.0,0.0,0.000173287,1.29e-06,0.001041388,0.000202962,8.58e-06,2.39e-05,0.035985578,0.012430961,0.001531306,0.002360638,1.35e-05,7.52e-05,0.001927903,0.0,0.0,0.000596682,0.015711814,0.000538449,9.11e-06,0.000254253,0.000251258,2.73e-06,4.96e-08,7.81e-07,0.0,8.47e-08,0.0,0.0,1.25e-07,1.48e-07,0.0,0.0,0.0,0.0,0.0,0.0,0.0,0.394773602,0.053751458,-0.471138348,0.536058574,0.064354117,1.002134448,1.167580778,0.036666145,0.232676215,1.370964387,-0.264538392
p95,1967,0.075188198,0.251228466,-0.037318096,-0.246024202,0.006047918,-0.059245654,0.11017347,0.892191769,0.401775973,0.099863971,0.0,0.000358929,4.6e-08,0.0,0.0,0.0,2.04e-09,0.0,0.0,0.0,0.0,0.0,0.00018904,1.74e-06,0.001089632,0.000206722,8.77e-06,3.17e-05,0.041146838,0.014616401,0.001719404,0.002488694,2.17e-05,9.56e-05,0.002315631,0.0,0.0,0.000792928,0.016255582,0.000556222,9.48e-06,0.000271628,0.000263114,2.79e-06,9.3e-08,2.37e-06,0.0,2.34e-07,0.0,0.0,2.7e-07,3.32e-07,0.0,0.0,0.0,0.0,0.0,0.0,0.0,0.410971964,0.054806924,-0.484860829,0.550807674,0.072332505,1.025891344,1.246987235,0.039800134,0.294776368,1.396209229,-0.265584932
p95,1968,0.083093803,0.129496461,-0.038967666,-0.246191005,0.007132595,-0.060282627,0.110468362,0.90954305,0.411198966,0.101457237,0.0,0.000399409,4.64e-08,0.0,0.0,0.0,2.06e-09,0.0,0.0,0.0,0.0,0.0,0.00021267,2.28e-06,0.001145356,0.000211276,9e-06,4.02e-05,0.046949283,0.017091144,0.001934753,0.002622777,3.37e-05,0.000118382,0.002795061,0.0,0.0,0.001038809,0.016778408,0.000572016,9.84e-06,0.000289074,0.000275214,4.2e-06,1.5e-07,4.62e-06,1.48e-09,4.6e-07,0.0,0.0,4.33e-07,5.59e-07,0.0,0.0,0.0,0.0,0.0,0.0,0.0,0.420287058,0.056331351,-0.494207048,0.569202679,0.081301674,1.054501932,1.185076059,0.040242365,0.192125325,1.430782751,-0.268809996
p95,1969,0.093178381,0.029425099,-0.039219638,-0.24633629,0.007764487,-0.061045452,0.111771795,0.925947337,0.42071906,0.103059123,0.0,0.000441691,4.67e-08,3.95e-10,2.26e-09,0.0,2.08e-09,0.0,0.0,0.0,0.0,9.36e-09,0.0002363,2.96e-06,0.00120712,0.000216702,9.25e-06,4.93e-05,0.053439084,0.019937068,0.002181309,0.002762167,4.89e-05,0.000142675,0.003333528,0.0,0.0,0.001317683,0.01728163,0.000585865,1.02e-05,0.000306493,0.000287615,9.23e-06,2.14e-07,7.21e-06,1.19e-08,7.72e-07,0.0,0.0,6.2e-07,8.21e-07,0.0,0.0,0.0,0.0,0.0,0.0,0.0,0.428512657,0.057883171,-0.501768671,0.588635838,0.091329238,1.086839574,1.145276336,0.041521451,0.116930236,1.465404906,-0.268683884
p95,1970,0.09223828,0.204949431,-0.045890366,-0.259701486,0.008081109,-0.061528648,0.116702004,0.955144263,0.432332781,0.104662419,0.0,0.000485716,4.71e-08,2.78e-09,1.59e-08,0.0,2.1e-09,9.94e-12,0.0,0.0,0.0,6.72e-08,0.000255992,3.8e-06,0.001280952,0.000223872,9.57e-06,5.9e-05,0.060591583,0.023209739,0.002465745,0.002906144,6.94e-05,0.000168125,0.003900089,0.0,2.87e-07,0.001590259,0.017766519,0.00059797,1.06e-05,0.000323834,0.000300277,1.6e-05,3.28e-07,9.86e-06,2.52e-08,1.17e-06,0.0,0.0,8.29e-07,1.11e-06,0.0,0.0,0.0,0.0,0.0,0.0,0.0,0.448807507,0.05979167,-0.534069104,0.611101609,0.102412232,1.11674938,1.315153031,0.045811675,0.268750412,1.515390922,-0.285052145
p95,1971,0.05300413,0.263424751,-0.043657051,-0.264008539,0.009884584,-0.061776984,0.121376319,0.966761388,0.44292388,0.106301526,0.0,0.000531433,4.75e-08,3.27e-09,1.84e-08,0.0,2.6e-07,1.79e-08,0.0,2.73e-08,0.0,8.38e-08,0.000279622,4.82e-06,0.00136403,0.000232937,9.96e-06,6.92e-05,0.068306422,0.026833941,0.002792015,0.00305444,9.36e-05,0.000193961,0.004503642,0.0,5.67e-06,0.001872266,0.018232936,0.000608416,1.09e-05,0.000341056,0.000313274,2.37e-05,1.41e-06,1.26e-05,1.56e-07,1.66e-06,0.0,0.0,1.06e-06,1.43e-06,0.0,0.0,0.0,0.0,0.0,0.0,0.0,0.460288648,0.061547746,-0.538175011,0.633371143,0.114428457,1.155139244,1.363190689,0.051165834,0.283822225,1.548336484,-0.277338287
p95,1972,0.063917583,0.27523326,-0.046891088,-0.283903853,0.010774786,-0.061772343,0.13213485,1.003712147,0.452457801,0.107967633,0.0,0.000578785,4.79e-08,3.37e-09,1.88e-08,0.0,9.49e-07,6.51e-08,0.0,9.91e-08,0.0,6.68e-08,0.00030719,6.02e-06,0.001457286,0.000244405,1.04e-05,7.96e-05,0.07663341,0.030837597,0.00316628,0.003208068,0.000118794,0.000220954,0.005168563,0.0,1.88e-05,0.002241154,0.018680743,0.00061741,1.13e-05,0.000358106,0.000326715,3.21e-05,4.2e-06,1.58e-05,5.86e-07,2.21e-06,0.0,0.0,1.31e-06,1.78e-06,0.0,0.0,0.0,0.0,0.0,0.0,0.0,0.484243516,0.063141464,-0.569066595,0.655615078,0.127528491,1.197862548,1.42650912,0.060316164,0.305810608,1.60587465,-0.288911963
p95,1973,0.036206579,0.269437799,-0.046032302,-0.277519121,0.011520611,-0.062123718,0.130215984,1.052001886,0.459527945,0.109681134,0.0,0.000627718,4.83e-08,3.48e-09,1.91e-08,0.0,1.92e-06,1.32e-07,0.0,2.01e-07,0.0,4.8e-08,0.000334759,7.41e-06,0.001562212,0.000258837,1.1e-05,9.03e-05,0.085798681,0.035402555,0.003595016,0.003368225,0.000149427,0.000248718,0.00593564,0.0,3.1e-05,0.002727683,0.01911107,0.000625118,1.17e-05,0.000374941,0.000340529,4.3e-05,8.7e-06,1.95e-05,1.27e-06,2.83e-06,0.0,0.0,1.57e-06,2.16e-06,0.0,0.0,0.0,0.0,0.0,0.0,0.0,0.484746238,0.064331938,-0.569529074,0.67679784,0.14212385,1.261340157,1.455738693,0.059784657,0.272437529,1.673501582,-0.288072708
p95,1974,0.027714889,0.267710251,-0.042830254,-0.277803156,0.011518434,-0.062404914,0.132718126,1.067786008,0.466407902,0.111453186,0.0,0.000678172,4.87e-08,3.59e-09,1.94e-08,0.0,3.04e-06,2.08e-07,0.0,3.17e-07,0.0,2.77e-08,0.000362327,9e-06,0.001683836,0.000277369,1.17e-05,0.000101046,0.095913279,0.040564353,0.00408612,0.003536109,0.000185309,0.000277638,0.006709444,0.0,4.34e-05,0.003307174,0.019526712,0.000631597,1.21e-05,0.000391516,0.000354765,5.92e-05,1.45e-05,2.38e-05,2.17e-06,3.5e-06,0.0,0.0,1.85e-06,2.56e-06,0.0,0.0,0.0,0.0,0.0,0.0,0.0,0.48540496,0.065496934,-0.564713151,0.699336299,0.158289147,1.302743939,1.486852083,0.061902347,0.262088481,1.71054929,-0.281563215
p95,1975,0.021268687,0.254731281,-0.038959873,-0.273363845,0.011906916,-0.062418828,0.133318813,1.068945552,0.474444824,0.113281198,0.0,0.000730098,4.91e-08,3.69e-09,2.02e-08,4.39e-10,4.16e-06,2.85e-07,0.0,4.34e-07,0.0,2.36e-08,0.000393834,1.08e-05,0.001822885,0.000300393,1.27e-05,0.0001118,0.106209171,0.045777733,0.004651031,0.003712925,0.000225735,0.000307716,0.007499825,0.0,5.25e-05,0.003842488,0.019927461,0.000637081,1.25e-05,0.000407784,0.000369528,8.29e-05,2.15e-05,2.86e-05,3.25e-06,4.23e-06,0.0,0.0,2.14e-06,2.96e-06,0.0,0.0,0.0,0.0,0.0,0.0,0.0,0.483098124,0.066865373,-0.553985101,0.723383218,0.174739141,1.336690412,1.50282918,0.063302729,0.243314407,1.73474413,-0.270676143
p95,1976,0.01918275,0.255413662,-0.040652341,-0.290717338,0.012284632,-0.062449931,0.143467684,1.082267697,0.483335818,0.115162341,0.0,0.000783435,4.95e-08,3.8e-09,1.73e-06,3.51e-09,5.13e-06,3.52e-07,0.0,5.35e-07,0.0,1.03e-07,0.000428793,1.28e-05,0.001948687,0.000321683,1.37e-05,0.000122428,0.116052317,0.050830599,0.005296847,0.003905104,0.000276945,0.000337793,0.008398463,0.0,6.19e-05,0.004411104,0.020311747,0.000641757,1.3e-05,0.000423694,0.000384813,0.000113788,3.62e-05,3.48e-05,4.48e-06,5.01e-06,0.0,0.0,2.46e-06,3.37e-06,0.0,0.0,0.0,0.0,0.0,0.0,0.0,0.50034167,0.068389018,-0.584008362,0.747919467,0.190781823,1.356305289,1.519442956,0.07164311,0.241719808,1.771396327,-0.284908785
p95,1977,0.038801124,0.272469788,-0.036940729,-0.293431475,0.013416143,-0.062873325,0.14873502,1.115967864,0.492773974,0.117093563,0.0,0.000838134,4.99e-08,3.91e-09,6.28e-06,7.02e-09,5.82e-06,3.99e-07,0.0,6.07e-07,0.0,1.42e-06,0.000468311,1.51e-05,0.002087913,0.000344116,1.49e-05,0.000132819,0.125514422,0.055747339,0.006069081,0.004113012,0.000335566,0.000368256,0.009355091,0.0,7.13e-05,0.005175234,0.020681048,0.000645676,1.34e-05,0.000439204,0.000400638,0.000152202,6.26e-05,4.25e-05,5.83e-06,5.83e-06,0.0,0.0,2.8e-06,3.78e-06,0.0,0.0,0.0,0.0,0.0,0.0,0.0,0.509524085,0.07001789,-0.585209912,0.773034579,0.20666621,1.418090142,1.616015853,0.076572405,0.277684089,1.828432693,-0.27686812
p95,1978,0.088663319,0.27565514,-0.032394063,-0.300859087,0.014260751,-0.063484648,0.157092502,1.146694922,0.502464969,0.119102258,0.0,0.000894132,5.03e-08,4.02e-09,1.26e-05,1.05e-08,6.08e-06,4.17e-07,0.0,6.34e-07,0.0,0.0,0.00051986,1.76e-05,0.002245029,0.000370251,1.64e-05,0.00014286,0.134483421,0.060315212,0.006691272,0.004328762,0.000400385,0.000399105,0.010640584,0.0,8.04e-05,0.006167893,0.021036494,0.000648951,1.39e-05,0.000454265,0.000417023,0.000196628,9.57e-05,5.13e-05,7.27e-06,6.69e-06,0.0,0.0,3.15e-06,4.18e-06,3.97e-05,0.0,7.94e-06,0.000143421,0.0,0.0,0.0,0.520496843,0.071702887,-0.591321786,0.798274723,0.222281697,1.474367908,1.723309266,0.083784974,0.330129094,1.882839755,-0.271581937
p95,1979,0.144257321,0.244910656,-0.034027451,-0.305104788,0.015219855,-0.063674146,0.159604789,1.178210643,0.512112879,0.121191787,0.0,0.000950645,5.07e-08,1.62e-05,1.98e-05,1.4e-08,6.08e-06,4.17e-07,0.0,3.17e-07,0.0,1.13e-06,0.000606501,5.93e-05,0.002398158,0.000396958,1.8e-05,0.000154144,0.142698316,0.064241241,0.007412282,0.004544446,0.00047019,0.000430725,0.012060037,0.0,9.22e-05,0.007032128,0.021378503,0.000651697,1.43e-05,0.000468832,0.000433993,0.000243744,0.000131081,6.04e-05,8.75e-06,7.57e-06,0.0,0.0,3.52e-06,4.57e-06,4.27e-05,0.0,8.44e-06,0.000158452,0.0,0.0,0.0,0.527919867,0.073393151,-0.601199153,0.822507279,0.236618758,1.521682217,1.791186939,0.087039972,0.355629198,1.936909532,-0.275259195
p95,1980,0.148724253,0.189675943,-0.038891435,-0.302155468,0.015732421,-0.06385767,0.1551981,1.216225681,0.521440508,0.12374486,3.48e-05,0.001039792,4.08e-06,3.56e-05,2.24e-05,1.76e-08,4.18e-06,4.17e-07,0.0,1.62e-08,0.0,8.51e-07,0.000675822,0.000100997,0.002659325,0.000440533,2e-05,0.000165876,0.151397782,0.067971306,0.008453616,0.004419554,0.000597006,0.000463502,0.013270056,0.0,0.000110829,0.007728673,0.021661103,0.000653978,1.48e-05,0.000482853,0.000451568,0.000293891,0.000156993,6.32e-05,1.03e-05,8.49e-06,4.99e-06,0.0,3.91e-06,4.95e-06,4.6e-05,0.0,9.03e-06,0.000179965,3.2e-06,0.0,0.0,0.528694618,0.075040435,-0.602410406,0.847147911,0.251107252,1.576986871,1.805502761,0.084729586,0.310313617,1.997696248,-0.276825028
p95,1981,0.156633684,0.148605397,-0.037479899,-0.293896849,0.015788109,-0.064078443,0.151059351,1.238267671,0.530165855,0.12694459,6.9e-05,0.001131063,5.64e-06,4.29e-05,4.88e-05,2.11e-08,1.14e-06,4.17e-07,0.0,4.05e-08,0.0,8.51e-07,0.00076798,0.000111829,0.002816577,0.000469902,2.24e-05,0.000177976,0.159770583,0.071326032,0.009748685,0.004621329,0.000685704,0.000498978,0.014263668,4.33e-05,0.000202625,0.008232986,0.022022786,0.000655865,1.53e-05,0.000496293,0.000469819,0.000362974,0.000187456,7.18e-05,1.23e-05,9.9e-06,4.99e-06,0.0,4.58e-06,5.35e-06,4.99e-05,0.0,9.7e-06,0.000197824,3.63e-06,0.0,0.0,0.525554473,0.076593882,-0.584142921,0.871210177,0.265155659,1.633525875,1.836359973,0.082060928,0.281544527,2.042450076,-0.262346895
p95,1982,0.088977645,-0.14842938,-0.039116893,-0.308753694,0.016469605,-0.064244091,0.160941428,1.251815361,0.538017726,0.131422569,7.87e-05,0.001221007,1.02e-05,2.49e-05,4.48e-05,2.46e-08,7.59e-07,4.17e-07,0.0,8.55e-08,1.86e-09,1.13e-06,0.000868014,0.000118562,0.002952598,0.000495645,2.49e-05,0.000190841,0.168013883,0.074669144,0.011497066,0.004814565,0.000781225,0.000537153,0.015133973,4.4e-05,0.000210419,0.008625555,0.022286939,0.000657424,1.58e-05,0.000509094,0.000488666,0.000419229,0.000225197,8.09e-05,1.44e-05,1.16e-05,4.99e-06,0.0,5.42e-06,5.62e-06,5.46e-05,0.0,1.04e-05,0.000215683,5.55e-06,0.0,0.0,0.544376867,0.078004401,-0.60255513,0.895370535,0.278995647,1.665513803,1.496759409,0.090560542,-0.091660976,2.078995315,-0.263138524
p95,1983,0.089711417,-0.482397001,-0.03134717,-0.285547206,0.017201619,-0.064540007,0.150445419,1.282504924,0.544782921,0.133593191,9.8e-05,0.001323686,4.36e-06,4.63e-05,4.46e-05,2.81e-08,4.18e-06,4.17e-07,0.0,9.51e-07,1.57e-08,1.7e-06,0.000958596,0.00012471,0.00309177,0.000522113,2.66e-05,0.000204894,0.176531129,0.078350907,0.0126041,0.005052372,0.00088698,0.000580341,0.016061441,4.2e-05,0.00021445,0.008978867,0.022588928,0.000658747,1.63e-05,0.000521217,0.000508063,0.000483819,0.00026928,8.76e-05,1.67e-05,1.33e-05,4.99e-06,0.0,6.27e-06,5.62e-06,6.01e-05,0.0,1.11e-05,0.000230025,6.83e-06,0.0,0.0,0.523539107,0.079222835,-0.561921771,0.916544457,0.293015176,1.738160845,1.138508274,0.083432537,-0.44377709,2.129157714,-0.239733192
p95,1984,0.037470349,-0.181187411,-0.029937467,-0.294241436,0.018785563,-0.064800954,0.157507923,1.31051553,0.550604946,0.13619722,7.09e-05,0.001436182,4.5e-06,3.77e-05,4.83e-05,3.16e-08,6.46e-06,4.17e-07,0.0,1.59e-06,3.67e-08,2.27e-06,0.001056267,0.000136128,0.003237927,0.000553658,2.85e-05,0.00022036,0.184470597,0.081721934,0.014366721,0.005309765,0.000999559,0.000626229,0.01717087,3.78e-05,0.000226811,0.009396176,0.022893973,0.000659848,1.68e-05,0.000532608,0.000527982,0.000549033,0.000322824,9.69e-05,1.92e-05,1.53e-05,4.99e-06,0.0,7.36e-06,6.01e-06,6.67e-05,0.0,1.21e-05,0.00025071,6.83e-06,0.0,0.0,0.5346981,0.080278192,-0.573232801,0.937241075,0.306924346,1.781522996,1.517874044,0.089934648,-0.179983745,2.176330182,-0.23994136
p95,1985,0.021337482,0.034504956,-0.03009172,-0.297897162,0.019838809,-0.064934058,0.160521371,1.337149233,0.556685499,0.138286788,9.45e-05,0.001550004,8.61e-06,4.87e-05,5.58e-05,3.51e-07,6.46e-06,4.17e-07,0.0,1.27e-06,5.86e-08,2.55e-06,0.001169692,0.000153986,0.003379016,0.00058629,3.07e-05,0.000237243,0.192908149,0.085821408,0.016467195,0.00552555,0.001122371,0.000677515,0.01867086,4.54e-05,0.000234873,0.009758983,0.023177632,0.000660778,1.74e-05,0.000543228,0.000548317,0.000613831,0.000385621,0.000106206,2.21e-05,1.73e-05,4.99e-06,0.0,8.81e-06,6.28e-06,7.56e-05,0.0,1.34e-05,0.000271396,6.83e-06,0.0,0.0,0.540659404,0.081383996,-0.579273534,0.959313914,0.322461648,1.825969322,1.811476947,0.093248352,0.049303112,2.223656086,-0.240065801
p95,1986,0.022221071,0.02832236,-0.02597625,-0.300058587,0.021466282,-0.064953296,0.165238665,1.362954436,0.562816072,0.141731582,9.8e-05,0.001667276,5.35e-06,4.7e-05,6.7e-05,3.08e-06,6.84e-06,4.17e-07,0.0,3.17e-07,1.29e-07,2.55e-06,0.001296507,0.000171845,0.0035149,0.000618922,3.34e-05,0.000280172,0.20233689,0.090012166,0.018641862,0.005813396,0.001255419,0.000735742,0.020491079,5.76e-05,0.000263628,0.010050123,0.023540724,0.000661522,1.8e-05,0.000553028,0.000569022,0.000685713,0.000461934,0.000115939,2.49e-05,1.95e-05,9.98e-06,0.0,1.07e-05,7.37e-06,8.67e-05,0.0,1.48e-05,0.000288358,8.11e-06,0.0,0.0,0.549717137,0.082507338,-0.577884511,0.984084996,0.339449717,1.882842555,1.865080823,0.098332476,0.045128617,2.272461144,-0.228564005
p95,1987,0.037582187,0.123065579,-0.028053481,-0.310215269,0.022948353,-0.065032367,0.171730774,1.393701342,0.567635661,0.142455303,8.34e-05,0.001782956,3.08e-06,4.63e-05,7.16e-05,7.22e-06,8.36e-06,4.17e-07,0.0,9.51e-07,3.43e-07,2.27e-06,0.001425685,0.000183262,0.003652702,0.000651192,3.6e-05,0.000294137,0.212403179,0.094582125,0.021267978,0.0061253,0.0013987,0.000793969,0.021813596,5.34e-05,0.000264165,0.010395127,0.023818038,0.000662165,1.85e-05,0.000561961,0.000590258,0.000764054,0.000544486,0.000124159,2.77e-05,2.15e-05,9.98e-06,0.0,1.29e-05,8.53e-06,9.94e-05,0.0,1.64e-05,0.000306562,8.54e-06,0.0,0.0,0.560778812,0.083389394,-0.597892959,1.00570021,0.357281984,1.921863976,1.996071991,0.104532447,0.140638584,2.323325166,-0.236965202
p95,1988,0.076264648,0.189319669,-0.022327451,-0.312509245,0.024634212,-0.065112762,0.178269726,1.438046461,0.573712699,0.145122963,8.78e-05,0.001913494,5.35e-06,5.15e-05,8.52e-05,1.26e-05,7.6e-06,4.17e-07,0.0,9.51e-07,7.41e-07,2.27e-06,0.001555651,0.000192338,0.003793243,0.000684549,3.9e-05,0.000307229,0.223669851,0.098960344,0.024196737,0.006386109,0.001552216,0.000846797,0.023145989,4.89e-05,0.000269003,0.0108684,0.024076785,0.000662694,1.91e-05,0.000569977,0.000613124,0.00084302,0.000624958,0.000135191,3.08e-05,2.4e-05,1.5e-05,0.0,1.54e-05,1.05e-05,0.000113336,0.0,1.82e-05,0.000330557,9.39e-06,0.0,0.0,0.56973147,0.0845105,-0.597560044,1.031761014,0.376437925,1.996419307,2.163972331,0.111262992,0.237936977,2.391708468,-0.226406645
p95,1989,0.150664282,0.235256969,-0.020665416,-0.308021201,0.026218779,-0.064978111,0.176738307,1.467029356,0.580212157,0.149109383,9.73e-05,0.002060216,8.33e-06,5.15e-05,9.87e-05,1.93e-05,5.32e-06,4.17e-07,0.0,9.51e-07,1.3e-06,2.27e-06,0.001695856,0.000197022,0.003936387,0.000718269,4.16e-05,0.000319449,0.233103573,0.102517201,0.026992618,0.006605564,0.001709143,0.000893456,0.024834225,5.47e-05,0.000302594,0.011236776,0.024347385,0.000663123,1.97e-05,0.000577031,0.000626436,0.000924486,0.000700335,0.000146871,3.36e-05,2.66e-05,2e-05,0.0,1.79e-05,1.24e-05,0.000128604,0.0,2.05e-05,0.00035207,1e-05,0.0,0.0,0.572785333,0.085718159,-0.588962912,1.057237918,0.39324775,2.058886297,2.325792113,0.1118436,0.352818202,2.444511111,-0.214543513
p95,1990,0.137981427,0.229850202,-0.021127649,-0.312550053,0.026975459,-0.064635293,0.180499128,1.489525767,0.583822282,0.152613437,0.00010709,0.002206143,7.19e-06,4.22e-05,0.000112006,2.75e-05,5.32e-06,4.17e-07,0.0,1.59e-06,2e-06,2.55e-06,0.00185024,0.000197901,0.004077613,0.000751626,4.42e-05,0.000330795,0.240649554,0.105179139,0.029609094,0.006799,0.001862659,0.000933945,0.026692153,6.17e-05,0.000409013,0.011633453,0.024515133,0.000663481,2.04e-05,0.000583784,0.000623041,0.001014911,0.000771762,0.000158984,3.64e-05,2.91e-05,2e-05,9.36e-06,2.04e-05,1.47e-05,0.000145829,0.0,2.31e-05,0.000376479,1.13e-05,0.0,0.0,0.577754747,0.086394882,-0.596260232,1.077151106,0.40745819,2.095778633,2.348595191,0.115965338,0.33545586,2.485479398,-0.215644496
p95,1991,0.121568999,-0.395368564,-0.029467166,-0.334806712,0.026787057,-0.064151265,0.198719991,1.513011841,0.590141549,0.155251134,9.73e-05,0.002347559,7.76e-06,5.53e-05,0.00012484,4.64e-05,1.56e-05,4.17e-07,0.0,2.54e-06,2.83e-06,3.97e-06,0.002018014,0.000201121,0.004214867,0.000784258,4.72e-05,0.000341705,0.246626568,0.107003414,0.031816037,0.006919829,0.002009352,0.000967493,0.028495912,5.79e-05,0.000616207,0.011836493,0.024476688,0.000663768,2.1e-05,0.000590721,0.000594204,0.001101795,0.000838614,0.000168285,3.95e-05,3.17e-05,2.5e-05,1.08e-05,2.36e-05,1.71e-05,0.000164621,0.0,2.57e-05,0.000387374,1.3e-05,0.0,0.0,0.617265639,0.087575049,-0.635696315,1.096186082,0.418781953,2.129360794,1.66607001,0.131612741,-0.326508486,2.526634383,-0.219058223
p95,1992,0.102291727,-1.30225354,-0.014910775,-0.299481948,0.029583726,-0.06369418,0.17637354,1.525338412,0.593704991,0.157223542,8.29e-05,0.00249322,9.75e-06,4.02e-05,0.000130673,6.54e-05,1.29e-05,4.17e-07,0.0,1.59e-06,3.8e-06,6.52e-06,0.002184213,0.000213417,0.00433171,0.00081544,5.06e-05,0.000351743,0.252130403,0.108139383,0.033624976,0.006995351,0.00214581,0.000996799,0.030168635,6.28e-05,0.000869354,0.011949801,0.024391602,0.00066401,2.17e-05,0.000597519,0.000550341,0.001183538,0.000900684,0.000177154,4.23e-05,3.45e-05,2.99e-05,1.22e-05,2.67e-05,2.02e-05,0.000179497,0.0,2.83e-05,0.000397027,1.47e-05,0.0,0.0,0.581677467,0.088244319,-0.564845978,1.110482534,0.428528725,2.19868882,0.603000276,0.116897089,-1.260365532,2.552539569,-0.177630854
p95,1993,0.065841654,-0.559100325,-0.010627988,-0.304064869,0.03235248,-0.063533213,0.18318825,1.538349949,0.59462682,0.158422463,0.000120215,0.002653474,6.77e-06,5.29e-05,0.000144091,7.79e-05,1.29e-05,8.33e-07,0.0,3.38e-07,4.88e-06,1.02e-05,0.002350411,0.000224835,0.004439376,0.000846622,5.44e-05,0.000360907,0.255641899,0.108699319,0.034500209,0.007053669,0.002278858,0.001022635,0.031437811,0.000169224,0.00102207,0.011426226,0.024217966,0.000664274,2.24e-05,0.00060383,0.000543345,0.001260074,0.000952564,0.000185373,4.54e-05,3.73e-05,3.49e-05,1.37e-05,2.92e-05,2.33e-05,0.000187327,0.0,3.03e-05,0.000401716,1.71e-05,0.0,0.0,0.590193704,0.088419573,-0.565801882,1.117919314,0.434388281,2.225429123,1.504781391,0.123967351,-0.546623253,2.572275427,-0.167485136
p95,1994,0.039325465,-0.030688803,-0.01297987,-0.319435418,0.03445215,-0.063203204,0.198012649,1.564652314,0.597221477,0.160467151,0.000222542,0.002818504,6.06e-06,6.64e-05,0.000161942,9.19e-05,1.67e-05,8.33e-07,0.0,6.38e-07,6.08e-06,1.45e-05,0.002526062,0.000235374,0.004540741,0.000877804,5.89e-05,0.000370072,0.258471019,0.108733551,0.035031929,0.007093595,0.00240167,0.001040758,0.033046249,0.000421498,0.00134854,0.010496636,0.024029552,0.000631703,2.3e-05,0.000609329,0.000540374,0.001348415,0.000996231,0.000192944,4.82e-05,3.99e-05,3.99e-05,1.51e-05,3.24e-05,2.68e-05,0.000191242,0.0,4.61e-05,0.000410049,2.03e-05,0.0,0.0,0.616523656,0.088910038,-0.586896849,1.1266806,0.439125594,2.259535668,2.196426709,0.137545744,-0.001045083,2.606523902,-0.164093276
p95,1995,0.029841491,0.16559435,0.005259797,-0.307007916,0.036787736,-0.062830432,0.197867141,1.596783225,0.599536046,0.162720044,0.000425688,0.002995473,1e-05,9.04e-05,0.00019216,0.000107508,1.71e-05,1.67e-06,0.0,1.27e-06,7.39e-06,1.93e-05,0.002719435,0.000249134,0.004642654,0.000911523,6.41e-05,0.000379236,0.261733473,0.108253897,0.03511283,0.007113527,0.002510837,0.001053483,0.03456935,0.000783467,0.00167528,0.009410405,0.023849105,0.000667453,2.19e-05,0.000613678,0.00053347,0.001421756,0.001033868,0.000197486,5.13e-05,4.27e-05,4.49e-05,1.65e-05,3.52e-05,3.02e-05,0.000193003,0.0,7.62e-05,0.000419257,2.18e-05,0.0,0.0,0.606818187,0.089349553,-0.548741415,1.135012297,0.443519011,2.331139775,2.431753689,0.139545073,0.170182256,2.64597534,-0.128933861
p95,1996,0.021828471,0.24422234,0.004642321,-0.297989061,0.038938727,-0.062564893,0.190861461,1.627374366,0.600491166,0.165947797,0.000752184,0.003184381,1.67e-05,0.00013516,0.000238246,0.000127763,2.01e-05,2.5e-06,0.0,6.39e-07,8.79e-06,2.47e-05,0.002909264,0.000265236,0.004744978,0.000948869,7.09e-05,0.000388401,0.264532708,0.107874901,0.035122051,0.007125884,0.002596124,0.00106081,0.036184788,0.001211543,0.001950613,0.008194292,0.023602735,0.000577562,2.3e-05,0.000616532,0.000489866,0.001478706,0.001066618,0.00020138,5.44e-05,4.58e-05,5.49e-05,1.8e-05,3.8e-05,3.37e-05,0.000193395,0.0,9.37e-05,0.000419174,2.26e-05,0.0,0.0,0.607204908,0.089537303,-0.53337202,1.142521944,0.447400468,2.383167998,2.536445612,0.135546384,0.23297239,2.683107952,-0.113096712
p95,1997,0.035482027,0.269965854,-0.012681337,-0.326502759,0.040922858,-0.06258106,0.211718515,1.646593295,0.602051183,0.169104888,0.001224796,0.003387882,8.04e-06,0.000197629,0.000299615,0.000149577,2.51e-05,3.33e-06,0.0,1.27e-06,1.03e-05,3.01e-05,0.003090823,0.000276068,0.004844425,0.000990928,7.84e-05,0.000397565,0.266445353,0.107418883,0.034987707,0.007137489,0.002660941,0.001069293,0.037515919,0.001638392,0.002256494,0.006966261,0.023378994,0.00060521,2.26e-05,0.000617651,0.000421475,0.001549129,0.001096146,0.000204841,5.75e-05,4.84e-05,5.99e-05,1.94e-05,4.09e-05,3.72e-05,0.000193003,0.0,9.79e-05,0.000421781,2.35e-05,0.0,0.0,0.663337969,0.089838615,-0.595262973,1.149506913,0.450259862,2.390612014,2.58111364,0.153827082,0.270788565,2.708754845,-0.125938154
p95,1998,0.078880431,0.272041395,-0.00700067,-0.323172723,0.042576495,-0.062507467,0.212545739,1.692459623,0.606852615,0.171983236,0.00181077,0.003595628,1.77e-05,0.000288007,0.000383503,0.000176064,3.08e-05,4.58e-06,0.0,3.17e-06,1.31e-05,3.57e-05,0.003263323,0.000290706,0.004942092,0.001035888,8.7e-05,0.000407166,0.267820066,0.106836533,0.034816684,0.007147217,0.002712113,0.001078162,0.039181397,0.002035142,0.002518774,0.005849358,0.023155484,0.00076637,2.43e-05,0.000592941,0.000384056,0.001614969,0.001122346,0.000205706,6.05e-05,5.09e-05,6.99e-05,2.08e-05,4.34e-05,4.11e-05,0.000192025,0.0,0.000102069,0.0004247,2.41e-05,0.0,0.0,0.652591146,0.090750004,-0.583537344,1.159293727,0.452920457,2.448234985,2.685151329,0.155896052,0.315823137,2.763077822,-0.120266228
p95,1999,0.117798231,0.276405243,-0.001798782,-0.293173869,0.045167504,-0.062565818,0.185426101,1.728451817,0.610409516,0.175691368,0.002526599,0.003807885,2.45e-05,0.000373029,0.000472408,0.000208784,3.57e-05,5.83e-06,1.41e-09,3.49e-06,1.61e-05,4.2e-05,0.003430703,0.000303002,0.005036608,0.001082298,9.64e-05,0.000416767,0.269035393,0.106232789,0.03462617,0.007151975,0.002753051,0.001085489,0.04072937,0.00244605,0.002781726,0.004887972,0.022891104,0.000710758,2.26e-05,0.000596556,0.000378815,0.001669766,0.00114709,0.000206139,6.39e-05,5.35e-05,7.98e-05,2.23e-05,4.59e-05,4.5e-05,0.000190655,2.56e-05,0.000106332,0.000424792,2.58e-05,0.0,0.0,0.630560071,0.091431639,-0.526222911,1.16841968,0.455371444,2.524541916,2.79996554,0.135905187,0.35779325,2.807314885,-0.088503867
p95,2000,0.161620518,0.277214787,-0.005091305,-0.27997512,0.048723143,-0.062448917,0.172390932,1.748245452,0.610960928,0.179399748,0.003302709,0.004025448,3.24e-05,0.00047801,0.000571463,0.00024462,4.29e-05,7.5e-06,5.1e-06,3.31e-06,1.54e-05,4.9e-05,0.003589419,0.000313249,0.005128795,0.001128708,0.000106489,0.000425932,0.270096313,0.105619875,0.034412183,0.007151414,0.002783754,0.001090887,0.042224025,0.002830091,0.003076976,0.004087364,0.022636192,0.000646461,2.27e-05,0.000578629,0.000306837,0.001716853,0.001172251,0.000206571,6.67e-05,5.57e-05,8.48e-05,2.37e-05,4.87e-05,4.85e-05,0.000188893,2.49e-05,0.000110679,0.000427366,2.58e-05,2.81e-06,0.0,0.626247239,0.091546077,-0.5086574,1.1745907,0.457746699,2.562764243,2.872923507,0.128503309,0.401271575,2.832593712,-0.075448292
p95,2001,0.134559656,0.270631246,-0.002493321,-0.280093079,0.049859087,-0.061803046,0.173995453,1.775468206,0.610228899,0.182189673,0.004118078,0.004208785,4.29e-05,0.000605382,0.000682069,0.000283572,5.36e-05,9.17e-06,2.04e-06,4.82e-06,1.54e-05,5.67e-05,0.003749316,0.000324373,0.005217969,0.001172218,0.000116988,0.00043466,0.270569493,0.104954798,0.034191488,0.007148177,0.002811046,0.001097057,0.043986903,0.003154827,0.003348003,0.003403686,0.022409218,0.000569718,1.97e-05,0.000556891,0.000274823,0.00175019,0.001194084,0.000206787,7e-05,5.83e-05,9.48e-05,2.48e-05,5.13e-05,5.2e-05,0.00018674,2.45e-05,0.000115026,0.000426797,2.65e-05,3.02e-06,0.0,0.631046761,0.091415328,-0.507527918,1.178451401,0.45976918,2.598431218,2.880583313,0.130802855,0.368936905,2.863151898,-0.068722266
p95,2002,0.15190074,0.279121338,-0.011888099,-0.299125997,0.048920031,-0.06099852,0.186604032,1.809693216,0.610612041,0.184596752,0.005007783,0.004390264,5.85e-05,0.000744761,0.000812742,0.000339664,6.57e-05,1.12e-05,1.02e-06,7.83e-06,1.89e-05,6.55e-05,0.003919453,0.000339597,0.005309061,0.001215002,0.000128237,0.000444261,0.270813555,0.104163593,0.033882348,0.007141328,0.002831515,0.001104384,0.045579852,0.003450801,0.003563855,0.002835993,0.022169775,0.000587069,1.74e-05,0.00063814,0.000269412,0.001771442,0.001216573,0.000206355,7.31e-05,6.03e-05,9.98e-05,2.58e-05,5.35e-05,5.51e-05,0.000184391,2.39e-05,0.000119373,0.000425102,2.86e-05,3.34e-06,0.0,0.650220375,0.091494426,-0.54649698,1.182693678,0.461476119,2.609658832,2.916159265,0.140454143,0.393510039,2.900923441,-0.090130243
p95,2003,0.07852006,0.258652593,-0.015732082,-0.30694535,0.050677532,-0.060484389,0.189238363,1.852832541,0.612517482,0.187214994,0.00597043,0.004580234,8e-05,0.000913346,0.000956133,0.000403545,7.91e-05,1.33e-05,1.39e-05,1.87e-05,2.68e-05,7.57e-05,0.004090378,0.000359212,0.005408645,0.001255974,0.000139111,0.000454298,0.27072888,0.103294754,0.033571532,0.007149888,0.002841749,0.00111171,0.047098188,0.00370419,0.003740548,0.002368499,0.021946496,0.000600525,1.63e-05,0.000663325,0.000275725,0.001786027,0.001234752,0.000205273,7.57e-05,6.17e-05,0.000104796,2.69e-05,5.6e-05,5.78e-05,0.000182238,2.32e-05,0.000123803,0.000423406,3.14e-05,3.65e-06,0.0,0.6549831,0.091862341,-0.565125336,1.188292136,0.462904215,2.639657512,2.865120003,0.144228543,0.302936409,2.948772644,-0.103834737
p95,2004,0.050767591,0.272312876,-0.004792781,-0.309345188,0.057639828,-0.060425624,0.19541008,1.883171864,0.61219219,0.189651503,0.006968037,0.004805226,0.000115514,0.001092153,0.001124375,0.00048815,9.54e-05,1.54e-05,5.13e-05,3.89e-05,3.57e-05,8.76e-05,0.00427036,0.000381462,0.005517426,0.001294618,0.000151016,0.000464772,0.270504742,0.102478079,0.033217331,0.007148042,0.002846104,0.001126438,0.048524038,0.003863938,0.003922892,0.001968465,0.021718599,0.000615387,1.58e-05,0.000648999,0.000263099,0.001801237,0.001262795,0.000208978,7.8e-05,6.34e-05,0.000109786,2.8e-05,5.82e-05,5.97e-05,0.00018028,2.28e-05,0.000128401,0.000424884,3.76e-05,3.96e-06,0.000359579,0.666895701,0.091807489,-0.561685755,1.191793356,0.464494757,2.69052598,2.897988706,0.153578405,0.287972487,2.981963971,-0.085775849
p95,2005,0.026971812,0.235133558,-0.004753052,-0.318594385,0.060549764,-0.060405196,0.201834913,1.917045084,0.611235428,0.192298208,0.008024765,0.005058077,0.000167843,0.0012867,0.001311984,0.000576026,0.000115536,1.75e-05,0.00011928,6.6e-05,4.62e-05,0.000101498,0.004447586,0.000396116,0.005611253,0.001329324,0.000161709,0.000476555,0.27014114,0.101641231,0.032968552,0.007102527,0.002849758,0.001136471,0.050249981,0.003940858,0.004077918,0.001646144,0.021498206,0.000602379,1.64e-05,0.000696298,0.000261859,0.001808737,0.001274499,0.000208321,8e-05,6.45e-05,0.000114776,2.9e-05,6.04e-05,6.2e-05,0.000178518,2.28e-05,0.000133082,0.000432331,4.68e-05,4.38e-06,0.000373962,0.675367672,0.091633682,-0.580476415,1.19487678,0.465998891,2.714351937,2.864412881,0.160495354,0.229545214,3.018263949,-0.095569588
p95,2006,0.024353504,0.209355654,-0.014177537,-0.321855047,0.063071582,-0.059189179,0.199824511,1.953074088,0.611292661,0.195419554,0.009037588,0.005337194,0.000224643,0.001504936,0.001525729,0.000680106,0.000138719,2.12e-05,0.000205256,9.58e-05,5.66e-05,0.000117658,0.00463584,0.000416628,0.005701534,0.001362238,0.000171455,0.00048921,0.269379071,0.100754055,0.032712019,0.007070039,0.002851773,0.001145571,0.052237296,0.004043083,0.004293636,0.001376396,0.021240522,0.000562228,1.5e-05,0.000705664,0.000263099,0.001802903,0.001288819,0.000205955,8.18e-05,6.56e-05,0.000119767,3.01e-05,6.26e-05,6.32e-05,0.000177344,2.25e-05,0.000135841,0.000424884,5.68e-05,5e-06,0.000379716,0.684873394,0.09165315,-0.595396414,1.19923704,0.467383509,2.746108852,2.871292708,0.16207339,0.203283397,3.0579306,-0.100959691
p95,2007,0.017474546,0.192466678,-0.001716987,-0.318710391,0.066382966,-0.057746722,0.205121742,1.981995127,0.614460433,0.198169732,0.010060632,0.005578371,0.000295509,0.001784018,0.00175114,0.00079634,0.000163423,2.3e-05,0.000281234,0.000122931,6.7e-05,0.00013637,0.004851268,0.000433232,0.005798844,0.001396411,0.00018013,0.000502302,0.268308189,0.099890922,0.032374794,0.007082195,0.0028525,0.001151556,0.054573403,0.004188339,0.004565874,0.001149913,0.020979606,0.000622198,1.41e-05,0.000758439,0.00028835,0.001788944,0.001303438,0.000203715,8.34e-05,6.65e-05,0.000124757,3.11e-05,6.48e-05,6.48e-05,0.000176561,2.25e-05,0.000136259,0.00042447,6.58e-05,6.05e-06,0.000388346,0.691955628,0.092261167,-0.577754519,1.20658153,0.469114737,2.810560337,2.913716404,0.170271503,0.18108046,3.093527646,-0.070923379
p95,2008,0.020711479,0.214698374,0.00117453,-0.30685744,0.067700961,-0.057482583,0.197336466,2.016873546,0.617388622,0.201494246,0.011111436,0.005798322,0.000373444,0.002106748,0.002004903,0.000887878,0.000189267,2.57e-05,0.00035014,0.000144926,7.79e-05,0.000157917,0.005076148,0.000443929,0.005894629,0.001427486,0.000187883,0.000516704,0.267157614,0.099089936,0.032065654,0.007112175,0.002854213,0.001156029,0.056988591,0.004314086,0.004880906,0.000965344,0.020713726,0.000626441,1.28e-05,0.00085982,0.000278543,0.001768733,0.001316147,0.000201747,8.47e-05,6.76e-05,0.000124757,3.22e-05,6.73e-05,6.59e-05,0.000175778,2.25e-05,0.000136259,0.000428607,6.75e-05,7.19e-06,0.000359579,0.685043036,0.09282674,-0.553343574,1.214239778,0.470868565,2.871080866,2.995636922,0.165717569,0.204171163,3.13517925,-0.050757897
p95,2009,0.020306089,0.178787332,0.006155717,-0.291119414,0.065882732,-0.057262608,0.190365687,2.041119658,0.619625544,0.204078595,0.012195227,0.005986965,0.000451824,0.002455925,0.002266484,0.000921532,0.000218151,2.86e-05,0.000403945,0.000170632,8.78e-05,0.000181449,0.005293939,0.000458917,0.005980215,0.00145454,0.000194955,0.000532414,0.265902441,0.098323386,0.03180451,0.007124821,0.002856292,0.001162146,0.059221192,0.004428574,0.005177232,0.000811382,0.020416328,0.000577418,1.14e-05,0.000849929,0.000255547,0.001742481,0.001322475,0.000199616,8.59e-05,6.85e-05,0.000129747,3.33e-05,6.92e-05,6.67e-05,0.000173821,2.25e-05,0.00014002,0.000428607,6.58e-05,8.23e-06,0.000330813,0.673640061,0.09325981,-0.516929139,1.220238501,0.472323069,2.926126724,3.021962372,0.159178013,0.171643933,3.164859035,-0.025516788
p95,2010,0.036826257,0.222013439,0.015102419,-0.296817588,0.072990779,-0.056899927,0.204517776,2.077826831,0.621982266,0.207302744,0.013366594,0.006168975,0.000588283,0.002854429,0.00252153,0.000959706,0.000248936,3.12e-05,0.000456255,0.000173246,9.68e-05,0.000207249,0.005520395,0.000477897,0.006065595,0.001481793,0.000201662,0.000549434,0.264433091,0.097549093,0.031529323,0.007117081,0.002858338,0.001170499,0.0614529,0.00456324,0.005497439,0.000678764,0.020150909,0.000590824,1.1e-05,0.000989164,0.000278768,0.001715395,0.001333376,0.000196912,8.7e-05,6.79e-05,0.000129747,3.43e-05,7.17e-05,6.75e-05,0.000164425,2.25e-05,0.000153813,0.000439364,7.17e-05,8.76e-06,0.00031643,0.686877573,0.093718355,-0.517467969,1.227049254,0.473905539,2.98664616,3.13643795,0.175864226,0.227350023,3.207620839,-0.006673614
p95,2011,0.069516447,0.170488244,0.006043489,-0.291943265,0.07652509,-0.055837192,0.191643028,2.108184356,0.624411132,0.21100126,0.01457327,0.006381497,0.000727915,0.003338929,0.002801078,0.001020004,0.000276465,3.41e-05,0.000515999,0.00019044,0.000105703,0.000234749,0.005750001,0.000500853,0.006158347,0.001510418,0.000208137,0.000568636,0.263123129,0.096699612,0.031253717,0.007087428,0.002862136,0.001180393,0.063493084,0.004763343,0.005706151,0.000565782,0.019876601,0.000522634,1.08e-05,0.000995692,0.000297819,0.001685392,0.001341028,0.000193903,8.82e-05,6.96e-05,0.000134737,3.52e-05,7.36e-05,6.83e-05,0.00016325,2.25e-05,0.000165517,0.000430262,8.65e-05,9.38e-06,0.000310677,0.691354868,0.094192903,-0.518102827,1.234295574,0.475414897,3.021719451,3.162810015,0.16930405,0.213634139,3.244633961,-0.004401508
p95,2012,0.091271763,0.21891405,0.004483687,-0.297688714,0.077119476,-0.054701313,0.198479505,2.140998637,0.626675431,0.214180014,0.015703753,0.006621347,0.000867295,0.003865778,0.003102793,0.001046102,0.000307503,3.79e-05,0.000579104,0.000209671,0.000113293,0.000263668,0.005980395,0.000527427,0.006256363,0.001539137,0.000214233,0.000588711,0.261758377,0.095888642,0.030985028,0.007036734,0.002867022,0.001191132,0.065124755,0.004986744,0.005824995,0.000470492,0.019611067,0.000572416,1.02e-05,0.000987095,0.000319913,0.001650805,0.001354735,0.000191042,8.95e-05,7.02e-05,0.000134737,3.61e-05,7.55e-05,6.9e-05,0.000167753,2.18e-05,0.000180564,0.000439364,9.67e-05,9.69e-06,0.0003078,0.699271048,0.0946354,-0.527084808,1.240631719,0.476652087,3.060166757,3.261854243,0.176732559,0.278823148,3.283288952,-0.004680455
p95,2013,0.097712588,0.264404429,0.009236536,-0.280301986,0.079517055,-0.054459721,0.187415566,2.185218003,0.629090674,0.21755637,0.016859556,0.006890913,0.001062598,0.004473918,0.003414076,0.001043297,0.000343098,4.19e-05,0.000639973,0.000228819,0.000118446,0.000294571,0.006231662,0.000558051,0.006355109,0.001567644,0.00022005,0.000609658,0.260239219,0.095200337,0.030706278,0.007011114,0.002871477,0.00120172,0.066767595,0.005186959,0.005925362,0.000391611,0.019364813,0.000569328,9.39e-06,0.00124052,0.000353166,0.001607676,0.001364282,0.000188092,9.08e-05,7.07e-05,0.000139728,3.69e-05,7.74e-05,6.98e-05,0.000165795,2.18e-05,0.000200626,0.000427366,9.67e-05,9.59e-06,0.000302047,0.688831234,0.095108282,-0.491500946,1.247561277,0.478074306,3.136465429,3.379409673,0.169768836,0.326792428,3.33398746,0.023015353
p95,2014,0.10881154,0.217776116,0.005416171,-0.281870857,0.08285084,-0.054226511,0.19039411,2.216237155,0.633207324,0.22162285,0.018076453,0.00717348,0.001283435,0.005125705,0.003736209,0.001021484,0.000381479,4.57e-05,0.00069716,0.000249094,0.000121987,0.000328593,0.006497107,0.000588865,0.006454488,0.001596766,0.000225724,0.000631478,0.258804736,0.094640197,0.030450163,0.007001921,0.002877606,0.001210565,0.068234104,0.005306909,0.005958556,0.000327468,0.019108285,0.000589941,8.48e-06,0.001251734,0.000416292,0.001566214,0.001371144,0.00018505,9.21e-05,7.13e-05,0.000139728,3.78e-05,7.92e-05,7.06e-05,0.000164425,2.28e-05,0.000214001,0.000424884,9.2e-05,8.65e-06,0.000296293,0.701558159,0.095911415,-0.495616397,1.256753406,0.479502184,3.183354285,3.398839726,0.174959309,0.29505071,3.373610936,0.031805192
p95,2015,0.117981115,0.172813032,0.001775952,-0.278204088,0.087219791,-0.053927155,0.189566619,2.253007418,0.638194644,0.224969803,0.019377095,0.007440128,0.001509899,0.00587079,0.004098828,0.001027872,0.000416632,4.92e-05,0.000757892,0.000271378,0.000126178,0.000368839,0.006753101,0.000616996,0.006557757,0.001626382,0.000231413,0.000654608,0.25730052,0.094120809,0.03018357,0.006984841,0.00288723,0.001218008,0.069498514,0.005400216,0.005965684,0.000277204,0.018845868,0.000621665,8.3e-06,0.00122631,0.000433088,0.001522877,0.001374887,0.000182286,9.75e-05,7.92e-05,0.000137233,3.87e-05,7.69e-05,7.14e-05,0.000161293,2.25e-05,0.000227376,0.000434399,9.16e-05,9.21e-06,0.000293417,0.71516959,0.096883268,-0.488325468,1.266097935,0.480819568,3.247484214,3.434563312,0.17827728,0.263845795,3.419065883,0.053047788
p95,2016,0.05318564,0.213332249,0.009080599,-0.257970236,0.09167946,-0.053840721,0.175832946,2.30711643,0.641847469,0.227896469,0.020786684,0.007681039,0.001774145,0.006646542,0.004469847,0.001037688,0.000458272,5.31e-05,0.000824257,0.00029539,0.000130992,0.000412039,0.007015001,0.00064653,0.006669384,0.001657285,0.00023724,0.000679919,0.255651861,0.093558836,0.02994506,0.00698303,0.002899778,0.0012266,0.070744756,0.00546465,0.005995718,0.000234466,0.018586337,0.000689877,9.33e-06,0.001277415,0.00047784,0.001480581,0.001374887,0.000180099,9.79e-05,7.83e-05,0.000140227,3.96e-05,7.96e-05,7.21e-05,0.000160118,2.28e-05,0.000245767,0.000430262,9.76e-05,9.21e-06,0.000288239,0.696028606,0.097598928,-0.446974191,1.273896929,0.482266753,3.333399384,3.492463842,0.171419435,0.235637289,3.47990384,0.079782734
p95,2017,0.033184486,0.244437299,0.011215497,-0.252938304,0.095919888,-0.053805585,0.175533223,2.340914189,0.644992061,0.231191956,0.022242269,0.007952993,0.002126491,0.007543337,0.004861518,0.001062228,0.000504526,5.76e-05,0.000896213,0.000314122,0.000135181,0.000462359,0.007285567,0.000677321,0.006790495,0.001690573,0.000243364,0.000707413,0.253993239,0.093174949,0.029734426,0.006978741,0.002919387,0.001237698,0.071795751,0.005464726,0.006012291,0.000199275,0.018375642,0.000625335,8.2e-06,0.001392041,0.000536569,0.001440577,0.001376758,0.000175856,0.000100045,8.04e-05,0.000141225,4.04e-05,8.06e-05,7.29e-05,0.000158944,2.32e-05,0.000264158,0.000427904,0.000100993,9.21e-06,0.000283636,0.700497958,0.098218914,-0.435724331,1.28162356,0.483861541,3.392167226,3.553513567,0.174562247,0.243831168,3.520898981,0.097656429
p95,2018,0.030146717,0.219675232,0.007364513,-0.247915603,0.096886044,-0.053634578,0.170324425,2.378295226,0.648777792,0.235329173,0.023657666,0.008266867,0.002549158,0.008538785,0.005232653,0.001092767,0.000554021,6.25e-05,0.000971748,0.000331023,0.000139111,0.000520366,0.007556525,0.000705348,0.006917693,0.001724199,0.000249726,0.000735779,0.252513928,0.092828555,0.02949445,0.006978741,0.002940864,0.001251049,0.07268903,0.005433604,0.005995569,0.000171077,0.018183072,0.000609081,7.6e-06,0.001420207,0.000515603,0.001404324,0.001376966,0.000174558,0.000102149,8.24e-05,0.000142223,4.13e-05,8.17e-05,7.37e-05,0.00015777,2.35e-05,0.000282549,0.000426787,0.000100779,9.21e-06,0.000279034,0.70143838,0.098967853,-0.429877179,1.2908386,0.485600613,3.443213637,3.580100441,0.171936651,0.218146741,3.566854692,0.103737395
p95,2019,0.0296367,0.083817162,-0.000691661,-0.260084238,0.105770746,-0.05316296,0.179474798,2.416575604,0.652467479,0.238670739,0.025003602,0.008694208,0.003001344,0.009596973,0.005602283,0.001111406,0.000608629,6.75e-05,0.001045262,0.000343197,0.000143472,0.000585514,0.007827989,0.000731175,0.007047834,0.001757387,0.000256295,0.000763709,0.250519069,0.09219516,0.029257827,0.00698303,0.002958462,0.001265055,0.073473929,0.005434148,0.005980991,0.000145914,0.018011509,0.000603357,7.15e-06,0.001485964,0.000449208,0.001358089,0.001379358,0.000171564,0.000104252,8.44e-05,0.000143221,4.22e-05,8.27e-05,7.45e-05,0.000156595,2.37e-05,0.000300939,0.00042567,9.87e-05,9.21e-06,0.000274431,0.718691611,0.099697861,-0.453518181,1.298750418,0.486705712,3.480681609,3.509932915,0.185387199,0.098729164,3.61249777,0.101571128
p95,2020,0.037216144,0.040029583,0.015402686,-0.226697574,0.052722574,-0.052929083,0.166235166,2.453256687,0.657767246,0.242816391,0.02625437,0.009016063,0.003458896,0.010630679,0.005961421,0.001104309,0.000666152,7.21e-05,0.001109489,0.00034835,0.000147612,0.000657486,0.008097952,0.000758274,0.007180349,0.001790894,0.000263068,0.000790505,0.248516619,0.091238962,0.028936712,0.00697721,0.002969876,0.001277595,0.073824196,0.005463776,0.005914404,0.000126704,0.017757122,0.000632334,7.72e-06,0.00150525,0.000408118,0.001314052,0.001378001,0.000170693,0.000106356,8.65e-05,0.000144219,4.31e-05,8.37e-05,7.52e-05,0.000156595,2.4e-05,0.000334377,0.000424553,9.87e-05,9.21e-06,0.000269828,0.692906962,0.100748026,-0.379638094,1.30783799,0.486824909,3.551782154,3.554884008,0.140592925,0.069749188,3.657678526,0.124653321
p95,2021,0.056846698,0.141777477,0.001573213,-0.243551996,0.063435346,-0.052957756,0.173958444,2.488057643,0.665170091,0.247292848,0.027594165,0.009322687,0.003975908,0.011767538,0.006344498,0.001127283,0.000732538,7.66e-05,0.001162687,0.000357377,0.00015122,0.000735095,0.008387196,0.000790796,0.007315421,0.001826032,0.000269887,0.000817911,0.246585974,0.090297764,0.028643291,0.00697721,0.002984982,0.001288447,0.074106367,0.00548685,0.005857421,0.000110582,0.017497773,0.000634222,7.47e-06,0.001669534,0.000394682,0.001279232,0.00138096,0.000170198,0.00010846,8.85e-05,0.000145217,4.39e-05,8.48e-05,7.6e-05,0.000156595,2.43e-05,0.000367815,0.000423436,9.87e-05,9.21e-06,0.000265226,0.714945979,0.10221793,-0.419093163,1.319802623,0.487314673,3.578364413,3.683499547,0.154145368,0.175711635,3.703587477,0.110256915
p95,2022,0.123893107,-0.026447167,0.014622115,-0.219349794,0.080554702,-0.052936308,0.157552686,2.524526545,0.672238027,0.251862163,0.028906773,0.009573832,0.004578117,0.013042954,0.006779521,0.001149897,0.000800866,8.15e-05,0.00120784,0.000363749,0.000154023,0.000816338,0.00868799,0.00082475,0.007451046,0.001862741,0.000276761,0.000845317,0.244765431,0.089375726,0.028433705,0.00697721,0.003010354,0.001298449,0.074075809,0.005486177,0.005781686,0.000100256,0.017263062,0.000597315,6.9e-06,0.001670847,0.000352007,0.001240052,0.001381685,0.000169706,0.000110563,9.05e-05,0.000146215,4.48e-05,8.58e-05,7.68e-05,0.000156595,2.45e-05,0.000401252,0.000422319,9.87e-05,9.21e-06,0.000260623,0.706773642,0.103629986,-0.370104402,1.331565267,0.487735687,3.677314939,3.695874867,0.154507591,0.08899408,3.750973359,0.1597163
p95,2023,0.197520364,0.210458009,-0.011367091,-0.259828056,0.101393039,-0.05281437,0.187023208,2.559295672,0.676692341,0.255658289,0.030080937,0.009816761,0.005236993,0.014349045,0.007220423,0.001151271,0.000867719,8.66e-05,0.001245152,0.000362162,0.000154087,0.000899469,0.008986989,0.000854358,0.007584329,0.001898399,0.000283806,0.000872723,0.242735345,0.088355755,0.028182201,0.00697721,0.003034943,0.001307634,0.073643729,0.005458946,0.005717158,9e-05,0.017066779,0.000567958,6.59e-06,0.001698222,0.000320046,0.001200743,0.001373511,0.000168936,0.000112667,9.26e-05,0.000147213,4.57e-05,8.68e-05,7.76e-05,0.000156595,2.48e-05,0.00043469,0.000421202,9.87e-05,9.21e-06,0.00025602,0.751685917,0.104526773,-0.461452192,1.339250597,0.487533908,3.67250343,3.956730496,0.191128879,0.375848818,3.793024486,0.122770303
p95,2024,0.217320044,0.208152277,0.006716549,-0.250146322,0.111506771,-0.052760568,0.185651847,2.611304846,0.680007551,0.259385311,0.031295061,0.010030166,0.00599038,0.01578673,0.007623348,0.001201002,0.000939672,9.19e-05,0.001275883,0.000349346,0.000152227,0.00098323,0.009286706,0.000881543,0.007715829,0.001932837,0.000291013,0.00090013,0.240630569,0.087391741,0.027930698,0.006974881,0.003051727,0.001315888,0.073033064,0.005432693,0.005641294,8.05e-05,0.016843692,0.000622433,7.32e-06,0.001852812,0.000339012,0.001161479,0.001367415,0.000167949,0.00011477,9.46e-05,0.000148211,4.66e-05,8.79e-05,7.83e-05,0.000156595,2.51e-05,0.000468128,0.000420085,9.87e-05,9.21e-06,0.000251418,0.753762931,0.105199254,-0.426255335,1.346068503,0.487376544,3.774709642,4.070523634,0.197300668,0.393163295,3.8509826,0.167926118
p95,2025,0.192289945,0.196826653,0.001918036,-0.225702203,0.116012095,-0.052622064,0.15701094,2.654373106,0.683209649,0.264278688,0.032596707,0.010308586,0.006545275,0.016983472,0.008045775,0.001211965,0.001006055,9.66e-05,0.001324786,0.00035823,0.000155463,0.001063082,0.0096438,0.000914974,0.007851356,0.001969056,0.000297849,0.000927536,0.238759969,0.086441055,0.027683386,0.006973717,0.003074476,0.001326334,0.073123162,0.005438668,0.005576447,6.77e-05,0.016608329,0.000585032,6.7e-06,0.001896476,0.000298919,0.001124021,0.001367728,0.000167472,0.000116874,9.66e-05,0.000149209,4.74e-05,8.89e-05,7.91e-05,0.000156595,2.54e-05,0.000501565,0.000418968,9.87e-05,9.21e-06,0.000246815,0.723535708,0.105854664,-0.389135399,1.354254693,0.487816769,3.834738326,4.101797112,0.18017429,0.358691463,3.901431524,0.174002787
