percentile,component,time,GMST
p05,aerosol_cloud_interactions,1946,-0.001818548
p05,aerosol_cloud_interactions,1947,-0.00177417
p05,aerosol_cloud_interactions,1948,-0.001960988
p05,aerosol_cloud_interactions,1949,-0.002625602
p05,aerosol_cloud_interactions,1950,-0.003700808
p05,aerosol_cloud_interactions,1951,-0.004769031
p05,aerosol_cloud_interactions,1952,-0.005649301
p05,aerosol_cloud_interactions,1953,-0.006598516
p05,aerosol_cloud_interactions,1954,-0.007399036
p05,aerosol_cloud_interactions,1955,-0.007812545
p05,aerosol_cloud_interactions,1956,-0.008259872
p05,aerosol_cloud_interactions,1957,-0.008776008
p05,aerosol_cloud_interactions,1958,-0.009012616
p05,aerosol_cloud_interactions,1959,-0.009228518
p05,aerosol_cloud_interactions,1960,-0.009313126
p05,aerosol_cloud_interactions,1961,-0.009087044
p05,aerosol_cloud_interactions,1962,-0.008906515
p05,aerosol_cloud_interactions,1963,-0.008952356
p05,aerosol_cloud_interactions,1964,-0.00903341
p05,aerosol_cloud_interactions,1965,-0.008911253
p05,aerosol_cloud_interactions,1966,-0.008854922
p05,aerosol_cloud_interactions,1967,-0.00896868
p05,aerosol_cloud_interactions,1968,-0.009182006
p05,aerosol_cloud_interactions,1969,-0.009645427
p05,aerosol_cloud_interactions,1970,-0.010168024
p05,aerosol_cloud_interactions,1971,-0.010361103
p05,aerosol_cloud_interactions,1972,-0.010397163
p05,aerosol_cloud_interactions,1973,-0.01049693
p05,aerosol_cloud_interactions,1974,-0.010685313
p05,aerosol_cloud_interactions,1975,-0.010818218
p05,aerosol_cloud_interactions,1976,-0.01071412
p05,aerosol_cloud_interactions,1977,-0.010226036
p05,aerosol_cloud_interactions,1978,-0.010072132
p05,aerosol_cloud_interactions,1979,-0.010078774
p05,aerosol_cloud_interactions,1980,-0.00927721
p05,aerosol_cloud_interactions,1981,-0.008137865
p05,aerosol_cloud_interactions,1982,-0.007029574
p05,aerosol_cloud_interactions,1983,-0.00642723
p05,aerosol_cloud_interactions,1984,-0.006443738
p05,aerosol_cloud_interactions,1985,-0.006840436
p05,aerosol_cloud_interactions,1986,-0.007355763
p05,aerosol_cloud_interactions,1987,-0.008629889
p05,aerosol_cloud_interactions,1988,-0.010349411
p05,aerosol_cloud_interactions,1989,-0.010847528
p05,aerosol_cloud_interactions,1990,-0.011064569
p05,aerosol_cloud_interactions,1991,-0.011331402
p05,aerosol_cloud_interactions,1992,-0.010525384
p05,aerosol_cloud_interactions,1993,-0.010623391
p05,aerosol_cloud_interactions,1994,-0.012651924
p05,aerosol_cloud_interactions,1995,-0.013356229
p05,aerosol_cloud_interactions,1996,-0.010921878
p05,aerosol_cloud_interactions,1997,-0.008116693
p05,aerosol_cloud_interactions,1998,-0.006131703
p05,aerosol_cloud_interactions,1999,-0.004267693
p05,aerosol_cloud_interactions,2000,-0.003147704
p05,aerosol_cloud_interactions,2001,-0.002489662
p05,aerosol_cloud_interactions,2002,-0.001983074
p05,aerosol_cloud_interactions,2003,-0.002467282
p05,aerosol_cloud_interactions,2004,-0.004004122
p05,aerosol_cloud_interactions,2005,-0.005438474
p05,aerosol_cloud_interactions,2006,-0.005388316
p05,aerosol_cloud_interactions,2007,-0.004479204
p05,aerosol_cloud_interactions,2008,-0.003680557
p05,aerosol_cloud_interactions,2009,-0.002863211
p05,aerosol_cloud_interactions,2010,-0.002025283
p05,aerosol_cloud_interactions,2011,-0.001461672
p05,aerosol_cloud_interactions,2012,-0.001416563
p05,aerosol_cloud_interactions,2013,-0.001498674
p05,aerosol_cloud_interactions,2014,-0.00125779
p05,aerosol_cloud_interactions,2015,-0.001188357
p05,aerosol_cloud_interactions,2016,-0.001624283
p05,aerosol_cloud_interactions,2017,-0.002274884
p05,aerosol_cloud_interactions,2018,-0.002282385
p05,aerosol_cloud_interactions,2019,-0.003105438
p05,aerosol_cloud_interactions,2020,-0.006098364
p05,aerosol_cloud_interactions,2021,-0.008613881
p05,aerosol_radiation_interactions,1946,-0.001047419
p05,aerosol_radiation_interactions,1947,-0.001092105
p05,aerosol_radiation_interactions,1948,-0.001404558
p05,aerosol_radiation_interactions,1949,-0.001972767
p05,aerosol_radiation_interactions,1950,-0.002684972
p05,aerosol_radiation_interactions,1951,-0.003354275
p05,aerosol_radiation_interactions,1952,-0.003886147
p05,aerosol_radiation_interactions,1953,-0.004359206
p05,aerosol_radiation_interactions,1954,-0.004765757
p05,aerosol_radiation_interactions,1955,-0.005030585
p05,aerosol_radiation_interactions,1956,-0.005248631
p05,aerosol_radiation_interactions,1957,-0.005505724
p05,aerosol_radiation_interactions,1958,-0.005739044
p05,aerosol_radiation_interactions,1959,-0.005966094
p05,aerosol_radiation_interactions,1960,-0.00618396
p05,aerosol_radiation_interactions,1961,-0.006388538
p05,aerosol_radiation_interactions,1962,-0.006663842
p05,aerosol_radiation_interactions,1963,-0.006975528
p05,aerosol_radiation_interactions,1964,-0.007213002
p05,aerosol_radiation_interactions,1965,-0.007339446
p05,aerosol_radiation_interactions,1966,-0.007497148
p05,aerosol_radiation_interactions,1967,-0.007688708
p05,aerosol_radiation_interactions,1968,-0.007802842
p05,aerosol_radiation_interactions,1969,-0.007927103
p05,aerosol_radiation_interactions,1970,-0.00800577
p05,aerosol_radiation_interactions,1971,-0.007863605
p05,aerosol_radiation_interactions,1972,-0.007591917
p05,aerosol_radiation_interactions,1973,-0.007250248
p05,aerosol_radiation_interactions,1974,-0.00678412
p05,aerosol_radiation_interactions,1975,-0.006263118
p05,aerosol_radiation_interactions,1976,-0.005818876
p05,aerosol_radiation_interactions,1977,-0.005356975
p05,aerosol_radiation_interactions,1978,-0.004835339
p05,aerosol_radiation_interactions,1979,-0.004301654
p05,aerosol_radiation_interactions,1980,-0.003696701
p05,aerosol_radiation_interactions,1981,-0.003030807
p05,aerosol_radiation_interactions,1982,-0.00241381
p05,aerosol_radiation_interactions,1983,-0.001989637
p05,aerosol_radiation_interactions,1984,-0.001739716
p05,aerosol_radiation_interactions,1985,-0.001638139
p05,aerosol_radiation_interactions,1986,-0.001702706
p05,aerosol_radiation_interactions,1987,-0.001958102
p05,aerosol_radiation_interactions,1988,-0.002167041
p05,aerosol_radiation_interactions,1989,-0.002004298
p05,aerosol_radiation_interactions,1990,-0.001673002
p05,aerosol_radiation_interactions,1991,-0.001301461
p05,aerosol_radiation_interactions,1992,-0.0008713
p05,aerosol_radiation_interactions,1993,-0.000647598
p05,aerosol_radiation_interactions,1994,-0.000751906
p05,aerosol_radiation_interactions,1995,-0.000750738
p05,aerosol_radiation_interactions,1996,-0.000490183
p05,aerosol_radiation_interactions,1997,-0.000260832
p05,aerosol_radiation_interactions,1998,-0.000175836
p05,aerosol_radiation_interactions,1999,-0.000144963
p05,aerosol_radiation_interactions,2000,-0.000179343
p05,aerosol_radiation_interactions,2001,-0.000202791
p05,aerosol_radiation_interactions,2002,-0.000387071
p05,aerosol_radiation_interactions,2003,-0.000975258
p05,aerosol_radiation_interactions,2004,-0.001735551
p05,aerosol_radiation_interactions,2005,-0.002042996
p05,aerosol_radiation_interactions,2006,-0.001639923
p05,aerosol_radiation_interactions,2007,-0.000890292
p05,aerosol_radiation_interactions,2008,-0.000256306
p05,aerosol_radiation_interactions,2009,0.00014166
p05,aerosol_radiation_interactions,2010,0.000274107
p05,aerosol_radiation_interactions,2011,0.000258738
p05,aerosol_radiation_interactions,2012,0.000162932
p05,aerosol_radiation_interactions,2013,4.61e-05
p05,aerosol_radiation_interactions,2014,-2.55e-05
p05,aerosol_radiation_interactions,2015,-0.000122445
p05,aerosol_radiation_interactions,2016,-0.000196183
p05,aerosol_radiation_interactions,2017,-0.000253239
p05,aerosol_radiation_interactions,2018,-0.000275979
p05,aerosol_radiation_interactions,2019,-0.000387116
p05,aerosol_radiation_interactions,2020,-0.000655544
p05,aerosol_radiation_interactions,2021,-0.000843097
p05,anthropogenic,1946,0.003277358
p05,anthropogenic,1947,0.003057385
p05,anthropogenic,1948,0.002487917
p05,anthropogenic,1949,0.001598482
p05,anthropogenic,1950,0.000541085
p05,anthropogenic,1951,-0.000379962
p05,anthropogenic,1952,-0.000975127
p05,anthropogenic,1953,-0.001493638
p05,anthropogenic,1954,-0.001776407
p05,anthropogenic,1955,-0.001632503
p05,anthropogenic,1956,-0.001506485
p05,anthropogenic,1957,-0.00152348
p05,anthropogenic,1958,-0.001434498
p05,anthropogenic,1959,-0.001293872
p05,anthropogenic,1960,-0.001020687
p05,anthropogenic,1961,-0.000601471
p05,anthropogenic,1962,-0.0002602
p05,anthropogenic,1963,4.04e-05
p05,anthropogenic,1964,0.000448833
p05,anthropogenic,1965,0.001010415
p05,anthropogenic,1966,0.001521339
p05,anthropogenic,1967,0.001986493
p05,anthropogenic,1968,0.002608737
p05,anthropogenic,1969,0.003366783
p05,anthropogenic,1970,0.004231576
p05,anthropogenic,1971,0.005234487
p05,anthropogenic,1972,0.006199901
p05,anthropogenic,1973,0.007118703
p05,anthropogenic,1974,0.008068936
p05,anthropogenic,1975,0.008944309
p05,anthropogenic,1976,0.009776215
p05,anthropogenic,1977,0.01074041
p05,anthropogenic,1978,0.011725639
p05,anthropogenic,1979,0.012732838
p05,anthropogenic,1980,0.013949748
p05,anthropogenic,1981,0.015118656
p05,anthropogenic,1982,0.016009073
p05,anthropogenic,1983,0.016562483
p05,anthropogenic,1984,0.016936138
p05,anthropogenic,1985,0.017194459
p05,anthropogenic,1986,0.017322269
p05,anthropogenic,1987,0.017214172
p05,anthropogenic,1988,0.016526184
p05,anthropogenic,1989,0.016257976
p05,anthropogenic,1990,0.015949053
p05,anthropogenic,1991,0.015460232
p05,anthropogenic,1992,0.015808803
p05,anthropogenic,1993,0.015281008
p05,anthropogenic,1994,0.013012508
p05,anthropogenic,1995,0.012082493
p05,anthropogenic,1996,0.014203221
p05,anthropogenic,1997,0.016315705
p05,anthropogenic,1998,0.017385916
p05,anthropogenic,1999,0.017998822
p05,anthropogenic,2000,0.01777822
p05,anthropogenic,2001,0.017226835
p05,anthropogenic,2002,0.01656049
p05,anthropogenic,2003,0.015813186
p05,anthropogenic,2004,0.015169889
p05,anthropogenic,2005,0.015055914
p05,anthropogenic,2006,0.015699768
p05,anthropogenic,2007,0.016568613
p05,anthropogenic,2008,0.017373397
p05,anthropogenic,2009,0.018171627
p05,anthropogenic,2010,0.01896713
p05,anthropogenic,2011,0.019637012
p05,anthropogenic,2012,0.020166097
p05,anthropogenic,2013,0.020653914
p05,anthropogenic,2014,0.021181161
p05,anthropogenic,2015,0.021580598
p05,anthropogenic,2016,0.021835566
p05,anthropogenic,2017,0.021816849
p05,anthropogenic,2018,0.021798728
p05,anthropogenic,2019,0.021264154
p05,anthropogenic,2020,0.019553862
p05,anthropogenic,2021,0.017880502
p05,bc_snow,1946,1.09e-06
p05,bc_snow,1947,-2.61e-06
p05,bc_snow,1948,-4.9e-06
p05,bc_snow,1949,1.25e-06
p05,bc_snow,1950,2.56e-06
p05,bc_snow,1951,3.69e-06
p05,bc_snow,1952,4.81e-06
p05,bc_snow,1953,6.39e-06
p05,bc_snow,1954,8.35e-06
p05,bc_snow,1955,1.02e-05
p05,bc_snow,1956,1.22e-05
p05,bc_snow,1957,1.4e-05
p05,bc_snow,1958,1.49e-05
p05,bc_snow,1959,1.53e-05
p05,bc_snow,1960,1.51e-05
p05,bc_snow,1961,1.39e-05
p05,bc_snow,1962,1.22e-05
p05,bc_snow,1963,1.1e-05
p05,bc_snow,1964,1.01e-05
p05,bc_snow,1965,9.27e-06
p05,bc_snow,1966,8.92e-06
p05,bc_snow,1967,9.39e-06
p05,bc_snow,1968,1.08e-05
p05,bc_snow,1969,1.31e-05
p05,bc_snow,1970,1.55e-05
p05,bc_snow,1971,1.73e-05
p05,bc_snow,1972,1.88e-05
p05,bc_snow,1973,2.06e-05
p05,bc_snow,1974,2.26e-05
p05,bc_snow,1975,2.43e-05
p05,bc_snow,1976,2.52e-05
p05,bc_snow,1977,2.48e-05
p05,bc_snow,1978,2.41e-05
p05,bc_snow,1979,2.31e-05
p05,bc_snow,1980,2.11e-05
p05,bc_snow,1981,1.86e-05
p05,bc_snow,1982,1.64e-05
p05,bc_snow,1983,1.52e-05
p05,bc_snow,1984,1.55e-05
p05,bc_snow,1985,1.73e-05
p05,bc_snow,1986,1.93e-05
p05,bc_snow,1987,2.18e-05
p05,bc_snow,1988,2.37e-05
p05,bc_snow,1989,2.39e-05
p05,bc_snow,1990,2.36e-05
p05,bc_snow,1991,2.35e-05
p05,bc_snow,1992,2.27e-05
p05,bc_snow,1993,2.21e-05
p05,bc_snow,1994,2.29e-05
p05,bc_snow,1995,2.24e-05
p05,bc_snow,1996,1.89e-05
p05,bc_snow,1997,1.45e-05
p05,bc_snow,1998,7.85e-06
p05,bc_snow,1999,-5.67e-05
p05,bc_snow,2000,-8.33e-05
p05,bc_snow,2001,-6.59e-05
p05,bc_snow,2002,-3.05e-05
p05,bc_snow,2003,4.66e-06
p05,bc_snow,2004,9.59e-06
p05,bc_snow,2005,1.32e-05
p05,bc_snow,2006,1.43e-05
p05,bc_snow,2007,1.32e-05
p05,bc_snow,2008,1.12e-05
p05,bc_snow,2009,8.12e-06
p05,bc_snow,2010,-1.36e-05
p05,bc_snow,2011,-5.36e-05
p05,bc_snow,2012,-0.000134707
p05,bc_snow,2013,-0.000272503
p05,bc_snow,2014,-0.000426885
p05,bc_snow,2015,-0.00060146
p05,bc_snow,2016,-0.000728984
p05,bc_snow,2017,-0.000803938
p05,bc_snow,2018,-0.000866755
p05,bc_snow,2019,-0.00082493
p05,bc_snow,2020,-0.000605777
p05,bc_snow,2021,-0.000410089
p05,ch4,1946,0.000893954
p05,ch4,1947,0.000902421
p05,ch4,1948,0.000911616
p05,ch4,1949,0.000930573
p05,ch4,1950,0.000966999
p05,ch4,1951,0.001021992
p05,ch4,1952,0.001096671
p05,ch4,1953,0.001194048
p05,ch4,1954,0.001309518
p05,ch4,1955,0.001430155
p05,ch4,1956,0.001537841
p05,ch4,1957,0.001615476
p05,ch4,1958,0.00166146
p05,ch4,1959,0.001692234
p05,ch4,1960,0.001723814
p05,ch4,1961,0.001760062
p05,ch4,1962,0.001800652
p05,ch4,1963,0.001848701
p05,ch4,1964,0.001910758
p05,ch4,1965,0.001988885
p05,ch4,1966,0.002078766
p05,ch4,1967,0.002168384
p05,ch4,1968,0.002249388
p05,ch4,1969,0.002323651
p05,ch4,1970,0.002390808
p05,ch4,1971,0.002447743
p05,ch4,1972,0.0024896
p05,ch4,1973,0.002511943
p05,ch4,1974,0.00251998
p05,ch4,1975,0.002523108
p05,ch4,1976,0.002531669
p05,ch4,1977,0.002553514
p05,ch4,1978,0.002586001
p05,ch4,1979,0.00261557
p05,ch4,1980,0.002624321
p05,ch4,1981,0.002604213
p05,ch4,1982,0.00255786
p05,ch4,1983,0.002488829
p05,ch4,1984,0.002404742
p05,ch4,1985,0.002319976
p05,ch4,1986,0.002238278
p05,ch4,1987,0.002163964
p05,ch4,1988,0.002099963
p05,ch4,1989,0.002030131
p05,ch4,1990,0.001944022
p05,ch4,1991,0.001843529
p05,ch4,1992,0.001729163
p05,ch4,1993,0.00159989
p05,ch4,1994,0.00147284
p05,ch4,1995,0.001373395
p05,ch4,1996,0.001291913
p05,ch4,1997,0.00121494
p05,ch4,1998,0.001144902
p05,ch4,1999,0.001076717
p05,ch4,2000,0.001003585
p05,ch4,2001,0.000920013
p05,ch4,2002,0.000822241
p05,ch4,2003,0.000723664
p05,ch4,2004,0.000656264
p05,ch4,2005,0.000633877
p05,ch4,2006,0.000647504
p05,ch4,2007,0.000679038
p05,ch4,2008,0.000717184
p05,ch4,2009,0.00076484
p05,ch4,2010,0.000823299
p05,ch4,2011,0.000884793
p05,ch4,2012,0.000939002
p05,ch4,2013,0.000985845
p05,ch4,2014,0.00103355
p05,ch4,2015,0.001081881
p05,ch4,2016,0.001132035
p05,ch4,2017,0.001193437
p05,ch4,2018,0.001268692
p05,ch4,2019,0.001344489
p05,ch4,2020,0.001407832
p05,ch4,2021,0.0014568
p05,co2,1946,0.001570381
p05,co2,1947,0.001370461
p05,co2,1948,0.001283707
p05,co2,1949,0.001314536
p05,co2,1950,0.001421979
p05,co2,1951,0.001559684
p05,co2,1952,0.001700181
p05,co2,1953,0.001833796
p05,co2,1954,0.001954023
p05,co2,1955,0.002060411
p05,co2,1956,0.002183643
p05,co2,1957,0.002337082
p05,co2,1958,0.002515986
p05,co2,1959,0.002718963
p05,co2,1960,0.002939261
p05,co2,1961,0.003159103
p05,co2,1962,0.003379091
p05,co2,1963,0.00359227
p05,co2,1964,0.003779818
p05,co2,1965,0.003944228
p05,co2,1966,0.004131014
p05,co2,1967,0.00435149
p05,co2,1968,0.004620901
p05,co2,1969,0.005019328
p05,co2,1970,0.005503989
p05,co2,1971,0.005927438
p05,co2,1972,0.006231117
p05,co2,1973,0.006462161
p05,co2,1974,0.006661657
p05,co2,1975,0.006839991
p05,co2,1976,0.007041515
p05,co2,1977,0.007240567
p05,co2,1978,0.007379293
p05,co2,1979,0.007566087
p05,co2,1980,0.007849081
p05,co2,1981,0.008109219
p05,co2,1982,0.008255952
p05,co2,1983,0.008323329
p05,co2,1984,0.008418347
p05,co2,1985,0.008579733
p05,co2,1986,0.00879169
p05,co2,1987,0.009017148
p05,co2,1988,0.009145573
p05,co2,1989,0.009113759
p05,co2,1990,0.008973551
p05,co2,1991,0.008796501
p05,co2,1992,0.00862231
p05,co2,1993,0.008445551
p05,co2,1994,0.00838413
p05,co2,1995,0.008541086
p05,co2,1996,0.008808669
p05,co2,1997,0.009107413
p05,co2,1998,0.009406644
p05,co2,1999,0.00968124
p05,co2,2000,0.009921059
p05,co2,2001,0.01013516
p05,co2,2002,0.010349729
p05,co2,2003,0.010517404
p05,co2,2004,0.010651932
p05,co2,2005,0.010800205
p05,co2,2006,0.010918742
p05,co2,2007,0.010973262
p05,co2,2008,0.010968954
p05,co2,2009,0.010994825
p05,co2,2010,0.011077784
p05,co2,2011,0.011181239
p05,co2,2012,0.011372425
p05,co2,2013,0.011644495
p05,co2,2014,0.011936062
p05,co2,2015,0.012213565
p05,co2,2016,0.012452611
p05,co2,2017,0.012640555
p05,co2,2018,0.01275172
p05,co2,2019,0.012811112
p05,co2,2020,0.012866549
p05,co2,2021,0.012932028
p05,contrails,1946,2.11e-06
p05,contrails,1947,2.24e-06
p05,contrails,1948,2.39e-06
p05,contrails,1949,2.56e-06
p05,contrails,1950,2.74e-06
p05,contrails,1951,2.94e-06
p05,contrails,1952,3.16e-06
p05,contrails,1953,3.41e-06
p05,contrails,1954,3.67e-06
p05,contrails,1955,3.95e-06
p05,contrails,1956,4.26e-06
p05,contrails,1957,4.65e-06
p05,contrails,1958,5.24e-06
p05,contrails,1959,6.03e-06
p05,contrails,1960,6.95e-06
p05,contrails,1961,8e-06
p05,contrails,1962,9.2e-06
p05,contrails,1963,1.07e-05
p05,contrails,1964,1.28e-05
p05,contrails,1965,1.52e-05
p05,contrails,1966,1.75e-05
p05,contrails,1967,1.98e-05
p05,contrails,1968,2.26e-05
p05,contrails,1969,2.53e-05
p05,contrails,1970,2.74e-05
p05,contrails,1971,2.86e-05
p05,contrails,1972,2.87e-05
p05,contrails,1973,2.83e-05
p05,contrails,1974,2.8e-05
p05,contrails,1975,2.8e-05
p05,contrails,1976,2.78e-05
p05,contrails,1977,2.75e-05
p05,contrails,1978,2.74e-05
p05,contrails,1979,2.76e-05
p05,contrails,1980,2.84e-05
p05,contrails,1981,2.94e-05
p05,contrails,1982,3.08e-05
p05,contrails,1983,3.27e-05
p05,contrails,1984,3.54e-05
p05,contrails,1985,3.9e-05
p05,contrails,1986,4.29e-05
p05,contrails,1987,4.58e-05
p05,contrails,1988,4.78e-05
p05,contrails,1989,5e-05
p05,contrails,1990,5.27e-05
p05,contrails,1991,5.6e-05
p05,contrails,1992,5.97e-05
p05,contrails,1993,6.39e-05
p05,contrails,1994,6.82e-05
p05,contrails,1995,7.27e-05
p05,contrails,1996,7.77e-05
p05,contrails,1997,8.17e-05
p05,contrails,1998,8.3e-05
p05,contrails,1999,8.22e-05
p05,contrails,2000,8.24e-05
p05,contrails,2001,8.5e-05
p05,contrails,2002,8.89e-05
p05,contrails,2003,9.37e-05
p05,contrails,2004,9.83e-05
p05,contrails,2005,0.000100742
p05,contrails,2006,0.000102994
p05,contrails,2007,0.000107331
p05,contrails,2008,0.000110223
p05,contrails,2009,0.000109577
p05,contrails,2010,0.000108398
p05,contrails,2011,0.000109496
p05,contrails,2012,0.000112985
p05,contrails,2013,0.000118955
p05,contrails,2014,0.00012559
p05,contrails,2015,0.000131447
p05,contrails,2016,0.000118113
p05,contrails,2017,8e-05
p05,contrails,2018,3.19e-05
p05,contrails,2019,-1.05e-05
p05,contrails,2020,1.59e-05
p05,contrails,2021,4.53e-05
p05,ghg,1946,0.003126506
p05,ghg,1947,0.002938432
p05,ghg,1948,0.00284855
p05,ghg,1949,0.002888269
p05,ghg,1950,0.003041776
p05,ghg,1951,0.003260536
p05,ghg,1952,0.003517631
p05,ghg,1953,0.003803668
p05,ghg,1954,0.004101619
p05,ghg,1955,0.004391983
p05,ghg,1956,0.004679283
p05,ghg,1957,0.004961369
p05,ghg,1958,0.005240339
p05,ghg,1959,0.005539427
p05,ghg,1960,0.005870804
p05,ghg,1961,0.006220916
p05,ghg,1962,0.006591389
p05,ghg,1963,0.006980048
p05,ghg,1964,0.007375243
p05,ghg,1965,0.007780225
p05,ghg,1966,0.008233909
p05,ghg,1967,0.008734811
p05,ghg,1968,0.00928893
p05,ghg,1969,0.009979845
p05,ghg,1970,0.010768595
p05,ghg,1971,0.011501201
p05,ghg,1972,0.012106822
p05,ghg,1973,0.012620733
p05,ghg,1974,0.013079557
p05,ghg,1975,0.013494056
p05,ghg,1976,0.01391048
p05,ghg,1977,0.014307991
p05,ghg,1978,0.01462814
p05,ghg,1979,0.014966913
p05,ghg,1980,0.015358073
p05,ghg,1981,0.015683846
p05,ghg,1982,0.015866692
p05,ghg,1983,0.015953799
p05,ghg,1984,0.016067824
p05,ghg,1985,0.016267273
p05,ghg,1986,0.016527752
p05,ghg,1987,0.016792798
p05,ghg,1988,0.016929772
p05,ghg,1989,0.016832144
p05,ghg,1990,0.016512713
p05,ghg,1991,0.016038878
p05,ghg,1992,0.015468617
p05,ghg,1993,0.014815261
p05,ghg,1994,0.014257986
p05,ghg,1995,0.013995022
p05,ghg,1996,0.013925639
p05,ghg,1997,0.013945709
p05,ghg,1998,0.014014241
p05,ghg,1999,0.014082076
p05,ghg,2000,0.014117969
p05,ghg,2001,0.014123866
p05,ghg,2002,0.014131803
p05,ghg,2003,0.014096689
p05,ghg,2004,0.014064367
p05,ghg,2005,0.01410831
p05,ghg,2006,0.014170943
p05,ghg,2007,0.014201652
p05,ghg,2008,0.014192334
p05,ghg,2009,0.014240521
p05,ghg,2010,0.014369924
p05,ghg,2011,0.014527647
p05,ghg,2012,0.014774963
p05,ghg,2013,0.015098944
p05,ghg,2014,0.015443509
p05,ghg,2015,0.01577341
p05,ghg,2016,0.016058118
p05,ghg,2017,0.016297876
p05,ghg,2018,0.016471403
p05,ghg,2019,0.016589624
p05,ghg,2020,0.016688115
p05,ghg,2021,0.016781167
p05,h2o_strat,1946,-4.4e-06
p05,h2o_strat,1947,-4.45e-06
p05,h2o_strat,1948,-4.5e-06
p05,h2o_strat,1949,-4.6e-06
p05,h2o_strat,1950,-4.77e-06
p05,h2o_strat,1951,-5.04e-06
p05,h2o_strat,1952,-5.42e-06
p05,h2o_strat,1953,-5.94e-06
p05,h2o_strat,1954,-6.55e-06
p05,h2o_strat,1955,-7.21e-06
p05,h2o_strat,1956,-7.8e-06
p05,h2o_strat,1957,-8.22e-06
p05,h2o_strat,1958,-8.48e-06
p05,h2o_strat,1959,-8.66e-06
p05,h2o_strat,1960,-8.85e-06
p05,h2o_strat,1961,-9.08e-06
p05,h2o_strat,1962,-9.32e-06
p05,h2o_strat,1963,-9.62e-06
p05,h2o_strat,1964,-9.98e-06
p05,h2o_strat,1965,-1.04e-05
p05,h2o_strat,1966,-1.1e-05
p05,h2o_strat,1967,-1.15e-05
p05,h2o_strat,1968,-1.2e-05
p05,h2o_strat,1969,-1.25e-05
p05,h2o_strat,1970,-1.29e-05
p05,h2o_strat,1971,-1.33e-05
p05,h2o_strat,1972,-1.36e-05
p05,h2o_strat,1973,-1.38e-05
p05,h2o_strat,1974,-1.39e-05
p05,h2o_strat,1975,-1.4e-05
p05,h2o_strat,1976,-1.42e-05
p05,h2o_strat,1977,-1.44e-05
p05,h2o_strat,1978,-1.47e-05
p05,h2o_strat,1979,-1.49e-05
p05,h2o_strat,1980,-1.51e-05
p05,h2o_strat,1981,-1.51e-05
p05,h2o_strat,1982,-1.49e-05
p05,h2o_strat,1983,-1.46e-05
p05,h2o_strat,1984,-1.42e-05
p05,h2o_strat,1985,-1.38e-05
p05,h2o_strat,1986,-1.34e-05
p05,h2o_strat,1987,-1.31e-05
p05,h2o_strat,1988,-1.28e-05
p05,h2o_strat,1989,-1.24e-05
p05,h2o_strat,1990,-1.2e-05
p05,h2o_strat,1991,-1.15e-05
p05,h2o_strat,1992,-1.09e-05
p05,h2o_strat,1993,-1.02e-05
p05,h2o_strat,1994,-9.5e-06
p05,h2o_strat,1995,-8.94e-06
p05,h2o_strat,1996,-8.48e-06
p05,h2o_strat,1997,-8.04e-06
p05,h2o_strat,1998,-7.64e-06
p05,h2o_strat,1999,-7.24e-06
p05,h2o_strat,2000,-6.82e-06
p05,h2o_strat,2001,-6.35e-06
p05,h2o_strat,2002,-5.79e-06
p05,h2o_strat,2003,-5.22e-06
p05,h2o_strat,2004,-4.81e-06
p05,h2o_strat,2005,-4.65e-06
p05,h2o_strat,2006,-4.7e-06
p05,h2o_strat,2007,-4.86e-06
p05,h2o_strat,2008,-5.06e-06
p05,h2o_strat,2009,-5.32e-06
p05,h2o_strat,2010,-5.63e-06
p05,h2o_strat,2011,-5.99e-06
p05,h2o_strat,2012,-6.3e-06
p05,h2o_strat,2013,-6.59e-06
p05,h2o_strat,2014,-6.89e-06
p05,h2o_strat,2015,-7.19e-06
p05,h2o_strat,2016,-7.51e-06
p05,h2o_strat,2017,-7.89e-06
p05,h2o_strat,2018,-8.36e-06
p05,h2o_strat,2019,-8.85e-06
p05,h2o_strat,2020,-9.28e-06
p05,h2o_strat,2021,-9.63e-06
p05,halogen,1946,0.000140991
p05,halogen,1947,0.000160414
p05,halogen,1948,0.000179923
p05,halogen,1949,0.000199139
p05,halogen,1950,0.000218302
p05,halogen,1951,0.000237836
p05,halogen,1952,0.000258713
p05,halogen,1953,0.000282226
p05,halogen,1954,0.000309253
p05,halogen,1955,0.000340009
p05,halogen,1956,0.000374603
p05,halogen,1957,0.000413649
p05,halogen,1958,0.000457948
p05,halogen,1959,0.000508503
p05,halogen,1960,0.000566905
p05,halogen,1961,0.000634845
p05,halogen,1962,0.000713855
p05,halogen,1963,0.000805346
p05,halogen,1964,0.000910469
p05,halogen,1965,0.001029651
p05,halogen,1966,0.001162748
p05,halogen,1967,0.001309142
p05,halogen,1968,0.001468125
p05,halogen,1969,0.001640022
p05,halogen,1970,0.001826187
p05,halogen,1971,0.002026012
p05,halogen,1972,0.002234434
p05,halogen,1973,0.002444457
p05,halogen,1974,0.002649162
p05,halogen,1975,0.002840542
p05,halogen,1976,0.003010861
p05,halogen,1977,0.003154534
p05,halogen,1978,0.003267902
p05,halogen,1979,0.003351474
p05,halogen,1980,0.00341148
p05,halogen,1981,0.003459434
p05,halogen,1982,0.003508883
p05,halogen,1983,0.003571099
p05,halogen,1984,0.003655358
p05,halogen,1985,0.003760771
p05,halogen,1986,0.003873469
p05,halogen,1987,0.003974123
p05,halogen,1988,0.004041552
p05,halogen,1989,0.004052224
p05,halogen,1990,0.003984416
p05,halogen,1991,0.003830995
p05,halogen,1992,0.003598169
p05,halogen,1993,0.003303859
p05,halogen,1994,0.002978289
p05,halogen,1995,0.002653367
p05,halogen,1996,0.002355616
p05,halogen,1997,0.002101137
p05,halogen,1998,0.001895263
p05,halogen,1999,0.001729293
p05,halogen,2000,0.001588781
p05,halogen,2001,0.001468949
p05,halogen,2002,0.001368261
p05,halogen,2003,0.001284012
p05,halogen,2004,0.001213479
p05,halogen,2005,0.001153761
p05,halogen,2006,0.001102916
p05,halogen,2007,0.0010612
p05,halogen,2008,0.00102577
p05,halogen,2009,0.000994217
p05,halogen,2010,0.000966179
p05,halogen,2011,0.000941581
p05,halogen,2012,0.00091915
p05,halogen,2013,0.000899741
p05,halogen,2014,0.000885832
p05,halogen,2015,0.000875096
p05,halogen,2016,0.000860721
p05,halogen,2017,0.000839571
p05,halogen,2018,0.000811793
p05,halogen,2019,0.000775708
p05,halogen,2020,0.000731319
p05,halogen,2021,0.000681405
p05,land_use,1946,-0.000497838
p05,land_use,1947,-0.000488974
p05,land_use,1948,-0.000514349
p05,land_use,1949,-0.000572699
p05,land_use,1950,-0.000662878
p05,land_use,1951,-0.000780365
p05,land_use,1952,-0.000915434
p05,land_use,1953,-0.001054124
p05,land_use,1954,-0.001178232
p05,land_use,1955,-0.00126642
p05,land_use,1956,-0.001309763
p05,land_use,1957,-0.001316608
p05,land_use,1958,-0.001300324
p05,land_use,1959,-0.001270512
p05,land_use,1960,-0.001231335
p05,land_use,1961,-0.001187948
p05,land_use,1962,-0.001145627
p05,land_use,1963,-0.001114573
p05,land_use,1964,-0.001113338
p05,land_use,1965,-0.001148528
p05,land_use,1966,-0.001208931
p05,land_use,1967,-0.001277515
p05,land_use,1968,-0.001339877
p05,land_use,1969,-0.001393561
p05,land_use,1970,-0.001435447
p05,land_use,1971,-0.001453316
p05,land_use,1972,-0.001437447
p05,land_use,1973,-0.001394596
p05,land_use,1974,-0.001354916
p05,land_use,1975,-0.00133618
p05,land_use,1976,-0.001333017
p05,land_use,1977,-0.001340869
p05,land_use,1978,-0.001352463
p05,land_use,1979,-0.001365057
p05,land_use,1980,-0.001380168
p05,land_use,1981,-0.001390843
p05,land_use,1982,-0.00138909
p05,land_use,1983,-0.001374531
p05,land_use,1984,-0.00135513
p05,land_use,1985,-0.001329113
p05,land_use,1986,-0.001287894
p05,land_use,1987,-0.001229035
p05,land_use,1988,-0.001150764
p05,land_use,1989,-0.001058821
p05,land_use,1990,-0.000964533
p05,land_use,1991,-0.000875528
p05,land_use,1992,-0.00079949
p05,land_use,1993,-0.000744644
p05,land_use,1994,-0.000712863
p05,land_use,1995,-0.000702723
p05,land_use,1996,-0.000713618
p05,land_use,1997,-0.000736807
p05,land_use,1998,-0.000756165
p05,land_use,1999,-0.000767439
p05,land_use,2000,-0.00077421
p05,land_use,2001,-0.000775642
p05,land_use,2002,-0.000759815
p05,land_use,2003,-0.00071594
p05,land_use,2004,-0.00065405
p05,land_use,2005,-0.000591072
p05,land_use,2006,-0.000536819
p05,land_use,2007,-0.000487561
p05,land_use,2008,-0.000436834
p05,land_use,2009,-0.000393842
p05,land_use,2010,-0.000369866
p05,land_use,2011,-0.000369015
p05,land_use,2012,-0.000384387
p05,land_use,2013,-0.000401562
p05,land_use,2014,-0.000415528
p05,land_use,2015,-0.00043563
p05,land_use,2016,-0.000471193
p05,land_use,2017,-0.000514448
p05,land_use,2018,-0.000548103
p05,land_use,2019,-0.000573983
p05,land_use,2020,-0.000599608
p05,land_use,2021,-0.000622512
p05,n2o,1946,0.000314469
p05,n2o,1947,0.000293471
p05,n2o,1948,0.0002668
p05,n2o,1949,0.000245656
p05,n2o,1950,0.000236995
p05,n2o,1951,0.000237675
p05,n2o,1952,0.000247671
p05,n2o,1953,0.000264654
p05,n2o,1954,0.000284047
p05,n2o,1955,0.000301753
p05,n2o,1956,0.000316687
p05,n2o,1957,0.000329331
p05,n2o,1958,0.000339513
p05,n2o,1959,0.000348982
p05,n2o,1960,0.00035861
p05,n2o,1961,0.000367977
p05,n2o,1962,0.000378593
p05,n2o,1963,0.000391686
p05,n2o,1964,0.000406552
p05,n2o,1965,0.00042126
p05,n2o,1966,0.00043469
p05,n2o,1967,0.000446902
p05,n2o,1968,0.000458039
p05,n2o,1969,0.00046859
p05,n2o,1970,0.00047885
p05,n2o,1971,0.000488711
p05,n2o,1972,0.000498588
p05,n2o,1973,0.000509121
p05,n2o,1974,0.000520603
p05,n2o,1975,0.000533196
p05,n2o,1976,0.000547907
p05,n2o,1977,0.000567273
p05,n2o,1978,0.000595978
p05,n2o,1979,0.000631786
p05,n2o,1980,0.00066844
p05,n2o,1981,0.000702633
p05,n2o,1982,0.000734035
p05,n2o,1983,0.000758352
p05,n2o,1984,0.000771319
p05,n2o,1985,0.000778397
p05,n2o,1986,0.000784331
p05,n2o,1987,0.000790157
p05,n2o,1988,0.000798513
p05,n2o,1989,0.000805989
p05,n2o,1990,0.000807454
p05,n2o,1991,0.000803387
p05,n2o,1992,0.000799634
p05,n2o,1993,0.000797191
p05,n2o,1994,0.000792073
p05,n2o,1995,0.000792853
p05,n2o,1996,0.000808483
p05,n2o,1997,0.000836621
p05,n2o,1998,0.000868613
p05,n2o,1999,0.000895801
p05,n2o,2000,0.000913183
p05,n2o,2001,0.000919703
p05,n2o,2002,0.000918901
p05,n2o,2003,0.000915048
p05,n2o,2004,0.000909921
p05,n2o,2005,0.000905951
p05,n2o,2006,0.000907361
p05,n2o,2007,0.000917281
p05,n2o,2008,0.000932932
p05,n2o,2009,0.00095106
p05,n2o,2010,0.000971747
p05,n2o,2011,0.00099359
p05,n2o,2012,0.00101385
p05,n2o,2013,0.001031016
p05,n2o,2014,0.001047658
p05,n2o,2015,0.001063601
p05,n2o,2016,0.001077618
p05,n2o,2017,0.001094478
p05,n2o,2018,0.001116386
p05,n2o,2019,0.001140651
p05,n2o,2020,0.001165794
p05,n2o,2021,0.001193842
p05,natural,1946,2.1e-05
p05,natural,1947,0.000296774
p05,natural,1948,0.000466409
p05,natural,1949,0.000483752
p05,natural,1950,0.000302142
p05,natural,1951,-0.000201343
p05,natural,1952,-0.000962253
p05,natural,1953,-0.001417772
p05,natural,1954,-0.001212793
p05,natural,1955,-0.000452123
p05,natural,1956,1.74e-06
p05,natural,1957,0.000190647
p05,natural,1958,0.000278138
p05,natural,1959,-0.001087816
p05,natural,1960,-0.006830768
p05,natural,1961,-0.011368076
p05,natural,1962,-0.012988849
p05,natural,1963,-0.012605295
p05,natural,1964,-0.010652384
p05,natural,1965,-0.007818568
p05,natural,1966,-0.004129767
p05,natural,1967,-0.000275169
p05,natural,1968,0.001052457
p05,natural,1969,0.001554564
p05,natural,1970,0.001315854
p05,natural,1971,0.000876873
p05,natural,1972,0.00058046
p05,natural,1973,0.000425795
p05,natural,1974,0.000416583
p05,natural,1975,0.000417026
p05,natural,1976,0.000389902
p05,natural,1977,0.000345684
p05,natural,1978,-4.84e-05
p05,natural,1979,-0.003114664
p05,natural,1980,-0.007666522
p05,natural,1981,-0.01065758
p05,natural,1982,-0.012065304
p05,natural,1983,-0.012165761
p05,natural,1984,-0.010541539
p05,natural,1985,-0.007007109
p05,natural,1986,-0.002288386
p05,natural,1987,0.000170954
p05,natural,1988,-0.001213001
p05,natural,1989,-0.009567048
p05,natural,1990,-0.016248266
p05,natural,1991,-0.017991582
p05,natural,1992,-0.016328173
p05,natural,1993,-0.012509378
p05,natural,1994,-0.006828929
p05,natural,1995,-0.000295302
p05,natural,1996,0.001928913
p05,natural,1997,0.003435466
p05,natural,1998,0.003761299
p05,natural,1999,0.00302687
p05,natural,2000,0.002204397
p05,natural,2001,0.001542385
p05,natural,2002,0.000883006
p05,natural,2003,4.52e-05
p05,natural,2004,-0.001094956
p05,natural,2005,-0.002426309
p05,natural,2006,-0.00318782
p05,natural,2007,-0.003209325
p05,natural,2008,-0.002467751
p05,natural,2009,-0.001151219
p05,natural,2010,-0.000109465
p05,natural,2011,0.000275823
p05,natural,2012,0.000376159
p05,natural,2013,0.000391064
p05,natural,2014,0.000346535
p05,natural,2015,0.000131165
p05,natural,2016,-0.00096341
p05,natural,2017,-0.002431063
p05,natural,2018,-0.003563012
p05,natural,2019,-0.003499846
p05,natural,2020,-0.002082742
p05,natural,2021,-0.000738647
p05,o3,1946,0.000257934
p05,o3,1947,0.000268482
p05,o3,1948,0.000277292
p05,o3,1949,0.000290547
p05,o3,1950,0.000310989
p05,o3,1951,0.000336743
p05,o3,1952,0.000366903
p05,o3,1953,0.00040356
p05,o3,1954,0.00044125
p05,o3,1955,0.000468594
p05,o3,1956,0.000488963
p05,o3,1957,0.000505571
p05,o3,1958,0.000512877
p05,o3,1959,0.000521194
p05,o3,1960,0.000532226
p05,o3,1961,0.000541829
p05,o3,1962,0.000557879
p05,o3,1963,0.000588072
p05,o3,1964,0.000625129
p05,o3,1965,0.000654081
p05,o3,1966,0.000679513
p05,o3,1967,0.000707262
p05,o3,1968,0.000738928
p05,o3,1969,0.000774667
p05,o3,1970,0.000799507
p05,o3,1971,0.00079987
p05,o3,1972,0.000782948
p05,o3,1973,0.000761437
p05,o3,1974,0.000739182
p05,o3,1975,0.0007123
p05,o3,1976,0.000681209
p05,o3,1977,0.000644852
p05,o3,1978,0.000621365
p05,o3,1979,0.000603196
p05,o3,1980,0.000568665
p05,o3,1981,0.000523219
p05,o3,1982,0.000477258
p05,o3,1983,0.000449043
p05,o3,1984,0.000443125
p05,o3,1985,0.000455456
p05,o3,1986,0.000475481
p05,o3,1987,0.000513535
p05,o3,1988,0.000556376
p05,o3,1989,0.000569414
p05,o3,1990,0.000569563
p05,o3,1991,0.000565474
p05,o3,1992,0.000543496
p05,o3,1993,0.000545263
p05,o3,1994,0.000577346
p05,o3,1995,0.000588577
p05,o3,1996,0.000562722
p05,o3,1997,0.000537617
p05,o3,1998,0.000519999
p05,o3,1999,0.000487045
p05,o3,2000,0.000465571
p05,o3,2001,0.000458088
p05,o3,2002,0.000444009
p05,o3,2003,0.000462007
p05,o3,2004,0.000513503
p05,o3,2005,0.000538505
p05,o3,2006,0.000525651
p05,o3,2007,0.000491087
p05,o3,2008,0.000452998
p05,o3,2009,0.000411761
p05,o3,2010,0.000369764
p05,o3,2011,0.000352147
p05,o3,2012,0.000344234
p05,o3,2013,0.000337255
p05,o3,2014,0.000332629
p05,o3,2015,0.000322769
p05,o3,2016,0.000296421
p05,o3,2017,0.0002671
p05,o3,2018,0.000253205
p05,o3,2019,0.000265851
p05,o3,2020,0.000311853
p05,o3,2021,0.000356547
p05,other_human_forcing,1946,-0.001474786
p05,other_human_forcing,1947,-0.001423158
p05,other_human_forcing,1948,-0.001704106
p05,other_human_forcing,1949,-0.0024528
p05,other_human_forcing,1950,-0.003673286
p05,other_human_forcing,1951,-0.004905668
p05,other_human_forcing,1952,-0.005883946
p05,other_human_forcing,1953,-0.006843381
p05,other_human_forcing,1954,-0.007573739
p05,other_human_forcing,1955,-0.007874945
p05,other_human_forcing,1956,-0.008208621
p05,other_human_forcing,1957,-0.008655318
p05,other_human_forcing,1958,-0.008910921
p05,other_human_forcing,1959,-0.009156491
p05,other_human_forcing,1960,-0.009294687
p05,other_human_forcing,1961,-0.009189848
p05,other_human_forcing,1962,-0.00916192
p05,other_human_forcing,1963,-0.009290547
p05,other_human_forcing,1964,-0.009384972
p05,other_human_forcing,1965,-0.009253089
p05,other_human_forcing,1966,-0.009205159
p05,other_human_forcing,1967,-0.009326307
p05,other_human_forcing,1968,-0.009448889
p05,other_human_forcing,1969,-0.009715755
p05,other_human_forcing,1970,-0.010034705
p05,other_human_forcing,1971,-0.010062828
p05,other_human_forcing,1972,-0.009968055
p05,other_human_forcing,1973,-0.0099184
p05,other_human_forcing,1974,-0.009872471
p05,other_human_forcing,1975,-0.009774556
p05,other_human_forcing,1976,-0.00956289
p05,other_human_forcing,1977,-0.009047594
p05,other_human_forcing,1978,-0.008657996
p05,other_human_forcing,1979,-0.008395423
p05,other_human_forcing,1980,-0.00748706
p05,other_human_forcing,1981,-0.006300042
p05,other_human_forcing,1982,-0.005165578
p05,other_human_forcing,1983,-0.004497288
p05,other_human_forcing,1984,-0.004353848
p05,other_human_forcing,1985,-0.004539199
p05,other_human_forcing,1986,-0.004900889
p05,other_human_forcing,1987,-0.005932777
p05,other_human_forcing,1988,-0.007245516
p05,other_human_forcing,1989,-0.007434546
p05,other_human_forcing,1990,-0.007325082
p05,other_human_forcing,1991,-0.007216053
p05,other_human_forcing,1992,-0.006048056
p05,other_human_forcing,1993,-0.005769923
p05,other_human_forcing,1994,-0.007402538
p05,other_human_forcing,1995,-0.007868579
p05,other_human_forcing,1996,-0.005561225
p05,other_human_forcing,1997,-0.003065997
p05,other_human_forcing,1998,-0.001436
p05,other_human_forcing,1999,-0.00017338
p05,other_human_forcing,2000,0.000396117
p05,other_human_forcing,2001,0.000514521
p05,other_human_forcing,2002,0.000176661
p05,other_human_forcing,2003,-0.000692962
p05,other_human_forcing,2004,-0.001910729
p05,other_human_forcing,2005,-0.002872334
p05,other_human_forcing,2006,-0.002551793
p05,other_human_forcing,2007,-0.001483061
p05,other_human_forcing,2008,-0.000384856
p05,other_human_forcing,2009,0.000632724
p05,other_human_forcing,2010,0.00152851
p05,other_human_forcing,2011,0.002157268
p05,other_human_forcing,2012,0.002488157
p05,other_human_forcing,2013,0.002660221
p05,other_human_forcing,2014,0.002974425
p05,other_human_forcing,2015,0.003141489
p05,other_human_forcing,2016,0.002900305
p05,other_human_forcing,2017,0.002297004
p05,other_human_forcing,2018,0.002074113
p05,other_human_forcing,2019,0.001083705
p05,other_human_forcing,2020,-0.001994004
p05,other_human_forcing,2021,-0.004404242
p05,residual,1946,-0.061089827
p05,residual,1947,-0.053732819
p05,residual,1948,-0.042725658
p05,residual,1949,-0.02571566
p05,residual,1950,-0.011795744
p05,residual,1951,-0.008121447
p05,residual,1952,-0.016376812
p05,residual,1953,-0.007998133
p05,residual,1954,-0.00292402
p05,residual,1955,-0.00304271
p05,residual,1956,-0.014478122
p05,residual,1957,-0.010983578
p05,residual,1958,-0.005908127
p05,residual,1959,0.008667828
p05,residual,1960,-0.001624864
p05,residual,1961,-0.010876835
p05,residual,1962,-0.023212759
p05,residual,1963,-0.020455356
p05,residual,1964,-0.018883237
p05,residual,1965,-0.010747446
p05,residual,1966,-0.011463179
p05,residual,1967,-0.014080423
p05,residual,1968,-0.011458436
p05,residual,1969,0.002854662
p05,residual,1970,-0.009731191
p05,residual,1971,-0.013480946
p05,residual,1972,-0.021343918
p05,residual,1973,-0.010035175
p05,residual,1974,-0.009881837
p05,residual,1975,0.00154289
p05,residual,1976,0.013263482
p05,residual,1977,0.01629973
p05,residual,1978,0.010910881
p05,residual,1979,0.025199274
p05,residual,1980,0.012204705
p05,residual,1981,9e-05
p05,residual,1982,-0.019029437
p05,residual,1983,-0.012630361
p05,residual,1984,-0.012473027
p05,residual,1985,-0.016565623
p05,residual,1986,-0.00615253
p05,residual,1987,0.005252379
p05,residual,1988,-0.006020759
p05,residual,1989,-0.002117494
p05,residual,1990,-0.007486597
p05,residual,1991,-0.008710391
p05,residual,1992,-0.016999028
p05,residual,1993,-0.01048676
p05,residual,1994,0.004272519
p05,residual,1995,-0.008016637
p05,residual,1996,-0.013413436
p05,residual,1997,-0.011121811
p05,residual,1998,-0.014826236
p05,residual,1999,-0.014787673
p05,residual,2000,-0.018569626
p05,residual,2001,-0.009150313
p05,residual,2002,-0.012248247
p05,residual,2003,-0.008240875
p05,residual,2004,-0.002347356
p05,residual,2005,-0.006151457
p05,residual,2006,-0.009801793
p05,residual,2007,-0.016529376
p05,residual,2008,-0.018961314
p05,residual,2009,-0.018694335
p05,residual,2010,-0.021875259
p05,residual,2011,-0.009397204
p05,residual,2012,0.004172711
p05,residual,2013,0.009894081
p05,residual,2014,-0.000254514
p05,residual,2015,0.002561423
p05,residual,2016,0.009243914
p05,residual,2017,-0.00449073
p05,residual,2018,-0.016447683
p05,residual,2019,-0.011073086
p05,residual,2020,-0.005525843
p05,residual,2021,-0.00327852
p05,solar,1946,0.000158377
p05,solar,1947,0.000212897
p05,solar,1948,0.00020976
p05,solar,1949,0.000138003
p05,solar,1950,-0.000231447
p05,solar,1951,-0.001390895
p05,solar,1952,-0.002188589
p05,solar,1953,-0.001987832
p05,solar,1954,-0.000951375
p05,solar,1955,1.44e-05
p05,solar,1956,0.000157397
p05,solar,1957,0.000222069
p05,solar,1958,0.000210866
p05,solar,1959,0.000128953
p05,solar,1960,-0.000313822
p05,solar,1961,-0.001696486
p05,solar,1962,-0.002951977
p05,solar,1963,-0.003331172
p05,solar,1964,-0.002819783
p05,solar,1965,-0.001843855
p05,solar,1966,-0.000745455
p05,solar,1967,-5.31e-05
p05,solar,1968,6.47e-05
p05,solar,1969,7.83e-05
p05,solar,1970,3.4e-05
p05,solar,1971,-0.000327983
p05,solar,1972,-0.001134312
p05,solar,1973,-0.001766094
p05,solar,1974,-0.001868883
p05,solar,1975,-0.001288498
p05,solar,1976,-0.00027484
p05,solar,1977,0.000102013
p05,solar,1978,0.000212352
p05,solar,1979,0.000273756
p05,solar,1980,0.000271637
p05,solar,1981,0.000194996
p05,solar,1982,-6.21e-06
p05,solar,1983,-0.000993696
p05,solar,1984,-0.002014674
p05,solar,1985,-0.002177756
p05,solar,1986,-0.001504068
p05,solar,1987,-0.000479236
p05,solar,1988,5.83e-05
p05,solar,1989,0.000147334
p05,solar,1990,0.000173263
p05,solar,1991,0.000125219
p05,solar,1992,-8.08e-05
p05,solar,1993,-0.00113154
p05,solar,1994,-0.00208833
p05,solar,1995,-0.002232826
p05,solar,1996,-0.001490582
p05,solar,1997,-0.000400104
p05,solar,1998,9.06e-05
p05,solar,1999,0.000201344
p05,solar,2000,0.000233674
p05,solar,2001,0.000189196
p05,solar,2002,6.43e-05
p05,solar,2003,-0.000827752
p05,solar,2004,-0.002221948
p05,solar,2005,-0.00332737
p05,solar,2006,-0.003804868
p05,solar,2007,-0.003553708
p05,solar,2008,-0.002619509
p05,solar,2009,-0.001353383
p05,solar,2010,-0.000259512
p05,solar,2011,9.68e-05
p05,solar,2012,0.00017576
p05,solar,2013,0.000179101
p05,solar,2014,0.000126949
p05,solar,2015,1.76e-05
p05,solar,2016,-0.000652387
p05,solar,2017,-0.001372579
p05,solar,2018,-0.00151288
p05,solar,2019,-0.000840681
p05,solar,2020,3.69e-05
p05,solar,2021,0.000222113
p05,total,1946,0.00367815
p05,total,1947,0.003889102
p05,total,1948,0.003634339
p05,total,1949,0.002854896
p05,total,1950,0.001376802
p05,total,1951,-0.000275269
p05,total,1952,-0.001447056
p05,total,1953,-0.002325524
p05,total,1954,-0.002525033
p05,total,1955,-0.001831518
p05,total,1956,-0.001040494
p05,total,1957,-0.000584866
p05,total,1958,-0.000300587
p05,total,1959,-0.001724087
p05,total,1960,-0.006305672
p05,total,1961,-0.010145239
p05,total,1962,-0.011321133
p05,total,1963,-0.010616296
p05,total,1964,-0.00835816
p05,total,1965,-0.005188473
p05,total,1966,-0.001394327
p05,total,1967,0.002446871
p05,total,1968,0.005310245
p05,total,1969,0.00685959
p05,total,1970,0.007379992
p05,total,1971,0.007667572
p05,total,1972,0.008082371
p05,total,1973,0.008725187
p05,total,1974,0.009637367
p05,total,1975,0.01048149
p05,total,1976,0.011262117
p05,total,1977,0.012196699
p05,total,1978,0.012668501
p05,total,1979,0.011058473
p05,total,1980,0.007904024
p05,total,1981,0.005973488
p05,total,1982,0.005321695
p05,total,1983,0.005672397
p05,total,1984,0.007591857
p05,total,1985,0.011332579
p05,total,1986,0.016021564
p05,total,1987,0.018714255
p05,total,1988,0.016356053
p05,total,1989,0.008691526
p05,total,1990,0.002181536
p05,total,1991,0.000224023
p05,total,1992,0.002087056
p05,total,1993,0.005402372
p05,total,1994,0.008858786
p05,total,1995,0.013589944
p05,total,1996,0.020471112
p05,total,1997,0.023951143
p05,total,1998,0.024872135
p05,total,1999,0.024211558
p05,total,2000,0.022841689
p05,total,2001,0.021119015
p05,total,2002,0.019152715
p05,total,2003,0.017009489
p05,total,2004,0.01479935
p05,total,2005,0.013424044
p05,total,2006,0.01344438
p05,total,2007,0.014375148
p05,total,2008,0.015841681
p05,total,2009,0.017726361
p05,total,2010,0.01954782
p05,total,2011,0.020934396
p05,total,2012,0.021821552
p05,total,2013,0.022361264
p05,total,2014,0.022693024
p05,total,2015,0.022420536
p05,total,2016,0.021459933
p05,total,2017,0.020230093
p05,total,2018,0.019256983
p05,total,2019,0.018742145
p05,total,2020,0.018198264
p05,total,2021,0.017901976
p05,volcanic,1946,-0.000536178
p05,volcanic,1947,3.94e-05
p05,volcanic,1948,0.000221945
p05,volcanic,1949,0.000312406
p05,volcanic,1950,0.000298122
p05,volcanic,1951,0.000282859
p05,volcanic,1952,0.000251858
p05,volcanic,1953,1.32e-05
p05,volcanic,1954,-0.000628961
p05,volcanic,1955,-0.000884787
p05,volcanic,1956,-0.000659974
p05,volcanic,1957,-0.000246918
p05,volcanic,1958,4.23e-05
p05,volcanic,1959,-0.001808004
p05,volcanic,1960,-0.00672358
p05,volcanic,1961,-0.009934206
p05,volcanic,1962,-0.010430973
p05,volcanic,1963,-0.009697101
p05,volcanic,1964,-0.00818761
p05,volcanic,1965,-0.006208073
p05,volcanic,1966,-0.003486347
p05,volcanic,1967,-0.000206316
p05,volcanic,1968,0.000957643
p05,volcanic,1969,0.001444644
p05,volcanic,1970,0.001252661
p05,volcanic,1971,0.00090896
p05,volcanic,1972,0.000744034
p05,volcanic,1973,0.00071408
p05,volcanic,1974,0.000710306
p05,volcanic,1975,0.000595664
p05,volcanic,1976,0.000377104
p05,volcanic,1977,2.17e-05
p05,volcanic,1978,-0.001228695
p05,volcanic,1979,-0.005066388
p05,volcanic,1980,-0.00975953
p05,volcanic,1981,-0.012235064
p05,volcanic,1982,-0.012659582
p05,volcanic,1983,-0.011570182
p05,volcanic,1984,-0.009010167
p05,volcanic,1985,-0.005306686
p05,volcanic,1986,-0.001217017
p05,volcanic,1987,0.000294581
p05,volcanic,1988,-0.001656312
p05,volcanic,1989,-0.010853221
p05,volcanic,1990,-0.017716736
p05,volcanic,1991,-0.019067902
p05,volcanic,1992,-0.016588973
p05,volcanic,1993,-0.011771244
p05,volcanic,1994,-0.005365326
p05,volcanic,1995,0.000243923
p05,volcanic,1996,0.002121417
p05,volcanic,1997,0.003472882
p05,volcanic,1998,0.003630821
p05,volcanic,1999,0.002763348
p05,volcanic,2000,0.001895235
p05,volcanic,2001,0.00127884
p05,volcanic,2002,0.000771938
p05,volcanic,2003,0.000211797
p05,volcanic,2004,3.21e-05
p05,volcanic,2005,-7.67e-05
p05,volcanic,2006,-0.000339496
p05,volcanic,2007,-0.000571668
p05,volcanic,2008,-0.000667669
p05,volcanic,2009,-0.000489555
p05,volcanic,2010,-0.000171452
p05,volcanic,2011,1.09e-05
p05,volcanic,2012,0.000106355
p05,volcanic,2013,0.000143358
p05,volcanic,2014,0.000169364
p05,volcanic,2015,8.95e-05
p05,volcanic,2016,-0.000424154
p05,volcanic,2017,-0.001222413
p05,volcanic,2018,-0.002246512
p05,volcanic,2019,-0.00283317
p05,volcanic,2020,-0.002512663
p05,volcanic,2021,-0.002005667
p17,aerosol_cloud_interactions,1946,-0.001383536
p17,aerosol_cloud_interactions,1947,-0.001344662
p17,aerosol_cloud_interactions,1948,-0.001526045
p17,aerosol_cloud_interactions,1949,-0.002079106
p17,aerosol_cloud_interactions,1950,-0.00289661
p17,aerosol_cloud_interactions,1951,-0.003692473
p17,aerosol_cloud_interactions,1952,-0.004343654
p17,aerosol_cloud_interactions,1953,-0.005019408
p17,aerosol_cloud_interactions,1954,-0.00566999
p17,aerosol_cloud_interactions,1955,-0.006114072
p17,aerosol_cloud_interactions,1956,-0.006532531
p17,aerosol_cloud_interactions,1957,-0.006964199
p17,aerosol_cloud_interactions,1958,-0.007179787
p17,aerosol_cloud_interactions,1959,-0.007353803
p17,aerosol_cloud_interactions,1960,-0.007427265
p17,aerosol_cloud_interactions,1961,-0.007263411
p17,aerosol_cloud_interactions,1962,-0.007127242
p17,aerosol_cloud_interactions,1963,-0.007152588
p17,aerosol_cloud_interactions,1964,-0.007196331
p17,aerosol_cloud_interactions,1965,-0.007070507
p17,aerosol_cloud_interactions,1966,-0.007012037
p17,aerosol_cloud_interactions,1967,-0.007104431
p17,aerosol_cloud_interactions,1968,-0.007285864
p17,aerosol_cloud_interactions,1969,-0.007643756
p17,aerosol_cloud_interactions,1970,-0.00802998
p17,aerosol_cloud_interactions,1971,-0.008160443
p17,aerosol_cloud_interactions,1972,-0.00816819
p17,aerosol_cloud_interactions,1973,-0.008224854
p17,aerosol_cloud_interactions,1974,-0.008297911
p17,aerosol_cloud_interactions,1975,-0.008290291
p17,aerosol_cloud_interactions,1976,-0.008135391
p17,aerosol_cloud_interactions,1977,-0.007708563
p17,aerosol_cloud_interactions,1978,-0.007453638
p17,aerosol_cloud_interactions,1979,-0.007210132
p17,aerosol_cloud_interactions,1980,-0.006519353
p17,aerosol_cloud_interactions,1981,-0.005641629
p17,aerosol_cloud_interactions,1982,-0.004796826
p17,aerosol_cloud_interactions,1983,-0.004311996
p17,aerosol_cloud_interactions,1984,-0.004282636
p17,aerosol_cloud_interactions,1985,-0.004557458
p17,aerosol_cloud_interactions,1986,-0.004937521
p17,aerosol_cloud_interactions,1987,-0.005771369
p17,aerosol_cloud_interactions,1988,-0.006636738
p17,aerosol_cloud_interactions,1989,-0.006755371
p17,aerosol_cloud_interactions,1990,-0.006671573
p17,aerosol_cloud_interactions,1991,-0.006605969
p17,aerosol_cloud_interactions,1992,-0.006131304
p17,aerosol_cloud_interactions,1993,-0.00596878
p17,aerosol_cloud_interactions,1994,-0.006488296
p17,aerosol_cloud_interactions,1995,-0.006491901
p17,aerosol_cloud_interactions,1996,-0.005346829
p17,aerosol_cloud_interactions,1997,-0.004001764
p17,aerosol_cloud_interactions,1998,-0.002898961
p17,aerosol_cloud_interactions,1999,-0.001805937
p17,aerosol_cloud_interactions,2000,-0.001182819
p17,aerosol_cloud_interactions,2001,-0.00098461
p17,aerosol_cloud_interactions,2002,-0.000887245
p17,aerosol_cloud_interactions,2003,-0.001531383
p17,aerosol_cloud_interactions,2004,-0.00279373
p17,aerosol_cloud_interactions,2005,-0.003777755
p17,aerosol_cloud_interactions,2006,-0.00369784
p17,aerosol_cloud_interactions,2007,-0.002774717
p17,aerosol_cloud_interactions,2008,-0.001962378
p17,aerosol_cloud_interactions,2009,-0.001283151
p17,aerosol_cloud_interactions,2010,-0.000626192
p17,aerosol_cloud_interactions,2011,-0.000303283
p17,aerosol_cloud_interactions,2012,-0.000155374
p17,aerosol_cloud_interactions,2013,0.000157112
p17,aerosol_cloud_interactions,2014,0.000591792
p17,aerosol_cloud_interactions,2015,0.000948782
p17,aerosol_cloud_interactions,2016,0.001195312
p17,aerosol_cloud_interactions,2017,0.001345828
p17,aerosol_cloud_interactions,2018,0.001512406
p17,aerosol_cloud_interactions,2019,0.001349804
p17,aerosol_cloud_interactions,2020,0.000557527
p17,aerosol_cloud_interactions,2021,-0.000345205
p17,aerosol_radiation_interactions,1946,-0.000717891
p17,aerosol_radiation_interactions,1947,-0.000764819
p17,aerosol_radiation_interactions,1948,-0.001016654
p17,aerosol_radiation_interactions,1949,-0.0014462
p17,aerosol_radiation_interactions,1950,-0.001969555
p17,aerosol_radiation_interactions,1951,-0.00246021
p17,aerosol_radiation_interactions,1952,-0.002852888
p17,aerosol_radiation_interactions,1953,-0.003203098
p17,aerosol_radiation_interactions,1954,-0.003502784
p17,aerosol_radiation_interactions,1955,-0.003691993
p17,aerosol_radiation_interactions,1956,-0.003838875
p17,aerosol_radiation_interactions,1957,-0.004015377
p17,aerosol_radiation_interactions,1958,-0.004186437
p17,aerosol_radiation_interactions,1959,-0.004356168
p17,aerosol_radiation_interactions,1960,-0.004525207
p17,aerosol_radiation_interactions,1961,-0.004696234
p17,aerosol_radiation_interactions,1962,-0.004919307
p17,aerosol_radiation_interactions,1963,-0.00515854
p17,aerosol_radiation_interactions,1964,-0.005334405
p17,aerosol_radiation_interactions,1965,-0.005427164
p17,aerosol_radiation_interactions,1966,-0.005545962
p17,aerosol_radiation_interactions,1967,-0.005690728
p17,aerosol_radiation_interactions,1968,-0.005777256
p17,aerosol_radiation_interactions,1969,-0.005866314
p17,aerosol_radiation_interactions,1970,-0.005912356
p17,aerosol_radiation_interactions,1971,-0.00578789
p17,aerosol_radiation_interactions,1972,-0.00556219
p17,aerosol_radiation_interactions,1973,-0.00527592
p17,aerosol_radiation_interactions,1974,-0.004886785
p17,aerosol_radiation_interactions,1975,-0.004456274
p17,aerosol_radiation_interactions,1976,-0.004103374
p17,aerosol_radiation_interactions,1977,-0.003750553
p17,aerosol_radiation_interactions,1978,-0.00334243
p17,aerosol_radiation_interactions,1979,-0.002923736
p17,aerosol_radiation_interactions,1980,-0.002465827
p17,aerosol_radiation_interactions,1981,-0.001970098
p17,aerosol_radiation_interactions,1982,-0.001508471
p17,aerosol_radiation_interactions,1983,-0.001194558
p17,aerosol_radiation_interactions,1984,-0.001017361
p17,aerosol_radiation_interactions,1985,-0.000950113
p17,aerosol_radiation_interactions,1986,-0.00100093
p17,aerosol_radiation_interactions,1987,-0.001184897
p17,aerosol_radiation_interactions,1988,-0.001325381
p17,aerosol_radiation_interactions,1989,-0.001205729
p17,aerosol_radiation_interactions,1990,-0.000977604
p17,aerosol_radiation_interactions,1991,-0.000710049
p17,aerosol_radiation_interactions,1992,-0.000304591
p17,aerosol_radiation_interactions,1993,-2.36e-05
p17,aerosol_radiation_interactions,1994,2.63e-05
p17,aerosol_radiation_interactions,1995,0.000109296
p17,aerosol_radiation_interactions,1996,0.000320113
p17,aerosol_radiation_interactions,1997,0.000446241
p17,aerosol_radiation_interactions,1998,0.000457469
p17,aerosol_radiation_interactions,1999,0.000400704
p17,aerosol_radiation_interactions,2000,0.000250771
p17,aerosol_radiation_interactions,2001,6.03e-05
p17,aerosol_radiation_interactions,2002,-0.000161319
p17,aerosol_radiation_interactions,2003,-0.0005685
p17,aerosol_radiation_interactions,2004,-0.001143656
p17,aerosol_radiation_interactions,2005,-0.001349264
p17,aerosol_radiation_interactions,2006,-0.001039156
p17,aerosol_radiation_interactions,2007,-0.00049569
p17,aerosol_radiation_interactions,2008,-2.24e-05
p17,aerosol_radiation_interactions,2009,0.00032888
p17,aerosol_radiation_interactions,2010,0.000577863
p17,aerosol_radiation_interactions,2011,0.000740256
p17,aerosol_radiation_interactions,2012,0.000814041
p17,aerosol_radiation_interactions,2013,0.000835286
p17,aerosol_radiation_interactions,2014,0.00084394
p17,aerosol_radiation_interactions,2015,0.000826957
p17,aerosol_radiation_interactions,2016,0.000869034
p17,aerosol_radiation_interactions,2017,0.000929733
p17,aerosol_radiation_interactions,2018,0.000947823
p17,aerosol_radiation_interactions,2019,0.000857865
p17,aerosol_radiation_interactions,2020,0.000611931
p17,aerosol_radiation_interactions,2021,0.000365235
p17,anthropogenic,1946,0.003513032
p17,anthropogenic,1947,0.003298001
p17,anthropogenic,1948,0.002778964
p17,anthropogenic,1949,0.002016023
p17,anthropogenic,1950,0.001106368
p17,anthropogenic,1951,0.000324002
p17,anthropogenic,1952,-0.000168548
p17,anthropogenic,1953,-0.000536837
p17,anthropogenic,1954,-0.000763897
p17,anthropogenic,1955,-0.000741208
p17,anthropogenic,1956,-0.000679812
p17,anthropogenic,1957,-0.000687958
p17,anthropogenic,1958,-0.000588553
p17,anthropogenic,1959,-0.000428543
p17,anthropogenic,1960,-0.000139548
p17,anthropogenic,1961,0.000296469
p17,anthropogenic,1962,0.000684756
p17,anthropogenic,1963,0.001033607
p17,anthropogenic,1964,0.001475047
p17,anthropogenic,1965,0.002064734
p17,anthropogenic,1966,0.002631903
p17,anthropogenic,1967,0.003160752
p17,anthropogenic,1968,0.003812493
p17,anthropogenic,1969,0.004582661
p17,anthropogenic,1970,0.005455919
p17,anthropogenic,1971,0.006457225
p17,anthropogenic,1972,0.007403935
p17,anthropogenic,1973,0.008279189
p17,anthropogenic,1974,0.009176988
p17,anthropogenic,1975,0.010063302
p17,anthropogenic,1976,0.01092061
p17,anthropogenic,1977,0.011860914
p17,anthropogenic,1978,0.012795683
p17,anthropogenic,1979,0.013732152
p17,anthropogenic,1980,0.01489912
p17,anthropogenic,1981,0.016062023
p17,anthropogenic,1982,0.016980873
p17,anthropogenic,1983,0.017570142
p17,anthropogenic,1984,0.017975448
p17,anthropogenic,1985,0.018298318
p17,anthropogenic,1986,0.018514034
p17,anthropogenic,1987,0.018505244
p17,anthropogenic,1988,0.018139955
p17,anthropogenic,1989,0.018150914
p17,anthropogenic,1990,0.018147755
p17,anthropogenic,1991,0.018040272
p17,anthropogenic,1992,0.01829276
p17,anthropogenic,1993,0.018093057
p17,anthropogenic,1994,0.017170167
p17,anthropogenic,1995,0.016930373
p17,anthropogenic,1996,0.017908612
p17,anthropogenic,1997,0.018858443
p17,anthropogenic,1998,0.019364427
p17,anthropogenic,1999,0.019539854
p17,anthropogenic,2000,0.019224277
p17,anthropogenic,2001,0.018619803
p17,anthropogenic,2002,0.017904076
p17,anthropogenic,2003,0.017094483
p17,anthropogenic,2004,0.016344155
p17,anthropogenic,2005,0.016130086
p17,anthropogenic,2006,0.016684023
p17,anthropogenic,2007,0.017595381
p17,anthropogenic,2008,0.018520819
p17,anthropogenic,2009,0.019469932
p17,anthropogenic,2010,0.020434571
p17,anthropogenic,2011,0.021264528
p17,anthropogenic,2012,0.021955535
p17,anthropogenic,2013,0.022604669
p17,anthropogenic,2014,0.023256191
p17,anthropogenic,2015,0.023796082
p17,anthropogenic,2016,0.024274047
p17,anthropogenic,2017,0.024559062
p17,anthropogenic,2018,0.024711725
p17,anthropogenic,2019,0.024424152
p17,anthropogenic,2020,0.023428335
p17,anthropogenic,2021,0.022638782
p17,bc_snow,1946,1.22e-05
p17,bc_snow,1947,7.08e-06
p17,bc_snow,1948,4.56e-06
p17,bc_snow,1949,1.05e-05
p17,bc_snow,1950,2.14e-05
p17,bc_snow,1951,3.15e-05
p17,bc_snow,1952,4.13e-05
p17,bc_snow,1953,5.52e-05
p17,bc_snow,1954,7.21e-05
p17,bc_snow,1955,8.83e-05
p17,bc_snow,1956,0.000105348
p17,bc_snow,1957,0.000120854
p17,bc_snow,1958,0.000128669
p17,bc_snow,1959,0.00013223
p17,bc_snow,1960,0.000130042
p17,bc_snow,1961,0.000118856
p17,bc_snow,1962,0.00010402
p17,bc_snow,1963,9.29e-05
p17,bc_snow,1964,8.5e-05
p17,bc_snow,1965,7.76e-05
p17,bc_snow,1966,7.51e-05
p17,bc_snow,1967,7.97e-05
p17,bc_snow,1968,9.25e-05
p17,bc_snow,1969,0.000112716
p17,bc_snow,1970,0.000133279
p17,bc_snow,1971,0.000148737
p17,bc_snow,1972,0.000162157
p17,bc_snow,1973,0.000177482
p17,bc_snow,1974,0.000194546
p17,bc_snow,1975,0.00020983
p17,bc_snow,1976,0.000217291
p17,bc_snow,1977,0.000213188
p17,bc_snow,1978,0.000207142
p17,bc_snow,1979,0.000197734
p17,bc_snow,1980,0.000179136
p17,bc_snow,1981,0.000156895
p17,bc_snow,1982,0.000136472
p17,bc_snow,1983,0.000126367
p17,bc_snow,1984,0.00013123
p17,bc_snow,1985,0.000147268
p17,bc_snow,1986,0.000165106
p17,bc_snow,1987,0.000186017
p17,bc_snow,1988,0.000202973
p17,bc_snow,1989,0.000204307
p17,bc_snow,1990,0.000201178
p17,bc_snow,1991,0.000200292
p17,bc_snow,1992,0.00019256
p17,bc_snow,1993,0.000187825
p17,bc_snow,1994,0.000195383
p17,bc_snow,1995,0.000190777
p17,bc_snow,1996,0.000156562
p17,bc_snow,1997,0.000112298
p17,bc_snow,1998,6.53e-05
p17,bc_snow,1999,2.2e-05
p17,bc_snow,2000,-3.83e-06
p17,bc_snow,2001,-5.69e-07
p17,bc_snow,2002,5.56e-06
p17,bc_snow,2003,3.64e-05
p17,bc_snow,2004,8.09e-05
p17,bc_snow,2005,0.000111957
p17,bc_snow,2006,0.00012144
p17,bc_snow,2007,0.00011062
p17,bc_snow,2008,8.78e-05
p17,bc_snow,2009,5.96e-05
p17,bc_snow,2010,2.35e-05
p17,bc_snow,2011,4.13e-07
p17,bc_snow,2012,-4.39e-05
p17,bc_snow,2013,-0.000130096
p17,bc_snow,2014,-0.000227737
p17,bc_snow,2015,-0.000337382
p17,bc_snow,2016,-0.00041946
p17,bc_snow,2017,-0.000468128
p17,bc_snow,2018,-0.000508225
p17,bc_snow,2019,-0.000485967
p17,bc_snow,2020,-0.000357338
p17,bc_snow,2021,-0.00023949
p17,ch4,1946,0.001023625
p17,ch4,1947,0.001032819
p17,ch4,1948,0.001042866
p17,ch4,1949,0.001062984
p17,ch4,1950,0.001101695
p17,ch4,1951,0.001160986
p17,ch4,1952,0.001243057
p17,ch4,1953,0.001351969
p17,ch4,1954,0.001482765
p17,ch4,1955,0.001620329
p17,ch4,1956,0.001743114
p17,ch4,1957,0.001830713
p17,ch4,1958,0.001881652
p17,ch4,1959,0.001915417
p17,ch4,1960,0.001950378
p17,ch4,1961,0.001990889
p17,ch4,1962,0.002036497
p17,ch4,1963,0.00209052
p17,ch4,1964,0.002160467
p17,ch4,1965,0.002248725
p17,ch4,1966,0.002350427
p17,ch4,1967,0.00245185
p17,ch4,1968,0.00254343
p17,ch4,1969,0.002627242
p17,ch4,1970,0.002702871
p17,ch4,1971,0.002766982
p17,ch4,1972,0.002814012
p17,ch4,1973,0.002839313
p17,ch4,1974,0.002848847
p17,ch4,1975,0.002853134
p17,ch4,1976,0.002863526
p17,ch4,1977,0.002888458
p17,ch4,1978,0.002925043
p17,ch4,1979,0.00295854
p17,ch4,1980,0.002969331
p17,ch4,1981,0.002948785
p17,ch4,1982,0.002900055
p17,ch4,1983,0.002827193
p17,ch4,1984,0.002738538
p17,ch4,1985,0.002648442
p17,ch4,1986,0.002560751
p17,ch4,1987,0.002480309
p17,ch4,1988,0.002410293
p17,ch4,1989,0.002335034
p17,ch4,1990,0.002243803
p17,ch4,1991,0.002138067
p17,ch4,1992,0.002018622
p17,ch4,1993,0.001884466
p17,ch4,1994,0.001752038
p17,ch4,1995,0.001644554
p17,ch4,1996,0.001554967
p17,ch4,1997,0.001471766
p17,ch4,1998,0.001396368
p17,ch4,1999,0.001324074
p17,ch4,2000,0.001248294
p17,ch4,2001,0.001163465
p17,ch4,2002,0.001065165
p17,ch4,2003,0.000963316
p17,ch4,2004,0.00088652
p17,ch4,2005,0.000854407
p17,ch4,2006,0.000860775
p17,ch4,2007,0.000887318
p17,ch4,2008,0.000922211
p17,ch4,2009,0.000966264
p17,ch4,2010,0.001020993
p17,ch4,2011,0.001080826
p17,ch4,2012,0.001135955
p17,ch4,2013,0.001184738
p17,ch4,2014,0.001234058
p17,ch4,2015,0.00128423
p17,ch4,2016,0.001336444
p17,ch4,2017,0.001399625
p17,ch4,2018,0.001477507
p17,ch4,2019,0.001557922
p17,ch4,2020,0.001627087
p17,ch4,2021,0.001681864
p17,co2,1946,0.001990683
p17,co2,1947,0.001777959
p17,co2,1948,0.001658409
p17,co2,1949,0.001646103
p17,co2,1950,0.001725123
p17,co2,1951,0.001852619
p17,co2,1952,0.001991633
p17,co2,1953,0.002126809
p17,co2,1954,0.002250502
p17,co2,1955,0.002361838
p17,co2,1956,0.002489948
p17,co2,1957,0.002652064
p17,co2,1958,0.002846624
p17,co2,1959,0.003072253
p17,co2,1960,0.003319971
p17,co2,1961,0.003568497
p17,co2,1962,0.003817741
p17,co2,1963,0.004059318
p17,co2,1964,0.004271318
p17,co2,1965,0.004456526
p17,co2,1966,0.004667587
p17,co2,1967,0.004917212
p17,co2,1968,0.005223078
p17,co2,1969,0.005677915
p17,co2,1970,0.006231957
p17,co2,1971,0.006713424
p17,co2,1972,0.007054846
p17,co2,1973,0.007311995
p17,co2,1974,0.007533012
p17,co2,1975,0.007730908
p17,co2,1976,0.007956364
p17,co2,1977,0.008179041
p17,co2,1978,0.008332921
p17,co2,1979,0.00854242
p17,co2,1980,0.008862012
p17,co2,1981,0.009154846
p17,co2,1982,0.009317675
p17,co2,1983,0.009390857
p17,co2,1984,0.009496904
p17,co2,1985,0.009678561
p17,co2,1986,0.009917342
p17,co2,1987,0.010171122
p17,co2,1988,0.010314074
p17,co2,1989,0.010277667
p17,co2,1990,0.010121626
p17,co2,1991,0.009926178
p17,co2,1992,0.009734981
p17,co2,1993,0.009541379
p17,co2,1994,0.009471866
p17,co2,1995,0.009640769
p17,co2,1996,0.009936502
p17,co2,1997,0.010270073
p17,co2,1998,0.01060542
p17,co2,1999,0.010913727
p17,co2,2000,0.011183272
p17,co2,2001,0.011424019
p17,co2,2002,0.011665746
p17,co2,2003,0.011854705
p17,co2,2004,0.012006646
p17,co2,2005,0.012173852
p17,co2,2006,0.012307745
p17,co2,2007,0.012370406
p17,co2,2008,0.012367329
p17,co2,2009,0.012398049
p17,co2,2010,0.012491662
p17,co2,2011,0.012608338
p17,co2,2012,0.012822575
p17,co2,2013,0.013127625
p17,co2,2014,0.01345503
p17,co2,2015,0.013767433
p17,co2,2016,0.014036813
p17,co2,2017,0.014249061
p17,co2,2018,0.014375287
p17,co2,2019,0.014443306
p17,co2,2020,0.014507842
p17,co2,2021,0.014582791
p17,contrails,1946,4.29e-06
p17,contrails,1947,4.56e-06
p17,contrails,1948,4.86e-06
p17,contrails,1949,5.2e-06
p17,contrails,1950,5.57e-06
p17,contrails,1951,5.98e-06
p17,contrails,1952,6.43e-06
p17,contrails,1953,6.92e-06
p17,contrails,1954,7.46e-06
p17,contrails,1955,8.03e-06
p17,contrails,1956,8.65e-06
p17,contrails,1957,9.46e-06
p17,contrails,1958,1.07e-05
p17,contrails,1959,1.23e-05
p17,contrails,1960,1.42e-05
p17,contrails,1961,1.63e-05
p17,contrails,1962,1.87e-05
p17,contrails,1963,2.19e-05
p17,contrails,1964,2.61e-05
p17,contrails,1965,3.1e-05
p17,contrails,1966,3.57e-05
p17,contrails,1967,4.05e-05
p17,contrails,1968,4.61e-05
p17,contrails,1969,5.16e-05
p17,contrails,1970,5.59e-05
p17,contrails,1971,5.81e-05
p17,contrails,1972,5.83e-05
p17,contrails,1973,5.75e-05
p17,contrails,1974,5.7e-05
p17,contrails,1975,5.69e-05
p17,contrails,1976,5.65e-05
p17,contrails,1977,5.58e-05
p17,contrails,1978,5.56e-05
p17,contrails,1979,5.62e-05
p17,contrails,1980,5.76e-05
p17,contrails,1981,5.98e-05
p17,contrails,1982,6.25e-05
p17,contrails,1983,6.64e-05
p17,contrails,1984,7.2e-05
p17,contrails,1985,7.93e-05
p17,contrails,1986,8.72e-05
p17,contrails,1987,9.31e-05
p17,contrails,1988,9.71e-05
p17,contrails,1989,0.000101554
p17,contrails,1990,0.000107085
p17,contrails,1991,0.000113742
p17,contrails,1992,0.000121399
p17,contrails,1993,0.000129874
p17,contrails,1994,0.000138631
p17,contrails,1995,0.000147851
p17,contrails,1996,0.000157984
p17,contrails,1997,0.000166092
p17,contrails,1998,0.000168627
p17,contrails,1999,0.000166968
p17,contrails,2000,0.000167315
p17,contrails,2001,0.000172589
p17,contrails,2002,0.000180569
p17,contrails,2003,0.000190275
p17,contrails,2004,0.000199726
p17,contrails,2005,0.000204618
p17,contrails,2006,0.000209197
p17,contrails,2007,0.000217999
p17,contrails,2008,0.000223888
p17,contrails,2009,0.000222614
p17,contrails,2010,0.000220263
p17,contrails,2011,0.000222493
p17,contrails,2012,0.000229548
p17,contrails,2013,0.000241636
p17,contrails,2014,0.000255103
p17,contrails,2015,0.000267013
p17,contrails,2016,0.000240379
p17,contrails,2017,0.000166955
p17,contrails,2018,8.72e-05
p17,contrails,2019,4.99e-05
p17,contrails,2020,5.51e-05
p17,contrails,2021,9.49e-05
p17,ghg,1946,0.003684858
p17,ghg,1947,0.003479673
p17,ghg,1948,0.003365501
p17,ghg,1949,0.003376709
p17,ghg,1950,0.003509973
p17,ghg,1951,0.003723822
p17,ghg,1952,0.00398699
p17,ghg,1953,0.004287848
p17,ghg,1954,0.004608484
p17,ghg,1955,0.004926383
p17,ghg,1956,0.005244413
p17,ghg,1957,0.005559693
p17,ghg,1958,0.005873715
p17,ghg,1959,0.006211287
p17,ghg,1960,0.006586029
p17,ghg,1961,0.006982111
p17,ghg,1962,0.007401375
p17,ghg,1963,0.007841267
p17,ghg,1964,0.008287765
p17,ghg,1965,0.008744413
p17,ghg,1966,0.00925638
p17,ghg,1967,0.009822207
p17,ghg,1968,0.010449155
p17,ghg,1969,0.011233151
p17,ghg,1970,0.012128619
p17,ghg,1971,0.012957971
p17,ghg,1972,0.013639461
p17,ghg,1973,0.014214871
p17,ghg,1974,0.01472795
p17,ghg,1975,0.015190868
p17,ghg,1976,0.015656695
p17,ghg,1977,0.016100854
p17,ghg,1978,0.016456853
p17,ghg,1979,0.016834901
p17,ghg,1980,0.01727344
p17,ghg,1981,0.017637018
p17,ghg,1982,0.017839334
p17,ghg,1983,0.017934139
p17,ghg,1984,0.018061314
p17,ghg,1985,0.01828471
p17,ghg,1986,0.018576557
p17,ghg,1987,0.018873147
p17,ghg,1988,0.019024567
p17,ghg,1989,0.018913229
p17,ghg,1990,0.018558688
p17,ghg,1991,0.018039693
p17,ghg,1992,0.017420584
p17,ghg,1993,0.016719647
p17,ghg,1994,0.016119289
p17,ghg,1995,0.015816034
p17,ghg,1996,0.015719634
p17,ghg,1997,0.015728968
p17,ghg,1998,0.015797488
p17,ghg,1999,0.015871307
p17,ghg,2000,0.01591363
p17,ghg,2001,0.015925295
p17,ghg,2002,0.015938936
p17,ghg,2003,0.015908195
p17,ghg,2004,0.015878966
p17,ghg,2005,0.015927246
p17,ghg,2006,0.015996788
p17,ghg,2007,0.016034049
p17,ghg,2008,0.016029546
p17,ghg,2009,0.016082316
p17,ghg,2010,0.016219943
p17,ghg,2011,0.016390184
p17,ghg,2012,0.016657079
p17,ghg,2013,0.017009434
p17,ghg,2014,0.017389243
p17,ghg,2015,0.017756042
p17,ghg,2016,0.018075404
p17,ghg,2017,0.018345828
p17,ghg,2018,0.018543946
p17,ghg,2019,0.018682168
p17,ghg,2020,0.018799042
p17,ghg,2021,0.018910082
p17,h2o_strat,1946,2.35e-05
p17,h2o_strat,1947,2.38e-05
p17,h2o_strat,1948,2.41e-05
p17,h2o_strat,1949,2.46e-05
p17,h2o_strat,1950,2.55e-05
p17,h2o_strat,1951,2.7e-05
p17,h2o_strat,1952,2.9e-05
p17,h2o_strat,1953,3.17e-05
p17,h2o_strat,1954,3.5e-05
p17,h2o_strat,1955,3.84e-05
p17,h2o_strat,1956,4.16e-05
p17,h2o_strat,1957,4.38e-05
p17,h2o_strat,1958,4.52e-05
p17,h2o_strat,1959,4.61e-05
p17,h2o_strat,1960,4.72e-05
p17,h2o_strat,1961,4.84e-05
p17,h2o_strat,1962,4.98e-05
p17,h2o_strat,1963,5.14e-05
p17,h2o_strat,1964,5.33e-05
p17,h2o_strat,1965,5.58e-05
p17,h2o_strat,1966,5.87e-05
p17,h2o_strat,1967,6.16e-05
p17,h2o_strat,1968,6.43e-05
p17,h2o_strat,1969,6.69e-05
p17,h2o_strat,1970,6.92e-05
p17,h2o_strat,1971,7.12e-05
p17,h2o_strat,1972,7.29e-05
p17,h2o_strat,1973,7.39e-05
p17,h2o_strat,1974,7.46e-05
p17,h2o_strat,1975,7.52e-05
p17,h2o_strat,1976,7.59e-05
p17,h2o_strat,1977,7.7e-05
p17,h2o_strat,1978,7.85e-05
p17,h2o_strat,1979,7.99e-05
p17,h2o_strat,1980,8.06e-05
p17,h2o_strat,1981,8.05e-05
p17,h2o_strat,1982,7.96e-05
p17,h2o_strat,1983,7.8e-05
p17,h2o_strat,1984,7.6e-05
p17,h2o_strat,1985,7.38e-05
p17,h2o_strat,1986,7.18e-05
p17,h2o_strat,1987,6.98e-05
p17,h2o_strat,1988,6.82e-05
p17,h2o_strat,1989,6.63e-05
p17,h2o_strat,1990,6.4e-05
p17,h2o_strat,1991,6.13e-05
p17,h2o_strat,1992,5.81e-05
p17,h2o_strat,1993,5.45e-05
p17,h2o_strat,1994,5.1e-05
p17,h2o_strat,1995,4.8e-05
p17,h2o_strat,1996,4.56e-05
p17,h2o_strat,1997,4.33e-05
p17,h2o_strat,1998,4.12e-05
p17,h2o_strat,1999,3.91e-05
p17,h2o_strat,2000,3.7e-05
p17,h2o_strat,2001,3.46e-05
p17,h2o_strat,2002,3.17e-05
p17,h2o_strat,2003,2.88e-05
p17,h2o_strat,2004,2.65e-05
p17,h2o_strat,2005,2.56e-05
p17,h2o_strat,2006,2.58e-05
p17,h2o_strat,2007,2.65e-05
p17,h2o_strat,2008,2.76e-05
p17,h2o_strat,2009,2.89e-05
p17,h2o_strat,2010,3.05e-05
p17,h2o_strat,2011,3.23e-05
p17,h2o_strat,2012,3.39e-05
p17,h2o_strat,2013,3.55e-05
p17,h2o_strat,2014,3.7e-05
p17,h2o_strat,2015,3.86e-05
p17,h2o_strat,2016,4.02e-05
p17,h2o_strat,2017,4.22e-05
p17,h2o_strat,2018,4.47e-05
p17,h2o_strat,2019,4.73e-05
p17,h2o_strat,2020,4.96e-05
p17,h2o_strat,2021,5.15e-05
p17,halogen,1946,0.000175162
p17,halogen,1947,0.000197116
p17,halogen,1948,0.000218839
p17,halogen,1949,0.000240088
p17,halogen,1950,0.000261481
p17,halogen,1951,0.000283676
p17,halogen,1952,0.000307773
p17,halogen,1953,0.000335326
p17,halogen,1954,0.000367335
p17,halogen,1955,0.000403948
p17,halogen,1956,0.000445164
p17,halogen,1957,0.000491706
p17,halogen,1958,0.000544519
p17,halogen,1959,0.000604822
p17,halogen,1960,0.000674544
p17,halogen,1961,0.00075576
p17,halogen,1962,0.000850288
p17,halogen,1963,0.000959813
p17,halogen,1964,0.001085645
p17,halogen,1965,0.001228269
p17,halogen,1966,0.001387399
p17,halogen,1967,0.001562362
p17,halogen,1968,0.001752305
p17,halogen,1969,0.001957467
p17,halogen,1970,0.002179626
p17,halogen,1971,0.002418011
p17,halogen,1972,0.002666362
p17,halogen,1973,0.002915824
p17,halogen,1974,0.003157552
p17,halogen,1975,0.00338123
p17,halogen,1976,0.003577271
p17,halogen,1977,0.003739412
p17,halogen,1978,0.003863748
p17,halogen,1979,0.003951548
p17,halogen,1980,0.004010967
p17,halogen,1981,0.0040565
p17,halogen,1982,0.004104682
p17,halogen,1983,0.004169121
p17,halogen,1984,0.004260616
p17,halogen,1985,0.004377411
p17,halogen,1986,0.004502391
p17,halogen,1987,0.004612153
p17,halogen,1988,0.004682231
p17,halogen,1989,0.00468646
p17,halogen,1990,0.004601939
p17,halogen,1991,0.004423012
p17,halogen,1992,0.004162022
p17,halogen,1993,0.003839432
p17,halogen,1994,0.003485615
p17,halogen,1995,0.003134925
p17,halogen,1996,0.002812069
p17,halogen,1997,0.002529786
p17,halogen,1998,0.002294552
p17,halogen,1999,0.002100795
p17,halogen,2000,0.001936487
p17,halogen,2001,0.0017966
p17,halogen,2002,0.001678681
p17,halogen,2003,0.001580092
p17,halogen,2004,0.001498746
p17,halogen,2005,0.001432531
p17,halogen,2006,0.001379089
p17,halogen,2007,0.001336125
p17,halogen,2008,0.001299605
p17,halogen,2009,0.001266542
p17,halogen,2010,0.001235919
p17,halogen,2011,0.001207437
p17,halogen,2012,0.001180395
p17,halogen,2013,0.001156192
p17,halogen,2014,0.0011376
p17,halogen,2015,0.001122918
p17,halogen,2016,0.00110573
p17,halogen,2017,0.001082765
p17,halogen,2018,0.001053572
p17,halogen,2019,0.001015996
p17,halogen,2020,0.000969792
p17,halogen,2021,0.000917652
p17,land_use,1946,-0.000301742
p17,land_use,1947,-0.000295291
p17,land_use,1948,-0.000312922
p17,land_use,1949,-0.000352801
p17,land_use,1950,-0.000412053
p17,land_use,1951,-0.000488715
p17,land_use,1952,-0.000576358
p17,land_use,1953,-0.000666668
p17,land_use,1954,-0.000747718
p17,land_use,1955,-0.000805305
p17,land_use,1956,-0.000833615
p17,land_use,1957,-0.00083791
p17,land_use,1958,-0.000826988
p17,land_use,1959,-0.000807203
p17,land_use,1960,-0.000781598
p17,land_use,1961,-0.00075336
p17,land_use,1962,-0.000725954
p17,land_use,1963,-0.000706001
p17,land_use,1964,-0.00070579
p17,land_use,1965,-0.000729862
p17,land_use,1966,-0.000770604
p17,land_use,1967,-0.000816319
p17,land_use,1968,-0.000857258
p17,land_use,1969,-0.000892137
p17,land_use,1970,-0.000918992
p17,land_use,1971,-0.000929972
p17,land_use,1972,-0.000918643
p17,land_use,1973,-0.000889436
p17,land_use,1974,-0.000862123
p17,land_use,1975,-0.000848809
p17,land_use,1976,-0.000846086
p17,land_use,1977,-0.000850867
p17,land_use,1978,-0.000858167
p17,land_use,1979,-0.000866112
p17,land_use,1980,-0.0008757
p17,land_use,1981,-0.000882471
p17,land_use,1982,-0.000881054
p17,land_use,1983,-0.000871133
p17,land_use,1984,-0.000858053
p17,land_use,1985,-0.000840855
p17,land_use,1986,-0.000813733
p17,land_use,1987,-0.00077493
p17,land_use,1988,-0.000723105
p17,land_use,1989,-0.000662063
p17,land_use,1990,-0.000599302
p17,land_use,1991,-0.000539561
p17,land_use,1992,-0.00048807
p17,land_use,1993,-0.000449733
p17,land_use,1994,-0.000427143
p17,land_use,1995,-0.00042066
p17,land_use,1996,-0.000429529
p17,land_use,1997,-0.000446335
p17,land_use,1998,-0.000459405
p17,land_use,1999,-0.000466121
p17,land_use,2000,-0.000469532
p17,land_use,2001,-0.000469366
p17,land_use,2002,-0.000457317
p17,land_use,2003,-0.00042452
p17,land_use,2004,-0.000377415
p17,land_use,2005,-0.0003301
p17,land_use,2006,-0.000289839
p17,land_use,2007,-0.000254046
p17,land_use,2008,-0.00021609
p17,land_use,2009,-0.000183024
p17,land_use,2010,-0.000165035
p17,land_use,2011,-0.00016476
p17,land_use,2012,-0.000177212
p17,land_use,2013,-0.000192024
p17,land_use,2014,-0.00020578
p17,land_use,2015,-0.000225757
p17,land_use,2016,-0.000257258
p17,land_use,2017,-0.00029238
p17,land_use,2018,-0.000319162
p17,land_use,2019,-0.00033892
p17,land_use,2020,-0.000357628
p17,land_use,2021,-0.000373923
p17,n2o,1946,0.000363376
p17,n2o,1947,0.000340964
p17,n2o,1948,0.000313201
p17,n2o,1949,0.000290603
p17,n2o,1950,0.000279935
p17,n2o,1951,0.000279221
p17,n2o,1952,0.000288985
p17,n2o,1953,0.00030702
p17,n2o,1954,0.000328401
p17,n2o,1955,0.000348316
p17,n2o,1956,0.000365307
p17,n2o,1957,0.000379754
p17,n2o,1958,0.000391427
p17,n2o,1959,0.000402275
p17,n2o,1960,0.000413281
p17,n2o,1961,0.000424009
p17,n2o,1962,0.000436138
p17,n2o,1963,0.000451067
p17,n2o,1964,0.000468065
p17,n2o,1965,0.00048492
p17,n2o,1966,0.000500332
p17,n2o,1967,0.000514353
p17,n2o,1968,0.000527157
p17,n2o,1969,0.000539279
p17,n2o,1970,0.000551078
p17,n2o,1971,0.000562418
p17,n2o,1972,0.000573772
p17,n2o,1973,0.000585872
p17,n2o,1974,0.000599043
p17,n2o,1975,0.000613474
p17,n2o,1976,0.000630293
p17,n2o,1977,0.000652432
p17,n2o,1978,0.000685336
p17,n2o,1979,0.000726622
p17,n2o,1980,0.00076904
p17,n2o,1981,0.000808548
p17,n2o,1982,0.000844723
p17,n2o,1983,0.000872532
p17,n2o,1984,0.000887143
p17,n2o,1985,0.000895128
p17,n2o,1986,0.000901944
p17,n2o,1987,0.000908693
p17,n2o,1988,0.000918361
p17,n2o,1989,0.000927043
p17,n2o,1990,0.000929007
p17,n2o,1991,0.000924814
p17,n2o,1992,0.000920987
p17,n2o,1993,0.000918541
p17,n2o,1994,0.000913117
p17,n2o,1995,0.000914165
p17,n2o,1996,0.000931556
p17,n2o,1997,0.000963017
p17,n2o,1998,0.000999102
p17,n2o,1999,0.001030077
p17,n2o,2000,0.001050088
p17,n2o,2001,0.001057916
p17,n2o,2002,0.001057564
p17,n2o,2003,0.001053767
p17,n2o,2004,0.001048512
p17,n2o,2005,0.001044498
p17,n2o,2006,0.001046318
p17,n2o,2007,0.001057478
p17,n2o,2008,0.001075065
p17,n2o,2009,0.001095536
p17,n2o,2010,0.001118962
p17,n2o,2011,0.001143794
p17,n2o,2012,0.001166939
p17,n2o,2013,0.001186684
p17,n2o,2014,0.001205827
p17,n2o,2015,0.001224199
p17,n2o,2016,0.001240411
p17,n2o,2017,0.001259783
p17,n2o,2018,0.001284813
p17,n2o,2019,0.001312509
p17,n2o,2020,0.001341274
p17,n2o,2021,0.001373328
p17,natural,1946,0.000177526
p17,natural,1947,0.000657445
p17,natural,1948,0.001027632
p17,natural,1949,0.001062014
p17,natural,1950,0.000653094
p17,natural,1951,9.47e-05
p17,natural,1952,-0.000452916
p17,natural,1953,-0.000910495
p17,natural,1954,-0.000892982
p17,natural,1955,-0.000299922
p17,natural,1956,0.000141645
p17,natural,1957,0.000451894
p17,natural,1958,0.000614321
p17,natural,1959,-0.000671871
p17,natural,1960,-0.005482632
p17,natural,1961,-0.009329697
p17,natural,1962,-0.01069018
p17,natural,1963,-0.010331134
p17,natural,1964,-0.008651682
p17,natural,1965,-0.006239719
p17,natural,1966,-0.003105638
p17,natural,1967,0.000159023
p17,natural,1968,0.002363663
p17,natural,1969,0.003474285
p17,natural,1970,0.002926453
p17,natural,1971,0.001929342
p17,natural,1972,0.001262479
p17,natural,1973,0.00096974
p17,natural,1974,0.000943734
p17,natural,1975,0.000910765
p17,natural,1976,0.000849031
p17,natural,1977,0.000778136
p17,natural,1978,0.000253499
p17,natural,1979,-0.002186846
p17,natural,1980,-0.006110112
p17,natural,1981,-0.008744854
p17,natural,1982,-0.009997227
p17,natural,1983,-0.01007417
p17,natural,1984,-0.008627938
p17,natural,1985,-0.005562815
p17,natural,1986,-0.001524768
p17,natural,1987,0.000604303
p17,natural,1988,-0.00068793
p17,natural,1989,-0.007707669
p17,natural,1990,-0.01336993
p17,natural,1991,-0.014901933
p17,natural,1992,-0.013474209
p17,natural,1993,-0.010153789
p17,natural,1994,-0.005212286
p17,natural,1995,0.000217553
p17,natural,1996,0.004326344
p17,natural,1997,0.007677498
p17,natural,1998,0.008378043
p17,natural,1999,0.006705576
p17,natural,2000,0.004841473
p17,natural,2001,0.003345684
p17,natural,2002,0.002025781
p17,natural,2003,0.000836643
p17,natural,2004,-0.000193225
p17,natural,2005,-0.001287848
p17,natural,2006,-0.002005918
p17,natural,2007,-0.00214386
p17,natural,2008,-0.00166162
p17,natural,2009,-0.000668822
p17,natural,2010,0.000172186
p17,natural,2011,0.000616535
p17,natural,2012,0.000823296
p17,natural,2013,0.000850883
p17,natural,2014,0.000748272
p17,natural,2015,0.000341486
p17,natural,2016,-0.000560475
p17,natural,2017,-0.001818813
p17,natural,2018,-0.002816561
p17,natural,2019,-0.002845082
p17,natural,2020,-0.001648386
p17,natural,2021,-0.000373902
p17,o3,1946,0.000450455
p17,o3,1947,0.000468537
p17,o3,1948,0.000483801
p17,o3,1949,0.000506728
p17,o3,1950,0.000542027
p17,o3,1951,0.000586594
p17,o3,1952,0.000638888
p17,o3,1953,0.000702531
p17,o3,1954,0.000768066
p17,o3,1955,0.000815701
p17,o3,1956,0.000851211
p17,o3,1957,0.000880184
p17,o3,1958,0.000893074
p17,o3,1959,0.000907637
p17,o3,1960,0.000926847
p17,o3,1961,0.000943599
p17,o3,1962,0.000971489
p17,o3,1963,0.001023849
p17,o3,1964,0.001088212
p17,o3,1965,0.00113862
p17,o3,1966,0.001182948
p17,o3,1967,0.001231253
p17,o3,1968,0.001286325
p17,o3,1969,0.001348497
p17,o3,1970,0.001391825
p17,o3,1971,0.001392774
p17,o3,1972,0.001363989
p17,o3,1973,0.001327272
p17,o3,1974,0.001289077
p17,o3,1975,0.001243074
p17,o3,1976,0.001189866
p17,o3,1977,0.001127577
p17,o3,1978,0.001086858
p17,o3,1979,0.001055297
p17,o3,1980,0.000996532
p17,o3,1981,0.000919479
p17,o3,1982,0.000841676
p17,o3,1983,0.000792641
p17,o3,1984,0.000780598
p17,o3,1985,0.000799969
p17,o3,1986,0.000833451
p17,o3,1987,0.000898103
p17,o3,1988,0.000971867
p17,o3,1989,0.000994895
p17,o3,1990,0.000995675
p17,o3,1991,0.000988975
p17,o3,1992,0.000952121
p17,o3,1993,0.000954513
p17,o3,1994,0.001008742
p17,o3,1995,0.001028436
p17,o3,1996,0.000985388
p17,o3,1997,0.000942928
p17,o3,1998,0.000912663
p17,o3,1999,0.000857288
p17,o3,2000,0.000820284
p17,o3,2001,0.000806483
p17,o3,2002,0.000782582
p17,o3,2003,0.000811467
p17,o3,2004,0.000898146
p17,o3,2005,0.000941577
p17,o3,2006,0.000921004
p17,o3,2007,0.000863731
p17,o3,2008,0.000799995
p17,o3,2009,0.000731345
p17,o3,2010,0.00066175
p17,o3,2011,0.000629875
p17,o3,2012,0.000614633
p17,o3,2013,0.000602083
p17,o3,2014,0.000593663
p17,o3,2015,0.00057744
p17,o3,2016,0.00053594
p17,o3,2017,0.000489246
p17,o3,2018,0.000464757
p17,o3,2019,0.000480763
p17,o3,2020,0.000552425
p17,o3,2021,0.000627157
p17,other_human_forcing,1946,-0.001031073
p17,other_human_forcing,1947,-0.00098539
p17,other_human_forcing,1948,-0.001280694
p17,other_human_forcing,1949,-0.002008106
p17,other_human_forcing,1950,-0.003046858
p17,other_human_forcing,1951,-0.004045453
p17,other_human_forcing,1952,-0.00483293
p17,other_human_forcing,1953,-0.005569675
p17,other_human_forcing,1954,-0.00622019
p17,other_human_forcing,1955,-0.006629608
p17,other_human_forcing,1956,-0.006994901
p17,other_human_forcing,1957,-0.007400027
p17,other_human_forcing,1958,-0.007654843
p17,other_human_forcing,1959,-0.007876163
p17,other_human_forcing,1960,-0.008009281
p17,other_human_forcing,1961,-0.00795604
p17,other_human_forcing,1962,-0.007946993
p17,other_human_forcing,1963,-0.008043376
p17,other_human_forcing,1964,-0.008091958
p17,other_human_forcing,1965,-0.007963977
p17,other_human_forcing,1966,-0.007911354
p17,other_human_forcing,1967,-0.007991708
p17,other_human_forcing,1968,-0.0080899
p17,other_human_forcing,1969,-0.008325757
p17,other_human_forcing,1970,-0.00857879
p17,other_human_forcing,1971,-0.008564966
p17,other_human_forcing,1972,-0.008417782
p17,other_human_forcing,1973,-0.008251548
p17,other_human_forcing,1974,-0.007999419
p17,other_human_forcing,1975,-0.007662808
p17,other_human_forcing,1976,-0.007305912
p17,other_human_forcing,1977,-0.006786584
p17,other_human_forcing,1978,-0.006349081
p17,other_human_forcing,1979,-0.005916041
p17,other_human_forcing,1980,-0.005115807
p17,other_human_forcing,1981,-0.004155811
p17,other_human_forcing,1982,-0.003238996
p17,other_human_forcing,1983,-0.002658244
p17,other_human_forcing,1984,-0.002441741
p17,other_human_forcing,1985,-0.002479605
p17,other_human_forcing,1986,-0.002687633
p17,other_human_forcing,1987,-0.003399385
p17,other_human_forcing,1988,-0.004100632
p17,other_human_forcing,1989,-0.003986593
p17,other_human_forcing,1990,-0.00359483
p17,other_human_forcing,1991,-0.003126177
p17,other_human_forcing,1992,-0.002229135
p17,other_human_forcing,1993,-0.00164669
p17,other_human_forcing,1994,-0.001833336
p17,other_human_forcing,1995,-0.001702358
p17,other_human_forcing,1996,-0.000490396
p17,other_human_forcing,1997,0.000650455
p17,other_human_forcing,1998,0.001403133
p17,other_human_forcing,1999,0.001849111
p17,other_human_forcing,2000,0.001758168
p17,other_human_forcing,2001,0.00133074
p17,other_human_forcing,2002,0.000755794
p17,other_human_forcing,2003,-4.69e-05
p17,other_human_forcing,2004,-0.001094737
p17,other_human_forcing,2005,-0.001724584
p17,other_human_forcing,2006,-0.001301353
p17,other_human_forcing,2007,-0.00030176
p17,other_human_forcing,2008,0.000650681
p17,other_human_forcing,2009,0.00158433
p17,other_human_forcing,2010,0.002498558
p17,other_human_forcing,2011,0.003221263
p17,other_human_forcing,2012,0.003659333
p17,other_human_forcing,2013,0.00397715
p17,other_human_forcing,2014,0.004319238
p17,other_human_forcing,2015,0.004556624
p17,other_human_forcing,2016,0.004745704
p17,other_human_forcing,2017,0.004805484
p17,other_human_forcing,2018,0.004793403
p17,other_human_forcing,2019,0.004403773
p17,other_human_forcing,2020,0.003238989
p17,other_human_forcing,2021,0.002245548
p17,residual,1946,-0.051141599
p17,residual,1947,-0.046342386
p17,residual,1948,-0.036105351
p17,residual,1949,-0.021568219
p17,residual,1950,-0.006800685
p17,residual,1951,-0.003593911
p17,residual,1952,-0.012357904
p17,residual,1953,-0.004578243
p17,residual,1954,0.00057711
p17,residual,1955,0.00063016
p17,residual,1956,-0.010915567
p17,residual,1957,-0.00807504
p17,residual,1958,-0.002328299
p17,residual,1959,0.011726567
p17,residual,1960,0.001252771
p17,residual,1961,-0.007639861
p17,residual,1962,-0.019767829
p17,residual,1963,-0.017195122
p17,residual,1964,-0.015726942
p17,residual,1965,-0.007974302
p17,residual,1966,-0.008775131
p17,residual,1967,-0.01092391
p17,residual,1968,-0.008099018
p17,residual,1969,0.006299358
p17,residual,1970,-0.006726273
p17,residual,1971,-0.010782994
p17,residual,1972,-0.018869429
p17,residual,1973,-0.007589455
p17,residual,1974,-0.007759033
p17,residual,1975,0.003504272
p17,residual,1976,0.015099822
p17,residual,1977,0.018263357
p17,residual,1978,0.012702548
p17,residual,1979,0.026874077
p17,residual,1980,0.014418901
p17,residual,1981,0.002629331
p17,residual,1982,-0.016200937
p17,residual,1983,-0.009812855
p17,residual,1984,-0.009965241
p17,residual,1985,-0.014446543
p17,residual,1986,-0.004226046
p17,residual,1987,0.007207792
p17,residual,1988,-0.00423194
p17,residual,1989,0.000199193
p17,residual,1990,-0.004089713
p17,residual,1991,-0.004897405
p17,residual,1992,-0.013493239
p17,residual,1993,-0.007528047
p17,residual,1994,0.006677232
p17,residual,1995,-0.005466831
p17,residual,1996,-0.0099346
p17,residual,1997,-0.006673345
p17,residual,1998,-0.01038735
p17,residual,1999,-0.010986028
p17,residual,2000,-0.015439569
p17,residual,2001,-0.006414494
p17,residual,2002,-0.009571081
p17,residual,2003,-0.005618684
p17,residual,2004,-0.000165341
p17,residual,2005,-0.004181466
p17,residual,2006,-0.007910521
p17,residual,2007,-0.01419292
p17,residual,2008,-0.01582595
p17,residual,2009,-0.015553369
p17,residual,2010,-0.018991827
p17,residual,2011,-0.006964276
p17,residual,2012,0.006383222
p17,residual,2013,0.012145205
p17,residual,2014,0.002119263
p17,residual,2015,0.005017482
p17,residual,2016,0.011820891
p17,residual,2017,-0.001840699
p17,residual,2018,-0.01368447
p17,residual,2019,-0.008318114
p17,residual,2020,-0.002871472
p17,residual,2021,-0.000733014
p17,solar,1946,0.000363055
p17,solar,1947,0.00048393
p17,solar,1948,0.000474623
p17,solar,1949,0.000311288
p17,solar,1950,-3.72e-05
p17,solar,1951,-0.000960628
p17,solar,1952,-0.001591619
p17,solar,1953,-0.001457601
p17,solar,1954,-0.000666492
p17,solar,1955,6.99e-05
p17,solar,1956,0.000363138
p17,solar,1957,0.000506414
p17,solar,1958,0.000478326
p17,solar,1959,0.000292243
p17,solar,1960,-9.47e-05
p17,solar,1961,-0.001193938
p17,solar,1962,-0.002160166
p17,solar,1963,-0.002458603
p17,solar,1964,-0.00207559
p17,solar,1965,-0.001328193
p17,solar,1966,-0.000492355
p17,solar,1967,2.19e-05
p17,solar,1968,0.000168261
p17,solar,1969,0.000193388
p17,solar,1970,9.99e-05
p17,solar,1971,-0.000198278
p17,solar,1972,-0.000811244
p17,solar,1973,-0.00129305
p17,solar,1974,-0.001374466
p17,solar,1975,-0.00093248
p17,solar,1976,-0.000154423
p17,solar,1977,0.000246298
p17,solar,1978,0.000489515
p17,solar,1979,0.000626177
p17,solar,1980,0.00061822
p17,solar,1981,0.000441786
p17,solar,1982,8.17e-05
p17,solar,1983,-0.000619778
p17,solar,1984,-0.001444475
p17,solar,1985,-0.001593347
p17,solar,1986,-0.001090906
p17,solar,1987,-0.000302264
p17,solar,1988,0.000149714
p17,solar,1989,0.000341085
p17,solar,1990,0.000396736
p17,solar,1991,0.000286763
p17,solar,1992,6.44e-06
p17,solar,1993,-0.000781965
p17,solar,1994,-0.001521657
p17,solar,1995,-0.001643397
p17,solar,1996,-0.001083047
p17,solar,1997,-0.000246881
p17,solar,1998,0.000220061
p17,solar,1999,0.000463195
p17,solar,2000,0.000533641
p17,solar,2001,0.000429919
p17,solar,2002,0.000158102
p17,solar,2003,-0.000511008
p17,solar,2004,-0.001601851
p17,solar,2005,-0.002447295
p17,solar,2006,-0.002812259
p17,solar,2007,-0.002621962
p17,solar,2008,-0.001906666
p17,solar,2009,-0.000939035
p17,solar,2010,-0.000107163
p17,solar,2011,0.000241337
p17,solar,2012,0.000410756
p17,solar,2013,0.000414757
p17,solar,2014,0.000295491
p17,solar,2015,6.77e-05
p17,solar,2016,-0.000416485
p17,solar,2017,-0.000985573
p17,solar,2018,-0.001105948
p17,solar,2019,-0.000597953
p17,solar,2020,0.000102893
p17,solar,2021,0.000510936
p17,total,1946,0.003985744
p17,total,1947,0.004312139
p17,total,1948,0.004213961
p17,total,1949,0.003483178
p17,total,1950,0.002114435
p17,total,1951,0.000650505
p17,total,1952,-0.000413008
p17,total,1953,-0.001197139
p17,total,1954,-0.001431914
p17,total,1955,-0.000907869
p17,total,1956,-0.000195792
p17,total,1957,0.00026699
p17,total,1958,0.000551225
p17,total,1959,-0.000788757
p17,total,1960,-0.004814835
p17,total,1961,-0.008003128
p17,total,1962,-0.008853809
p17,total,1963,-0.008110764
p17,total,1964,-0.006053109
p17,total,1965,-0.003197865
p17,total,1966,0.000218927
p17,total,1967,0.003798087
p17,total,1968,0.00703294
p17,total,1969,0.009027944
p17,total,1970,0.009305862
p17,total,1971,0.009218648
p17,total,1972,0.009436455
p17,total,1973,0.00998255
p17,total,1974,0.010839151
p17,total,1975,0.011667033
p17,total,1976,0.012444469
p17,total,1977,0.013337941
p17,total,1978,0.013697094
p17,total,1979,0.012293422
p17,total,1980,0.00978259
p17,total,1981,0.008333971
p17,total,1982,0.007966169
p17,total,1983,0.008411759
p17,total,1984,0.010163846
p17,total,1985,0.013430174
p17,total,1986,0.017462715
p17,total,1987,0.019864027
p17,total,1988,0.017920442
p17,total,1989,0.011387771
p17,total,1990,0.005897606
p17,total,1991,0.004335367
p17,total,1992,0.006011115
p17,total,1993,0.00912229
p17,total,1994,0.013152589
p17,total,1995,0.018558349
p17,total,1996,0.024108878
p17,total,1997,0.028464632
p17,total,1998,0.029643026
p17,total,1999,0.028049402
p17,total,2000,0.025650016
p17,total,2001,0.023342453
p17,total,2002,0.021201871
p17,total,2003,0.018918752
p17,total,2004,0.016731982
p17,total,2005,0.015303929
p17,total,2006,0.015175711
p17,total,2007,0.016002721
p17,total,2008,0.017362003
p17,total,2009,0.019154989
p17,total,2010,0.020988669
p17,total,2011,0.022467036
p17,total,2012,0.023471568
p17,total,2013,0.024145435
p17,total,2014,0.024610411
p17,total,2015,0.024558869
p17,total,2016,0.023993436
p17,total,2017,0.023230688
p17,total,2018,0.022522743
p17,total,2019,0.022176412
p17,total,2020,0.022180064
p17,total,2021,0.022657667
p17,volcanic,1946,-0.000399402
p17,volcanic,1947,0.000109348
p17,volcanic,1948,0.000485831
p17,volcanic,1949,0.000685888
p17,volcanic,1950,0.000650768
p17,volcanic,1951,0.000615239
p17,volcanic,1952,0.000544559
p17,volcanic,1953,0.000184786
p17,volcanic,1954,-0.000315324
p17,volcanic,1955,-0.000628455
p17,volcanic,1956,-0.000500308
p17,volcanic,1957,-0.000171992
p17,volcanic,1958,9.17e-05
p17,volcanic,1959,-0.001417316
p17,volcanic,1960,-0.005480245
p17,volcanic,1961,-0.008210759
p17,volcanic,1962,-0.008655127
p17,volcanic,1963,-0.008013439
p17,volcanic,1964,-0.006695645
p17,volcanic,1965,-0.004979013
p17,volcanic,1966,-0.002634871
p17,volcanic,1967,0.000110489
p17,volcanic,1968,0.002149629
p17,volcanic,1969,0.003227321
p17,volcanic,1970,0.002785696
p17,volcanic,1971,0.002006284
p17,volcanic,1972,0.001635867
p17,volcanic,1973,0.001571496
p17,volcanic,1974,0.001563669
p17,volcanic,1975,0.00130179
p17,volcanic,1976,0.000812056
p17,volcanic,1977,0.000321305
p17,volcanic,1978,-0.000663806
p17,volcanic,1979,-0.003964168
p17,volcanic,1980,-0.007980008
p17,volcanic,1981,-0.010123354
p17,volcanic,1982,-0.01049685
p17,volcanic,1983,-0.009550861
p17,volcanic,1984,-0.007337231
p17,volcanic,1985,-0.004170681
p17,volcanic,1986,-0.000696299
p17,volcanic,1987,0.000739666
p17,volcanic,1988,-0.001106364
p17,volcanic,1989,-0.008795149
p17,volcanic,1990,-0.014617322
p17,volcanic,1991,-0.015810992
p17,volcanic,1992,-0.013672603
p17,volcanic,1993,-0.00950644
p17,volcanic,1994,-0.003977876
p17,volcanic,1995,0.000987933
p17,volcanic,1996,0.004760461
p17,volcanic,1997,0.007759597
p17,volcanic,1998,0.008081527
p17,volcanic,1999,0.006108399
p17,volcanic,2000,0.004140006
p17,volcanic,2001,0.002756544
p17,volcanic,2002,0.001815439
p17,volcanic,2003,0.001177002
p17,volcanic,2004,0.000678422
p17,volcanic,2005,0.000303309
p17,volcanic,2006,3.74e-05
p17,volcanic,2007,-0.000142163
p17,volcanic,2008,-0.000248207
p17,volcanic,2009,-0.000117442
p17,volcanic,2010,6.04e-05
p17,volcanic,2011,0.00017842
p17,volcanic,2012,0.000235706
p17,volcanic,2013,0.000300247
p17,volcanic,2014,0.000356071
p17,volcanic,2015,0.000212256
p17,volcanic,2016,-0.000214106
p17,volcanic,2017,-0.000921745
p17,volcanic,2018,-0.001788233
p17,volcanic,2019,-0.002301247
p17,volcanic,2020,-0.002045968
p17,volcanic,2021,-0.001610691
p50,aerosol_cloud_interactions,1946,-0.00088023
p50,aerosol_cloud_interactions,1947,-0.000866947
p50,aerosol_cloud_interactions,1948,-0.001047936
p50,aerosol_cloud_interactions,1949,-0.001478497
p50,aerosol_cloud_interactions,1950,-0.002057661
p50,aerosol_cloud_interactions,1951,-0.002615798
p50,aerosol_cloud_interactions,1952,-0.003077058
p50,aerosol_cloud_interactions,1953,-0.003556287
p50,aerosol_cloud_interactions,1954,-0.004047907
p50,aerosol_cloud_interactions,1955,-0.004429553
p50,aerosol_cloud_interactions,1956,-0.004774664
p50,aerosol_cloud_interactions,1957,-0.005105196
p50,aerosol_cloud_interactions,1958,-0.005289815
p50,aerosol_cloud_interactions,1959,-0.005420099
p50,aerosol_cloud_interactions,1960,-0.005464977
p50,aerosol_cloud_interactions,1961,-0.005333941
p50,aerosol_cloud_interactions,1962,-0.005176904
p50,aerosol_cloud_interactions,1963,-0.005138122
p50,aerosol_cloud_interactions,1964,-0.005118529
p50,aerosol_cloud_interactions,1965,-0.004981402
p50,aerosol_cloud_interactions,1966,-0.004871972
p50,aerosol_cloud_interactions,1967,-0.004905214
p50,aerosol_cloud_interactions,1968,-0.005056439
p50,aerosol_cloud_interactions,1969,-0.005384147
p50,aerosol_cloud_interactions,1970,-0.005725689
p50,aerosol_cloud_interactions,1971,-0.005840622
p50,aerosol_cloud_interactions,1972,-0.005843384
p50,aerosol_cloud_interactions,1973,-0.005842846
p50,aerosol_cloud_interactions,1974,-0.005785057
p50,aerosol_cloud_interactions,1975,-0.005626788
p50,aerosol_cloud_interactions,1976,-0.005397381
p50,aerosol_cloud_interactions,1977,-0.005033038
p50,aerosol_cloud_interactions,1978,-0.004683633
p50,aerosol_cloud_interactions,1979,-0.004284116
p50,aerosol_cloud_interactions,1980,-0.003715221
p50,aerosol_cloud_interactions,1981,-0.003063067
p50,aerosol_cloud_interactions,1982,-0.002445064
p50,aerosol_cloud_interactions,1983,-0.002047752
p50,aerosol_cloud_interactions,1984,-0.0018883
p50,aerosol_cloud_interactions,1985,-0.001898886
p50,aerosol_cloud_interactions,1986,-0.00205074
p50,aerosol_cloud_interactions,1987,-0.00241149
p50,aerosol_cloud_interactions,1988,-0.002676366
p50,aerosol_cloud_interactions,1989,-0.00252702
p50,aerosol_cloud_interactions,1990,-0.002183949
p50,aerosol_cloud_interactions,1991,-0.001761397
p50,aerosol_cloud_interactions,1992,-0.001149198
p50,aerosol_cloud_interactions,1993,-0.000726484
p50,aerosol_cloud_interactions,1994,-0.000626141
p50,aerosol_cloud_interactions,1995,-0.000430998
p50,aerosol_cloud_interactions,1996,-6.58e-07
p50,aerosol_cloud_interactions,1997,0.000319662
p50,aerosol_cloud_interactions,1998,0.000509608
p50,aerosol_cloud_interactions,1999,0.000629623
p50,aerosol_cloud_interactions,2000,0.000526126
p50,aerosol_cloud_interactions,2001,0.000195164
p50,aerosol_cloud_interactions,2002,-0.00018057
p50,aerosol_cloud_interactions,2003,-0.000761015
p50,aerosol_cloud_interactions,2004,-0.001665602
p50,aerosol_cloud_interactions,2005,-0.002167789
p50,aerosol_cloud_interactions,2006,-0.001931582
p50,aerosol_cloud_interactions,2007,-0.001135312
p50,aerosol_cloud_interactions,2008,-0.00033284
p50,aerosol_cloud_interactions,2009,0.000329249
p50,aerosol_cloud_interactions,2010,0.000988849
p50,aerosol_cloud_interactions,2011,0.001400983
p50,aerosol_cloud_interactions,2012,0.001738241
p50,aerosol_cloud_interactions,2013,0.002088749
p50,aerosol_cloud_interactions,2014,0.002432419
p50,aerosol_cloud_interactions,2015,0.00274906
p50,aerosol_cloud_interactions,2016,0.003112361
p50,aerosol_cloud_interactions,2017,0.003431137
p50,aerosol_cloud_interactions,2018,0.003631662
p50,aerosol_cloud_interactions,2019,0.003494149
p50,aerosol_cloud_interactions,2020,0.002989218
p50,aerosol_cloud_interactions,2021,0.002507263
p50,aerosol_radiation_interactions,1946,-0.000394941
p50,aerosol_radiation_interactions,1947,-0.000436749
p50,aerosol_radiation_interactions,1948,-0.000602
p50,aerosol_radiation_interactions,1949,-0.0008587
p50,aerosol_radiation_interactions,1950,-0.001164396
p50,aerosol_radiation_interactions,1951,-0.001450334
p50,aerosol_radiation_interactions,1952,-0.001679115
p50,aerosol_radiation_interactions,1953,-0.001882045
p50,aerosol_radiation_interactions,1954,-0.002055014
p50,aerosol_radiation_interactions,1955,-0.002163768
p50,aerosol_radiation_interactions,1956,-0.002245488
p50,aerosol_radiation_interactions,1957,-0.002341956
p50,aerosol_radiation_interactions,1958,-0.002436903
p50,aerosol_radiation_interactions,1959,-0.002536891
p50,aerosol_radiation_interactions,1960,-0.002641924
p50,aerosol_radiation_interactions,1961,-0.002749211
p50,aerosol_radiation_interactions,1962,-0.002886906
p50,aerosol_radiation_interactions,1963,-0.003033577
p50,aerosol_radiation_interactions,1964,-0.003142732
p50,aerosol_radiation_interactions,1965,-0.00320258
p50,aerosol_radiation_interactions,1966,-0.00327596
p50,aerosol_radiation_interactions,1967,-0.00336231
p50,aerosol_radiation_interactions,1968,-0.003411219
p50,aerosol_radiation_interactions,1969,-0.003458917
p50,aerosol_radiation_interactions,1970,-0.003481383
p50,aerosol_radiation_interactions,1971,-0.003401571
p50,aerosol_radiation_interactions,1972,-0.003257429
p50,aerosol_radiation_interactions,1973,-0.003070126
p50,aerosol_radiation_interactions,1974,-0.002810126
p50,aerosol_radiation_interactions,1975,-0.002522224
p50,aerosol_radiation_interactions,1976,-0.002290631
p50,aerosol_radiation_interactions,1977,-0.0020721
p50,aerosol_radiation_interactions,1978,-0.001819985
p50,aerosol_radiation_interactions,1979,-0.001564692
p50,aerosol_radiation_interactions,1980,-0.001290242
p50,aerosol_radiation_interactions,1981,-0.000984655
p50,aerosol_radiation_interactions,1982,-0.000701129
p50,aerosol_radiation_interactions,1983,-0.000511783
p50,aerosol_radiation_interactions,1984,-0.000398129
p50,aerosol_radiation_interactions,1985,-0.000349142
p50,aerosol_radiation_interactions,1986,-0.000384937
p50,aerosol_radiation_interactions,1987,-0.0005017
p50,aerosol_radiation_interactions,1988,-0.000570724
p50,aerosol_radiation_interactions,1989,-0.0004704
p50,aerosol_radiation_interactions,1990,-0.000268566
p50,aerosol_radiation_interactions,1991,8.23e-06
p50,aerosol_radiation_interactions,1992,0.000381871
p50,aerosol_radiation_interactions,1993,0.000684064
p50,aerosol_radiation_interactions,1994,0.000830147
p50,aerosol_radiation_interactions,1995,0.000962051
p50,aerosol_radiation_interactions,1996,0.001103667
p50,aerosol_radiation_interactions,1997,0.00114618
p50,aerosol_radiation_interactions,1998,0.001075462
p50,aerosol_radiation_interactions,1999,0.000920675
p50,aerosol_radiation_interactions,2000,0.000654249
p50,aerosol_radiation_interactions,2001,0.000337066
p50,aerosol_radiation_interactions,2002,7.41e-05
p50,aerosol_radiation_interactions,2003,-0.000242344
p50,aerosol_radiation_interactions,2004,-0.000572115
p50,aerosol_radiation_interactions,2005,-0.000673617
p50,aerosol_radiation_interactions,2006,-0.000476401
p50,aerosol_radiation_interactions,2007,-0.000126425
p50,aerosol_radiation_interactions,2008,0.000269338
p50,aerosol_radiation_interactions,2009,0.000676785
p50,aerosol_radiation_interactions,2010,0.001076757
p50,aerosol_radiation_interactions,2011,0.00138878
p50,aerosol_radiation_interactions,2012,0.001582503
p50,aerosol_radiation_interactions,2013,0.001706167
p50,aerosol_radiation_interactions,2014,0.001785328
p50,aerosol_radiation_interactions,2015,0.001828812
p50,aerosol_radiation_interactions,2016,0.001980577
p50,aerosol_radiation_interactions,2017,0.002154229
p50,aerosol_radiation_interactions,2018,0.002216334
p50,aerosol_radiation_interactions,2019,0.002112021
p50,aerosol_radiation_interactions,2020,0.001842817
p50,aerosol_radiation_interactions,2021,0.001575482
p50,anthropogenic,1946,0.003919193
p50,anthropogenic,1947,0.003701242
p50,anthropogenic,1948,0.003227571
p50,anthropogenic,1949,0.002559776
p50,anthropogenic,1950,0.001813854
p50,anthropogenic,1951,0.00121101
p50,anthropogenic,1952,0.000845544
p50,anthropogenic,1953,0.000591638
p50,anthropogenic,1954,0.000421037
p50,anthropogenic,1955,0.000409065
p50,anthropogenic,1956,0.000456083
p50,anthropogenic,1957,0.000483573
p50,anthropogenic,1958,0.000618072
p50,anthropogenic,1959,0.000814289
p50,anthropogenic,1960,0.001127545
p50,anthropogenic,1961,0.001606046
p50,anthropogenic,1962,0.00207476
p50,anthropogenic,1963,0.002494189
p50,anthropogenic,1964,0.00297661
p50,anthropogenic,1965,0.003596191
p50,anthropogenic,1966,0.004224897
p50,anthropogenic,1967,0.004822982
p50,anthropogenic,1968,0.005486285
p50,anthropogenic,1969,0.006237169
p50,anthropogenic,1970,0.007107331
p50,anthropogenic,1971,0.008101324
p50,anthropogenic,1972,0.009019004
p50,anthropogenic,1973,0.00984033
p50,anthropogenic,1974,0.01070102
p50,anthropogenic,1975,0.011581353
p50,anthropogenic,1976,0.012438117
p50,anthropogenic,1977,0.013349985
p50,anthropogenic,1978,0.014220671
p50,anthropogenic,1979,0.015098989
p50,anthropogenic,1980,0.016240571
p50,anthropogenic,1981,0.017407612
p50,anthropogenic,1982,0.018359201
p50,anthropogenic,1983,0.018952514
p50,anthropogenic,1984,0.019343441
p50,anthropogenic,1985,0.019671891
p50,anthropogenic,1986,0.019905509
p50,anthropogenic,1987,0.019891928
p50,anthropogenic,1988,0.019856136
p50,anthropogenic,1989,0.020055908
p50,anthropogenic,1990,0.020225852
p50,anthropogenic,1991,0.020350806
p50,anthropogenic,1992,0.020596062
p50,anthropogenic,1993,0.020594855
p50,anthropogenic,1994,0.020289565
p50,anthropogenic,1995,0.02029013
p50,anthropogenic,1996,0.020663211
p50,anthropogenic,1997,0.02106809
p50,anthropogenic,1998,0.021325942
p50,anthropogenic,1999,0.021376541
p50,anthropogenic,2000,0.021026333
p50,anthropogenic,2001,0.020423841
p50,anthropogenic,2002,0.019766373
p50,anthropogenic,2003,0.018935472
p50,anthropogenic,2004,0.018026359
p50,anthropogenic,2005,0.017656326
p50,anthropogenic,2006,0.018149168
p50,anthropogenic,2007,0.019144962
p50,anthropogenic,2008,0.020217081
p50,anthropogenic,2009,0.021322467
p50,anthropogenic,2010,0.022477848
p50,anthropogenic,2011,0.023470574
p50,anthropogenic,2012,0.02428993
p50,anthropogenic,2013,0.025076375
p50,anthropogenic,2014,0.025868144
p50,anthropogenic,2015,0.026542671
p50,anthropogenic,2016,0.027174318
p50,anthropogenic,2017,0.027623363
p50,anthropogenic,2018,0.027853967
p50,anthropogenic,2019,0.027621276
p50,anthropogenic,2020,0.026906762
p50,anthropogenic,2021,0.026387504
p50,bc_snow,1946,4.73e-05
p50,bc_snow,1947,3.65e-05
p50,bc_snow,1948,2.89e-05
p50,bc_snow,1949,3.54e-05
p50,bc_snow,1950,5.95e-05
p50,bc_snow,1951,8.58e-05
p50,bc_snow,1952,0.000112031
p50,bc_snow,1953,0.000149289
p50,bc_snow,1954,0.000195266
p50,bc_snow,1955,0.000239073
p50,bc_snow,1956,0.000285228
p50,bc_snow,1957,0.000327089
p50,bc_snow,1958,0.000347972
p50,bc_snow,1959,0.000357372
p50,bc_snow,1960,0.000351349
p50,bc_snow,1961,0.000321609
p50,bc_snow,1962,0.00028271
p50,bc_snow,1963,0.000253511
p50,bc_snow,1964,0.000232704
p50,bc_snow,1965,0.000213007
p50,bc_snow,1966,0.000205804
p50,bc_snow,1967,0.00021713
p50,bc_snow,1968,0.000250126
p50,bc_snow,1969,0.000303959
p50,bc_snow,1970,0.000359252
p50,bc_snow,1971,0.000400966
p50,bc_snow,1972,0.000437163
p50,bc_snow,1973,0.000478534
p50,bc_snow,1974,0.00052455
p50,bc_snow,1975,0.000565747
p50,bc_snow,1976,0.000585831
p50,bc_snow,1977,0.000574943
p50,bc_snow,1978,0.000558958
p50,bc_snow,1979,0.000534258
p50,bc_snow,1980,0.000485621
p50,bc_snow,1981,0.000427684
p50,bc_snow,1982,0.00037452
p50,bc_snow,1983,0.000347235
p50,bc_snow,1984,0.000358117
p50,bc_snow,1985,0.000399059
p50,bc_snow,1986,0.000445967
p50,bc_snow,1987,0.000501679
p50,bc_snow,1988,0.000547217
p50,bc_snow,1989,0.000551183
p50,bc_snow,1990,0.000543273
p50,bc_snow,1991,0.000541161
p50,bc_snow,1992,0.000521032
p50,bc_snow,1993,0.000508577
p50,bc_snow,1994,0.00052824
p50,bc_snow,1995,0.000516399
p50,bc_snow,1996,0.00042841
p50,bc_snow,1997,0.000318587
p50,bc_snow,1998,0.000214188
p50,bc_snow,1999,0.00011151
p50,bc_snow,2000,4.09e-05
p50,bc_snow,2001,3.11e-05
p50,bc_snow,2002,5.13e-05
p50,bc_snow,2003,0.000110773
p50,bc_snow,2004,0.000222042
p50,bc_snow,2005,0.00030448
p50,bc_snow,2006,0.000330126
p50,bc_snow,2007,0.000302243
p50,bc_snow,2008,0.000244997
p50,bc_snow,2009,0.000178068
p50,bc_snow,2010,0.000104161
p50,bc_snow,2011,5.22e-05
p50,bc_snow,2012,7.01e-06
p50,bc_snow,2013,-2.88e-05
p50,bc_snow,2014,-8.24e-05
p50,bc_snow,2015,-0.000142021
p50,bc_snow,2016,-0.00018581
p50,bc_snow,2017,-0.000212583
p50,bc_snow,2018,-0.000234229
p50,bc_snow,2019,-0.000225994
p50,bc_snow,2020,-0.000166512
p50,bc_snow,2021,-0.000109427
p50,ch4,1946,0.001214692
p50,ch4,1947,0.001224973
p50,ch4,1948,0.001236312
p50,ch4,1949,0.001258774
p50,ch4,1950,0.001302145
p50,ch4,1951,0.001369586
p50,ch4,1952,0.001464317
p50,ch4,1953,0.001591715
p50,ch4,1954,0.001746243
p50,ch4,1955,0.001909572
p50,ch4,1956,0.002054975
p50,ch4,1957,0.002157648
p50,ch4,1958,0.002216279
p50,ch4,1959,0.002254868
p50,ch4,1960,0.002295241
p50,ch4,1961,0.002342373
p50,ch4,1962,0.002395672
p50,ch4,1963,0.002458937
p50,ch4,1964,0.002540957
p50,ch4,1965,0.00264467
p50,ch4,1966,0.002764393
p50,ch4,1967,0.002883828
p50,ch4,1968,0.002991457
p50,ch4,1969,0.003089849
p50,ch4,1970,0.003178538
p50,ch4,1971,0.003253634
p50,ch4,1972,0.003308706
p50,ch4,1973,0.0033383
p50,ch4,1974,0.003349708
p50,ch4,1975,0.003355286
p50,ch4,1976,0.003367911
p50,ch4,1977,0.003397281
p50,ch4,1978,0.003440163
p50,ch4,1979,0.00347961
p50,ch4,1980,0.00349297
p50,ch4,1981,0.003470523
p50,ch4,1982,0.003416162
p50,ch4,1983,0.003334802
p50,ch4,1984,0.003236041
p50,ch4,1985,0.0031358
p50,ch4,1986,0.003038075
p50,ch4,1987,0.00294803
p50,ch4,1988,0.002869096
p50,ch4,1989,0.002784873
p50,ch4,1990,0.002684191
p50,ch4,1991,0.002568674
p50,ch4,1992,0.002439248
p50,ch4,1993,0.002295062
p50,ch4,1994,0.002152112
p50,ch4,1995,0.002032871
p50,ch4,1996,0.001931669
p50,ch4,1997,0.001837859
p50,ch4,1998,0.001752469
p50,ch4,1999,0.001671016
p50,ch4,2000,0.001587146
p50,ch4,2001,0.001495333
p50,ch4,2002,0.001391685
p50,ch4,2003,0.001285582
p50,ch4,2004,0.001202135
p50,ch4,2005,0.001158948
p50,ch4,2006,0.001153181
p50,ch4,2007,0.001170519
p50,ch4,2008,0.001199462
p50,ch4,2009,0.001239776
p50,ch4,2010,0.001292355
p50,ch4,2011,0.0013515
p50,ch4,2012,0.001407692
p50,ch4,2013,0.001458702
p50,ch4,2014,0.001510764
p50,ch4,2015,0.001564324
p50,ch4,2016,0.001620715
p50,ch4,2017,0.001689209
p50,ch4,2018,0.001774613
p50,ch4,2019,0.001864668
p50,ch4,2020,0.001943773
p50,ch4,2021,0.002007413
p50,co2,1946,0.002461403
p50,co2,1947,0.002228072
p50,co2,1948,0.00208341
p50,co2,1949,0.002043909
p50,co2,1950,0.002095936
p50,co2,1951,0.002205032
p50,co2,1952,0.002337147
p50,co2,1953,0.002472508
p50,co2,1954,0.002599574
p50,co2,1955,0.002715539
p50,co2,1956,0.00284811
p50,co2,1957,0.003016357
p50,co2,1958,0.003221904
p50,co2,1959,0.003465008
p50,co2,1960,0.003736888
p50,co2,1961,0.004013276
p50,co2,1962,0.004292047
p50,co2,1963,0.00456282
p50,co2,1964,0.004799894
p50,co2,1965,0.005006118
p50,co2,1966,0.005241336
p50,co2,1967,0.005520519
p50,co2,1968,0.005864603
p50,co2,1969,0.006382883
p50,co2,1970,0.007018154
p50,co2,1971,0.007564421
p50,co2,1972,0.007941891
p50,co2,1973,0.008220637
p50,co2,1974,0.008459241
p50,co2,1975,0.008673284
p50,co2,1976,0.008920791
p50,co2,1977,0.009165828
p50,co2,1978,0.009332709
p50,co2,1979,0.00956443
p50,co2,1980,0.00992171
p50,co2,1981,0.010247421
p50,co2,1982,0.010425055
p50,co2,1983,0.010504562
p50,co2,1984,0.010622771
p50,co2,1985,0.010825057
p50,co2,1986,0.011090673
p50,co2,1987,0.011373012
p50,co2,1988,0.011532198
p50,co2,1989,0.011495682
p50,co2,1990,0.011334228
p50,co2,1991,0.011134031
p50,co2,1992,0.010938358
p50,co2,1993,0.010739431
p50,co2,1994,0.01066395
p50,co2,1995,0.010832843
p50,co2,1996,0.011143273
p50,co2,1997,0.011503399
p50,co2,1998,0.011871143
p50,co2,1999,0.012212279
p50,co2,2000,0.012512221
p50,co2,2001,0.012780843
p50,co2,2002,0.013050457
p50,co2,2003,0.01326298
p50,co2,2004,0.013434807
p50,co2,2005,0.013622776
p50,co2,2006,0.013775163
p50,co2,2007,0.013851211
p50,co2,2008,0.013857236
p50,co2,2009,0.013897449
p50,co2,2010,0.014003186
p50,co2,2011,0.01413412
p50,co2,2012,0.01436846
p50,co2,2013,0.014701904
p50,co2,2014,0.015063233
p50,co2,2015,0.015410315
p50,co2,2016,0.015711569
p50,co2,2017,0.015951152
p50,co2,2018,0.016098004
p50,co2,2019,0.01618195
p50,co2,2020,0.01626081
p50,co2,2021,0.016350206
p50,contrails,1946,9.26e-06
p50,contrails,1947,9.83e-06
p50,contrails,1948,1.05e-05
p50,contrails,1949,1.12e-05
p50,contrails,1950,1.2e-05
p50,contrails,1951,1.29e-05
p50,contrails,1952,1.39e-05
p50,contrails,1953,1.49e-05
p50,contrails,1954,1.61e-05
p50,contrails,1955,1.73e-05
p50,contrails,1956,1.87e-05
p50,contrails,1957,2.04e-05
p50,contrails,1958,2.3e-05
p50,contrails,1959,2.65e-05
p50,contrails,1960,3.06e-05
p50,contrails,1961,3.52e-05
p50,contrails,1962,4.05e-05
p50,contrails,1963,4.73e-05
p50,contrails,1964,5.65e-05
p50,contrails,1965,6.71e-05
p50,contrails,1966,7.71e-05
p50,contrails,1967,8.75e-05
p50,contrails,1968,9.95e-05
p50,contrails,1969,0.000111441
p50,contrails,1970,0.000120703
p50,contrails,1971,0.000125502
p50,contrails,1972,0.000125871
p50,contrails,1973,0.00012409
p50,contrails,1974,0.000122945
p50,contrails,1975,0.000122782
p50,contrails,1976,0.000121971
p50,contrails,1977,0.000120431
p50,contrails,1978,0.000119972
p50,contrails,1979,0.000121228
p50,contrails,1980,0.000124407
p50,contrails,1981,0.000128998
p50,contrails,1982,0.000134821
p50,contrails,1983,0.000143206
p50,contrails,1984,0.000155252
p50,contrails,1985,0.000171055
p50,contrails,1986,0.000188224
p50,contrails,1987,0.000200946
p50,contrails,1988,0.000209603
p50,contrails,1989,0.000219128
p50,contrails,1990,0.000231058
p50,contrails,1991,0.000245419
p50,contrails,1992,0.000261933
p50,contrails,1993,0.000280215
p50,contrails,1994,0.000299108
p50,contrails,1995,0.000318996
p50,contrails,1996,0.000340862
p50,contrails,1997,0.000358376
p50,contrails,1998,0.000363879
p50,contrails,1999,0.000360361
p50,contrails,2000,0.000361128
p50,contrails,2001,0.000372489
p50,contrails,2002,0.000389666
p50,contrails,2003,0.000410592
p50,contrails,2004,0.000430973
p50,contrails,2005,0.000441573
p50,contrails,2006,0.000451475
p50,contrails,2007,0.000470453
p50,contrails,2008,0.000483185
p50,contrails,2009,0.000480527
p50,contrails,2010,0.000475542
p50,contrails,2011,0.000480345
p50,contrails,2012,0.000495529
p50,contrails,2013,0.000521557
p50,contrails,2014,0.000550583
p50,contrails,2015,0.000576295
p50,contrails,2016,0.000519362
p50,contrails,2017,0.00036531
p50,contrails,2018,0.000219653
p50,contrails,2019,0.000141481
p50,contrails,2020,0.000141591
p50,contrails,2021,0.000208449
p50,ghg,1946,0.004333984
p50,ghg,1947,0.004116363
p50,ghg,1948,0.003981097
p50,ghg,1949,0.00396396
p50,ghg,1950,0.004070074
p50,ghg,1951,0.004268828
p50,ghg,1952,0.004531538
p50,ghg,1953,0.004844622
p50,ghg,1954,0.005187899
p50,ghg,1955,0.00553471
p50,ghg,1956,0.005884093
p50,ghg,1957,0.006230991
p50,ghg,1958,0.006575778
p50,ghg,1959,0.006946469
p50,ghg,1960,0.007359381
p50,ghg,1961,0.007797196
p50,ghg,1962,0.008261407
p50,ghg,1963,0.008749111
p50,ghg,1964,0.009244489
p50,ghg,1965,0.00975135
p50,ghg,1966,0.010321801
p50,ghg,1967,0.010953548
p50,ghg,1968,0.011654641
p50,ghg,1969,0.012537762
p50,ghg,1970,0.01354853
p50,ghg,1971,0.014475727
p50,ghg,1972,0.015225032
p50,ghg,1973,0.015850111
p50,ghg,1974,0.016405266
p50,ghg,1975,0.016905295
p50,ghg,1976,0.017411225
p50,ghg,1977,0.017893939
p50,ghg,1978,0.018277317
p50,ghg,1979,0.018687981
p50,ghg,1980,0.019166847
p50,ghg,1981,0.019560342
p50,ghg,1982,0.019775083
p50,ghg,1983,0.019875393
p50,ghg,1984,0.020015687
p50,ghg,1985,0.020262422
p50,ghg,1986,0.020583751
p50,ghg,1987,0.020910279
p50,ghg,1988,0.021078772
p50,ghg,1989,0.020965569
p50,ghg,1990,0.020600366
p50,ghg,1991,0.020069244
p50,ghg,1992,0.019440478
p50,ghg,1993,0.018732117
p50,ghg,1994,0.018115463
p50,ghg,1995,0.017778894
p50,ghg,1996,0.017650738
p50,ghg,1997,0.017640177
p50,ghg,1998,0.017700949
p50,ghg,1999,0.017776951
p50,ghg,2000,0.017827842
p50,ghg,2001,0.017850465
p50,ghg,2002,0.017875412
p50,ghg,2003,0.017857105
p50,ghg,2004,0.017838449
p50,ghg,2005,0.017894913
p50,ghg,2006,0.017974859
p50,ghg,2007,0.018024753
p50,ghg,2008,0.018032901
p50,ghg,2009,0.018095243
p50,ghg,2010,0.01824264
p50,ghg,2011,0.018426931
p50,ghg,2012,0.018710752
p50,ghg,2013,0.019086782
p50,ghg,2014,0.019497282
p50,ghg,2015,0.019898862
p50,ghg,2016,0.020253687
p50,ghg,2017,0.020557726
p50,ghg,2018,0.020787171
p50,ghg,2019,0.020953193
p50,ghg,2020,0.021095572
p50,ghg,2021,0.021230944
p50,h2o_strat,1946,7.85e-05
p50,h2o_strat,1947,7.94e-05
p50,h2o_strat,1948,8.03e-05
p50,h2o_strat,1949,8.2e-05
p50,h2o_strat,1950,8.51e-05
p50,h2o_strat,1951,8.99e-05
p50,h2o_strat,1952,9.65e-05
p50,h2o_strat,1953,0.000105504
p50,h2o_strat,1954,0.000116398
p50,h2o_strat,1955,0.000127955
p50,h2o_strat,1956,0.000138347
p50,h2o_strat,1957,0.000145851
p50,h2o_strat,1958,0.000150374
p50,h2o_strat,1959,0.000153616
p50,h2o_strat,1960,0.000157094
p50,h2o_strat,1961,0.000161134
p50,h2o_strat,1962,0.000165662
p50,h2o_strat,1963,0.000170916
p50,h2o_strat,1964,0.000177542
p50,h2o_strat,1965,0.00018579
p50,h2o_strat,1966,0.000195321
p50,h2o_strat,1967,0.000205025
p50,h2o_strat,1968,0.000214051
p50,h2o_strat,1969,0.000222512
p50,h2o_strat,1970,0.000230293
p50,h2o_strat,1971,0.000237087
p50,h2o_strat,1972,0.000242446
p50,h2o_strat,1973,0.000245978
p50,h2o_strat,1974,0.000248237
p50,h2o_strat,1975,0.000250131
p50,h2o_strat,1976,0.000252623
p50,h2o_strat,1977,0.000256434
p50,h2o_strat,1978,0.000261302
p50,h2o_strat,1979,0.000265898
p50,h2o_strat,1980,0.000268429
p50,h2o_strat,1981,0.000268085
p50,h2o_strat,1982,0.000265139
p50,h2o_strat,1983,0.000259931
p50,h2o_strat,1984,0.000253194
p50,h2o_strat,1985,0.00024623
p50,h2o_strat,1986,0.000239379
p50,h2o_strat,1987,0.000233062
p50,h2o_strat,1988,0.000227584
p50,h2o_strat,1989,0.000221518
p50,h2o_strat,1990,0.000213908
p50,h2o_strat,1991,0.000204896
p50,h2o_strat,1992,0.000194548
p50,h2o_strat,1993,0.000182766
p50,h2o_strat,1994,0.000170995
p50,h2o_strat,1995,0.000161332
p50,h2o_strat,1996,0.000153202
p50,h2o_strat,1997,0.000145631
p50,h2o_strat,1998,0.000138702
p50,h2o_strat,1999,0.000132018
p50,h2o_strat,2000,0.000125018
p50,h2o_strat,2001,0.00011717
p50,h2o_strat,2002,0.000108118
p50,h2o_strat,2003,9.88e-05
p50,h2o_strat,2004,9.16e-05
p50,h2o_strat,2005,8.83e-05
p50,h2o_strat,2006,8.84e-05
p50,h2o_strat,2007,9.05e-05
p50,h2o_strat,2008,9.35e-05
p50,h2o_strat,2009,9.76e-05
p50,h2o_strat,2010,0.000102777
p50,h2o_strat,2011,0.000108526
p50,h2o_strat,2012,0.00011397
p50,h2o_strat,2013,0.000118921
p50,h2o_strat,2014,0.000123976
p50,h2o_strat,2015,0.000129165
p50,h2o_strat,2016,0.000134606
p50,h2o_strat,2017,0.000141192
p50,h2o_strat,2018,0.000149353
p50,h2o_strat,2019,0.000157943
p50,h2o_strat,2020,0.00016556
p50,h2o_strat,2021,0.00017178
p50,halogen,1946,0.000218285
p50,halogen,1947,0.000244213
p50,halogen,1948,0.000269736
p50,halogen,1949,0.000294625
p50,halogen,1950,0.000319574
p50,halogen,1951,0.000345369
p50,halogen,1952,0.000373333
p50,halogen,1953,0.000405456
p50,halogen,1954,0.000443042
p50,halogen,1955,0.000486362
p50,halogen,1956,0.000535462
p50,halogen,1957,0.000591188
p50,halogen,1958,0.000654654
p50,halogen,1959,0.000727315
p50,halogen,1960,0.000811543
p50,halogen,1961,0.000909952
p50,halogen,1962,0.001024773
p50,halogen,1963,0.001157999
p50,halogen,1964,0.001311209
p50,halogen,1965,0.001484859
p50,halogen,1966,0.001678557
p50,halogen,1967,0.001891375
p50,halogen,1968,0.002122086
p50,halogen,1969,0.002370906
p50,halogen,1970,0.002640046
p50,halogen,1971,0.002928509
p50,halogen,1972,0.003228212
p50,halogen,1973,0.003527452
p50,halogen,1974,0.003814804
p50,halogen,1975,0.004077048
p50,halogen,1976,0.004302824
p50,halogen,1977,0.004485198
p50,halogen,1978,0.004620414
p50,halogen,1979,0.004711794
p50,halogen,1980,0.004770604
p50,halogen,1981,0.004815108
p50,halogen,1982,0.004865323
p50,halogen,1983,0.004936818
p50,halogen,1984,0.005042406
p50,halogen,1985,0.005178903
p50,halogen,1986,0.005324898
p50,halogen,1987,0.005451986
p50,halogen,1988,0.005531174
p50,halogen,1989,0.00553254
p50,halogen,1990,0.005430652
p50,halogen,1991,0.005221801
p50,halogen,1992,0.004922466
p50,halogen,1993,0.004559192
p50,halogen,1994,0.004167579
p50,halogen,1995,0.003783014
p50,halogen,1996,0.003428231
p50,halogen,1997,0.003115472
p50,halogen,1998,0.002850532
p50,halogen,1999,0.002629008
p50,halogen,2000,0.002439603
p50,halogen,2001,0.002276769
p50,halogen,2002,0.002137694
p50,halogen,2003,0.002019585
p50,halogen,2004,0.001920644
p50,halogen,2005,0.001838823
p50,halogen,2006,0.001771813
p50,halogen,2007,0.001717762
p50,halogen,2008,0.001672945
p50,halogen,2009,0.001633546
p50,halogen,2010,0.001597718
p50,halogen,2011,0.001564292
p50,halogen,2012,0.001532382
p50,halogen,2013,0.001503209
p50,halogen,2014,0.00147939
p50,halogen,2015,0.001459513
p50,halogen,2016,0.001437895
p50,halogen,2017,0.001411382
p50,halogen,2018,0.001379109
p50,halogen,2019,0.00133902
p50,halogen,2020,0.001290747
p50,halogen,2021,0.001236888
p50,land_use,1946,-0.000119954
p50,land_use,1947,-0.000115208
p50,land_use,1948,-0.000125932
p50,land_use,1949,-0.000150022
p50,land_use,1950,-0.000185831
p50,land_use,1951,-0.000230891
p50,land_use,1952,-0.000281756
p50,land_use,1953,-0.000332975
p50,land_use,1954,-0.000378185
p50,land_use,1955,-0.000410009
p50,land_use,1956,-0.000424904
p50,land_use,1957,-0.000426028
p50,land_use,1958,-0.00041879
p50,land_use,1959,-0.000406969
p50,land_use,1960,-0.000392383
p50,land_use,1961,-0.000376825
p50,land_use,1962,-0.00036222
p50,land_use,1963,-0.000352432
p50,land_use,1964,-0.00035468
p50,land_use,1965,-0.000371175
p50,land_use,1966,-0.000397299
p50,land_use,1967,-0.00042557
p50,land_use,1968,-0.000449814
p50,land_use,1969,-0.000469471
p50,land_use,1970,-0.000483782
p50,land_use,1971,-0.000488476
p50,land_use,1972,-0.00047966
p50,land_use,1973,-0.000460042
p50,land_use,1974,-0.00044171
p50,land_use,1975,-0.000432161
p50,land_use,1976,-0.000429457
p50,land_use,1977,-0.000431388
p50,land_use,1978,-0.000434612
p50,land_use,1979,-0.000438055
p50,land_use,1980,-0.000442571
p50,land_use,1981,-0.00044567
p50,land_use,1982,-0.000444057
p50,land_use,1983,-0.000437619
p50,land_use,1984,-0.000429739
p50,land_use,1985,-0.000419786
p50,land_use,1986,-0.000404131
p50,land_use,1987,-0.000381333
p50,land_use,1988,-0.000350182
p50,land_use,1989,-0.000312845
p50,land_use,1990,-0.000274031
p50,land_use,1991,-0.000236109
p50,land_use,1992,-0.000203065
p50,land_use,1993,-0.000179403
p50,land_use,1994,-0.000166394
p50,land_use,1995,-0.000164123
p50,land_use,1996,-0.000171514
p50,land_use,1997,-0.000182973
p50,land_use,1998,-0.000190663
p50,land_use,1999,-0.000193102
p50,land_use,2000,-0.000192976
p50,land_use,2001,-0.000190825
p50,land_use,2002,-0.000181418
p50,land_use,2003,-0.000159654
p50,land_use,2004,-0.000129147
p50,land_use,2005,-9.85e-05
p50,land_use,2006,-7.37e-05
p50,land_use,2007,-5.21e-05
p50,land_use,2008,-2.96e-05
p50,land_use,2009,-7.69e-06
p50,land_use,2010,3.95e-06
p50,land_use,2011,2.6e-06
p50,land_use,2012,-8.82e-06
p50,land_use,2013,-2.13e-05
p50,land_use,2014,-3.38e-05
p50,land_use,2015,-4.86e-05
p50,land_use,2016,-7.12e-05
p50,land_use,2017,-9.54e-05
p50,land_use,2018,-0.00011351
p50,land_use,2019,-0.000126786
p50,land_use,2020,-0.000139047
p50,land_use,2021,-0.000149637
p50,n2o,1946,0.000423088
p50,n2o,1947,0.000399208
p50,n2o,1948,0.000370191
p50,n2o,1949,0.000346242
p50,n2o,1950,0.000333673
p50,n2o,1951,0.00033118
p50,n2o,1952,0.000339992
p50,n2o,1953,0.000358667
p50,n2o,1954,0.000382108
p50,n2o,1955,0.0004046
p50,n2o,1956,0.000424062
p50,n2o,1957,0.000440705
p50,n2o,1958,0.000454205
p50,n2o,1959,0.000466719
p50,n2o,1960,0.000479384
p50,n2o,1961,0.000491739
p50,n2o,1962,0.000505667
p50,n2o,1963,0.000522781
p50,n2o,1964,0.000542311
p50,n2o,1965,0.000561733
p50,n2o,1966,0.00057953
p50,n2o,1967,0.000595739
p50,n2o,1968,0.000610542
p50,n2o,1969,0.000624559
p50,n2o,1970,0.0006382
p50,n2o,1971,0.000651323
p50,n2o,1972,0.000664454
p50,n2o,1973,0.000678426
p50,n2o,1974,0.000693616
p50,n2o,1975,0.000710251
p50,n2o,1976,0.00072964
p50,n2o,1977,0.000755137
p50,n2o,1978,0.000793118
p50,n2o,1979,0.000841051
p50,n2o,1980,0.000890375
p50,n2o,1981,0.000936256
p50,n2o,1982,0.000978183
p50,n2o,1983,0.001010231
p50,n2o,1984,0.001026832
p50,n2o,1985,0.001035902
p50,n2o,1986,0.001043758
p50,n2o,1987,0.001051647
p50,n2o,1988,0.001062876
p50,n2o,1989,0.001072993
p50,n2o,1990,0.001075497
p50,n2o,1991,0.001071153
p50,n2o,1992,0.001067206
p50,n2o,1993,0.001064779
p50,n2o,1994,0.001059076
p50,n2o,1995,0.001060408
p50,n2o,1996,0.001079789
p50,n2o,1997,0.001115262
p50,n2o,1998,0.001156486
p50,n2o,1999,0.001192152
p50,n2o,2000,0.001215376
p50,n2o,2001,0.001224734
p50,n2o,2002,0.001224878
p50,n2o,2003,0.001221164
p50,n2o,2004,0.001215825
p50,n2o,2005,0.001211768
p50,n2o,2006,0.001214043
p50,n2o,2007,0.001226611
p50,n2o,2008,0.001246473
p50,n2o,2009,0.00126976
p50,n2o,2010,0.001296514
p50,n2o,2011,0.001324988
p50,n2o,2012,0.001351664
p50,n2o,2013,0.001374546
p50,n2o,2014,0.001396714
p50,n2o,2015,0.001418009
p50,n2o,2016,0.001436893
p50,n2o,2017,0.001459267
p50,n2o,2018,0.001488005
p50,n2o,2019,0.00151987
p50,n2o,2020,0.001553011
p50,n2o,2021,0.001589946
p50,natural,1946,0.000514199
p50,natural,1947,0.001263147
p50,natural,1948,0.00184752
p50,natural,1949,0.001864285
p50,natural,1950,0.001186599
p50,natural,1951,0.000451567
p50,natural,1952,-2.47e-06
p50,natural,1953,-0.000374832
p50,natural,1954,-0.000496547
p50,natural,1955,-0.000121481
p50,natural,1956,0.000452151
p50,natural,1957,0.000961705
p50,natural,1958,0.00118031
p50,natural,1959,-0.000246485
p50,natural,1960,-0.003768434
p50,natural,1961,-0.006540495
p50,natural,1962,-0.007517513
p50,natural,1963,-0.007235071
p50,natural,1964,-0.005982373
p50,natural,1965,-0.004163667
p50,natural,1966,-0.001806538
p50,natural,1967,0.000827424
p50,natural,1968,0.004360564
p50,natural,1969,0.006214724
p50,natural,1970,0.005174526
p50,natural,1971,0.003410908
p50,natural,1972,0.002334946
p50,natural,1973,0.001897063
p50,natural,1974,0.001824938
p50,natural,1975,0.001705842
p50,natural,1976,0.001566267
p50,natural,1977,0.001495183
p50,natural,1978,0.000813106
p50,natural,1979,-0.001174554
p50,natural,1980,-0.004133465
p50,natural,1981,-0.006132668
p50,natural,1982,-0.00708913
p50,natural,1983,-0.007130797
p50,natural,1984,-0.006011781
p50,natural,1985,-0.00365032
p50,natural,1986,-0.000645055
p50,natural,1987,0.001502982
p50,natural,1988,-6.63e-05
p50,natural,1989,-0.005281313
p50,natural,1990,-0.009423882
p50,natural,1991,-0.010586095
p50,natural,1992,-0.009523906
p50,natural,1993,-0.0069713
p50,natural,1994,-0.003160196
p50,natural,1995,0.001386961
p50,natural,1996,0.007898387
p50,natural,1997,0.013661345
p50,natural,1998,0.014765479
p50,natural,1999,0.011749725
p50,natural,2000,0.008555589
p50,natural,2001,0.006161411
p50,natural,2002,0.004167082
p50,natural,2003,0.002420277
p50,natural,2004,0.000950814
p50,natural,2005,-6.01e-05
p50,natural,2006,-0.000687089
p50,natural,2007,-0.000932897
p50,natural,2008,-0.000748762
p50,natural,2009,-0.000168989
p50,natural,2010,0.000514753
p50,natural,2011,0.001186812
p50,natural,2012,0.001531031
p50,natural,2013,0.001559347
p50,natural,2014,0.001352219
p50,natural,2015,0.00072756
p50,natural,2016,-0.000187257
p50,natural,2017,-0.001092975
p50,natural,2018,-0.001862774
p50,natural,2019,-0.001955653
p50,natural,2020,-0.001085489
p50,natural,2021,7.57e-06
p50,o3,1946,0.000848062
p50,o3,1947,0.000881385
p50,o3,1948,0.000909834
p50,o3,1949,0.000952371
p50,o3,1950,0.001017964
p50,o3,1951,0.001101058
p50,o3,1952,0.001198783
p50,o3,1953,0.001318034
p50,o3,1954,0.001440916
p50,o3,1955,0.001530269
p50,o3,1956,0.001596813
p50,o3,1957,0.001651012
p50,o3,1958,0.001675273
p50,o3,1959,0.001702526
p50,o3,1960,0.001738451
p50,o3,1961,0.001769954
p50,o3,1962,0.001821999
p50,o3,1963,0.001919524
p50,o3,1964,0.002039799
p50,o3,1965,0.002134394
p50,o3,1966,0.002217558
p50,o3,1967,0.002308058
p50,o3,1968,0.002411172
p50,o3,1969,0.002527607
p50,o3,1970,0.002609
p50,o3,1971,0.00261171
p50,o3,1972,0.002559287
p50,o3,1973,0.00249219
p50,o3,1974,0.002422162
p50,o3,1975,0.002337883
p50,o3,1976,0.002240419
p50,o3,1977,0.002126734
p50,o3,1978,0.002051528
p50,o3,1979,0.001992867
p50,o3,1980,0.001886018
p50,o3,1981,0.001746579
p50,o3,1982,0.001605606
p50,o3,1983,0.001514645
p50,o3,1984,0.001488961
p50,o3,1985,0.001520351
p50,o3,1986,0.001578953
p50,o3,1987,0.001695492
p50,o3,1988,0.00183084
p50,o3,1989,0.001874605
p50,o3,1990,0.001877171
p50,o3,1991,0.001865459
p50,o3,1992,0.001799036
p50,o3,1993,0.001802534
p50,o3,1994,0.001900662
p50,o3,1995,0.001937616
p50,o3,1996,0.001860651
p50,o3,1997,0.001783755
p50,o3,1998,0.001728299
p50,o3,1999,0.001628246
p50,o3,2000,0.001560312
p50,o3,2001,0.001533465
p50,o3,2002,0.001489561
p50,o3,2003,0.001539192
p50,o3,2004,0.001695111
p50,o3,2005,0.00177585
p50,o3,2006,0.001740446
p50,o3,2007,0.001638272
p50,o3,2008,0.001523776
p50,o3,2009,0.001400614
p50,o3,2010,0.001275908
p50,o3,2011,0.001215729
p50,o3,2012,0.001185239
p50,o3,2013,0.001160557
p50,o3,2014,0.0011437
p50,o3,2015,0.001113893
p50,o3,2016,0.001041
p50,o3,2017,0.000959203
p50,o3,2018,0.000913833
p50,o3,2019,0.000936526
p50,o3,2020,0.001058905
p50,o3,2021,0.001192743
p50,other_human_forcing,1946,-0.000412254
p50,other_human_forcing,1947,-0.000399266
p50,other_human_forcing,1948,-0.000740451
p50,other_human_forcing,1949,-0.001411644
p50,other_human_forcing,1950,-0.002253945
p50,other_human_forcing,1951,-0.003043403
p50,other_human_forcing,1952,-0.003666146
p50,other_human_forcing,1953,-0.004244473
p50,other_human_forcing,1954,-0.004780784
p50,other_human_forcing,1955,-0.005155783
p50,other_human_forcing,1956,-0.005465613
p50,other_human_forcing,1957,-0.005787211
p50,other_human_forcing,1958,-0.00600929
p50,other_human_forcing,1959,-0.006188009
p50,other_human_forcing,1960,-0.006291702
p50,other_human_forcing,1961,-0.006253127
p50,other_human_forcing,1962,-0.006215237
p50,other_human_forcing,1963,-0.006257858
p50,other_human_forcing,1964,-0.006252934
p50,other_human_forcing,1965,-0.006101418
p50,other_human_forcing,1966,-0.005996064
p50,other_human_forcing,1967,-0.006018163
p50,other_human_forcing,1968,-0.006080108
p50,other_human_forcing,1969,-0.006258575
p50,other_human_forcing,1970,-0.006449526
p50,other_human_forcing,1971,-0.006399067
p50,other_human_forcing,1972,-0.006225344
p50,other_human_forcing,1973,-0.00601928
p50,other_human_forcing,1974,-0.005705596
p50,other_human_forcing,1975,-0.005294288
p50,other_human_forcing,1976,-0.004905395
p50,other_human_forcing,1977,-0.004445982
p50,other_human_forcing,1978,-0.003936771
p50,other_human_forcing,1979,-0.003385568
p50,other_human_forcing,1980,-0.002711538
p50,other_human_forcing,1981,-0.001956329
p50,other_human_forcing,1982,-0.001237547
p50,other_human_forcing,1983,-0.000762473
p50,other_human_forcing,1984,-0.000517077
p50,other_human_forcing,1985,-0.000429925
p50,other_human_forcing,1986,-0.000523825
p50,other_human_forcing,1987,-0.000809059
p50,other_human_forcing,1988,-0.000918001
p50,other_human_forcing,1989,-0.000617463
p50,other_human_forcing,1990,-0.000113959
p50,other_human_forcing,1991,0.000522904
p50,other_human_forcing,1992,0.001339699
p50,other_human_forcing,1993,0.00202281
p50,other_human_forcing,1994,0.00237324
p50,other_human_forcing,1995,0.002715292
p50,other_human_forcing,1996,0.003162157
p50,other_human_forcing,1997,0.003462249
p50,other_human_forcing,1998,0.003540365
p50,other_human_forcing,1999,0.003428007
p50,other_human_forcing,2000,0.002998856
p50,other_human_forcing,2001,0.002336276
p50,other_human_forcing,2002,0.001674093
p50,other_human_forcing,2003,0.000880313
p50,other_human_forcing,2004,-5.51e-05
p50,other_human_forcing,2005,-0.000457476
p50,other_human_forcing,2006,-3.79e-05
p50,other_human_forcing,2007,0.000964178
p50,other_human_forcing,2008,0.002040785
p50,other_human_forcing,2009,0.003068399
p50,other_human_forcing,2010,0.004081187
p50,other_human_forcing,2011,0.004868471
p50,other_human_forcing,2012,0.005354092
p50,other_human_forcing,2013,0.005792957
p50,other_human_forcing,2014,0.006207118
p50,other_human_forcing,2015,0.006516339
p50,other_human_forcing,2016,0.006851904
p50,other_human_forcing,2017,0.007068585
p50,other_human_forcing,2018,0.007100571
p50,other_human_forcing,2019,0.006771439
p50,other_human_forcing,2020,0.006073397
p50,other_human_forcing,2021,0.005500277
p50,residual,1946,-0.035795391
p50,residual,1947,-0.031569567
p50,residual,1948,-0.023618485
p50,residual,1949,-0.010081671
p50,residual,1950,0.001165714
p50,residual,1951,0.004425632
p50,residual,1952,-0.004756607
p50,residual,1953,0.001413798
p50,residual,1954,0.006120566
p50,residual,1955,0.004920047
p50,residual,1956,-0.007278453
p50,residual,1957,-0.004238271
p50,residual,1958,0.0017502
p50,residual,1959,0.015831176
p50,residual,1960,0.005478682
p50,residual,1961,-0.003263639
p50,residual,1962,-0.015196634
p50,residual,1963,-0.012748769
p50,residual,1964,-0.011656207
p50,residual,1965,-0.004295778
p50,residual,1966,-0.005367205
p50,residual,1967,-0.007174628
p50,residual,1968,-0.003711809
p50,residual,1969,0.011048827
p50,residual,1970,-0.002576991
p50,residual,1971,-0.007161407
p50,residual,1972,-0.015518511
p50,residual,1973,-0.004294353
p50,residual,1974,-0.004737075
p50,residual,1975,0.006270603
p50,residual,1976,0.017715083
p50,residual,1977,0.021007354
p50,residual,1978,0.015186229
p50,residual,1979,0.029308606
p50,residual,1980,0.017562325
p50,residual,1981,0.006283898
p50,residual,1982,-0.012142937
p50,residual,1983,-0.005807042
p50,residual,1984,-0.006403275
p50,residual,1985,-0.01148175
p50,residual,1986,-0.001652656
p50,residual,1987,0.009803256
p50,residual,1988,-0.001865206
p50,residual,1989,0.003539826
p50,residual,1990,0.000679528
p50,residual,1991,0.000475683
p50,residual,1992,-0.008507916
p50,residual,1993,-0.003230707
p50,residual,1994,0.010204693
p50,residual,1995,-0.002144078
p50,residual,1996,-0.005363352
p50,residual,1997,-0.000626161
p50,residual,1998,-0.004267639
p50,residual,1999,-0.005869035
p50,residual,2000,-0.011165569
p50,residual,2001,-0.002691229
p50,residual,2002,-0.006044333
p50,residual,2003,-0.002319495
p50,residual,2004,0.002769452
p50,residual,2005,-0.001466488
p50,residual,2006,-0.005265376
p50,residual,2007,-0.011436158
p50,residual,2008,-0.012936553
p50,residual,2009,-0.012682698
p50,residual,2010,-0.016023082
p50,residual,2011,-0.004031874
p50,residual,2012,0.00929014
p50,residual,2013,0.015128178
p50,residual,2014,0.005159809
p50,residual,2015,0.008158288
p50,residual,2016,0.015161246
p50,residual,2017,0.001706491
p50,residual,2018,-0.009946571
p50,residual,2019,-0.004637852
p50,residual,2020,0.000702345
p50,residual,2021,0.002842725
p50,solar,1946,0.000750636
p50,solar,1947,0.000988501
p50,solar,1948,0.000966022
p50,solar,1949,0.000641356
p50,solar,1950,7.67e-05
p50,solar,1951,-0.000527777
p50,solar,1952,-0.000932269
p50,solar,1953,-0.000864057
p50,solar,1954,-0.000371026
p50,solar,1955,0.000202243
p50,solar,1956,0.000756576
p50,solar,1957,0.001037618
p50,solar,1958,0.000975424
p50,solar,1959,0.000604933
p50,solar,1960,2.62e-05
p50,solar,1961,-0.000675567
p50,solar,1962,-0.001277636
p50,solar,1963,-0.001470196
p50,solar,1964,-0.001241711
p50,solar,1965,-0.000771828
p50,solar,1966,-0.000233275
p50,solar,1967,0.00014509
p50,solar,1968,0.000387901
p50,solar,1969,0.000421982
p50,solar,1970,0.000235191
p50,solar,1971,-7.39e-05
p50,solar,1972,-0.000467538
p50,solar,1973,-0.000768071
p50,solar,1974,-0.000822413
p50,solar,1975,-0.000549797
p50,solar,1976,-3.92e-05
p50,solar,1977,0.000532176
p50,solar,1978,0.001013695
p50,solar,1979,0.001281998
p50,solar,1980,0.001260496
p50,solar,1981,0.000905939
p50,solar,1982,0.000311195
p50,solar,1983,-0.000294765
p50,solar,1984,-0.000832999
p50,solar,1985,-0.000941141
p50,solar,1986,-0.00064179
p50,solar,1987,-0.000131363
p50,solar,1988,0.000337001
p50,solar,1989,0.000709917
p50,solar,1990,0.000815549
p50,solar,1991,0.000591257
p50,solar,1992,0.000115001
p50,solar,1993,-0.000431236
p50,solar,1994,-0.000895578
p50,solar,1995,-0.00097997
p50,solar,1996,-0.000639738
p50,solar,1997,-9.73e-05
p50,solar,1998,0.000477769
p50,solar,1999,0.000958559
p50,solar,2000,0.001092604
p50,solar,2001,0.000879581
p50,solar,2002,0.000370377
p50,solar,2003,-0.000236602
p50,solar,2004,-0.000932307
p50,solar,2005,-0.001456759
p50,solar,2006,-0.001685905
p50,solar,2007,-0.00157258
p50,solar,2008,-0.001125904
p50,solar,2009,-0.000497414
p50,solar,2010,2.54e-05
p50,solar,2011,0.00054686
p50,solar,2012,0.000864358
p50,solar,2013,0.000861584
p50,solar,2014,0.000616607
p50,solar,2015,0.00020661
p50,solar,2016,-0.000196962
p50,solar,2017,-0.00057003
p50,solar,2018,-0.000654824
p50,solar,2019,-0.000343859
p50,solar,2020,0.000247932
p50,solar,2021,0.001056107
p50,total,1946,0.004506309
p50,total,1947,0.005048509
p50,total,1948,0.005152222
p50,total,1949,0.00445561
p50,total,1950,0.003023189
p50,total,1951,0.001708951
p50,total,1952,0.000825339
p50,total,1953,0.000146963
p50,total,1954,-0.00011792
p50,total,1955,0.000280765
p50,total,1956,0.000952698
p50,total,1957,0.001474974
p50,total,1958,0.001806484
p50,total,1959,0.000508864
p50,total,1960,-0.002722498
p50,total,1961,-0.004988542
p50,total,1962,-0.005426666
p50,total,1963,-0.004677339
p50,total,1964,-0.002923368
p50,total,1965,-0.000483882
p50,total,1966,0.002448583
p50,total,1967,0.005838705
p50,total,1968,0.009882938
p50,total,1969,0.012435747
p50,total,1970,0.012264615
p50,total,1971,0.01155797
p50,total,1972,0.011432204
p50,total,1973,0.011822379
p50,total,1974,0.012611693
p50,total,1975,0.013369922
p50,total,1976,0.014073532
p50,total,1977,0.014904785
p50,total,1978,0.015098284
p50,total,1979,0.0138353
p50,total,1980,0.012119011
p50,total,1981,0.011347284
p50,total,1982,0.011387938
p50,total,1983,0.011948517
p50,total,1984,0.013425657
p50,total,1985,0.016037565
p50,total,1986,0.019293636
p50,total,1987,0.021492681
p50,total,1988,0.019767192
p50,total,1989,0.014685166
p50,total,1990,0.010682429
p50,total,1991,0.009611672
p50,total,1992,0.010963099
p50,total,1993,0.01347679
p50,total,1994,0.016937484
p50,total,1995,0.021909239
p50,total,1996,0.028497413
p50,total,1997,0.034705075
p50,total,1998,0.036127011
p50,total,1999,0.033196493
p50,total,2000,0.029711856
p50,total,2001,0.026788002
p50,total,2002,0.02421719
p50,total,2003,0.021615264
p50,total,2004,0.019146308
p50,total,2005,0.017576128
p50,total,2006,0.017377376
p50,total,2007,0.018181011
p50,total,2008,0.019464926
p50,total,2009,0.021181623
p50,total,2010,0.023101054
p50,total,2011,0.024734627
p50,total,2012,0.025885659
p50,total,2013,0.026694936
p50,total,2014,0.027273188
p50,total,2015,0.027330279
p50,total,2016,0.026965803
p50,total,2017,0.026494348
p50,total,2018,0.026004167
p50,total,2019,0.025705589
p50,total,2020,0.025805769
p50,total,2021,0.026435909
p50,volcanic,1946,-0.000217311
p50,volcanic,1947,0.000244054
p50,volcanic,1948,0.000852042
p50,volcanic,1949,0.001192856
p50,volcanic,1950,0.001127522
p50,volcanic,1951,0.001067086
p50,volcanic,1952,0.00095128
p50,volcanic,1953,0.000459942
p50,volcanic,1954,-5.45e-05
p50,volcanic,1955,-0.000335161
p50,volcanic,1956,-0.000287517
p50,volcanic,1957,-7.1e-05
p50,volcanic,1958,0.000183234
p50,volcanic,1959,-0.000949466
p50,volcanic,1960,-0.00382087
p50,volcanic,1961,-0.005800751
p50,volcanic,1962,-0.006143729
p50,volcanic,1963,-0.005662061
p50,volcanic,1964,-0.004656461
p50,volcanic,1965,-0.003339806
p50,volcanic,1966,-0.001542345
p50,volcanic,1967,0.000682436
p50,volcanic,1968,0.003945732
p50,volcanic,1969,0.005758604
p50,volcanic,1970,0.004916199
p50,volcanic,1971,0.003530763
p50,volcanic,1972,0.002893894
p50,volcanic,1973,0.002782767
p50,volcanic,1974,0.002766423
p50,volcanic,1975,0.002330983
p50,volcanic,1976,0.001590392
p50,volcanic,1977,0.000906052
p50,volcanic,1978,-0.000126879
p50,volcanic,1979,-0.002638203
p50,volcanic,1980,-0.005574351
p50,volcanic,1981,-0.007160251
p50,volcanic,1982,-0.007445635
p50,volcanic,1983,-0.006738041
p50,volcanic,1984,-0.00505387
p50,volcanic,1985,-0.002633283
p50,volcanic,1986,1.94e-05
p50,volcanic,1987,0.001704175
p50,volcanic,1988,-0.000428649
p50,volcanic,1989,-0.00607484
p50,volcanic,1990,-0.010325623
p50,volcanic,1991,-0.011236773
p50,volcanic,1992,-0.009643551
p50,volcanic,1993,-0.006446051
p50,volcanic,1994,-0.002242983
p50,volcanic,1995,0.002458824
p50,volcanic,1996,0.008644877
p50,volcanic,1997,0.013791843
p50,volcanic,1998,0.014223688
p50,volcanic,1999,0.010684951
p50,volcanic,2000,0.007352873
p50,volcanic,2001,0.005215536
p50,volcanic,2002,0.00376099
p50,volcanic,2003,0.002686201
p50,volcanic,2004,0.001874947
p50,volcanic,2005,0.001275785
p50,volcanic,2006,0.00084525
p50,volcanic,2007,0.00050605
p50,volcanic,2008,0.000269713
p50,volcanic,2009,0.000276236
p50,volcanic,2010,0.00041971
p50,volcanic,2011,0.000517157
p50,volcanic,2012,0.000544733
p50,volcanic,2013,0.000590724
p50,volcanic,2014,0.000653491
p50,volcanic,2015,0.000456203
p50,volcanic,2016,-4.38e-05
p50,volcanic,2017,-0.000516926
p50,volcanic,2018,-0.001158961
p50,volcanic,2019,-0.001569728
p50,volcanic,2020,-0.001408237
p50,volcanic,2021,-0.001092773
p83,aerosol_cloud_interactions,1946,-0.000459187
p83,aerosol_cloud_interactions,1947,-0.000504067
p83,aerosol_cloud_interactions,1948,-0.000645977
p83,aerosol_cloud_interactions,1949,-0.000889913
p83,aerosol_cloud_interactions,1950,-0.001277495
p83,aerosol_cloud_interactions,1951,-0.001681981
p83,aerosol_cloud_interactions,1952,-0.002038889
p83,aerosol_cloud_interactions,1953,-0.002443932
p83,aerosol_cloud_interactions,1954,-0.002855935
p83,aerosol_cloud_interactions,1955,-0.003167052
p83,aerosol_cloud_interactions,1956,-0.003432233
p83,aerosol_cloud_interactions,1957,-0.003670293
p83,aerosol_cloud_interactions,1958,-0.003790858
p83,aerosol_cloud_interactions,1959,-0.003876891
p83,aerosol_cloud_interactions,1960,-0.003903465
p83,aerosol_cloud_interactions,1961,-0.003776765
p83,aerosol_cloud_interactions,1962,-0.003591448
p83,aerosol_cloud_interactions,1963,-0.00351159
p83,aerosol_cloud_interactions,1964,-0.003457068
p83,aerosol_cloud_interactions,1965,-0.003282728
p83,aerosol_cloud_interactions,1966,-0.003098107
p83,aerosol_cloud_interactions,1967,-0.003061946
p83,aerosol_cloud_interactions,1968,-0.003272484
p83,aerosol_cloud_interactions,1969,-0.003679597
p83,aerosol_cloud_interactions,1970,-0.003984616
p83,aerosol_cloud_interactions,1971,-0.004064177
p83,aerosol_cloud_interactions,1972,-0.004045916
p83,aerosol_cloud_interactions,1973,-0.004016139
p83,aerosol_cloud_interactions,1974,-0.003924651
p83,aerosol_cloud_interactions,1975,-0.003744049
p83,aerosol_cloud_interactions,1976,-0.003536805
p83,aerosol_cloud_interactions,1977,-0.003262635
p83,aerosol_cloud_interactions,1978,-0.002951833
p83,aerosol_cloud_interactions,1979,-0.002585488
p83,aerosol_cloud_interactions,1980,-0.002157916
p83,aerosol_cloud_interactions,1981,-0.001686755
p83,aerosol_cloud_interactions,1982,-0.001236535
p83,aerosol_cloud_interactions,1983,-0.000927927
p83,aerosol_cloud_interactions,1984,-0.000793084
p83,aerosol_cloud_interactions,1985,-0.000821927
p83,aerosol_cloud_interactions,1986,-0.000982822
p83,aerosol_cloud_interactions,1987,-0.001178604
p83,aerosol_cloud_interactions,1988,-0.001221228
p83,aerosol_cloud_interactions,1989,-0.001038907
p83,aerosol_cloud_interactions,1990,-0.000715276
p83,aerosol_cloud_interactions,1991,-0.000334934
p83,aerosol_cloud_interactions,1992,0.000186203
p83,aerosol_cloud_interactions,1993,0.000657959
p83,aerosol_cloud_interactions,1994,0.000986995
p83,aerosol_cloud_interactions,1995,0.001279037
p83,aerosol_cloud_interactions,1996,0.001569387
p83,aerosol_cloud_interactions,1997,0.001734368
p83,aerosol_cloud_interactions,1998,0.001775584
p83,aerosol_cloud_interactions,1999,0.001703027
p83,aerosol_cloud_interactions,2000,0.001376146
p83,aerosol_cloud_interactions,2001,0.000789319
p83,aerosol_cloud_interactions,2002,0.00022691
p83,aerosol_cloud_interactions,2003,-0.000368531
p83,aerosol_cloud_interactions,2004,-0.001036218
p83,aerosol_cloud_interactions,2005,-0.001296895
p83,aerosol_cloud_interactions,2006,-0.00111251
p83,aerosol_cloud_interactions,2007,-0.000598459
p83,aerosol_cloud_interactions,2008,0.000281838
p83,aerosol_cloud_interactions,2009,0.001187891
p83,aerosol_cloud_interactions,2010,0.002078037
p83,aerosol_cloud_interactions,2011,0.002691962
p83,aerosol_cloud_interactions,2012,0.003249178
p83,aerosol_cloud_interactions,2013,0.003738934
p83,aerosol_cloud_interactions,2014,0.00414507
p83,aerosol_cloud_interactions,2015,0.004509908
p83,aerosol_cloud_interactions,2016,0.005026656
p83,aerosol_cloud_interactions,2017,0.005529404
p83,aerosol_cloud_interactions,2018,0.0057721
p83,aerosol_cloud_interactions,2019,0.005614059
p83,aerosol_cloud_interactions,2020,0.005073371
p83,aerosol_cloud_interactions,2021,0.004549789
p83,aerosol_radiation_interactions,1946,-0.000188427
p83,aerosol_radiation_interactions,1947,-0.000244021
p83,aerosol_radiation_interactions,1948,-0.000357329
p83,aerosol_radiation_interactions,1949,-0.000510992
p83,aerosol_radiation_interactions,1950,-0.000684184
p83,aerosol_radiation_interactions,1951,-0.000843928
p83,aerosol_radiation_interactions,1952,-0.000971064
p83,aerosol_radiation_interactions,1953,-0.001080635
p83,aerosol_radiation_interactions,1954,-0.001165121
p83,aerosol_radiation_interactions,1955,-0.00120738
p83,aerosol_radiation_interactions,1956,-0.001232906
p83,aerosol_radiation_interactions,1957,-0.001267953
p83,aerosol_radiation_interactions,1958,-0.00130895
p83,aerosol_radiation_interactions,1959,-0.001363467
p83,aerosol_radiation_interactions,1960,-0.001430819
p83,aerosol_radiation_interactions,1961,-0.001504134
p83,aerosol_radiation_interactions,1962,-0.001599272
p83,aerosol_radiation_interactions,1963,-0.00170477
p83,aerosol_radiation_interactions,1964,-0.001787737
p83,aerosol_radiation_interactions,1965,-0.001831463
p83,aerosol_radiation_interactions,1966,-0.001871916
p83,aerosol_radiation_interactions,1967,-0.001916349
p83,aerosol_radiation_interactions,1968,-0.001940248
p83,aerosol_radiation_interactions,1969,-0.001961072
p83,aerosol_radiation_interactions,1970,-0.001960823
p83,aerosol_radiation_interactions,1971,-0.001897066
p83,aerosol_radiation_interactions,1972,-0.001793479
p83,aerosol_radiation_interactions,1973,-0.001662124
p83,aerosol_radiation_interactions,1974,-0.001477858
p83,aerosol_radiation_interactions,1975,-0.001247174
p83,aerosol_radiation_interactions,1976,-0.00106965
p83,aerosol_radiation_interactions,1977,-0.000927042
p83,aerosol_radiation_interactions,1978,-0.000777393
p83,aerosol_radiation_interactions,1979,-0.000654373
p83,aerosol_radiation_interactions,1980,-0.0005134
p83,aerosol_radiation_interactions,1981,-0.000335006
p83,aerosol_radiation_interactions,1982,-0.000123761
p83,aerosol_radiation_interactions,1983,2.16e-05
p83,aerosol_radiation_interactions,1984,0.000116372
p83,aerosol_radiation_interactions,1985,0.000191388
p83,aerosol_radiation_interactions,1986,0.000200737
p83,aerosol_radiation_interactions,1987,0.000162341
p83,aerosol_radiation_interactions,1988,0.000167096
p83,aerosol_radiation_interactions,1989,0.000279797
p83,aerosol_radiation_interactions,1990,0.000469896
p83,aerosol_radiation_interactions,1991,0.000766908
p83,aerosol_radiation_interactions,1992,0.001202833
p83,aerosol_radiation_interactions,1993,0.001584701
p83,aerosol_radiation_interactions,1994,0.001779311
p83,aerosol_radiation_interactions,1995,0.001944469
p83,aerosol_radiation_interactions,1996,0.002083313
p83,aerosol_radiation_interactions,1997,0.00206987
p83,aerosol_radiation_interactions,1998,0.001909043
p83,aerosol_radiation_interactions,1999,0.001632949
p83,aerosol_radiation_interactions,2000,0.001189515
p83,aerosol_radiation_interactions,2001,0.000693115
p83,aerosol_radiation_interactions,2002,0.000261288
p83,aerosol_radiation_interactions,2003,-3.27e-05
p83,aerosol_radiation_interactions,2004,-0.00020164
p83,aerosol_radiation_interactions,2005,-0.000218606
p83,aerosol_radiation_interactions,2006,-3.29e-05
p83,aerosol_radiation_interactions,2007,0.000316422
p83,aerosol_radiation_interactions,2008,0.000765275
p83,aerosol_radiation_interactions,2009,0.001299555
p83,aerosol_radiation_interactions,2010,0.001909414
p83,aerosol_radiation_interactions,2011,0.002426431
p83,aerosol_radiation_interactions,2012,0.002765148
p83,aerosol_radiation_interactions,2013,0.002978051
p83,aerosol_radiation_interactions,2014,0.003120973
p83,aerosol_radiation_interactions,2015,0.00321648
p83,aerosol_radiation_interactions,2016,0.003492635
p83,aerosol_radiation_interactions,2017,0.003799933
p83,aerosol_radiation_interactions,2018,0.003908599
p83,aerosol_radiation_interactions,2019,0.003732654
p83,aerosol_radiation_interactions,2020,0.00329142
p83,aerosol_radiation_interactions,2021,0.00284997
p83,anthropogenic,1946,0.004528404
p83,anthropogenic,1947,0.004317123
p83,anthropogenic,1948,0.00394988
p83,anthropogenic,1949,0.0033712
p83,anthropogenic,1950,0.002702037
p83,anthropogenic,1951,0.002190874
p83,anthropogenic,1952,0.001877988
p83,anthropogenic,1953,0.001631082
p83,anthropogenic,1954,0.00145272
p83,anthropogenic,1955,0.001419991
p83,anthropogenic,1956,0.001473177
p83,anthropogenic,1957,0.001549703
p83,anthropogenic,1958,0.001717547
p83,anthropogenic,1959,0.001942185
p83,anthropogenic,1960,0.002271222
p83,anthropogenic,1961,0.00279895
p83,anthropogenic,1962,0.003428326
p83,anthropogenic,1963,0.004001077
p83,anthropogenic,1964,0.004598202
p83,anthropogenic,1965,0.005375929
p83,anthropogenic,1966,0.006188606
p83,anthropogenic,1967,0.006892591
p83,anthropogenic,1968,0.00748272
p83,anthropogenic,1969,0.008068371
p83,anthropogenic,1970,0.008836799
p83,anthropogenic,1971,0.009775987
p83,anthropogenic,1972,0.010644868
p83,anthropogenic,1973,0.011411518
p83,anthropogenic,1974,0.012210299
p83,anthropogenic,1975,0.013083503
p83,anthropogenic,1976,0.013966018
p83,anthropogenic,1977,0.014884387
p83,anthropogenic,1978,0.015655734
p83,anthropogenic,1979,0.016498203
p83,anthropogenic,1980,0.017620623
p83,anthropogenic,1981,0.018797699
p83,anthropogenic,1982,0.019807516
p83,anthropogenic,1983,0.020414448
p83,anthropogenic,1984,0.020781063
p83,anthropogenic,1985,0.021106057
p83,anthropogenic,1986,0.021343106
p83,anthropogenic,1987,0.021265334
p83,anthropogenic,1988,0.02133936
p83,anthropogenic,1989,0.021600102
p83,anthropogenic,1990,0.021842319
p83,anthropogenic,1991,0.022082228
p83,anthropogenic,1992,0.022414857
p83,anthropogenic,1993,0.022560982
p83,anthropogenic,1994,0.022510445
p83,anthropogenic,1995,0.022646898
p83,anthropogenic,1996,0.022894782
p83,anthropogenic,1997,0.023057729
p83,anthropogenic,1998,0.023138695
p83,anthropogenic,1999,0.023138312
p83,anthropogenic,2000,0.022837728
p83,anthropogenic,2001,0.022314769
p83,anthropogenic,2002,0.021932963
p83,anthropogenic,2003,0.021158108
p83,anthropogenic,2004,0.019911096
p83,anthropogenic,2005,0.019328324
p83,anthropogenic,2006,0.019808107
p83,anthropogenic,2007,0.021083332
p83,anthropogenic,2008,0.022455164
p83,anthropogenic,2009,0.023685306
p83,anthropogenic,2010,0.024967538
p83,anthropogenic,2011,0.025949603
p83,anthropogenic,2012,0.02673329
p83,anthropogenic,2013,0.027602421
p83,anthropogenic,2014,0.028538502
p83,anthropogenic,2015,0.029341349
p83,anthropogenic,2016,0.03007736
p83,anthropogenic,2017,0.030638573
p83,anthropogenic,2018,0.030939242
p83,anthropogenic,2019,0.030724416
p83,anthropogenic,2020,0.030068723
p83,anthropogenic,2021,0.029561823
p83,bc_snow,1946,0.000113128
p83,bc_snow,1947,9.14e-05
p83,bc_snow,1948,7.56e-05
p83,bc_snow,1949,8.47e-05
p83,bc_snow,1950,0.000127876
p83,bc_snow,1951,0.0001804
p83,bc_snow,1952,0.000234718
p83,bc_snow,1953,0.00031281
p83,bc_snow,1954,0.000409516
p83,bc_snow,1955,0.000501563
p83,bc_snow,1956,0.000598319
p83,bc_snow,1957,0.000685767
p83,bc_snow,1958,0.000728563
p83,bc_snow,1959,0.000747344
p83,bc_snow,1960,0.000734174
p83,bc_snow,1961,0.000672241
p83,bc_snow,1962,0.000592658
p83,bc_snow,1963,0.000533426
p83,bc_snow,1964,0.000491103
p83,bc_snow,1965,0.000451112
p83,bc_snow,1966,0.000435602
p83,bc_snow,1967,0.000456951
p83,bc_snow,1968,0.000523369
p83,bc_snow,1969,0.000634758
p83,bc_snow,1970,0.000750325
p83,bc_snow,1971,0.000837626
p83,bc_snow,1972,0.000913232
p83,bc_snow,1973,0.000999655
p83,bc_snow,1974,0.001095862
p83,bc_snow,1975,0.001181773
p83,bc_snow,1976,0.001223394
p83,bc_snow,1977,0.001200329
p83,bc_snow,1978,0.001166974
p83,bc_snow,1979,0.001116004
p83,bc_snow,1980,0.00101676
p83,bc_snow,1981,0.000899796
p83,bc_snow,1982,0.00079297
p83,bc_snow,1983,0.00073685
p83,bc_snow,1984,0.000755782
p83,bc_snow,1985,0.000837036
p83,bc_snow,1986,0.00093289
p83,bc_snow,1987,0.001048375
p83,bc_snow,1988,0.001143207
p83,bc_snow,1989,0.001151684
p83,bc_snow,1990,0.001135484
p83,bc_snow,1991,0.001131202
p83,bc_snow,1992,0.001090165
p83,bc_snow,1993,0.001064683
p83,bc_snow,1994,0.001104791
p83,bc_snow,1995,0.001080921
p83,bc_snow,1996,0.000904612
p83,bc_snow,1997,0.000689755
p83,bc_snow,1998,0.00049172
p83,bc_snow,1999,0.000297769
p83,bc_snow,2000,0.000183363
p83,bc_snow,2001,0.000157215
p83,bc_snow,2002,0.000169607
p83,bc_snow,2003,0.00026044
p83,bc_snow,2004,0.00047351
p83,bc_snow,2005,0.000642435
p83,bc_snow,2006,0.000695334
p83,bc_snow,2007,0.000638469
p83,bc_snow,2008,0.000523669
p83,bc_snow,2009,0.000394
p83,bc_snow,2010,0.000255979
p83,bc_snow,2011,0.000157384
p83,bc_snow,2012,7.45e-05
p83,bc_snow,2013,1.14e-05
p83,bc_snow,2014,-1.67e-05
p83,bc_snow,2015,-4.6e-05
p83,bc_snow,2016,-6.4e-05
p83,bc_snow,2017,-7.5e-05
p83,bc_snow,2018,-8.38e-05
p83,bc_snow,2019,-8.15e-05
p83,bc_snow,2020,-6.02e-05
p83,bc_snow,2021,-3.89e-05
p83,ch4,1946,0.001439702
p83,ch4,1947,0.001451156
p83,ch4,1948,0.001463959
p83,ch4,1949,0.001489075
p83,ch4,1950,0.001537781
p83,ch4,1951,0.001614384
p83,ch4,1952,0.001723387
p83,ch4,1953,0.001871729
p83,ch4,1954,0.002053592
p83,ch4,1955,0.00224678
p83,ch4,1956,0.002418405
p83,ch4,1957,0.002538349
p83,ch4,1958,0.002605932
p83,ch4,1959,0.002650037
p83,ch4,1960,0.002696677
p83,ch4,1961,0.002751429
p83,ch4,1962,0.002813595
p83,ch4,1963,0.002887451
p83,ch4,1964,0.002983328
p83,ch4,1965,0.003104754
p83,ch4,1966,0.003245215
p83,ch4,1967,0.003385462
p83,ch4,1968,0.003511744
p83,ch4,1969,0.003627083
p83,ch4,1970,0.003730976
p83,ch4,1971,0.003818881
p83,ch4,1972,0.003883403
p83,ch4,1973,0.003918417
p83,ch4,1974,0.003932586
p83,ch4,1975,0.00394008
p83,ch4,1976,0.003955689
p83,ch4,1977,0.003990545
p83,ch4,1978,0.004040874
p83,ch4,1979,0.004087347
p83,ch4,1980,0.004104174
p83,ch4,1981,0.004080434
p83,ch4,1982,0.004020643
p83,ch4,1983,0.003930555
p83,ch4,1984,0.003821012
p83,ch4,1985,0.003709527
p83,ch4,1986,0.003600577
p83,ch4,1987,0.003499692
p83,ch4,1988,0.003410661
p83,ch4,1989,0.003316105
p83,ch4,1990,0.003203993
p83,ch4,1991,0.003075877
p83,ch4,1992,0.002932619
p83,ch4,1993,0.002773502
p83,ch4,1994,0.002615217
p83,ch4,1995,0.00248133
p83,ch4,1996,0.00236609
p83,ch4,1997,0.002258815
p83,ch4,1998,0.002160512
p83,ch4,1999,0.002066678
p83,ch4,2000,0.001970766
p83,ch4,2001,0.001866998
p83,ch4,2002,0.001751083
p83,ch4,2003,0.001632102
p83,ch4,2004,0.001535402
p83,ch4,2005,0.001479426
p83,ch4,2006,0.001462277
p83,ch4,2007,0.001470458
p83,ch4,2008,0.001493325
p83,ch4,2009,0.001530839
p83,ch4,2010,0.001583928
p83,ch4,2011,0.001646393
p83,ch4,2012,0.001707458
p83,ch4,2013,0.001763831
p83,ch4,2014,0.001821943
p83,ch4,2015,0.001882253
p83,ch4,2016,0.001946049
p83,ch4,2017,0.002023515
p83,ch4,2018,0.002120284
p83,ch4,2019,0.002222957
p83,ch4,2020,0.002314204
p83,ch4,2021,0.002388383
p83,co2,1946,0.00291624
p83,co2,1947,0.002683422
p83,co2,1948,0.002529335
p83,co2,1949,0.002468186
p83,co2,1950,0.002493001
p83,co2,1951,0.002578788
p83,co2,1952,0.002697555
p83,co2,1953,0.002829693
p83,co2,1954,0.002960487
p83,co2,1955,0.00308343
p83,co2,1956,0.00322592
p83,co2,1957,0.003408404
p83,co2,1958,0.003633388
p83,co2,1959,0.003901921
p83,co2,1960,0.00420426
p83,co2,1961,0.004512816
p83,co2,1962,0.004824179
p83,co2,1963,0.005126404
p83,co2,1964,0.00539029
p83,co2,1965,0.005619124
p83,co2,1966,0.005880402
p83,co2,1967,0.006191488
p83,co2,1968,0.00657642
p83,co2,1969,0.007161969
p83,co2,1970,0.007885611
p83,co2,1971,0.008501182
p83,co2,1972,0.008916743
p83,co2,1973,0.009220297
p83,co2,1974,0.009480874
p83,co2,1975,0.009715519
p83,co2,1976,0.009989571
p83,co2,1977,0.010261082
p83,co2,1978,0.0104454
p83,co2,1979,0.010703134
p83,co2,1980,0.011101642
p83,co2,1981,0.011464554
p83,co2,1982,0.011661728
p83,co2,1983,0.011750906
p83,co2,1984,0.011883676
p83,co2,1985,0.01210944
p83,co2,1986,0.012405273
p83,co2,1987,0.012720042
p83,co2,1988,0.012898868
p83,co2,1989,0.012863767
p83,co2,1990,0.012695033
p83,co2,1991,0.01248582
p83,co2,1992,0.012281285
p83,co2,1993,0.012073228
p83,co2,1994,0.011993491
p83,co2,1995,0.012169481
p83,co2,1996,0.012500667
p83,co2,1997,0.01289123
p83,co2,1998,0.013295156
p83,co2,1999,0.013673009
p83,co2,2000,0.014007144
p83,co2,2001,0.014307193
p83,co2,2002,0.014608251
p83,co2,2003,0.014847005
p83,co2,2004,0.015041302
p83,co2,2005,0.015252664
p83,co2,2006,0.015425531
p83,co2,2007,0.015515642
p83,co2,2008,0.015530042
p83,co2,2009,0.015580076
p83,co2,2010,0.015699812
p83,co2,2011,0.015847121
p83,co2,2012,0.016105643
p83,co2,2013,0.016472457
p83,co2,2014,0.016872206
p83,co2,2015,0.0172581
p83,co2,2016,0.017595057
p83,co2,2017,0.017864962
p83,co2,2018,0.018033776
p83,co2,2019,0.018133927
p83,co2,2020,0.018227671
p83,co2,2021,0.018332109
p83,contrails,1946,1.76e-05
p83,contrails,1947,1.88e-05
p83,contrails,1948,2e-05
p83,contrails,1949,2.14e-05
p83,contrails,1950,2.29e-05
p83,contrails,1951,2.46e-05
p83,contrails,1952,2.65e-05
p83,contrails,1953,2.85e-05
p83,contrails,1954,3.07e-05
p83,contrails,1955,3.31e-05
p83,contrails,1956,3.56e-05
p83,contrails,1957,3.9e-05
p83,contrails,1958,4.39e-05
p83,contrails,1959,5.06e-05
p83,contrails,1960,5.84e-05
p83,contrails,1961,6.72e-05
p83,contrails,1962,7.73e-05
p83,contrails,1963,9.03e-05
p83,contrails,1964,0.000107861
p83,contrails,1965,0.000128081
p83,contrails,1966,0.000147191
p83,contrails,1967,0.000167039
p83,contrails,1968,0.000189965
p83,contrails,1969,0.000212754
p83,contrails,1970,0.000230382
p83,contrails,1971,0.000239457
p83,contrails,1972,0.000240079
p83,contrails,1973,0.000236625
p83,contrails,1974,0.000234389
p83,contrails,1975,0.000234053
p83,contrails,1976,0.000232518
p83,contrails,1977,0.000229609
p83,contrails,1978,0.000228763
p83,contrails,1979,0.000231169
p83,contrails,1980,0.000237235
p83,contrails,1981,0.000245982
p83,contrails,1982,0.000257089
p83,contrails,1983,0.000273097
p83,contrails,1984,0.000296101
p83,contrails,1985,0.000326263
p83,contrails,1986,0.000359056
p83,contrails,1987,0.000383341
p83,contrails,1988,0.000399813
p83,contrails,1989,0.000417941
p83,contrails,1990,0.000440679
p83,contrails,1991,0.000468068
p83,contrails,1992,0.000499572
p83,contrails,1993,0.000534455
p83,contrails,1994,0.000570504
p83,contrails,1995,0.000608446
p83,contrails,1996,0.000650158
p83,contrails,1997,0.00068351
p83,contrails,1998,0.000693916
p83,contrails,1999,0.000687109
p83,contrails,2000,0.000688552
p83,contrails,2001,0.00071018
p83,contrails,2002,0.000742977
p83,contrails,2003,0.000782921
p83,contrails,2004,0.000821823
p83,contrails,2005,0.000842032
p83,contrails,2006,0.00086093
p83,contrails,2007,0.000897104
p83,contrails,2008,0.000921405
p83,contrails,2009,0.000916361
p83,contrails,2010,0.000906925
p83,contrails,2011,0.000916113
p83,contrails,2012,0.00094504
p83,contrails,2013,0.000994657
p83,contrails,2014,0.001050052
p83,contrails,2015,0.001099146
p83,contrails,2016,0.000991211
p83,contrails,2017,0.000709234
p83,contrails,2018,0.000451926
p83,contrails,2019,0.000311221
p83,contrails,2020,0.000301854
p83,contrails,2021,0.000407908
p83,ghg,1946,0.004979652
p83,ghg,1947,0.004755561
p83,ghg,1948,0.00460978
p83,ghg,1949,0.004576918
p83,ghg,1950,0.004665755
p83,ghg,1951,0.004853299
p83,ghg,1952,0.005117617
p83,ghg,1953,0.005446756
p83,ghg,1954,0.005818162
p83,ghg,1955,0.006199224
p83,ghg,1956,0.006584717
p83,ghg,1957,0.006966382
p83,ghg,1958,0.007344097
p83,ghg,1959,0.007749259
p83,ghg,1960,0.008201367
p83,ghg,1961,0.008682155
p83,ghg,1962,0.009192765
p83,ghg,1963,0.009730234
p83,ghg,1964,0.010276652
p83,ghg,1965,0.010836369
p83,ghg,1966,0.011468534
p83,ghg,1967,0.012170303
p83,ghg,1968,0.012950178
p83,ghg,1969,0.013939256
p83,ghg,1970,0.015074845
p83,ghg,1971,0.016105718
p83,ghg,1972,0.016925455
p83,ghg,1973,0.017603436
p83,ghg,1974,0.018205337
p83,ghg,1975,0.018747789
p83,ghg,1976,0.019299232
p83,ghg,1977,0.01982502
p83,ghg,1978,0.0202398
p83,ghg,1979,0.020686101
p83,ghg,1980,0.021207871
p83,ghg,1981,0.02163463
p83,ghg,1982,0.021866531
p83,ghg,1983,0.021977871
p83,ghg,1984,0.022134578
p83,ghg,1985,0.022406745
p83,ghg,1986,0.022759215
p83,ghg,1987,0.023117783
p83,ghg,1988,0.023307907
p83,ghg,1989,0.023200041
p83,ghg,1990,0.022828343
p83,ghg,1991,0.022284975
p83,ghg,1992,0.021642259
p83,ghg,1993,0.020919431
p83,ghg,1994,0.020287812
p83,ghg,1995,0.019931617
p83,ghg,1996,0.019782412
p83,ghg,1997,0.019754202
p83,ghg,1998,0.019803457
p83,ghg,1999,0.019874864
p83,ghg,2000,0.019926217
p83,ghg,2001,0.01995278
p83,ghg,2002,0.019983237
p83,ghg,2003,0.019971164
p83,ghg,2004,0.01995854
p83,ghg,2005,0.020022436
p83,ghg,2006,0.020111803
p83,ghg,2007,0.020171405
p83,ghg,2008,0.020187789
p83,ghg,2009,0.020259169
p83,ghg,2010,0.020419236
p83,ghg,2011,0.020619936
p83,ghg,2012,0.020926823
p83,ghg,2013,0.0213345
p83,ghg,2014,0.021783163
p83,ghg,2015,0.022226059
p83,ghg,2016,0.022621089
p83,ghg,2017,0.022962562
p83,ghg,2018,0.023224342
p83,ghg,2019,0.023417603
p83,ghg,2020,0.023584917
p83,ghg,2021,0.02374423
p83,h2o_strat,1946,0.000167376
p83,h2o_strat,1947,0.000169129
p83,h2o_strat,1948,0.000171035
p83,h2o_strat,1949,0.000174512
p83,h2o_strat,1950,0.000180978
p83,h2o_strat,1951,0.000190939
p83,h2o_strat,1952,0.000204909
p83,h2o_strat,1953,0.000223734
p83,h2o_strat,1954,0.000246693
p83,h2o_strat,1955,0.000271119
p83,h2o_strat,1956,0.000293113
p83,h2o_strat,1957,0.000308997
p83,h2o_strat,1958,0.000318598
p83,h2o_strat,1959,0.000325482
p83,h2o_strat,1960,0.000332837
p83,h2o_strat,1961,0.000341385
p83,h2o_strat,1962,0.000350969
p83,h2o_strat,1963,0.000362076
p83,h2o_strat,1964,0.000376067
p83,h2o_strat,1965,0.000393479
p83,h2o_strat,1966,0.000413607
p83,h2o_strat,1967,0.000434128
p83,h2o_strat,1968,0.000453234
p83,h2o_strat,1969,0.000471154
p83,h2o_strat,1970,0.000487643
p83,h2o_strat,1971,0.000502061
p83,h2o_strat,1972,0.000513461
p83,h2o_strat,1973,0.000521042
p83,h2o_strat,1974,0.000525934
p83,h2o_strat,1975,0.000530054
p83,h2o_strat,1976,0.000535401
p83,h2o_strat,1977,0.000543502
p83,h2o_strat,1978,0.000553831
p83,h2o_strat,1979,0.000563606
p83,h2o_strat,1980,0.000569083
p83,h2o_strat,1981,0.000568565
p83,h2o_strat,1982,0.000562644
p83,h2o_strat,1983,0.000551984
p83,h2o_strat,1984,0.000538139
p83,h2o_strat,1985,0.000523758
p83,h2o_strat,1986,0.000509602
p83,h2o_strat,1987,0.000496513
p83,h2o_strat,1988,0.000485169
p83,h2o_strat,1989,0.000472644
p83,h2o_strat,1990,0.000457
p83,h2o_strat,1991,0.000438475
p83,h2o_strat,1992,0.000417219
p83,h2o_strat,1993,0.000393086
p83,h2o_strat,1994,0.00036895
p83,h2o_strat,1995,0.000348958
p83,h2o_strat,1996,0.000332016
p83,h2o_strat,1997,0.000316213
p83,h2o_strat,1998,0.000301729
p83,h2o_strat,1999,0.000287793
p83,h2o_strat,2000,0.000273274
p83,h2o_strat,2001,0.000257137
p83,h2o_strat,2002,0.000238709
p83,h2o_strat,2003,0.000219727
p83,h2o_strat,2004,0.000204869
p83,h2o_strat,2005,0.000197356
p83,h2o_strat,2006,0.000196575
p83,h2o_strat,2007,0.000199934
p83,h2o_strat,2008,0.000205448
p83,h2o_strat,2009,0.000213168
p83,h2o_strat,2010,0.000223259
p83,h2o_strat,2011,0.000234709
p83,h2o_strat,2012,0.000245717
p83,h2o_strat,2013,0.000255834
p83,h2o_strat,2014,0.000266217
p83,h2o_strat,2015,0.000276924
p83,h2o_strat,2016,0.000288178
p83,h2o_strat,2017,0.000301801
p83,h2o_strat,2018,0.000318733
p83,h2o_strat,2019,0.000336671
p83,h2o_strat,2020,0.000352657
p83,h2o_strat,2021,0.000365769
p83,halogen,1946,0.000267026
p83,halogen,1947,0.000296635
p83,halogen,1948,0.000325622
p83,halogen,1949,0.000353766
p83,halogen,1950,0.000382082
p83,halogen,1951,0.00041152
p83,halogen,1952,0.000443673
p83,halogen,1953,0.00048101
p83,halogen,1954,0.000525181
p83,halogen,1955,0.000576486
p83,halogen,1956,0.000634952
p83,halogen,1957,0.000701595
p83,halogen,1958,0.000777753
p83,halogen,1959,0.000865191
p83,halogen,1960,0.000966851
p83,halogen,1961,0.00108593
p83,halogen,1962,0.001225098
p83,halogen,1963,0.001386705
p83,halogen,1964,0.001572557
p83,halogen,1965,0.001783037
p83,halogen,1966,0.002017502
p83,halogen,1967,0.002274637
p83,halogen,1968,0.002552751
p83,halogen,1969,0.002852025
p83,halogen,1970,0.003175169
p83,halogen,1971,0.003520822
p83,halogen,1972,0.003878434
p83,halogen,1973,0.004233028
p83,halogen,1974,0.00457024
p83,halogen,1975,0.004874011
p83,halogen,1976,0.005131164
p83,halogen,1977,0.005334714
p83,halogen,1978,0.00548101
p83,halogen,1979,0.005575676
p83,halogen,1980,0.005633193
p83,halogen,1981,0.005675186
p83,halogen,1982,0.00572531
p83,halogen,1983,0.005801624
p83,halogen,1984,0.005918805
p83,halogen,1985,0.006072806
p83,halogen,1986,0.006237468
p83,halogen,1987,0.006378938
p83,halogen,1988,0.006463339
p83,halogen,1989,0.006457425
p83,halogen,1990,0.00633521
p83,halogen,1991,0.006095972
p83,halogen,1992,0.005761583
p83,halogen,1993,0.00536259
p83,halogen,1994,0.0049387
p83,halogen,1995,0.004525988
p83,halogen,1996,0.004145477
p83,halogen,1997,0.003807492
p83,halogen,1998,0.003517256
p83,halogen,1999,0.003269894
p83,halogen,2000,0.003054786
p83,halogen,2001,0.00286674
p83,halogen,2002,0.002703355
p83,halogen,2003,0.002561718
p83,halogen,2004,0.00243999
p83,halogen,2005,0.002336249
p83,halogen,2006,0.002248425
p83,halogen,2007,0.002174971
p83,halogen,2008,0.002112668
p83,halogen,2009,0.002057683
p83,halogen,2010,0.002007812
p83,halogen,2011,0.001961568
p83,halogen,2012,0.00191753
p83,halogen,2013,0.001876799
p83,halogen,2014,0.001842127
p83,halogen,2015,0.001812368
p83,halogen,2016,0.001781792
p83,halogen,2017,0.001747135
p83,halogen,2018,0.001707304
p83,halogen,2019,0.001660033
p83,halogen,2020,0.001604837
p83,halogen,2021,0.001544466
p83,land_use,1946,1.29e-05
p83,land_use,1947,2.29e-05
p83,land_use,1948,1.71e-05
p83,land_use,1949,-1.73e-06
p83,land_use,1950,-2.79e-05
p83,land_use,1951,-5.94e-05
p83,land_use,1952,-9.58e-05
p83,land_use,1953,-0.000130385
p83,land_use,1954,-0.00015905
p83,land_use,1955,-0.000177813
p83,land_use,1956,-0.000185262
p83,land_use,1957,-0.000184259
p83,land_use,1958,-0.000178304
p83,land_use,1959,-0.000170177
p83,land_use,1960,-0.000161355
p83,land_use,1961,-0.000153005
p83,land_use,1962,-0.000146137
p83,land_use,1963,-0.000143068
p83,land_use,1964,-0.000148285
p83,land_use,1965,-0.000161927
p83,land_use,1966,-0.000179778
p83,land_use,1967,-0.000196882
p83,land_use,1968,-0.000210352
p83,land_use,1969,-0.000220515
p83,land_use,1970,-0.000227336
p83,land_use,1971,-0.00022867
p83,land_use,1972,-0.000222066
p83,land_use,1973,-0.000208533
p83,land_use,1974,-0.00019501
p83,land_use,1975,-0.00018707
p83,land_use,1976,-0.00018395
p83,land_use,1977,-0.000184087
p83,land_use,1978,-0.000184832
p83,land_use,1979,-0.000185469
p83,land_use,1980,-0.000186925
p83,land_use,1981,-0.000187846
p83,land_use,1982,-0.000185727
p83,land_use,1983,-0.000180604
p83,land_use,1984,-0.000175125
p83,land_use,1985,-0.000168839
p83,land_use,1986,-0.000158957
p83,land_use,1987,-0.000143657
p83,land_use,1988,-0.000120567
p83,land_use,1989,-9.15e-05
p83,land_use,1990,-6.08e-05
p83,land_use,1991,-3.18e-05
p83,land_use,1992,-2.9e-06
p83,land_use,1993,2e-05
p83,land_use,1994,3.34e-05
p83,land_use,1995,3.56e-05
p83,land_use,1996,2.78e-05
p83,land_use,1997,1.69e-05
p83,land_use,1998,1.23e-05
p83,land_use,1999,1.55e-05
p83,land_use,2000,2.27e-05
p83,land_use,2001,3.11e-05
p83,land_use,2002,4.47e-05
p83,land_use,2003,7.02e-05
p83,land_use,2004,0.000104551
p83,land_use,2005,0.00013328
p83,land_use,2006,0.0001536
p83,land_use,2007,0.000170814
p83,land_use,2008,0.000195769
p83,land_use,2009,0.000224045
p83,land_use,2010,0.0002414
p83,land_use,2011,0.00023985
p83,land_use,2012,0.000224077
p83,land_use,2013,0.000205751
p83,land_use,2014,0.00018663
p83,land_use,2015,0.000161429
p83,land_use,2016,0.000130855
p83,land_use,2017,0.000100133
p83,land_use,2018,7.6e-05
p83,land_use,2019,5.75e-05
p83,land_use,2020,4.27e-05
p83,land_use,2021,3.07e-05
p83,n2o,1946,0.00048887
p83,n2o,1947,0.000462944
p83,n2o,1948,0.000431721
p83,n2o,1949,0.000405902
p83,n2o,1950,0.000391953
p83,n2o,1951,0.000388431
p83,n2o,1952,0.000396845
p83,n2o,1953,0.000416255
p83,n2o,1954,0.000441771
p83,n2o,1955,0.000466962
p83,n2o,1956,0.000489071
p83,n2o,1957,0.00050808
p83,n2o,1958,0.000523576
p83,n2o,1959,0.000537922
p83,n2o,1960,0.000552416
p83,n2o,1961,0.000566555
p83,n2o,1962,0.000582448
p83,n2o,1963,0.000601948
p83,n2o,1964,0.000624229
p83,n2o,1965,0.000646455
p83,n2o,1966,0.000666868
p83,n2o,1967,0.000685478
p83,n2o,1968,0.000702493
p83,n2o,1969,0.00071861
p83,n2o,1970,0.00073429
p83,n2o,1971,0.000749389
p83,n2o,1972,0.000764491
p83,n2o,1973,0.000780536
p83,n2o,1974,0.000797958
p83,n2o,1975,0.000817017
p83,n2o,1976,0.000839184
p83,n2o,1977,0.000868287
p83,n2o,1978,0.00091168
p83,n2o,1979,0.000966676
p83,n2o,1980,0.001023454
p83,n2o,1981,0.001076289
p83,n2o,1982,0.001124515
p83,n2o,1983,0.001161247
p83,n2o,1984,0.001180213
p83,n2o,1985,0.001190677
p83,n2o,1986,0.001199836
p83,n2o,1987,0.001209086
p83,n2o,1988,0.001222092
p83,n2o,1989,0.001233869
p83,n2o,1990,0.001237153
p83,n2o,1991,0.00123282
p83,n2o,1992,0.001228911
p83,n2o,1993,0.001226627
p83,n2o,1994,0.00122074
p83,n2o,1995,0.001222466
p83,n2o,1996,0.001243949
p83,n2o,1997,0.001283571
p83,n2o,1998,0.001330121
p83,n2o,1999,0.001370793
p83,n2o,2000,0.001397565
p83,n2o,2001,0.001408814
p83,n2o,2002,0.001409714
p83,n2o,2003,0.001406258
p83,n2o,2004,0.001400971
p83,n2o,2005,0.001397015
p83,n2o,2006,0.001399886
p83,n2o,2007,0.001414017
p83,n2o,2008,0.001436323
p83,n2o,2009,0.001462639
p83,n2o,2010,0.001492937
p83,n2o,2011,0.001525308
p83,n2o,2012,0.001555805
p83,n2o,2013,0.001582132
p83,n2o,2014,0.001607652
p83,n2o,2015,0.001632183
p83,n2o,2016,0.001654034
p83,n2o,2017,0.001679728
p83,n2o,2018,0.001712522
p83,n2o,2019,0.001748904
p83,n2o,2020,0.001786798
p83,n2o,2021,0.001828979
p83,natural,1946,0.000993094
p83,natural,1947,0.00201851
p83,natural,1948,0.002771752
p83,natural,1949,0.002717366
p83,natural,1950,0.001768814
p83,natural,1951,0.000862486
p83,natural,1952,0.000337238
p83,natural,1953,-3.29e-05
p83,natural,1954,-0.000197594
p83,natural,1955,1.96e-05
p83,natural,1956,0.00087649
p83,natural,1957,0.001626769
p83,natural,1958,0.001886865
p83,natural,1959,2.1e-05
p83,natural,1960,-0.002109682
p83,natural,1961,-0.003697341
p83,natural,1962,-0.004272993
p83,natural,1963,-0.004127276
p83,natural,1964,-0.003413507
p83,natural,1965,-0.002316865
p83,natural,1966,-0.00066859
p83,natural,1967,0.002124161
p83,natural,1968,0.006603873
p83,natural,1969,0.008968022
p83,natural,1970,0.007412267
p83,natural,1971,0.005025191
p83,natural,1972,0.0036018
p83,natural,1973,0.003008826
p83,natural,1974,0.002883702
p83,natural,1975,0.002665667
p83,natural,1976,0.002424122
p83,natural,1977,0.002349983
p83,natural,1978,0.001553147
p83,natural,1979,-0.000459565
p83,natural,1980,-0.00228957
p83,natural,1981,-0.003474571
p83,natural,1982,-0.004045201
p83,natural,1983,-0.004083051
p83,natural,1984,-0.003438443
p83,natural,1985,-0.001963234
p83,natural,1986,0.00029054
p83,natural,1987,0.002842263
p83,natural,1988,0.00046423
p83,natural,1989,-0.002971548
p83,natural,1990,-0.005376503
p83,natural,1991,-0.006080257
p83,natural,1992,-0.005493874
p83,natural,1993,-0.003979347
p83,natural,1994,-0.001309412
p83,natural,1995,0.003399933
p83,natural,1996,0.011812385
p83,natural,1997,0.019558081
p83,natural,1998,0.020914274
p83,natural,1999,0.016781145
p83,natural,2000,0.012588622
p83,natural,2001,0.009427095
p83,natural,2002,0.006734387
p83,natural,2003,0.00432112
p83,natural,2004,0.00236908
p83,natural,2005,0.000988744
p83,natural,2006,0.000213505
p83,natural,2007,-4.97e-05
p83,natural,2008,-3.22e-05
p83,natural,2009,0.000319257
p83,natural,2010,0.001096033
p83,natural,2011,0.001922099
p83,natural,2012,0.002387416
p83,natural,2013,0.002404675
p83,natural,2014,0.002076833
p83,natural,2015,0.00121778
p83,natural,2016,0.000120027
p83,natural,2017,-0.000513757
p83,natural,2018,-0.001000198
p83,natural,2019,-0.001082606
p83,natural,2020,-0.000589333
p83,natural,2021,0.00044548
p83,o3,1946,0.001622266
p83,o3,1947,0.001685556
p83,o3,1948,0.00173981
p83,o3,1949,0.001820825
p83,o3,1950,0.001945773
p83,o3,1951,0.002104261
p83,o3,1952,0.00229093
p83,o3,1953,0.002518806
p83,o3,1954,0.002753532
p83,o3,1955,0.002924315
p83,o3,1956,0.003051412
p83,o3,1957,0.003154951
p83,o3,1958,0.003201463
p83,o3,1959,0.003253674
p83,o3,1960,0.003322362
p83,o3,1961,0.003382701
p83,o3,1962,0.003482054
p83,o3,1963,0.003668224
p83,o3,1964,0.003897916
p83,o3,1965,0.004078724
p83,o3,1966,0.00423764
p83,o3,1967,0.004410637
p83,o3,1968,0.004607641
p83,o3,1969,0.004830088
p83,o3,1970,0.004985681
p83,o3,1971,0.004991137
p83,o3,1972,0.004891736
p83,o3,1973,0.004764125
p83,o3,1974,0.004631208
p83,o3,1975,0.004471606
p83,o3,1976,0.004287043
p83,o3,1977,0.004072043
p83,o3,1978,0.003929169
p83,o3,1979,0.003817606
p83,o3,1980,0.003616672
p83,o3,1981,0.003355623
p83,o3,1982,0.003092166
p83,o3,1983,0.002919947
p83,o3,1984,0.002867356
p83,o3,1985,0.002921372
p83,o3,1986,0.003028775
p83,o3,1987,0.003247165
p83,o3,1988,0.003503406
p83,o3,1989,0.003587381
p83,o3,1990,0.003592889
p83,o3,1991,0.003571185
p83,o3,1992,0.003446366
p83,o3,1993,0.003452006
p83,o3,1994,0.003636639
p83,o3,1995,0.003707386
p83,o3,1996,0.003563383
p83,o3,1997,0.003418914
p83,o3,1998,0.003313937
p83,o3,1999,0.003126974
p83,o3,2000,0.002998729
p83,o3,2001,0.002946415
p83,o3,2002,0.002863616
p83,o3,2003,0.002953246
p83,o3,2004,0.003245079
p83,o3,2005,0.003398857
p83,o3,2006,0.00333425
p83,o3,2007,0.003143608
p83,o3,2008,0.002930414
p83,o3,2009,0.00270171
p83,o3,2010,0.002471066
p83,o3,2011,0.002355731
p83,o3,2012,0.002295205
p83,o3,2013,0.002246936
p83,o3,2014,0.002213569
p83,o3,2015,0.002157659
p83,o3,2016,0.002025031
p83,o3,2017,0.001875749
p83,o3,2018,0.001789798
p83,o3,2019,0.001824353
p83,o3,2020,0.002042426
p83,o3,2021,0.002290729
p83,other_human_forcing,1946,0.000388976
p83,other_human_forcing,1947,0.000312882
p83,other_human_forcing,1948,-9.44e-06
p83,other_human_forcing,1949,-0.000574164
p83,other_human_forcing,1950,-0.001316696
p83,other_human_forcing,1951,-0.001987667
p83,other_human_forcing,1952,-0.00250827
p83,other_human_forcing,1953,-0.0029893
p83,other_human_forcing,1954,-0.003429575
p83,other_human_forcing,1955,-0.003745869
p83,other_human_forcing,1956,-0.003998123
p83,other_human_forcing,1957,-0.004238405
p83,other_human_forcing,1958,-0.004399607
p83,other_human_forcing,1959,-0.004529486
p83,other_human_forcing,1960,-0.004597056
p83,other_human_forcing,1961,-0.004537412
p83,other_human_forcing,1962,-0.004446271
p83,other_human_forcing,1963,-0.00441277
p83,other_human_forcing,1964,-0.004315353
p83,other_human_forcing,1965,-0.004109567
p83,other_human_forcing,1966,-0.003918641
p83,other_human_forcing,1967,-0.003827402
p83,other_human_forcing,1968,-0.003888892
p83,other_human_forcing,1969,-0.004141679
p83,other_human_forcing,1970,-0.004313789
p83,other_human_forcing,1971,-0.00424734
p83,other_human_forcing,1972,-0.004107526
p83,other_human_forcing,1973,-0.003936917
p83,other_human_forcing,1974,-0.003620009
p83,other_human_forcing,1975,-0.003198426
p83,other_human_forcing,1976,-0.002844202
p83,other_human_forcing,1977,-0.002475722
p83,other_human_forcing,1978,-0.00202432
p83,other_human_forcing,1979,-0.001520118
p83,other_human_forcing,1980,-0.000953964
p83,other_human_forcing,1981,-0.000329205
p83,other_human_forcing,1982,0.000268422
p83,other_human_forcing,1983,0.000664952
p83,other_human_forcing,1984,0.000898417
p83,other_human_forcing,1985,0.00101502
p83,other_human_forcing,1986,0.00097233
p83,other_human_forcing,1987,0.000807932
p83,other_human_forcing,1988,0.000854644
p83,other_human_forcing,1989,0.001217092
p83,other_human_forcing,1990,0.001784447
p83,other_human_forcing,1991,0.002520443
p83,other_human_forcing,1992,0.003468791
p83,other_human_forcing,1993,0.004292535
p83,other_human_forcing,1994,0.004812389
p83,other_human_forcing,1995,0.005250941
p83,other_human_forcing,1996,0.00559471
p83,other_human_forcing,1997,0.005706454
p83,other_human_forcing,1998,0.005597145
p83,other_human_forcing,1999,0.005263222
p83,other_human_forcing,2000,0.004625291
p83,other_human_forcing,2001,0.003857364
p83,other_human_forcing,2002,0.00329901
p83,other_human_forcing,2003,0.002582067
p83,other_human_forcing,2004,0.00152285
p83,other_human_forcing,2005,0.001212909
p83,other_human_forcing,2006,0.001697611
p83,other_human_forcing,2007,0.00292522
p83,other_human_forcing,2008,0.004390283
p83,other_human_forcing,2009,0.005491339
p83,other_human_forcing,2010,0.006468264
p83,other_human_forcing,2011,0.007075633
p83,other_human_forcing,2012,0.007503542
p83,other_human_forcing,2013,0.007978594
p83,other_human_forcing,2014,0.008412731
p83,other_human_forcing,2015,0.008737816
p83,other_human_forcing,2016,0.009112202
p83,other_human_forcing,2017,0.009363542
p83,other_human_forcing,2018,0.009368133
p83,other_human_forcing,2019,0.008968364
p83,other_human_forcing,2020,0.008233437
p83,other_human_forcing,2021,0.007633318
p83,residual,1946,-0.020915658
p83,residual,1947,-0.017560663
p83,residual,1948,-0.011389015
p83,residual,1949,-0.000554268
p83,residual,1950,0.008635209
p83,residual,1951,0.011775882
p83,residual,1952,0.001940572
p83,residual,1953,0.007869918
p83,residual,1954,0.011363175
p83,residual,1955,0.008871629
p83,residual,1956,-0.003382828
p83,residual,1957,-0.000177506
p83,residual,1958,0.005434749
p83,residual,1959,0.019785683
p83,residual,1960,0.009696401
p83,residual,1961,0.001091991
p83,residual,1962,-0.010696107
p83,residual,1963,-0.008462574
p83,residual,1964,-0.007691857
p83,residual,1965,-0.000556953
p83,residual,1966,-0.001850408
p83,residual,1967,-0.003557813
p83,residual,1968,0.000390009
p83,residual,1969,0.015699647
p83,residual,1970,0.001699939
p83,residual,1971,-0.003496423
p83,residual,1972,-0.011975838
p83,residual,1973,-0.001096073
p83,residual,1974,-0.001885173
p83,residual,1975,0.008953007
p83,residual,1976,0.020348116
p83,residual,1977,0.023465647
p83,residual,1978,0.017551896
p83,residual,1979,0.031757604
p83,residual,1980,0.020655873
p83,residual,1981,0.010013825
p83,residual,1982,-0.007986857
p83,residual,1983,-0.001703505
p83,residual,1984,-0.002706001
p83,residual,1985,-0.008448063
p83,residual,1986,0.000782796
p83,residual,1987,0.012294442
p83,residual,1988,0.000624501
p83,residual,1989,0.007152878
p83,residual,1990,0.005651479
p83,residual,1991,0.00602459
p83,residual,1992,-0.003267342
p83,residual,1993,0.001513027
p83,residual,1994,0.014330684
p83,residual,1995,0.00161756
p83,residual,1996,-0.000651046
p83,residual,1997,0.005798645
p83,residual,1998,0.002357845
p83,residual,1999,-0.000553388
p83,residual,2000,-0.00691017
p83,residual,2001,0.000944768
p83,residual,2002,-0.00273666
p83,residual,2003,0.00070032
p83,residual,2004,0.005586044
p83,residual,2005,0.001269566
p83,residual,2006,-0.002601436
p83,residual,2007,-0.008847925
p83,residual,2008,-0.010444837
p83,residual,2009,-0.010139465
p83,residual,2010,-0.013322995
p83,residual,2011,-0.001326543
p83,residual,2012,0.012090149
p83,residual,2013,0.018007952
p83,residual,2014,0.008083596
p83,residual,2015,0.011198101
p83,residual,2016,0.018468946
p83,residual,2017,0.005426849
p83,residual,2018,-0.006005024
p83,residual,2019,-0.000768563
p83,residual,2020,0.004552618
p83,residual,2021,0.006961142
p83,solar,1946,0.001257062
p83,solar,1947,0.001636927
p83,solar,1948,0.001595899
p83,solar,1949,0.001080099
p83,solar,1950,0.000228139
p83,solar,1951,-0.000244057
p83,solar,1952,-0.000452819
p83,solar,1953,-0.000423874
p83,solar,1954,-0.000173955
p83,solar,1955,0.000431097
p83,solar,1956,0.001280533
p83,solar,1957,0.001724841
p83,solar,1958,0.001613784
p83,solar,1959,0.001022831
p83,solar,1960,0.000151088
p83,solar,1961,-0.000321238
p83,solar,1962,-0.000625578
p83,solar,1963,-0.000726033
p83,solar,1964,-0.00061539
p83,solar,1965,-0.000377241
p83,solar,1966,-3.23e-05
p83,solar,1967,0.000383401
p83,solar,1968,0.00071543
p83,solar,1969,0.000739653
p83,solar,1970,0.000433626
p83,solar,1971,1.89e-06
p83,solar,1972,-0.000225301
p83,solar,1973,-0.000378264
p83,solar,1974,-0.00040756
p83,solar,1975,-0.000271169
p83,solar,1976,6.29e-05
p83,solar,1977,0.000934594
p83,solar,1978,0.00170215
p83,solar,1979,0.002131295
p83,solar,1980,0.002089603
p83,solar,1981,0.001519325
p83,solar,1982,0.000606631
p83,solar,1983,-0.000110726
p83,solar,1984,-0.000400975
p83,solar,1985,-0.000460954
p83,solar,1986,-0.000314692
p83,solar,1987,-1.5e-05
p83,solar,1988,0.00061922
p83,solar,1989,0.00119363
p83,solar,1990,0.001352714
p83,solar,1991,0.000983407
p83,solar,1992,0.000257914
p83,solar,1993,-0.000200637
p83,solar,1994,-0.000437407
p83,solar,1995,-0.000483379
p83,solar,1996,-0.000315119
p83,solar,1997,9.01e-06
p83,solar,1998,0.000846668
p83,solar,1999,0.001608437
p83,solar,2000,0.001813321
p83,solar,2001,0.001459471
p83,solar,2002,0.000674058
p83,solar,2003,-8.66e-05
p83,solar,2004,-0.000452045
p83,solar,2005,-0.000716968
p83,solar,2006,-0.000834631
p83,solar,2007,-0.000780785
p83,solar,2008,-0.00055617
p83,solar,2009,-0.000189779
p83,solar,2010,0.000260509
p83,solar,2011,0.001008593
p83,solar,2012,0.001477458
p83,solar,2013,0.001448054
p83,solar,2014,0.001040863
p83,solar,2015,0.000418201
p83,solar,2016,-6.94e-05
p83,solar,2017,-0.000275548
p83,solar,2018,-0.000322061
p83,solar,2019,-0.000166036
p83,solar,2020,0.000483363
p83,solar,2021,0.001779676
p83,total,1946,0.005219756
p83,total,1947,0.005943876
p83,total,1948,0.006261456
p83,total,1949,0.005620467
p83,total,1950,0.004106101
p83,total,1951,0.002789892
p83,total,1952,0.001976768
p83,total,1953,0.001340856
p83,total,1954,0.001031939
p83,total,1955,0.001324713
p83,total,1956,0.002033415
p83,total,1957,0.002701322
p83,total,1958,0.003100797
p83,total,1959,0.001678009
p83,total,1960,-0.000569858
p83,total,1961,-0.001832156
p83,total,1962,-0.001891332
p83,total,1963,-0.001231836
p83,total,1964,0.000118749
p83,total,1965,0.002106371
p83,total,1966,0.004802228
p83,total,1967,0.008594174
p83,total,1968,0.013368041
p83,total,1969,0.016181711
p83,total,1970,0.015401012
p83,total,1971,0.01400571
p83,total,1972,0.013511848
p83,total,1973,0.01372282
p83,total,1974,0.014395455
p83,total,1975,0.015053684
p83,total,1976,0.015697817
p83,total,1977,0.016525589
p83,total,1978,0.016560216
p83,total,1979,0.015293829
p83,total,1980,0.0143341
p83,total,1981,0.014322062
p83,total,1982,0.014797331
p83,total,1983,0.015437024
p83,total,1984,0.01655343
p83,total,1985,0.018467766
p83,total,1986,0.021159156
p83,total,1987,0.023328729
p83,total,1988,0.021345743
p83,total,1989,0.017654142
p83,total,1990,0.015278837
p83,total,1991,0.014722015
p83,total,1992,0.015683497
p83,total,1993,0.017381377
p83,total,1994,0.019963956
p83,total,1995,0.024706538
p83,total,1996,0.032692946
p83,total,1997,0.040470049
p83,total,1998,0.041985788
p83,total,1999,0.038013051
p83,total,2000,0.033727109
p83,total,2001,0.030258986
p83,total,2002,0.027453597
p83,total,2003,0.024622653
p83,total,2004,0.021732453
p83,total,2005,0.01995547
p83,total,2006,0.019662515
p83,total,2007,0.020575319
p83,total,2008,0.02197588
p83,total,2009,0.023671709
p83,total,2010,0.025646193
p83,total,2011,0.027261148
p83,total,2012,0.028386467
p83,total,2013,0.029265738
p83,total,2014,0.029963513
p83,total,2015,0.030130311
p83,total,2016,0.029903322
p83,total,2017,0.029636604
p83,total,2018,0.029322214
p83,total,2019,0.029050379
p83,total,2020,0.029079745
p83,total,2021,0.029624907
p83,volcanic,1946,-3.46e-05
p83,volcanic,1947,0.000443675
p83,volcanic,1948,0.00123237
p83,volcanic,1949,0.001692465
p83,volcanic,1950,0.001609096
p83,volcanic,1951,0.001534106
p83,volcanic,1952,0.001387504
p83,volcanic,1953,0.000749334
p83,volcanic,1954,6.99e-05
p83,volcanic,1955,-0.000151487
p83,volcanic,1956,-0.000116659
p83,volcanic,1957,1.55e-05
p83,volcanic,1958,0.000310722
p83,volcanic,1959,-0.000523745
p83,volcanic,1960,-0.002153819
p83,volcanic,1961,-0.003296788
p83,volcanic,1962,-0.003515226
p83,volcanic,1963,-0.003252834
p83,volcanic,1964,-0.002670866
p83,volcanic,1965,-0.001858852
p83,volcanic,1966,-0.000615782
p83,volcanic,1967,0.001752294
p83,volcanic,1968,0.005926317
p83,volcanic,1969,0.008275136
p83,volcanic,1970,0.007015207
p83,volcanic,1971,0.005135389
p83,volcanic,1972,0.004274883
p83,volcanic,1973,0.004102522
p83,volcanic,1974,0.004068284
p83,volcanic,1975,0.003495904
p83,volcanic,1976,0.002531229
p83,volcanic,1977,0.001597035
p83,volcanic,1978,0.000248371
p83,volcanic,1979,-0.001444426
p83,volcanic,1980,-0.003138555
p83,volcanic,1981,-0.004068259
p83,volcanic,1982,-0.004257543
p83,volcanic,1983,-0.003869138
p83,volcanic,1984,-0.002888471
p83,volcanic,1985,-0.001250314
p83,volcanic,1986,0.000969406
p83,volcanic,1987,0.003028894
p83,volcanic,1988,0.000134549
p83,volcanic,1989,-0.003427434
p83,volcanic,1990,-0.005889026
p83,volcanic,1991,-0.006453586
p83,volcanic,1992,-0.005563964
p83,volcanic,1993,-0.003641266
p83,volcanic,1994,-0.000609444
p83,volcanic,1995,0.004747052
p83,volcanic,1996,0.012782896
p83,volcanic,1997,0.019702734
p83,volcanic,1998,0.020130676
p83,volcanic,1999,0.015298134
p83,volcanic,2000,0.010941855
p83,volcanic,2001,0.008093305
p83,volcanic,2002,0.006105299
p83,volcanic,2003,0.004629106
p83,volcanic,2004,0.003507243
p83,volcanic,2005,0.002598911
p83,volcanic,2006,0.001901075
p83,volcanic,2007,0.001383317
p83,volcanic,2008,0.001044512
p83,volcanic,2009,0.000947967
p83,volcanic,2010,0.001024034
p83,volcanic,2011,0.001083556
p83,volcanic,2012,0.001067892
p83,volcanic,2013,0.00108336
p83,volcanic,2014,0.0011231
p83,volcanic,2015,0.00086305
p83,volcanic,2016,0.000307046
p83,volcanic,2017,-0.000112655
p83,volcanic,2018,-0.00060306
p83,volcanic,2019,-0.000860661
p83,volcanic,2020,-0.000781372
p83,volcanic,2021,-0.000607929
p95,aerosol_cloud_interactions,1946,-0.000148323
p95,aerosol_cloud_interactions,1947,-0.000249456
p95,aerosol_cloud_interactions,1948,-0.00032941
p95,aerosol_cloud_interactions,1949,-0.000475787
p95,aerosol_cloud_interactions,1950,-0.000801287
p95,aerosol_cloud_interactions,1951,-0.001116085
p95,aerosol_cloud_interactions,1952,-0.001399571
p95,aerosol_cloud_interactions,1953,-0.001746714
p95,aerosol_cloud_interactions,1954,-0.002107147
p95,aerosol_cloud_interactions,1955,-0.002380206
p95,aerosol_cloud_interactions,1956,-0.002607418
p95,aerosol_cloud_interactions,1957,-0.00279978
p95,aerosol_cloud_interactions,1958,-0.002881196
p95,aerosol_cloud_interactions,1959,-0.002941316
p95,aerosol_cloud_interactions,1960,-0.00295908
p95,aerosol_cloud_interactions,1961,-0.002816965
p95,aerosol_cloud_interactions,1962,-0.002596412
p95,aerosol_cloud_interactions,1963,-0.002522778
p95,aerosol_cloud_interactions,1964,-0.002462579
p95,aerosol_cloud_interactions,1965,-0.002281488
p95,aerosol_cloud_interactions,1966,-0.002045719
p95,aerosol_cloud_interactions,1967,-0.00185874
p95,aerosol_cloud_interactions,1968,-0.002081932
p95,aerosol_cloud_interactions,1969,-0.002660777
p95,aerosol_cloud_interactions,1970,-0.002963596
p95,aerosol_cloud_interactions,1971,-0.003033178
p95,aerosol_cloud_interactions,1972,-0.003013159
p95,aerosol_cloud_interactions,1973,-0.0029952
p95,aerosol_cloud_interactions,1974,-0.002910586
p95,aerosol_cloud_interactions,1975,-0.002748055
p95,aerosol_cloud_interactions,1976,-0.002574823
p95,aerosol_cloud_interactions,1977,-0.002356979
p95,aerosol_cloud_interactions,1978,-0.002089728
p95,aerosol_cloud_interactions,1979,-0.001769322
p95,aerosol_cloud_interactions,1980,-0.001415339
p95,aerosol_cloud_interactions,1981,-0.001011345
p95,aerosol_cloud_interactions,1982,-0.000646474
p95,aerosol_cloud_interactions,1983,-0.0004431
p95,aerosol_cloud_interactions,1984,-0.000375282
p95,aerosol_cloud_interactions,1985,-0.000424212
p95,aerosol_cloud_interactions,1986,-0.000578773
p95,aerosol_cloud_interactions,1987,-0.000729861
p95,aerosol_cloud_interactions,1988,-0.000751138
p95,aerosol_cloud_interactions,1989,-0.000594631
p95,aerosol_cloud_interactions,1990,-0.000274555
p95,aerosol_cloud_interactions,1991,0.000201845
p95,aerosol_cloud_interactions,1992,0.00081991
p95,aerosol_cloud_interactions,1993,0.00144591
p95,aerosol_cloud_interactions,1994,0.001868598
p95,aerosol_cloud_interactions,1995,0.002237899
p95,aerosol_cloud_interactions,1996,0.002588442
p95,aerosol_cloud_interactions,1997,0.002747807
p95,aerosol_cloud_interactions,1998,0.002736296
p95,aerosol_cloud_interactions,1999,0.002559441
p95,aerosol_cloud_interactions,2000,0.00206329
p95,aerosol_cloud_interactions,2001,0.001263733
p95,aerosol_cloud_interactions,2002,0.000627442
p95,aerosol_cloud_interactions,2003,0.000211989
p95,aerosol_cloud_interactions,2004,-0.000733266
p95,aerosol_cloud_interactions,2005,-0.000919051
p95,aerosol_cloud_interactions,2006,-0.000757347
p95,aerosol_cloud_interactions,2007,-9.33e-05
p95,aerosol_cloud_interactions,2008,0.001316423
p95,aerosol_cloud_interactions,2009,0.002282718
p95,aerosol_cloud_interactions,2010,0.003172377
p95,aerosol_cloud_interactions,2011,0.003856028
p95,aerosol_cloud_interactions,2012,0.004566839
p95,aerosol_cloud_interactions,2013,0.00518367
p95,aerosol_cloud_interactions,2014,0.005647241
p95,aerosol_cloud_interactions,2015,0.006072889
p95,aerosol_cloud_interactions,2016,0.006739245
p95,aerosol_cloud_interactions,2017,0.007384872
p95,aerosol_cloud_interactions,2018,0.007656206
p95,aerosol_cloud_interactions,2019,0.00743264
p95,aerosol_cloud_interactions,2020,0.006778024
p95,aerosol_cloud_interactions,2021,0.006113992
p95,aerosol_radiation_interactions,1946,-7.58e-05
p95,aerosol_radiation_interactions,1947,-0.00013416
p95,aerosol_radiation_interactions,1948,-0.00020367
p95,aerosol_radiation_interactions,1949,-0.000280625
p95,aerosol_radiation_interactions,1950,-0.00036361
p95,aerosol_radiation_interactions,1951,-0.000435326
p95,aerosol_radiation_interactions,1952,-0.000486965
p95,aerosol_radiation_interactions,1953,-0.000530848
p95,aerosol_radiation_interactions,1954,-0.000548891
p95,aerosol_radiation_interactions,1955,-0.00052918
p95,aerosol_radiation_interactions,1956,-0.000493846
p95,aerosol_radiation_interactions,1957,-0.000465357
p95,aerosol_radiation_interactions,1958,-0.000449747
p95,aerosol_radiation_interactions,1959,-0.000468843
p95,aerosol_radiation_interactions,1960,-0.000519675
p95,aerosol_radiation_interactions,1961,-0.000577883
p95,aerosol_radiation_interactions,1962,-0.000652764
p95,aerosol_radiation_interactions,1963,-0.000738477
p95,aerosol_radiation_interactions,1964,-0.000816761
p95,aerosol_radiation_interactions,1965,-0.000857632
p95,aerosol_radiation_interactions,1966,-0.000873177
p95,aerosol_radiation_interactions,1967,-0.000876319
p95,aerosol_radiation_interactions,1968,-0.000867934
p95,aerosol_radiation_interactions,1969,-0.000874785
p95,aerosol_radiation_interactions,1970,-0.000861569
p95,aerosol_radiation_interactions,1971,-0.000806757
p95,aerosol_radiation_interactions,1972,-0.000714708
p95,aerosol_radiation_interactions,1973,-0.000619911
p95,aerosol_radiation_interactions,1974,-0.000489598
p95,aerosol_radiation_interactions,1975,-0.00030192
p95,aerosol_radiation_interactions,1976,-0.000168873
p95,aerosol_radiation_interactions,1977,-7.99e-05
p95,aerosol_radiation_interactions,1978,-1.8e-05
p95,aerosol_radiation_interactions,1979,3.13e-05
p95,aerosol_radiation_interactions,1980,9.64e-05
p95,aerosol_radiation_interactions,1981,0.000187924
p95,aerosol_radiation_interactions,1982,0.00031612
p95,aerosol_radiation_interactions,1983,0.000461963
p95,aerosol_radiation_interactions,1984,0.000625277
p95,aerosol_radiation_interactions,1985,0.000807978
p95,aerosol_radiation_interactions,1986,0.000916928
p95,aerosol_radiation_interactions,1987,0.000928012
p95,aerosol_radiation_interactions,1988,0.000938444
p95,aerosol_radiation_interactions,1989,0.001065269
p95,aerosol_radiation_interactions,1990,0.001300526
p95,aerosol_radiation_interactions,1991,0.001705899
p95,aerosol_radiation_interactions,1992,0.00226101
p95,aerosol_radiation_interactions,1993,0.002734613
p95,aerosol_radiation_interactions,1994,0.003005039
p95,aerosol_radiation_interactions,1995,0.003219674
p95,aerosol_radiation_interactions,1996,0.0033242
p95,aerosol_radiation_interactions,1997,0.003180913
p95,aerosol_radiation_interactions,1998,0.002844309
p95,aerosol_radiation_interactions,1999,0.002373599
p95,aerosol_radiation_interactions,2000,0.001739587
p95,aerosol_radiation_interactions,2001,0.001059139
p95,aerosol_radiation_interactions,2002,0.000475283
p95,aerosol_radiation_interactions,2003,0.000209589
p95,aerosol_radiation_interactions,2004,0.000113643
p95,aerosol_radiation_interactions,2005,0.000203862
p95,aerosol_radiation_interactions,2006,0.000511823
p95,aerosol_radiation_interactions,2007,0.00095044
p95,aerosol_radiation_interactions,2008,0.001478392
p95,aerosol_radiation_interactions,2009,0.002108151
p95,aerosol_radiation_interactions,2010,0.002845816
p95,aerosol_radiation_interactions,2011,0.003472868
p95,aerosol_radiation_interactions,2012,0.0038635
p95,aerosol_radiation_interactions,2013,0.004121966
p95,aerosol_radiation_interactions,2014,0.004296252
p95,aerosol_radiation_interactions,2015,0.004418471
p95,aerosol_radiation_interactions,2016,0.004796798
p95,aerosol_radiation_interactions,2017,0.005214041
p95,aerosol_radiation_interactions,2018,0.005356679
p95,aerosol_radiation_interactions,2019,0.005110091
p95,aerosol_radiation_interactions,2020,0.004509603
p95,aerosol_radiation_interactions,2021,0.003945942
p95,anthropogenic,1946,0.005082588
p95,anthropogenic,1947,0.004804267
p95,anthropogenic,1948,0.004490638
p95,anthropogenic,1949,0.003984855
p95,anthropogenic,1950,0.003416787
p95,anthropogenic,1951,0.002986116
p95,anthropogenic,1952,0.002707431
p95,anthropogenic,1953,0.002437867
p95,anthropogenic,1954,0.002228806
p95,anthropogenic,1955,0.002200264
p95,anthropogenic,1956,0.002248161
p95,anthropogenic,1957,0.002359039
p95,anthropogenic,1958,0.002583742
p95,anthropogenic,1959,0.002844934
p95,anthropogenic,1960,0.003220214
p95,anthropogenic,1961,0.00394884
p95,anthropogenic,1962,0.004912826
p95,anthropogenic,1963,0.005585511
p95,anthropogenic,1964,0.0061566
p95,anthropogenic,1965,0.00711557
p95,anthropogenic,1966,0.008290559
p95,anthropogenic,1967,0.009292791
p95,anthropogenic,1968,0.009834135
p95,anthropogenic,1969,0.01006438
p95,anthropogenic,1970,0.010540527
p95,anthropogenic,1971,0.011414716
p95,anthropogenic,1972,0.012224433
p95,anthropogenic,1973,0.012806591
p95,anthropogenic,1974,0.013447074
p95,anthropogenic,1975,0.014313396
p95,anthropogenic,1976,0.015217659
p95,anthropogenic,1977,0.01614951
p95,anthropogenic,1978,0.016729958
p95,anthropogenic,1979,0.017547466
p95,anthropogenic,1980,0.018665241
p95,anthropogenic,1981,0.019855994
p95,anthropogenic,1982,0.020913564
p95,anthropogenic,1983,0.021535068
p95,anthropogenic,1984,0.021874011
p95,anthropogenic,1985,0.022197622
p95,anthropogenic,1986,0.022437953
p95,anthropogenic,1987,0.022264033
p95,anthropogenic,1988,0.022381942
p95,anthropogenic,1989,0.02268229
p95,anthropogenic,1990,0.022979988
p95,anthropogenic,1991,0.023316057
p95,anthropogenic,1992,0.023750133
p95,anthropogenic,1993,0.024019351
p95,anthropogenic,1994,0.024117623
p95,anthropogenic,1995,0.024334002
p95,anthropogenic,1996,0.024519874
p95,anthropogenic,1997,0.024548819
p95,anthropogenic,1998,0.024499031
p95,anthropogenic,1999,0.024457413
p95,anthropogenic,2000,0.024231199
p95,anthropogenic,2001,0.023804934
p95,anthropogenic,2002,0.023890483
p95,anthropogenic,2003,0.023325037
p95,anthropogenic,2004,0.02143104
p95,anthropogenic,2005,0.020552447
p95,anthropogenic,2006,0.021119997
p95,anthropogenic,2007,0.023351799
p95,anthropogenic,2008,0.02583003
p95,anthropogenic,2009,0.027011263
p95,anthropogenic,2010,0.027922508
p95,anthropogenic,2011,0.028246769
p95,anthropogenic,2012,0.028691967
p95,anthropogenic,2013,0.029584494
p95,anthropogenic,2014,0.030666803
p95,anthropogenic,2015,0.031620204
p95,anthropogenic,2016,0.032458877
p95,anthropogenic,2017,0.033093008
p95,anthropogenic,2018,0.033447533
p95,anthropogenic,2019,0.033225299
p95,anthropogenic,2020,0.032469392
p95,anthropogenic,2021,0.031860977
p95,bc_snow,1946,0.000198684
p95,bc_snow,1947,0.000162904
p95,bc_snow,1948,0.00013699
p95,bc_snow,1949,0.000150028
p95,bc_snow,1950,0.000215998
p95,bc_snow,1951,0.000301624
p95,bc_snow,1952,0.000391601
p95,bc_snow,1953,0.000521481
p95,bc_snow,1954,0.00068306
p95,bc_snow,1955,0.000836742
p95,bc_snow,1956,0.000998251
p95,bc_snow,1957,0.001143815
p95,bc_snow,1958,0.001214585
p95,bc_snow,1959,0.001245261
p95,bc_snow,1960,0.001222738
p95,bc_snow,1961,0.001120153
p95,bc_snow,1962,0.000989592
p95,bc_snow,1963,0.000892155
p95,bc_snow,1964,0.000822371
p95,bc_snow,1965,0.000756701
p95,bc_snow,1966,0.000730644
p95,bc_snow,1967,0.000764581
p95,bc_snow,1968,0.000872638
p95,bc_snow,1969,0.001056462
p95,bc_snow,1970,0.001248501
p95,bc_snow,1971,0.001393841
p95,bc_snow,1972,0.00151965
p95,bc_snow,1973,0.001663578
p95,bc_snow,1974,0.001823771
p95,bc_snow,1975,0.001966811
p95,bc_snow,1976,0.002035561
p95,bc_snow,1977,0.001997069
p95,bc_snow,1978,0.00194219
p95,bc_snow,1979,0.001858841
p95,bc_snow,1980,0.001696317
p95,bc_snow,1981,0.001504588
p95,bc_snow,1982,0.001330263
p95,bc_snow,1983,0.001237783
p95,bc_snow,1984,0.001266403
p95,bc_snow,1985,0.001397295
p95,bc_snow,1986,0.001554277
p95,bc_snow,1987,0.001745057
p95,bc_snow,1988,0.001902587
p95,bc_snow,1989,0.001917068
p95,bc_snow,1990,0.001890828
p95,bc_snow,1991,0.001884077
p95,bc_snow,1992,0.001817169
p95,bc_snow,1993,0.0017755
p95,bc_snow,1994,0.001840874
p95,bc_snow,1995,0.001802324
p95,bc_snow,1996,0.001515204
p95,bc_snow,1997,0.001170181
p95,bc_snow,1998,0.000853554
p95,bc_snow,1999,0.000548657
p95,bc_snow,2000,0.000373196
p95,bc_snow,2001,0.000327108
p95,bc_snow,2002,0.000336004
p95,bc_snow,2003,0.000460683
p95,bc_snow,2004,0.000797215
p95,bc_snow,2005,0.001075216
p95,bc_snow,2006,0.00116283
p95,bc_snow,2007,0.001069041
p95,bc_snow,2008,0.000882406
p95,bc_snow,2009,0.00067392
p95,bc_snow,2010,0.000453621
p95,bc_snow,2011,0.000295722
p95,bc_snow,2012,0.000160432
p95,bc_snow,2013,5.38e-05
p95,bc_snow,2014,-8.5e-07
p95,bc_snow,2015,-5.66e-06
p95,bc_snow,2016,-7.75e-06
p95,bc_snow,2017,-8.93e-06
p95,bc_snow,2018,-9.85e-06
p95,bc_snow,2019,-9.53e-06
p95,bc_snow,2020,-7.07e-06
p95,bc_snow,2021,-4.61e-06
p95,ch4,1946,0.001617988
p95,ch4,1947,0.001630065
p95,ch4,1948,0.001643753
p95,ch4,1949,0.001670607
p95,ch4,1950,0.001722852
p95,ch4,1951,0.001805636
p95,ch4,1952,0.001924404
p95,ch4,1953,0.002087611
p95,ch4,1954,0.002289406
p95,ch4,1955,0.002504998
p95,ch4,1956,0.002696536
p95,ch4,1957,0.002829897
p95,ch4,1958,0.002904538
p95,ch4,1959,0.002953493
p95,ch4,1960,0.003005332
p95,ch4,1961,0.003066299
p95,ch4,1962,0.003135513
p95,ch4,1963,0.003217657
p95,ch4,1964,0.003323988
p95,ch4,1965,0.003458652
p95,ch4,1966,0.003614629
p95,ch4,1967,0.00377058
p95,ch4,1968,0.003911151
p95,ch4,1969,0.004039613
p95,ch4,1970,0.004155329
p95,ch4,1971,0.004253449
p95,ch4,1972,0.004325858
p95,ch4,1973,0.004365905
p95,ch4,1974,0.004383211
p95,ch4,1975,0.004393332
p95,ch4,1976,0.004411981
p95,ch4,1977,0.004451249
p95,ch4,1978,0.004507196
p95,ch4,1979,0.004559234
p95,ch4,1980,0.00457937
p95,ch4,1981,0.004555898
p95,ch4,1982,0.004493732
p95,ch4,1983,0.00439912
p95,ch4,1984,0.004283091
p95,ch4,1985,0.004164456
p95,ch4,1986,0.004047986
p95,ch4,1987,0.003939801
p95,ch4,1988,0.003843719
p95,ch4,1989,0.003741706
p95,ch4,1990,0.003621344
p95,ch4,1991,0.003484161
p95,ch4,1992,0.00333089
p95,ch4,1993,0.003160829
p95,ch4,1994,0.002990842
p95,ch4,1995,0.002845394
p95,ch4,1996,0.002718502
p95,ch4,1997,0.002599315
p95,ch4,1998,0.002489043
p95,ch4,1999,0.002383185
p95,ch4,2000,0.002275006
p95,ch4,2001,0.002158643
p95,ch4,2002,0.002029661
p95,ch4,2003,0.001897572
p95,ch4,2004,0.001788957
p95,ch4,2005,0.00172309
p95,ch4,2006,0.001697884
p95,ch4,2007,0.00169984
p95,ch4,2008,0.001718516
p95,ch4,2009,0.001754299
p95,ch4,2010,0.001808262
p95,ch4,2011,0.001873871
p95,ch4,2012,0.001939016
p95,ch4,2013,0.001999885
p95,ch4,2014,0.002063126
p95,ch4,2015,0.002128959
p95,ch4,2016,0.002198804
p95,ch4,2017,0.002283892
p95,ch4,2018,0.002390148
p95,ch4,2019,0.002503401
p95,ch4,2020,0.002604434
p95,ch4,2021,0.002686978
p95,co2,1946,0.003265473
p95,co2,1947,0.003020581
p95,co2,1948,0.002856609
p95,co2,1949,0.002787582
p95,co2,1950,0.002804722
p95,co2,1951,0.002883637
p95,co2,1952,0.002998625
p95,co2,1953,0.003131815
p95,co2,1954,0.003267438
p95,co2,1955,0.003397532
p95,co2,1956,0.003549775
p95,co2,1957,0.003745782
p95,co2,1958,0.003988249
p95,co2,1959,0.004278583
p95,co2,1960,0.004606734
p95,co2,1961,0.00494244
p95,co2,1962,0.00528149
p95,co2,1963,0.00561038
p95,co2,1964,0.005897668
p95,co2,1965,0.00614702
p95,co2,1966,0.006431188
p95,co2,1967,0.006769545
p95,co2,1968,0.00718839
p95,co2,1969,0.007827713
p95,co2,1970,0.008621656
p95,co2,1971,0.00929517
p95,co2,1972,0.009745943
p95,co2,1973,0.010074642
p95,co2,1974,0.010357931
p95,co2,1975,0.010613858
p95,co2,1976,0.010912747
p95,co2,1977,0.011209041
p95,co2,1978,0.011411148
p95,co2,1979,0.011692461
p95,co2,1980,0.012125693
p95,co2,1981,0.012520802
p95,co2,1982,0.012737613
p95,co2,1983,0.012838844
p95,co2,1984,0.012986447
p95,co2,1985,0.013233043
p95,co2,1986,0.013554822
p95,co2,1987,0.013897271
p95,co2,1988,0.014095033
p95,co2,1989,0.014065317
p95,co2,1990,0.013893583
p95,co2,1991,0.013678373
p95,co2,1992,0.013467
p95,co2,1993,0.013250864
p95,co2,1994,0.013167739
p95,co2,1995,0.013351293
p95,co2,1996,0.01369923
p95,co2,1997,0.014113834
p95,co2,1998,0.014546525
p95,co2,1999,0.014954496
p95,co2,2000,0.015317361
p95,co2,2001,0.015644704
p95,co2,2002,0.015973022
p95,co2,2003,0.016235489
p95,co2,2004,0.016450343
p95,co2,2005,0.016682812
p95,co2,2006,0.016874711
p95,co2,2007,0.016978861
p95,co2,2008,0.017002069
p95,co2,2009,0.01706172
p95,co2,2010,0.017194255
p95,co2,2011,0.017356065
p95,co2,2012,0.017634978
p95,co2,2013,0.018029461
p95,co2,2014,0.018460782
p95,co2,2015,0.018879602
p95,co2,2016,0.01924726
p95,co2,2017,0.019544048
p95,co2,2018,0.019733507
p95,co2,2019,0.019849705
p95,co2,2020,0.019957787
p95,co2,2021,0.020076326
p95,contrails,1946,2.62e-05
p95,contrails,1947,2.78e-05
p95,contrails,1948,2.97e-05
p95,contrails,1949,3.17e-05
p95,contrails,1950,3.4e-05
p95,contrails,1951,3.65e-05
p95,contrails,1952,3.93e-05
p95,contrails,1953,4.23e-05
p95,contrails,1954,4.56e-05
p95,contrails,1955,4.91e-05
p95,contrails,1956,5.29e-05
p95,contrails,1957,5.78e-05
p95,contrails,1958,6.53e-05
p95,contrails,1959,7.52e-05
p95,contrails,1960,8.69e-05
p95,contrails,1961,0.000100068
p95,contrails,1962,0.00011517
p95,contrails,1963,0.000134748
p95,contrails,1964,0.000161078
p95,contrails,1965,0.000191399
p95,contrails,1966,0.00021982
p95,contrails,1967,0.000249285
p95,contrails,1968,0.00028338
p95,contrails,1969,0.00031716
p95,contrails,1970,0.000342996
p95,contrails,1971,0.000355939
p95,contrails,1972,0.000356366
p95,contrails,1973,0.000350998
p95,contrails,1974,0.000347623
p95,contrails,1975,0.000347104
p95,contrails,1976,0.000344879
p95,contrails,1977,0.000340701
p95,contrails,1978,0.000339546
p95,contrails,1979,0.000343169
p95,contrails,1980,0.000352142
p95,contrails,1981,0.000365073
p95,contrails,1982,0.000381519
p95,contrails,1983,0.000405229
p95,contrails,1984,0.000439379
p95,contrails,1985,0.000484288
p95,contrails,1986,0.000533158
p95,contrails,1987,0.000569162
p95,contrails,1988,0.000593411
p95,contrails,1989,0.000620167
p95,contrails,1990,0.000653882
p95,contrails,1991,0.000694494
p95,contrails,1992,0.0007413
p95,contrails,1993,0.000793116
p95,contrails,1994,0.000846628
p95,contrails,1995,0.000902939
p95,contrails,1996,0.000964835
p95,contrails,1997,0.001014229
p95,contrails,1998,0.001029359
p95,contrails,1999,0.001019239
p95,contrails,2000,0.001021396
p95,contrails,2001,0.001053442
p95,contrails,2002,0.001102006
p95,contrails,2003,0.001161257
p95,contrails,2004,0.001219001
p95,contrails,2005,0.001249113
p95,contrails,2006,0.00127724
p95,contrails,2007,0.001330883
p95,contrails,2008,0.001367033
p95,contrails,2009,0.001359963
p95,contrails,2010,0.001346486
p95,contrails,2011,0.001360186
p95,contrails,2012,0.001402925
p95,contrails,2013,0.001476238
p95,contrails,2014,0.001558331
p95,contrails,2015,0.001631147
p95,contrails,2016,0.001474057
p95,contrails,2017,0.001067945
p95,contrails,2018,0.000708159
p95,contrails,2019,0.000512288
p95,contrails,2020,0.000497482
p95,contrails,2021,0.000634457
p95,ghg,1946,0.005505528
p95,ghg,1947,0.005270751
p95,ghg,1948,0.00511612
p95,ghg,1949,0.005076971
p95,ghg,1950,0.005162403
p95,ghg,1951,0.005350611
p95,ghg,1952,0.005622707
p95,ghg,1953,0.005969157
p95,ghg,1954,0.006366378
p95,ghg,1955,0.006778292
p95,ghg,1956,0.007197052
p95,ghg,1957,0.007611664
p95,ghg,1958,0.008021319
p95,ghg,1959,0.00846034
p95,ghg,1960,0.008950574
p95,ghg,1961,0.009472365
p95,ghg,1962,0.010027103
p95,ghg,1963,0.010611393
p95,ghg,1964,0.01120614
p95,ghg,1965,0.011815664
p95,ghg,1966,0.012504168
p95,ghg,1967,0.013268356
p95,ghg,1968,0.01411876
p95,ghg,1969,0.015198128
p95,ghg,1970,0.016439084
p95,ghg,1971,0.017563683
p95,ghg,1972,0.018454807
p95,ghg,1973,0.01919181
p95,ghg,1974,0.019847421
p95,ghg,1975,0.020439524
p95,ghg,1976,0.021041417
p95,ghg,1977,0.021615528
p95,ghg,1978,0.022069789
p95,ghg,1979,0.022557926
p95,ghg,1980,0.023127182
p95,ghg,1981,0.023594908
p95,ghg,1982,0.023854047
p95,ghg,1983,0.023983128
p95,ghg,1984,0.024160419
p95,ghg,1985,0.024460969
p95,ghg,1986,0.024847831
p95,ghg,1987,0.025241166
p95,ghg,1988,0.025454012
p95,ghg,1989,0.0253488
p95,ghg,1990,0.024960798
p95,ghg,1991,0.024390102
p95,ghg,1992,0.023711665
p95,ghg,1993,0.022947516
p95,ghg,1994,0.022277254
p95,ghg,1995,0.021895889
p95,ghg,1996,0.021731093
p95,ghg,1997,0.021693304
p95,ghg,1998,0.021738466
p95,ghg,1999,0.021808721
p95,ghg,2000,0.021859616
p95,ghg,2001,0.021885737
p95,ghg,2002,0.021917537
p95,ghg,2003,0.021905278
p95,ghg,2004,0.021892736
p95,ghg,2005,0.021960528
p95,ghg,2006,0.022055168
p95,ghg,2007,0.022118977
p95,ghg,2008,0.022137456
p95,ghg,2009,0.022213889
p95,ghg,2010,0.022384344
p95,ghg,2011,0.022598683
p95,ghg,2012,0.022925951
p95,ghg,2013,0.023361726
p95,ghg,2014,0.023843148
p95,ghg,2015,0.024320545
p95,ghg,2016,0.024748486
p95,ghg,2017,0.025119907
p95,ghg,2018,0.025406732
p95,ghg,2019,0.025621004
p95,ghg,2020,0.025806988
p95,ghg,2021,0.025984565
p95,h2o_strat,1946,0.000289131
p95,h2o_strat,1947,0.000292116
p95,h2o_strat,1948,0.000295374
p95,h2o_strat,1949,0.000301297
p95,h2o_strat,1950,0.000312338
p95,h2o_strat,1951,0.000329381
p95,h2o_strat,1952,0.000353369
p95,h2o_strat,1953,0.000385772
p95,h2o_strat,1954,0.000425321
p95,h2o_strat,1955,0.000467458
p95,h2o_strat,1956,0.000505373
p95,h2o_strat,1957,0.00053267
p95,h2o_strat,1958,0.000549098
p95,h2o_strat,1959,0.000560893
p95,h2o_strat,1960,0.000573531
p95,h2o_strat,1961,0.000588274
p95,h2o_strat,1962,0.000604812
p95,h2o_strat,1963,0.000623983
p95,h2o_strat,1964,0.000648103
p95,h2o_strat,1965,0.000678172
p95,h2o_strat,1966,0.000712907
p95,h2o_strat,1967,0.000748308
p95,h2o_strat,1968,0.000781274
p95,h2o_strat,1969,0.000812177
p95,h2o_strat,1970,0.000840599
p95,h2o_strat,1971,0.000865465
p95,h2o_strat,1972,0.000885115
p95,h2o_strat,1973,0.000898188
p95,h2o_strat,1974,0.000906706
p95,h2o_strat,1975,0.000913847
p95,h2o_strat,1976,0.000923116
p95,h2o_strat,1977,0.000937145
p95,h2o_strat,1978,0.000955006
p95,h2o_strat,1979,0.000971932
p95,h2o_strat,1980,0.000981445
p95,h2o_strat,1981,0.000980712
p95,h2o_strat,1982,0.000970659
p95,h2o_strat,1983,0.000952487
p95,h2o_strat,1984,0.000928965
p95,h2o_strat,1985,0.00090456
p95,h2o_strat,1986,0.000880468
p95,h2o_strat,1987,0.000858196
p95,h2o_strat,1988,0.000838779
p95,h2o_strat,1989,0.000817355
p95,h2o_strat,1990,0.000790633
p95,h2o_strat,1991,0.000759053
p95,h2o_strat,1992,0.000722849
p95,h2o_strat,1993,0.000681735
p95,h2o_strat,1994,0.000640637
p95,h2o_strat,1995,0.000606391
p95,h2o_strat,1996,0.000577359
p95,h2o_strat,1997,0.000550231
p95,h2o_strat,1998,0.000525394
p95,h2o_strat,1999,0.000501496
p95,h2o_strat,2000,0.000476658
p95,h2o_strat,2001,0.000449194
p95,h2o_strat,2002,0.000417907
p95,h2o_strat,2003,0.000385744
p95,h2o_strat,2004,0.000360263
p95,h2o_strat,2005,0.000346966
p95,h2o_strat,2006,0.000344891
p95,h2o_strat,2007,0.000349854
p95,h2o_strat,2008,0.000358631
p95,h2o_strat,2009,0.000371214
p95,h2o_strat,2010,0.000387949
p95,h2o_strat,2011,0.00040711
p95,h2o_strat,2012,0.000425673
p95,h2o_strat,2013,0.000442745
p95,h2o_strat,2014,0.000460311
p95,h2o_strat,2015,0.000478441
p95,h2o_strat,2016,0.000497583
p95,h2o_strat,2017,0.000520783
p95,h2o_strat,2018,0.000549671
p95,h2o_strat,2019,0.000580326
p95,h2o_strat,2020,0.000607732
p95,h2o_strat,2021,0.000630252
p95,halogen,1946,0.000309858
p95,halogen,1947,0.000343134
p95,halogen,1948,0.000375764
p95,halogen,1949,0.000407546
p95,halogen,1950,0.00043974
p95,halogen,1951,0.000473385
p95,halogen,1952,0.000510312
p95,halogen,1953,0.000553459
p95,halogen,1954,0.00060462
p95,halogen,1955,0.000664061
p95,halogen,1956,0.000731722
p95,halogen,1957,0.000808783
p95,halogen,1958,0.000896831
p95,halogen,1959,0.000997842
p95,halogen,1960,0.001115188
p95,halogen,1961,0.00125263
p95,halogen,1962,0.001413168
p95,halogen,1963,0.001599436
p95,halogen,1964,0.001813478
p95,halogen,1965,0.00205549
p95,halogen,1966,0.002324722
p95,halogen,1967,0.002619617
p95,halogen,1968,0.002938091
p95,halogen,1969,0.003280252
p95,halogen,1970,0.003649285
p95,halogen,1971,0.004043417
p95,halogen,1972,0.004450084
p95,halogen,1973,0.004851825
p95,halogen,1974,0.005231935
p95,halogen,1975,0.005571945
p95,halogen,1976,0.005857816
p95,halogen,1977,0.00608244
p95,halogen,1978,0.006242534
p95,halogen,1979,0.006344952
p95,halogen,1980,0.006406526
p95,halogen,1981,0.006451565
p95,halogen,1982,0.006506763
p95,halogen,1983,0.006592255
p95,halogen,1984,0.006724215
p95,halogen,1985,0.006897448
p95,halogen,1986,0.007082414
p95,halogen,1987,0.007240542
p95,halogen,1988,0.007333994
p95,halogen,1989,0.007326002
p95,halogen,1990,0.007187218
p95,halogen,1991,0.006918079
p95,halogen,1992,0.006544559
p95,halogen,1993,0.006102937
p95,halogen,1994,0.005635327
p95,halogen,1995,0.005182966
p95,halogen,1996,0.004769419
p95,halogen,1997,0.004404249
p95,halogen,1998,0.004089299
p95,halogen,1999,0.003817655
p95,halogen,2000,0.003577067
p95,halogen,2001,0.003363276
p95,halogen,2002,0.003174523
p95,halogen,2003,0.003008447
p95,halogen,2004,0.002863333
p95,halogen,2005,0.00273802
p95,halogen,2006,0.002630878
p95,halogen,2007,0.002540772
p95,halogen,2008,0.002463875
p95,halogen,2009,0.002395868
p95,halogen,2010,0.002334389
p95,halogen,2011,0.002277196
p95,halogen,2012,0.002222845
p95,halogen,2013,0.002172482
p95,halogen,2014,0.00212918
p95,halogen,2015,0.00209178
p95,halogen,2016,0.002054205
p95,halogen,2017,0.002012759
p95,halogen,2018,0.001966186
p95,halogen,2019,0.0019119
p95,halogen,2020,0.001849416
p95,halogen,2021,0.001781801
p95,land_use,1946,0.000127062
p95,land_use,1947,0.000144016
p95,land_use,1948,0.000141066
p95,land_use,1949,0.000123001
p95,land_use,1950,9.76e-05
p95,land_use,1951,6.8e-05
p95,land_use,1952,4.12e-05
p95,land_use,1953,1.36e-05
p95,land_use,1954,-9.75e-06
p95,land_use,1955,-2.28e-05
p95,land_use,1956,-2.52e-05
p95,land_use,1957,-1.98e-05
p95,land_use,1958,-1.21e-05
p95,land_use,1959,-5.32e-06
p95,land_use,1960,4.52e-07
p95,land_use,1961,3.48e-06
p95,land_use,1962,4.6e-06
p95,land_use,1963,2.46e-06
p95,land_use,1964,-7.44e-06
p95,land_use,1965,-2.46e-05
p95,land_use,1966,-3.96e-05
p95,land_use,1967,-5.2e-05
p95,land_use,1968,-6.07e-05
p95,land_use,1969,-6.6e-05
p95,land_use,1970,-6.84e-05
p95,land_use,1971,-6.68e-05
p95,land_use,1972,-5.98e-05
p95,land_use,1973,-4.85e-05
p95,land_use,1974,-3.66e-05
p95,land_use,1975,-2.57e-05
p95,land_use,1976,-2.07e-05
p95,land_use,1977,-1.93e-05
p95,land_use,1978,-1.77e-05
p95,land_use,1979,-1.56e-05
p95,land_use,1980,-1.47e-05
p95,land_use,1981,-1.39e-05
p95,land_use,1982,-1.05e-05
p95,land_use,1983,-4.9e-06
p95,land_use,1984,1.82e-07
p95,land_use,1985,5.1e-06
p95,land_use,1986,1.28e-05
p95,land_use,1987,2.57e-05
p95,land_use,1988,4.78e-05
p95,land_use,1989,7.16e-05
p95,land_use,1990,9.77e-05
p95,land_use,1991,0.000128399
p95,land_use,1992,0.000161109
p95,land_use,1993,0.000190467
p95,land_use,1994,0.000208239
p95,land_use,1995,0.000210647
p95,land_use,1996,0.000200264
p95,land_use,1997,0.00018705
p95,land_use,1998,0.000183759
p95,land_use,1999,0.000192996
p95,land_use,2000,0.000207167
p95,land_use,2001,0.000221204
p95,land_use,2002,0.000242426
p95,land_use,2003,0.000280252
p95,land_use,2004,0.000327062
p95,land_use,2005,0.000369248
p95,land_use,2006,0.000397499
p95,land_use,2007,0.000419311
p95,land_use,2008,0.000454217
p95,land_use,2009,0.000497885
p95,land_use,2010,0.000526917
p95,land_use,2011,0.000525793
p95,land_use,2012,0.000500339
p95,land_use,2013,0.000469808
p95,land_use,2014,0.00043742
p95,land_use,2015,0.000395151
p95,land_use,2016,0.000343532
p95,land_use,2017,0.000292385
p95,land_use,2018,0.000253081
p95,land_use,2019,0.000225079
p95,land_use,2020,0.000202533
p95,land_use,2021,0.000185612
p95,n2o,1946,0.00054204
p95,n2o,1947,0.000514265
p95,n2o,1948,0.00048095
p95,n2o,1949,0.000453543
p95,n2o,1950,0.000438703
p95,n2o,1951,0.000434744
p95,n2o,1952,0.000443188
p95,n2o,1953,0.000463253
p95,n2o,1954,0.000490227
p95,n2o,1955,0.000517416
p95,n2o,1956,0.000541608
p95,n2o,1957,0.000562532
p95,n2o,1958,0.000579618
p95,n2o,1959,0.000595459
p95,n2o,1960,0.000611411
p95,n2o,1961,0.000626993
p95,n2o,1962,0.000644477
p95,n2o,1963,0.000665882
p95,n2o,1964,0.000690361
p95,n2o,1965,0.000714839
p95,n2o,1966,0.000737351
p95,n2o,1967,0.000757904
p95,n2o,1968,0.000776699
p95,n2o,1969,0.000794514
p95,n2o,1970,0.000811862
p95,n2o,1971,0.000828559
p95,n2o,1972,0.000845245
p95,n2o,1973,0.000862959
p95,n2o,1974,0.000882172
p95,n2o,1975,0.000903168
p95,n2o,1976,0.000927559
p95,n2o,1977,0.000959511
p95,n2o,1978,0.001007138
p95,n2o,1979,0.001067791
p95,n2o,1980,0.001130589
p95,n2o,1981,0.001189032
p95,n2o,1982,0.001242299
p95,n2o,1983,0.001282759
p95,n2o,1984,0.00130363
p95,n2o,1985,0.001315249
p95,n2o,1986,0.001325554
p95,n2o,1987,0.001335943
p95,n2o,1988,0.001350429
p95,n2o,1989,0.001363603
p95,n2o,1990,0.001367646
p95,n2o,1991,0.0013635
p95,n2o,1992,0.001359774
p95,n2o,1993,0.00135771
p95,n2o,1994,0.001351818
p95,n2o,1995,0.001353964
p95,n2o,1996,0.001377087
p95,n2o,1997,0.00141979
p95,n2o,1998,0.001470368
p95,n2o,1999,0.001514953
p95,n2o,2000,0.001544577
p95,n2o,2001,0.001557381
p95,n2o,2002,0.001559016
p95,n2o,2003,0.001555959
p95,n2o,2004,0.001550875
p95,n2o,2005,0.001547103
p95,n2o,2006,0.00155058
p95,n2o,2007,0.001566006
p95,n2o,2008,0.001590199
p95,n2o,2009,0.001618825
p95,n2o,2010,0.001651844
p95,n2o,2011,0.001687258
p95,n2o,2012,0.001720748
p95,n2o,2013,0.001749823
p95,n2o,2014,0.001778017
p95,n2o,2015,0.001805161
p95,n2o,2016,0.001829422
p95,n2o,2017,0.001857795
p95,n2o,2018,0.001893805
p95,n2o,2019,0.00193377
p95,n2o,2020,0.001975478
p95,n2o,2021,0.002021867
p95,natural,1946,0.00143989
p95,natural,1947,0.002670626
p95,natural,1948,0.003525922
p95,natural,1949,0.003390891
p95,natural,1950,0.002224216
p95,natural,1951,0.001186257
p95,natural,1952,0.000637748
p95,natural,1953,0.000129403
p95,natural,1954,-6.32e-05
p95,natural,1955,0.000160161
p95,natural,1956,0.001281078
p95,natural,1957,0.00221667
p95,natural,1958,0.002493388
p95,natural,1959,0.00024072
p95,natural,1960,-0.000943563
p95,natural,1961,-0.00165753
p95,natural,1962,-0.001920484
p95,natural,1963,-0.001861674
p95,natural,1964,-0.001548942
p95,natural,1965,-0.001067484
p95,natural,1966,-3.22e-05
p95,natural,1967,0.003436586
p95,natural,1968,0.008427849
p95,natural,1969,0.01100842
p95,natural,1970,0.009071704
p95,natural,1971,0.006274871
p95,natural,1972,0.004582613
p95,natural,1973,0.003883351
p95,natural,1974,0.003727845
p95,natural,1975,0.003426752
p95,natural,1976,0.003090548
p95,natural,1977,0.003030391
p95,natural,1978,0.002190629
p95,natural,1979,-9.7e-05
p95,natural,1980,-0.00103308
p95,natural,1981,-0.00156362
p95,natural,1982,-0.001821896
p95,natural,1983,-0.001842429
p95,natural,1984,-0.001559285
p95,natural,1985,-0.000905495
p95,natural,1986,0.00132315
p95,natural,1987,0.004121768
p95,natural,1988,0.001097665
p95,natural,1989,-0.001341262
p95,natural,1990,-0.002425293
p95,natural,1991,-0.002750104
p95,natural,1992,-0.002495878
p95,natural,1993,-0.00182862
p95,natural,1994,-0.00025999
p95,natural,1995,0.005498133
p95,natural,1996,0.014970303
p95,natural,1997,0.023874767
p95,natural,1998,0.025288977
p95,natural,1999,0.020443784
p95,natural,2000,0.015588772
p95,natural,2001,0.011865775
p95,natural,2002,0.00867897
p95,natural,2003,0.005858241
p95,natural,2004,0.003577482
p95,natural,2005,0.001912254
p95,natural,2006,0.000927143
p95,natural,2007,0.000468216
p95,natural,2008,0.000406818
p95,natural,2009,0.000804612
p95,natural,2010,0.00161656
p95,natural,2011,0.00255665
p95,natural,2012,0.003112239
p95,natural,2013,0.003115813
p95,natural,2014,0.002692746
p95,natural,2015,0.001677131
p95,natural,2016,0.000346892
p95,natural,2017,-0.000211964
p95,natural,2018,-0.000441494
p95,natural,2019,-0.000481451
p95,natural,2020,-0.000263844
p95,natural,2021,0.000944644
p95,o3,1946,0.002419467
p95,o3,1947,0.0025122
p95,o3,1948,0.002592009
p95,o3,1949,0.002711214
p95,o3,1950,0.0028956
p95,o3,1951,0.003130146
p95,o3,1952,0.003406796
p95,o3,1953,0.003744943
p95,o3,1954,0.004094216
p95,o3,1955,0.004347725
p95,o3,1956,0.00453583
p95,o3,1957,0.004688856
p95,o3,1958,0.004757248
p95,o3,1959,0.004834733
p95,o3,1960,0.004936943
p95,o3,1961,0.005026874
p95,o3,1962,0.00517452
p95,o3,1963,0.005450431
p95,o3,1964,0.005791383
p95,o3,1965,0.006060122
p95,o3,1966,0.006296436
p95,o3,1967,0.006553424
p95,o3,1968,0.00684605
p95,o3,1969,0.007176572
p95,o3,1970,0.007408061
p95,o3,1971,0.007417746
p95,o3,1972,0.007273275
p95,o3,1973,0.007087677
p95,o3,1974,0.006895394
p95,o3,1975,0.006664174
p95,o3,1976,0.006397187
p95,o3,1977,0.00608617
p95,o3,1978,0.005878876
p95,o3,1979,0.005715752
p95,o3,1980,0.005424416
p95,o3,1981,0.005047083
p95,o3,1982,0.004665807
p95,o3,1983,0.004413249
p95,o3,1984,0.004330478
p95,o3,1985,0.004400917
p95,o3,1986,0.004550784
p95,o3,1987,0.004863449
p95,o3,1988,0.00523569
p95,o3,1989,0.005359531
p95,o3,1990,0.005368231
p95,o3,1991,0.00533629
p95,o3,1992,0.005155024
p95,o3,1993,0.005161158
p95,o3,1994,0.00542747
p95,o3,1995,0.005531582
p95,o3,1996,0.005324481
p95,o3,1997,0.00511505
p95,o3,1998,0.004962139
p95,o3,1999,0.004692131
p95,o3,2000,0.004504847
p95,o3,2001,0.004425843
p95,o3,2002,0.004304666
p95,o3,2003,0.004429247
p95,o3,2004,0.004848909
p95,o3,2005,0.00507455
p95,o3,2006,0.004982868
p95,o3,2007,0.004708569
p95,o3,2008,0.0044011
p95,o3,2009,0.004071471
p95,o3,2010,0.003738899
p95,o3,2011,0.003568505
p95,o3,2012,0.003476088
p95,o3,2013,0.003401986
p95,o3,2014,0.003349798
p95,o3,2015,0.003266536
p95,o3,2016,0.00307589
p95,o3,2017,0.002861409
p95,o3,2018,0.002734358
p95,o3,2019,0.00277552
p95,o3,2020,0.003079508
p95,o3,2021,0.003435348
p95,other_human_forcing,1946,0.001202627
p95,other_human_forcing,1947,0.001109043
p95,other_human_forcing,1948,0.000770255
p95,other_human_forcing,1949,0.000145538
p95,other_human_forcing,1950,-0.0005717
p95,other_human_forcing,1951,-0.001168024
p95,other_human_forcing,1952,-0.001627617
p95,other_human_forcing,1953,-0.002058911
p95,other_human_forcing,1954,-0.002398995
p95,other_human_forcing,1955,-0.002579309
p95,other_human_forcing,1956,-0.002693209
p95,other_human_forcing,1957,-0.002824374
p95,other_human_forcing,1958,-0.002921834
p95,other_human_forcing,1959,-0.003011106
p95,other_human_forcing,1960,-0.003069107
p95,other_human_forcing,1961,-0.00300397
p95,other_human_forcing,1962,-0.002881823
p95,other_human_forcing,1963,-0.00279151
p95,other_human_forcing,1964,-0.002667904
p95,other_human_forcing,1965,-0.002392643
p95,other_human_forcing,1966,-0.002075887
p95,other_human_forcing,1967,-0.001861167
p95,other_human_forcing,1968,-0.001826296
p95,other_human_forcing,1969,-0.001993613
p95,other_human_forcing,1970,-0.002238534
p95,other_human_forcing,1971,-0.002210864
p95,other_human_forcing,1972,-0.002049717
p95,other_human_forcing,1973,-0.001847994
p95,other_human_forcing,1974,-0.001496325
p95,other_human_forcing,1975,-0.001139556
p95,other_human_forcing,1976,-0.000846522
p95,other_human_forcing,1977,-0.000501056
p95,other_human_forcing,1978,-0.000198778
p95,other_human_forcing,1979,0.0002321
p95,other_human_forcing,1980,0.000709848
p95,other_human_forcing,1981,0.001246
p95,other_human_forcing,1982,0.001813315
p95,other_human_forcing,1983,0.002216002
p95,other_human_forcing,1984,0.002499348
p95,other_human_forcing,1985,0.002741408
p95,other_human_forcing,1986,0.00280201
p95,other_human_forcing,1987,0.002671508
p95,other_human_forcing,1988,0.002837582
p95,other_human_forcing,1989,0.003335333
p95,other_human_forcing,1990,0.004035823
p95,other_human_forcing,1991,0.004919473
p95,other_human_forcing,1992,0.005930048
p95,other_human_forcing,1993,0.006878092
p95,other_human_forcing,1994,0.007571516
p95,other_human_forcing,1995,0.008053123
p95,other_human_forcing,1996,0.008253507
p95,other_human_forcing,1997,0.008149572
p95,other_human_forcing,1998,0.007816771
p95,other_human_forcing,1999,0.007225864
p95,other_human_forcing,2000,0.00640596
p95,other_human_forcing,2001,0.005576575
p95,other_human_forcing,2002,0.005203039
p95,other_human_forcing,2003,0.00465816
p95,other_human_forcing,2004,0.003559256
p95,other_human_forcing,2005,0.003230557
p95,other_human_forcing,2006,0.003827035
p95,other_human_forcing,2007,0.005499129
p95,other_human_forcing,2008,0.007609297
p95,other_human_forcing,2009,0.008633871
p95,other_human_forcing,2010,0.009272386
p95,other_human_forcing,2011,0.009401609
p95,other_human_forcing,2012,0.009621377
p95,other_human_forcing,2013,0.009987306
p95,other_human_forcing,2014,0.010393106
p95,other_human_forcing,2015,0.010684088
p95,other_human_forcing,2016,0.011010623
p95,other_human_forcing,2017,0.011198644
p95,other_human_forcing,2018,0.011141923
p95,other_human_forcing,2019,0.010669291
p95,other_human_forcing,2020,0.009905376
p95,other_human_forcing,2021,0.009327072
p95,residual,1946,-0.011378627
p95,residual,1947,-0.009674586
p95,residual,1948,-0.004365739
p95,residual,1949,0.00460757
p95,residual,1950,0.012475454
p95,residual,1951,0.016240292
p95,residual,1952,0.006255007
p95,residual,1953,0.011497002
p95,residual,1954,0.015685204
p95,residual,1955,0.013292212
p95,residual,1956,-0.000253658
p95,residual,1957,0.002319687
p95,residual,1958,0.007999975
p95,residual,1959,0.022638895
p95,residual,1960,0.012704304
p95,residual,1961,0.00429531
p95,residual,1962,-0.007519819
p95,residual,1963,-0.005471461
p95,residual,1964,-0.004917397
p95,residual,1965,0.002114172
p95,residual,1966,0.000838193
p95,residual,1967,-0.000869313
p95,residual,1968,0.003200366
p95,residual,1969,0.018881123
p95,residual,1970,0.004803706
p95,residual,1971,-0.000805563
p95,residual,1972,-0.00950677
p95,residual,1973,0.001028181
p95,residual,1974,4.62e-05
p95,residual,1975,0.010831455
p95,residual,1976,0.022302181
p95,residual,1977,0.02516493
p95,residual,1978,0.01928315
p95,residual,1979,0.03346525
p95,residual,1980,0.022865406
p95,residual,1981,0.012698953
p95,residual,1982,-0.004941668
p95,residual,1983,0.001371694
p95,residual,1984,0.00019204
p95,residual,1985,-0.006034501
p95,residual,1986,0.002708323
p95,residual,1987,0.014050143
p95,residual,1988,0.002608805
p95,residual,1989,0.010046209
p95,residual,1990,0.009493295
p95,residual,1991,0.010299668
p95,residual,1992,0.000837004
p95,residual,1993,0.005350229
p95,residual,1994,0.018590615
p95,residual,1995,0.006393813
p95,residual,1996,0.003198743
p95,residual,1997,0.010503643
p95,residual,1998,0.007259769
p95,residual,1999,0.00339222
p95,residual,2000,-0.003952743
p95,residual,2001,0.003366664
p95,residual,2002,-0.000462539
p95,residual,2003,0.002877977
p95,residual,2004,0.007705795
p95,residual,2005,0.003461621
p95,residual,2006,-0.000573116
p95,residual,2007,-0.006897794
p95,residual,2008,-0.008642334
p95,residual,2009,-0.008310439
p95,residual,2010,-0.011366234
p95,residual,2011,0.000603734
p95,residual,2012,0.01410734
p95,residual,2013,0.020097787
p95,residual,2014,0.010211058
p95,residual,2015,0.013492264
p95,residual,2016,0.021096278
p95,residual,2017,0.008569838
p95,residual,2018,-0.002583899
p95,residual,2019,0.002712252
p95,residual,2020,0.008550377
p95,residual,2021,0.011678812
p95,solar,1946,0.001708901
p95,solar,1947,0.002202216
p95,solar,1948,0.002144393
p95,solar,1949,0.00147023
p95,solar,1950,0.00037128
p95,solar,1951,-9.96e-05
p95,solar,1952,-0.000193342
p95,solar,1953,-0.000181788
p95,solar,1954,-7.14e-05
p95,solar,1955,0.000682939
p95,solar,1956,0.001759484
p95,solar,1957,0.002326436
p95,solar,1958,0.00216984
p95,solar,1959,0.001395723
p95,solar,1960,0.000268344
p95,solar,1961,-0.000134272
p95,solar,1962,-0.000270278
p95,solar,1963,-0.000315939
p95,solar,1964,-0.000268724
p95,solar,1965,-0.000164219
p95,solar,1966,8.08e-05
p95,solar,1967,0.000669525
p95,solar,1968,0.001030477
p95,solar,1969,0.001031443
p95,solar,1970,0.000625507
p95,solar,1971,6.74e-05
p95,solar,1972,-9.32e-05
p95,solar,1973,-0.000162512
p95,solar,1974,-0.000176497
p95,solar,1975,-0.000115782
p95,solar,1976,0.00022729
p95,solar,1977,0.001325152
p95,solar,1978,0.002313745
p95,solar,1979,0.002871017
p95,solar,1980,0.002812037
p95,solar,1981,0.002064477
p95,solar,1982,0.00087418
p95,solar,1983,-2.76e-05
p95,solar,1984,-0.000170181
p95,solar,1985,-0.000198055
p95,solar,1986,-0.000134119
p95,solar,1987,5.22e-05
p95,solar,1988,0.000905129
p95,solar,1989,0.001627463
p95,solar,1990,0.001820462
p95,solar,1991,0.001328391
p95,solar,1992,0.000396765
p95,solar,1993,-8.14e-05
p95,solar,1994,-0.00018721
p95,solar,1995,-0.000208922
p95,solar,1996,-0.000134958
p95,solar,1997,0.000146197
p95,solar,1998,0.001214862
p95,solar,1999,0.002187931
p95,solar,2000,0.002440557
p95,solar,2001,0.001967776
p95,solar,2002,0.000945544
p95,solar,2003,-2.16e-05
p95,solar,2004,-0.000193045
p95,solar,2005,-0.000311289
p95,solar,2006,-0.000364332
p95,solar,2007,-0.00034207
p95,solar,2008,-0.000244233
p95,solar,2009,-6.55e-05
p95,solar,2010,0.000582789
p95,solar,2011,0.001466439
p95,solar,2012,0.002032306
p95,solar,2013,0.001967353
p95,solar,2014,0.001425051
p95,solar,2015,0.000623391
p95,solar,2016,-1.22e-05
p95,solar,2017,-0.00011562
p95,solar,2018,-0.000137278
p95,solar,2019,-6.9e-05
p95,solar,2020,0.000728849
p95,solar,2021,0.00243261
p95,total,1946,0.00590042
p95,total,1947,0.00669585
p95,total,1948,0.00714578
p95,total,1949,0.00654972
p95,total,1950,0.005027074
p95,total,1951,0.003726171
p95,total,1952,0.00292206
p95,total,1953,0.002228833
p95,total,1954,0.001844042
p95,total,1955,0.002105336
p95,total,1956,0.002863506
p95,total,1957,0.003714393
p95,total,1958,0.004207991
p95,total,1959,0.002600907
p95,total,1960,0.000976294
p95,total,1961,0.000507817
p95,total,1962,0.000751421
p95,total,1963,0.001346186
p95,total,1964,0.002389029
p95,total,1965,0.00408281
p95,total,1966,0.006981521
p95,total,1967,0.011287512
p95,total,1968,0.01632231
p95,total,1969,0.019059759
p95,total,1970,0.017776253
p95,total,1971,0.015950057
p95,total,1972,0.015204004
p95,total,1973,0.01520235
p95,total,1974,0.015729211
p95,total,1975,0.016330046
p95,total,1976,0.016978119
p95,total,1977,0.017848379
p95,total,1978,0.017709478
p95,total,1979,0.016321013
p95,total,1980,0.015944267
p95,total,1981,0.016484767
p95,total,1982,0.017249892
p95,total,1983,0.017914991
p95,total,1984,0.01872389
p95,total,1985,0.020084148
p95,total,1986,0.022600602
p95,total,1987,0.024833219
p95,total,1988,0.022440021
p95,total,1989,0.019676898
p95,total,1990,0.018521021
p95,total,1991,0.018348023
p95,total,1992,0.019001919
p95,total,1993,0.020035427
p95,total,1994,0.021920578
p95,total,1995,0.02701039
p95,total,1996,0.035967453
p95,total,1997,0.044707036
p95,total,1998,0.04622256
p95,total,1999,0.041594239
p95,total,2000,0.036720159
p95,total,2001,0.032837712
p95,total,2002,0.029920403
p95,total,2003,0.027008907
p95,total,2004,0.023596501
p95,total,2005,0.021531543
p95,total,2006,0.02121399
p95,total,2007,0.022752419
p95,total,2008,0.025189835
p95,total,2009,0.026918764
p95,total,2010,0.028559766
p95,total,2011,0.029566179
p95,total,2012,0.030397772
p95,total,2013,0.03131102
p95,total,2014,0.032139692
p95,total,2015,0.03244052
p95,total,2016,0.032297325
p95,total,2017,0.032100147
p95,total,2018,0.031860273
p95,total,2019,0.031585303
p95,total,2020,0.031492296
p95,total,2021,0.031910754
p95,volcanic,1946,5.4e-05
p95,volcanic,1947,0.000610839
p95,volcanic,1948,0.001531281
p95,volcanic,1949,0.002068572
p95,volcanic,1950,0.001974738
p95,volcanic,1951,0.001888263
p95,volcanic,1952,0.00171851
p95,volcanic,1953,0.000974418
p95,volcanic,1954,0.000138919
p95,volcanic,1955,-6.58e-05
p95,volcanic,1956,-4.82e-05
p95,volcanic,1957,0.000109157
p95,volcanic,1958,0.000429697
p95,volcanic,1959,-0.00023294
p95,volcanic,1960,-0.000964446
p95,volcanic,1961,-0.001480643
p95,volcanic,1962,-0.001584433
p95,volcanic,1963,-0.001471933
p95,volcanic,1964,-0.001216347
p95,volcanic,1965,-0.000858909
p95,volcanic,1966,-3.9e-05
p95,volcanic,1967,0.002804688
p95,volcanic,1968,0.007519396
p95,volcanic,1969,0.010125036
p95,volcanic,1970,0.008554569
p95,volcanic,1971,0.006352733
p95,volcanic,1972,0.005315671
p95,volcanic,1973,0.005092761
p95,volcanic,1974,0.005046963
p95,volcanic,1975,0.004375344
p95,volcanic,1976,0.003241725
p95,volcanic,1977,0.002159212
p95,volcanic,1978,0.000558152
p95,volcanic,1979,-0.000645018
p95,volcanic,1980,-0.001406542
p95,volcanic,1981,-0.001828258
p95,volcanic,1982,-0.001918931
p95,volcanic,1983,-0.001751119
p95,volcanic,1984,-0.001319507
p95,volcanic,1985,-0.000549297
p95,volcanic,1986,0.002066674
p95,volcanic,1987,0.004199753
p95,volcanic,1988,0.000584873
p95,volcanic,1989,-0.001542945
p95,volcanic,1990,-0.0026539
p95,volcanic,1991,-0.002917419
p95,volcanic,1992,-0.002530187
p95,volcanic,1993,-0.001685642
p95,volcanic,1994,0.000717327
p95,volcanic,1995,0.006989824
p95,volcanic,1996,0.016036892
p95,volcanic,1997,0.024000686
p95,volcanic,1998,0.0243366
p95,volcanic,1999,0.018676616
p95,volcanic,2000,0.013590031
p95,volcanic,2001,0.010226253
p95,volcanic,2002,0.007901305
p95,volcanic,2003,0.006161394
p95,volcanic,2004,0.004803767
p95,volcanic,2005,0.003708104
p95,volcanic,2006,0.002873798
p95,volcanic,2007,0.002229984
p95,volcanic,2008,0.001778105
p95,volcanic,2009,0.001645891
p95,volcanic,2010,0.001702629
p95,volcanic,2011,0.001712236
p95,volcanic,2012,0.001644603
p95,volcanic,2013,0.001616844
p95,volcanic,2014,0.001622116
p95,volcanic,2015,0.001313065
p95,volcanic,2016,0.000612875
p95,volcanic,2017,-7.63e-06
p95,volcanic,2018,-0.000264536
p95,volcanic,2019,-0.000381473
p95,volcanic,2020,-0.000347715
p95,volcanic,2021,-0.000271642
