percentile,component,time,GMST
p05,aerosol_cloud_interactions,1850,0.01081469
p05,aerosol_cloud_interactions,1851,0.010693678
p05,aerosol_cloud_interactions,1852,0.010678602
p05,aerosol_cloud_interactions,1853,0.010595391
p05,aerosol_cloud_interactions,1854,0.010275514
p05,aerosol_cloud_interactions,1855,0.009920882
p05,aerosol_cloud_interactions,1856,0.009712857
p05,aerosol_cloud_interactions,1857,0.009431433
p05,aerosol_cloud_interactions,1858,0.009073966
p05,aerosol_cloud_interactions,1859,0.008727078
p05,aerosol_cloud_interactions,1860,0.008369371
p05,aerosol_cloud_interactions,1861,0.008012288
p05,aerosol_cloud_interactions,1862,0.007736244
p05,aerosol_cloud_interactions,1863,0.007554562
p05,aerosol_cloud_interactions,1864,0.007320112
p05,aerosol_cloud_interactions,1865,0.006871567
p05,aerosol_cloud_interactions,1866,0.006408872
p05,aerosol_cloud_interactions,1867,0.005940978
p05,aerosol_cloud_interactions,1868,0.005153982
p05,aerosol_cloud_interactions,1869,0.004294292
p05,aerosol_cloud_interactions,1870,0.00341386
p05,aerosol_cloud_interactions,1871,0.002594658
p05,aerosol_cloud_interactions,1872,0.003026714
p05,aerosol_cloud_interactions,1873,0.002375717
p05,aerosol_cloud_interactions,1874,-0.00035766
p05,aerosol_cloud_interactions,1875,-0.002702302
p05,aerosol_cloud_interactions,1876,-0.004067091
p05,aerosol_cloud_interactions,1877,-0.007240405
p05,aerosol_cloud_interactions,1878,-0.011130513
p05,aerosol_cloud_interactions,1879,-0.015700844
p05,aerosol_cloud_interactions,1880,-0.019721719
p05,aerosol_cloud_interactions,1881,-0.022992839
p05,aerosol_cloud_interactions,1882,-0.025653248
p05,aerosol_cloud_interactions,1883,-0.026177983
p05,aerosol_cloud_interactions,1884,-0.027726172
p05,aerosol_cloud_interactions,1885,-0.031099592
p05,aerosol_cloud_interactions,1886,-0.033845688
p05,aerosol_cloud_interactions,1887,-0.037055724
p05,aerosol_cloud_interactions,1888,-0.042831841
p05,aerosol_cloud_interactions,1889,-0.048035569
p05,aerosol_cloud_interactions,1890,-0.052265572
p05,aerosol_cloud_interactions,1891,-0.055508614
p05,aerosol_cloud_interactions,1892,-0.056323057
p05,aerosol_cloud_interactions,1893,-0.057734287
p05,aerosol_cloud_interactions,1894,-0.061816404
p05,aerosol_cloud_interactions,1895,-0.066774864
p05,aerosol_cloud_interactions,1896,-0.068894397
p05,aerosol_cloud_interactions,1897,-0.071766916
p05,aerosol_cloud_interactions,1898,-0.076548281
p05,aerosol_cloud_interactions,1899,-0.081928309
p05,aerosol_cloud_interactions,1900,-0.087351259
p05,aerosol_cloud_interactions,1901,-0.091309229
p05,aerosol_cloud_interactions,1902,-0.094408133
p05,aerosol_cloud_interactions,1903,-0.097234593
p05,aerosol_cloud_interactions,1904,-0.101651584
p05,aerosol_cloud_interactions,1905,-0.10777812
p05,aerosol_cloud_interactions,1906,-0.113899732
p05,aerosol_cloud_interactions,1907,-0.121886142
p05,aerosol_cloud_interactions,1908,-0.129994634
p05,aerosol_cloud_interactions,1909,-0.135556315
p05,aerosol_cloud_interactions,1910,-0.142139026
p05,aerosol_cloud_interactions,1911,-0.14784362
p05,aerosol_cloud_interactions,1912,-0.151142417
p05,aerosol_cloud_interactions,1913,-0.156039276
p05,aerosol_cloud_interactions,1914,-0.1609328
p05,aerosol_cloud_interactions,1915,-0.163061587
p05,aerosol_cloud_interactions,1916,-0.165350764
p05,aerosol_cloud_interactions,1917,-0.170506561
p05,aerosol_cloud_interactions,1918,-0.176190018
p05,aerosol_cloud_interactions,1919,-0.176874226
p05,aerosol_cloud_interactions,1920,-0.17737927
p05,aerosol_cloud_interactions,1921,-0.177225803
p05,aerosol_cloud_interactions,1922,-0.174044204
p05,aerosol_cloud_interactions,1923,-0.178708567
p05,aerosol_cloud_interactions,1924,-0.18541434
p05,aerosol_cloud_interactions,1925,-0.18808753
p05,aerosol_cloud_interactions,1926,-0.190361189
p05,aerosol_cloud_interactions,1927,-0.19348659
p05,aerosol_cloud_interactions,1928,-0.196858881
p05,aerosol_cloud_interactions,1929,-0.200305181
p05,aerosol_cloud_interactions,1930,-0.203834103
p05,aerosol_cloud_interactions,1931,-0.20075727
p05,aerosol_cloud_interactions,1932,-0.194133225
p05,aerosol_cloud_interactions,1933,-0.190429287
p05,aerosol_cloud_interactions,1934,-0.191875773
p05,aerosol_cloud_interactions,1935,-0.196571333
p05,aerosol_cloud_interactions,1936,-0.203035445
p05,aerosol_cloud_interactions,1937,-0.210383326
p05,aerosol_cloud_interactions,1938,-0.212248558
p05,aerosol_cloud_interactions,1939,-0.214135488
p05,aerosol_cloud_interactions,1940,-0.219459047
p05,aerosol_cloud_interactions,1941,-0.224359595
p05,aerosol_cloud_interactions,1942,-0.230399278
p05,aerosol_cloud_interactions,1943,-0.236578351
p05,aerosol_cloud_interactions,1944,-0.241117008
p05,aerosol_cloud_interactions,1945,-0.240430358
p05,aerosol_cloud_interactions,1946,-0.236112872
p05,aerosol_cloud_interactions,1947,-0.234959362
p05,aerosol_cloud_interactions,1948,-0.238045558
p05,aerosol_cloud_interactions,1949,-0.24137631
p05,aerosol_cloud_interactions,1950,-0.246699497
p05,aerosol_cloud_interactions,1951,-0.250755191
p05,aerosol_cloud_interactions,1952,-0.251950386
p05,aerosol_cloud_interactions,1953,-0.256214223
p05,aerosol_cloud_interactions,1954,-0.261501959
p05,aerosol_cloud_interactions,1955,-0.2675879
p05,aerosol_cloud_interactions,1956,-0.277503936
p05,aerosol_cloud_interactions,1957,-0.290900143
p05,aerosol_cloud_interactions,1958,-0.300173867
p05,aerosol_cloud_interactions,1959,-0.305739602
p05,aerosol_cloud_interactions,1960,-0.313334323
p05,aerosol_cloud_interactions,1961,-0.322521485
p05,aerosol_cloud_interactions,1962,-0.330565303
p05,aerosol_cloud_interactions,1963,-0.340887953
p05,aerosol_cloud_interactions,1964,-0.349948707
p05,aerosol_cloud_interactions,1965,-0.35485992
p05,aerosol_cloud_interactions,1966,-0.360785125
p05,aerosol_cloud_interactions,1967,-0.368056629
p05,aerosol_cloud_interactions,1968,-0.375793836
p05,aerosol_cloud_interactions,1969,-0.382158874
p05,aerosol_cloud_interactions,1970,-0.391007675
p05,aerosol_cloud_interactions,1971,-0.401886121
p05,aerosol_cloud_interactions,1972,-0.415805114
p05,aerosol_cloud_interactions,1973,-0.429166145
p05,aerosol_cloud_interactions,1974,-0.437278324
p05,aerosol_cloud_interactions,1975,-0.443336075
p05,aerosol_cloud_interactions,1976,-0.452438822
p05,aerosol_cloud_interactions,1977,-0.464916762
p05,aerosol_cloud_interactions,1978,-0.477078233
p05,aerosol_cloud_interactions,1979,-0.489401229
p05,aerosol_cloud_interactions,1980,-0.498529043
p05,aerosol_cloud_interactions,1981,-0.502607666
p05,aerosol_cloud_interactions,1982,-0.509886405
p05,aerosol_cloud_interactions,1983,-0.513983151
p05,aerosol_cloud_interactions,1984,-0.513939673
p05,aerosol_cloud_interactions,1985,-0.519592619
p05,aerosol_cloud_interactions,1986,-0.526231643
p05,aerosol_cloud_interactions,1987,-0.535518441
p05,aerosol_cloud_interactions,1988,-0.546791012
p05,aerosol_cloud_interactions,1989,-0.554668755
p05,aerosol_cloud_interactions,1990,-0.561313538
p05,aerosol_cloud_interactions,1991,-0.580079696
p05,aerosol_cloud_interactions,1992,-0.589133014
p05,aerosol_cloud_interactions,1993,-0.584099172
p05,aerosol_cloud_interactions,1994,-0.595572567
p05,aerosol_cloud_interactions,1995,-0.607671306
p05,aerosol_cloud_interactions,1996,-0.607912572
p05,aerosol_cloud_interactions,1997,-0.623626333
p05,aerosol_cloud_interactions,1998,-0.651787749
p05,aerosol_cloud_interactions,1999,-0.650552229
p05,aerosol_cloud_interactions,2000,-0.628946895
p05,aerosol_cloud_interactions,2001,-0.613821946
p05,aerosol_cloud_interactions,2002,-0.617013498
p05,aerosol_cloud_interactions,2003,-0.63108323
p05,aerosol_cloud_interactions,2004,-0.639491532
p05,aerosol_cloud_interactions,2005,-0.646396739
p05,aerosol_cloud_interactions,2006,-0.655438209
p05,aerosol_cloud_interactions,2007,-0.662311758
p05,aerosol_cloud_interactions,2008,-0.662092544
p05,aerosol_cloud_interactions,2009,-0.655963927
p05,aerosol_cloud_interactions,2010,-0.657279744
p05,aerosol_cloud_interactions,2011,-0.659113596
p05,aerosol_cloud_interactions,2012,-0.660060123
p05,aerosol_cloud_interactions,2013,-0.659748891
p05,aerosol_cloud_interactions,2014,-0.657406798
p05,aerosol_cloud_interactions,2015,-0.663079647
p05,aerosol_cloud_interactions,2016,-0.658658314
p05,aerosol_cloud_interactions,2017,-0.647205032
p05,aerosol_cloud_interactions,2018,-0.640235742
p05,aerosol_cloud_interactions,2019,-0.643953886
p05,aerosol_cloud_interactions,2020,-0.645349704
p05,aerosol_cloud_interactions,2021,-0.645454339
p05,aerosol_cloud_interactions,2022,-0.638198542
p05,aerosol_cloud_interactions,2023,-0.647874434
p05,aerosol_cloud_interactions,2024,-0.677848431
p05,aerosol_cloud_interactions,2025,-0.667155008
p05,aerosol_radiation_interactions,1850,-0.003960027
p05,aerosol_radiation_interactions,1851,-0.003773026
p05,aerosol_radiation_interactions,1852,-0.003572622
p05,aerosol_radiation_interactions,1853,-0.00337893
p05,aerosol_radiation_interactions,1854,-0.003183933
p05,aerosol_radiation_interactions,1855,-0.002950317
p05,aerosol_radiation_interactions,1856,-0.00275452
p05,aerosol_radiation_interactions,1857,-0.002556261
p05,aerosol_radiation_interactions,1858,-0.002280847
p05,aerosol_radiation_interactions,1859,-0.002085333
p05,aerosol_radiation_interactions,1860,-0.00197777
p05,aerosol_radiation_interactions,1861,-0.001806069
p05,aerosol_radiation_interactions,1862,-0.001642066
p05,aerosol_radiation_interactions,1863,-0.001540648
p05,aerosol_radiation_interactions,1864,-0.001334114
p05,aerosol_radiation_interactions,1865,-0.001141398
p05,aerosol_radiation_interactions,1866,-0.001005474
p05,aerosol_radiation_interactions,1867,-0.000844732
p05,aerosol_radiation_interactions,1868,-0.000776814
p05,aerosol_radiation_interactions,1869,-0.000698494
p05,aerosol_radiation_interactions,1870,-0.000604883
p05,aerosol_radiation_interactions,1871,-0.000455391
p05,aerosol_radiation_interactions,1872,-0.000161481
p05,aerosol_radiation_interactions,1873,2.68e-05
p05,aerosol_radiation_interactions,1874,7.3e-05
p05,aerosol_radiation_interactions,1875,9.12e-05
p05,aerosol_radiation_interactions,1876,0.000158687
p05,aerosol_radiation_interactions,1877,8.51e-05
p05,aerosol_radiation_interactions,1878,-7.59e-05
p05,aerosol_radiation_interactions,1879,-0.000600588
p05,aerosol_radiation_interactions,1880,-0.001335374
p05,aerosol_radiation_interactions,1881,-0.002122496
p05,aerosol_radiation_interactions,1882,-0.002914958
p05,aerosol_radiation_interactions,1883,-0.003641308
p05,aerosol_radiation_interactions,1884,-0.004367583
p05,aerosol_radiation_interactions,1885,-0.005167512
p05,aerosol_radiation_interactions,1886,-0.005829348
p05,aerosol_radiation_interactions,1887,-0.006530492
p05,aerosol_radiation_interactions,1888,-0.007798707
p05,aerosol_radiation_interactions,1889,-0.009068146
p05,aerosol_radiation_interactions,1890,-0.010252926
p05,aerosol_radiation_interactions,1891,-0.011478242
p05,aerosol_radiation_interactions,1892,-0.012346054
p05,aerosol_radiation_interactions,1893,-0.01308952
p05,aerosol_radiation_interactions,1894,-0.014161048
p05,aerosol_radiation_interactions,1895,-0.015485692
p05,aerosol_radiation_interactions,1896,-0.016661107
p05,aerosol_radiation_interactions,1897,-0.017994516
p05,aerosol_radiation_interactions,1898,-0.019578059
p05,aerosol_radiation_interactions,1899,-0.021652197
p05,aerosol_radiation_interactions,1900,-0.02403583
p05,aerosol_radiation_interactions,1901,-0.026084182
p05,aerosol_radiation_interactions,1902,-0.027876281
p05,aerosol_radiation_interactions,1903,-0.029930068
p05,aerosol_radiation_interactions,1904,-0.032269473
p05,aerosol_radiation_interactions,1905,-0.03476817
p05,aerosol_radiation_interactions,1906,-0.037551866
p05,aerosol_radiation_interactions,1907,-0.041095057
p05,aerosol_radiation_interactions,1908,-0.044165616
p05,aerosol_radiation_interactions,1909,-0.046372858
p05,aerosol_radiation_interactions,1910,-0.049178221
p05,aerosol_radiation_interactions,1911,-0.051713096
p05,aerosol_radiation_interactions,1912,-0.053778606
p05,aerosol_radiation_interactions,1913,-0.05626759
p05,aerosol_radiation_interactions,1914,-0.057797024
p05,aerosol_radiation_interactions,1915,-0.058046329
p05,aerosol_radiation_interactions,1916,-0.05941353
p05,aerosol_radiation_interactions,1917,-0.06202271
p05,aerosol_radiation_interactions,1918,-0.064210902
p05,aerosol_radiation_interactions,1919,-0.063922103
p05,aerosol_radiation_interactions,1920,-0.063604952
p05,aerosol_radiation_interactions,1921,-0.062982923
p05,aerosol_radiation_interactions,1922,-0.061388895
p05,aerosol_radiation_interactions,1923,-0.062170322
p05,aerosol_radiation_interactions,1924,-0.063631186
p05,aerosol_radiation_interactions,1925,-0.064558679
p05,aerosol_radiation_interactions,1926,-0.065736295
p05,aerosol_radiation_interactions,1927,-0.067769574
p05,aerosol_radiation_interactions,1928,-0.070077937
p05,aerosol_radiation_interactions,1929,-0.072890071
p05,aerosol_radiation_interactions,1930,-0.074979183
p05,aerosol_radiation_interactions,1931,-0.073864494
p05,aerosol_radiation_interactions,1932,-0.070681974
p05,aerosol_radiation_interactions,1933,-0.068658431
p05,aerosol_radiation_interactions,1934,-0.069514073
p05,aerosol_radiation_interactions,1935,-0.072141527
p05,aerosol_radiation_interactions,1936,-0.075576555
p05,aerosol_radiation_interactions,1937,-0.079704378
p05,aerosol_radiation_interactions,1938,-0.082099254
p05,aerosol_radiation_interactions,1939,-0.083812816
p05,aerosol_radiation_interactions,1940,-0.087825496
p05,aerosol_radiation_interactions,1941,-0.09243821
p05,aerosol_radiation_interactions,1942,-0.096489776
p05,aerosol_radiation_interactions,1943,-0.09991484
p05,aerosol_radiation_interactions,1944,-0.102046705
p05,aerosol_radiation_interactions,1945,-0.10100388
p05,aerosol_radiation_interactions,1946,-0.098243
p05,aerosol_radiation_interactions,1947,-0.098330685
p05,aerosol_radiation_interactions,1948,-0.100920056
p05,aerosol_radiation_interactions,1949,-0.103123482
p05,aerosol_radiation_interactions,1950,-0.105960554
p05,aerosol_radiation_interactions,1951,-0.110021211
p05,aerosol_radiation_interactions,1952,-0.114032117
p05,aerosol_radiation_interactions,1953,-0.118047342
p05,aerosol_radiation_interactions,1954,-0.121963721
p05,aerosol_radiation_interactions,1955,-0.126976563
p05,aerosol_radiation_interactions,1956,-0.133854751
p05,aerosol_radiation_interactions,1957,-0.140838979
p05,aerosol_radiation_interactions,1958,-0.146112381
p05,aerosol_radiation_interactions,1959,-0.15085122
p05,aerosol_radiation_interactions,1960,-0.156925252
p05,aerosol_radiation_interactions,1961,-0.163817981
p05,aerosol_radiation_interactions,1962,-0.170392978
p05,aerosol_radiation_interactions,1963,-0.177794463
p05,aerosol_radiation_interactions,1964,-0.186063055
p05,aerosol_radiation_interactions,1965,-0.193899637
p05,aerosol_radiation_interactions,1966,-0.201443727
p05,aerosol_radiation_interactions,1967,-0.208331523
p05,aerosol_radiation_interactions,1968,-0.215410296
p05,aerosol_radiation_interactions,1969,-0.223146622
p05,aerosol_radiation_interactions,1970,-0.23272208
p05,aerosol_radiation_interactions,1971,-0.242021968
p05,aerosol_radiation_interactions,1972,-0.250126223
p05,aerosol_radiation_interactions,1973,-0.259086859
p05,aerosol_radiation_interactions,1974,-0.266077732
p05,aerosol_radiation_interactions,1975,-0.269946092
p05,aerosol_radiation_interactions,1976,-0.274978555
p05,aerosol_radiation_interactions,1977,-0.281275663
p05,aerosol_radiation_interactions,1978,-0.28606973
p05,aerosol_radiation_interactions,1979,-0.291017106
p05,aerosol_radiation_interactions,1980,-0.29612539
p05,aerosol_radiation_interactions,1981,-0.298758887
p05,aerosol_radiation_interactions,1982,-0.299882516
p05,aerosol_radiation_interactions,1983,-0.299622508
p05,aerosol_radiation_interactions,1984,-0.299022625
p05,aerosol_radiation_interactions,1985,-0.300301209
p05,aerosol_radiation_interactions,1986,-0.301579718
p05,aerosol_radiation_interactions,1987,-0.303717137
p05,aerosol_radiation_interactions,1988,-0.306541342
p05,aerosol_radiation_interactions,1989,-0.308256033
p05,aerosol_radiation_interactions,1990,-0.309670165
p05,aerosol_radiation_interactions,1991,-0.312753057
p05,aerosol_radiation_interactions,1992,-0.312332808
p05,aerosol_radiation_interactions,1993,-0.308072638
p05,aerosol_radiation_interactions,1994,-0.306433226
p05,aerosol_radiation_interactions,1995,-0.30372657
p05,aerosol_radiation_interactions,1996,-0.298765395
p05,aerosol_radiation_interactions,1997,-0.298882641
p05,aerosol_radiation_interactions,1998,-0.30166397
p05,aerosol_radiation_interactions,1999,-0.298311955
p05,aerosol_radiation_interactions,2000,-0.292272564
p05,aerosol_radiation_interactions,2001,-0.288465633
p05,aerosol_radiation_interactions,2002,-0.288071952
p05,aerosol_radiation_interactions,2003,-0.291114074
p05,aerosol_radiation_interactions,2004,-0.294345554
p05,aerosol_radiation_interactions,2005,-0.297964827
p05,aerosol_radiation_interactions,2006,-0.302940241
p05,aerosol_radiation_interactions,2007,-0.305734404
p05,aerosol_radiation_interactions,2008,-0.304674723
p05,aerosol_radiation_interactions,2009,-0.299803775
p05,aerosol_radiation_interactions,2010,-0.293882728
p05,aerosol_radiation_interactions,2011,-0.290947235
p05,aerosol_radiation_interactions,2012,-0.289961109
p05,aerosol_radiation_interactions,2013,-0.28685463
p05,aerosol_radiation_interactions,2014,-0.282443479
p05,aerosol_radiation_interactions,2015,-0.278975605
p05,aerosol_radiation_interactions,2016,-0.273335981
p05,aerosol_radiation_interactions,2017,-0.266206586
p05,aerosol_radiation_interactions,2018,-0.260522615
p05,aerosol_radiation_interactions,2019,-0.257948873
p05,aerosol_radiation_interactions,2020,-0.252136838
p05,aerosol_radiation_interactions,2021,-0.246057273
p05,aerosol_radiation_interactions,2022,-0.24167185
p05,aerosol_radiation_interactions,2023,-0.242144755
p05,aerosol_radiation_interactions,2024,-0.245809578
p05,aerosol_radiation_interactions,2025,-0.241449171
p05,anthropogenic,1850,-0.039088488
p05,anthropogenic,1851,-0.038176917
p05,anthropogenic,1852,-0.037089411
p05,anthropogenic,1853,-0.035949581
p05,anthropogenic,1854,-0.034949451
p05,anthropogenic,1855,-0.033930279
p05,anthropogenic,1856,-0.032839127
p05,anthropogenic,1857,-0.03167013
p05,anthropogenic,1858,-0.030283572
p05,anthropogenic,1859,-0.028880204
p05,anthropogenic,1860,-0.027502344
p05,anthropogenic,1861,-0.025925181
p05,anthropogenic,1862,-0.024148068
p05,anthropogenic,1863,-0.022316982
p05,anthropogenic,1864,-0.02037355
p05,anthropogenic,1865,-0.018473048
p05,anthropogenic,1866,-0.016545073
p05,anthropogenic,1867,-0.01455052
p05,anthropogenic,1868,-0.012729607
p05,anthropogenic,1869,-0.011124142
p05,anthropogenic,1870,-0.009752166
p05,anthropogenic,1871,-0.008451841
p05,anthropogenic,1872,-0.006290663
p05,anthropogenic,1873,-0.005110906
p05,anthropogenic,1874,-0.00604661
p05,anthropogenic,1875,-0.006488953
p05,anthropogenic,1876,-0.005663205
p05,anthropogenic,1877,-0.006587611
p05,anthropogenic,1878,-0.007967527
p05,anthropogenic,1879,-0.010181871
p05,anthropogenic,1880,-0.01216132
p05,anthropogenic,1881,-0.013074821
p05,anthropogenic,1882,-0.013189408
p05,anthropogenic,1883,-0.011384625
p05,anthropogenic,1884,-0.010226675
p05,anthropogenic,1885,-0.01072416
p05,anthropogenic,1886,-0.010498281
p05,anthropogenic,1887,-0.010406272
p05,anthropogenic,1888,-0.012686858
p05,anthropogenic,1889,-0.014307644
p05,anthropogenic,1890,-0.014862163
p05,anthropogenic,1891,-0.014311747
p05,anthropogenic,1892,-0.011354745
p05,anthropogenic,1893,-0.009054713
p05,anthropogenic,1894,-0.009288928
p05,anthropogenic,1895,-0.010242217
p05,anthropogenic,1896,-0.00895569
p05,anthropogenic,1897,-0.008535886
p05,anthropogenic,1898,-0.009483933
p05,anthropogenic,1899,-0.01116978
p05,anthropogenic,1900,-0.013052482
p05,anthropogenic,1901,-0.013263879
p05,anthropogenic,1902,-0.01256651
p05,anthropogenic,1903,-0.01184711
p05,anthropogenic,1904,-0.012322446
p05,anthropogenic,1905,-0.013799648
p05,anthropogenic,1906,-0.015154982
p05,anthropogenic,1907,-0.017894749
p05,anthropogenic,1908,-0.020259712
p05,anthropogenic,1909,-0.020254746
p05,anthropogenic,1910,-0.021088666
p05,anthropogenic,1911,-0.02078011
p05,anthropogenic,1912,-0.018164159
p05,anthropogenic,1913,-0.016824542
p05,anthropogenic,1914,-0.015041928
p05,anthropogenic,1915,-0.01069215
p05,anthropogenic,1916,-0.006624394
p05,anthropogenic,1917,-0.004668448
p05,anthropogenic,1918,-0.002660835
p05,anthropogenic,1919,0.003773631
p05,anthropogenic,1920,0.010414442
p05,anthropogenic,1921,0.017790427
p05,anthropogenic,1922,0.027359087
p05,anthropogenic,1923,0.03094443
p05,anthropogenic,1924,0.0325104
p05,anthropogenic,1925,0.035963956
p05,anthropogenic,1926,0.038782462
p05,anthropogenic,1927,0.040261955
p05,anthropogenic,1928,0.041466361
p05,anthropogenic,1929,0.04232915
p05,anthropogenic,1930,0.043587174
p05,anthropogenic,1931,0.050328
p05,anthropogenic,1932,0.060371501
p05,anthropogenic,1933,0.068172481
p05,anthropogenic,1934,0.071549492
p05,anthropogenic,1935,0.072392666
p05,anthropogenic,1936,0.072464122
p05,anthropogenic,1937,0.072360225
p05,anthropogenic,1938,0.076196467
p05,anthropogenic,1939,0.0804272
p05,anthropogenic,1940,0.081570659
p05,anthropogenic,1941,0.082453288
p05,anthropogenic,1942,0.083073861
p05,anthropogenic,1943,0.0841347
p05,anthropogenic,1944,0.086808634
p05,anthropogenic,1945,0.093666697
p05,anthropogenic,1946,0.102940916
p05,anthropogenic,1947,0.108682853
p05,anthropogenic,1948,0.111076228
p05,anthropogenic,1949,0.113357169
p05,anthropogenic,1950,0.114133775
p05,anthropogenic,1951,0.114474094
p05,anthropogenic,1952,0.11582385
p05,anthropogenic,1953,0.116615837
p05,anthropogenic,1954,0.117840469
p05,anthropogenic,1955,0.118541853
p05,anthropogenic,1956,0.116952371
p05,anthropogenic,1957,0.114070455
p05,anthropogenic,1958,0.114464925
p05,anthropogenic,1959,0.11702775
p05,anthropogenic,1960,0.117959164
p05,anthropogenic,1961,0.118104265
p05,anthropogenic,1962,0.119467165
p05,anthropogenic,1963,0.120373882
p05,anthropogenic,1964,0.121819502
p05,anthropogenic,1965,0.125422831
p05,anthropogenic,1966,0.129206328
p05,anthropogenic,1967,0.133781507
p05,anthropogenic,1968,0.138578026
p05,anthropogenic,1969,0.143745163
p05,anthropogenic,1970,0.148066175
p05,anthropogenic,1971,0.153387893
p05,anthropogenic,1972,0.160674599
p05,anthropogenic,1973,0.169545058
p05,anthropogenic,1974,0.181102324
p05,anthropogenic,1975,0.193669588
p05,anthropogenic,1976,0.203906273
p05,anthropogenic,1977,0.214079829
p05,anthropogenic,1978,0.227538089
p05,anthropogenic,1979,0.241568001
p05,anthropogenic,1980,0.256764471
p05,anthropogenic,1981,0.275075383
p05,anthropogenic,1982,0.293600042
p05,anthropogenic,1983,0.313519542
p05,anthropogenic,1984,0.33452693
p05,anthropogenic,1985,0.353394226
p05,anthropogenic,1986,0.372568905
p05,anthropogenic,1987,0.391165641
p05,anthropogenic,1988,0.410097617
p05,anthropogenic,1989,0.431387757
p05,anthropogenic,1990,0.452252859
p05,anthropogenic,1991,0.469525499
p05,anthropogenic,1992,0.489706362
p05,anthropogenic,1993,0.514116916
p05,anthropogenic,1994,0.532708466
p05,anthropogenic,1995,0.552009647
p05,anthropogenic,1996,0.576448494
p05,anthropogenic,1997,0.59265037
p05,anthropogenic,1998,0.598126966
p05,anthropogenic,1999,0.623823632
p05,anthropogenic,2000,0.660056702
p05,anthropogenic,2001,0.68776903
p05,anthropogenic,2002,0.707004638
p05,anthropogenic,2003,0.720411051
p05,anthropogenic,2004,0.736231803
p05,anthropogenic,2005,0.752648483
p05,anthropogenic,2006,0.766788528
p05,anthropogenic,2007,0.783770495
p05,anthropogenic,2008,0.805871935
p05,anthropogenic,2009,0.83064019
p05,anthropogenic,2010,0.854601401
p05,anthropogenic,2011,0.877088366
p05,anthropogenic,2012,0.898207796
p05,anthropogenic,2013,0.921318305
p05,anthropogenic,2014,0.946126731
p05,anthropogenic,2015,0.969489558
p05,anthropogenic,2016,0.996744695
p05,anthropogenic,2017,1.025757145
p05,anthropogenic,2018,1.052194492
p05,anthropogenic,2019,1.075006302
p05,anthropogenic,2020,1.097696861
p05,anthropogenic,2021,1.118993202
p05,anthropogenic,2022,1.14414568
p05,anthropogenic,2023,1.163011831
p05,anthropogenic,2024,1.171359071
p05,anthropogenic,2025,1.202633962
p05,bc_snow,1850,-0.009300507
p05,bc_snow,1851,-0.009072862
p05,bc_snow,1852,-0.009024467
p05,bc_snow,1853,-0.008886558
p05,bc_snow,1854,-0.008425378
p05,bc_snow,1855,-0.00791041
p05,bc_snow,1856,-0.007643371
p05,bc_snow,1857,-0.007253208
p05,bc_snow,1858,-0.006678588
p05,bc_snow,1859,-0.006222783
p05,bc_snow,1860,-0.005882457
p05,bc_snow,1861,-0.005515445
p05,bc_snow,1862,-0.005215124
p05,bc_snow,1863,-0.005095353
p05,bc_snow,1864,-0.004896574
p05,bc_snow,1865,-0.004430626
p05,bc_snow,1866,-0.003970413
p05,bc_snow,1867,-0.003509134
p05,bc_snow,1868,-0.00282774
p05,bc_snow,1869,-0.002286823
p05,bc_snow,1870,-0.001856133
p05,bc_snow,1871,-0.001468933
p05,bc_snow,1872,-0.001283295
p05,bc_snow,1873,-0.000903623
p05,bc_snow,1874,-0.000338368
p05,bc_snow,1875,-1.62e-05
p05,bc_snow,1876,1.3e-06
p05,bc_snow,1877,3.11e-06
p05,bc_snow,1878,5.47e-06
p05,bc_snow,1879,7.95e-06
p05,bc_snow,1880,1.01e-05
p05,bc_snow,1881,1.23e-05
p05,bc_snow,1882,1.43e-05
p05,bc_snow,1883,1.51e-05
p05,bc_snow,1884,1.65e-05
p05,bc_snow,1885,1.86e-05
p05,bc_snow,1886,2.04e-05
p05,bc_snow,1887,2.25e-05
p05,bc_snow,1888,2.6e-05
p05,bc_snow,1889,2.91e-05
p05,bc_snow,1890,3.18e-05
p05,bc_snow,1891,3.42e-05
p05,bc_snow,1892,3.53e-05
p05,bc_snow,1893,3.64e-05
p05,bc_snow,1894,3.88e-05
p05,bc_snow,1895,4.19e-05
p05,bc_snow,1896,4.34e-05
p05,bc_snow,1897,4.53e-05
p05,bc_snow,1898,4.86e-05
p05,bc_snow,1899,5.22e-05
p05,bc_snow,1900,5.55e-05
p05,bc_snow,1901,5.82e-05
p05,bc_snow,1902,6.05e-05
p05,bc_snow,1903,6.25e-05
p05,bc_snow,1904,6.55e-05
p05,bc_snow,1905,6.96e-05
p05,bc_snow,1906,7.38e-05
p05,bc_snow,1907,7.95e-05
p05,bc_snow,1908,8.5e-05
p05,bc_snow,1909,8.88e-05
p05,bc_snow,1910,9.33e-05
p05,bc_snow,1911,9.73e-05
p05,bc_snow,1912,9.99e-05
p05,bc_snow,1913,0.000103709
p05,bc_snow,1914,0.000107028
p05,bc_snow,1915,0.000108196
p05,bc_snow,1916,0.00010988
p05,bc_snow,1917,0.000113852
p05,bc_snow,1918,0.000118219
p05,bc_snow,1919,0.000118187
p05,bc_snow,1920,0.000118171
p05,bc_snow,1921,0.000118114
p05,bc_snow,1922,0.000115867
p05,bc_snow,1923,0.000120335
p05,bc_snow,1924,0.000126291
p05,bc_snow,1925,0.000128622
p05,bc_snow,1926,0.000130367
p05,bc_snow,1927,0.000132527
p05,bc_snow,1928,0.000134649
p05,bc_snow,1929,0.000136369
p05,bc_snow,1930,0.000137865
p05,bc_snow,1931,0.000134402
p05,bc_snow,1932,0.000128759
p05,bc_snow,1933,0.000125402
p05,bc_snow,1934,0.000125916
p05,bc_snow,1935,0.000128913
p05,bc_snow,1936,0.000133351
p05,bc_snow,1937,0.000138495
p05,bc_snow,1938,0.000139276
p05,bc_snow,1939,0.000140098
p05,bc_snow,1940,0.000143461
p05,bc_snow,1941,0.000146672
p05,bc_snow,1942,0.000150923
p05,bc_snow,1943,0.000155497
p05,bc_snow,1944,0.000159093
p05,bc_snow,1945,0.000158341
p05,bc_snow,1946,0.000154961
p05,bc_snow,1947,0.000153993
p05,bc_snow,1948,0.000156022
p05,bc_snow,1949,0.000157671
p05,bc_snow,1950,0.000160318
p05,bc_snow,1951,0.000162191
p05,bc_snow,1952,0.000161535
p05,bc_snow,1953,0.00016318
p05,bc_snow,1954,0.000166046
p05,bc_snow,1955,0.000169755
p05,bc_snow,1956,0.000176631
p05,bc_snow,1957,0.000186742
p05,bc_snow,1958,0.000194582
p05,bc_snow,1959,0.000200263
p05,bc_snow,1960,0.000207314
p05,bc_snow,1961,0.000213847
p05,bc_snow,1962,0.000218537
p05,bc_snow,1963,0.000225081
p05,bc_snow,1964,0.0002299
p05,bc_snow,1965,0.000231284
p05,bc_snow,1966,0.000233521
p05,bc_snow,1967,0.000237424
p05,bc_snow,1968,0.000242002
p05,bc_snow,1969,0.000245992
p05,bc_snow,1970,0.000251745
p05,bc_snow,1971,0.000260021
p05,bc_snow,1972,0.000272258
p05,bc_snow,1973,0.000283752
p05,bc_snow,1974,0.000291476
p05,bc_snow,1975,0.000298573
p05,bc_snow,1976,0.000308748
p05,bc_snow,1977,0.000322554
p05,bc_snow,1978,0.000337585
p05,bc_snow,1979,0.000352235
p05,bc_snow,1980,0.000361104
p05,bc_snow,1981,0.000364212
p05,bc_snow,1982,0.000370761
p05,bc_snow,1983,0.000375612
p05,bc_snow,1984,0.000378299
p05,bc_snow,1985,0.000385894
p05,bc_snow,1986,0.000394665
p05,bc_snow,1987,0.000405827
p05,bc_snow,1988,0.000419195
p05,bc_snow,1989,0.000430023
p05,bc_snow,1990,0.000438742
p05,bc_snow,1991,0.000455372
p05,bc_snow,1992,0.000463964
p05,bc_snow,1993,0.000463655
p05,bc_snow,1994,0.000475826
p05,bc_snow,1995,0.000490323
p05,bc_snow,1996,0.000496443
p05,bc_snow,1997,0.000508166
p05,bc_snow,1998,0.000526242
p05,bc_snow,1999,0.000525459
p05,bc_snow,2000,0.000509422
p05,bc_snow,2001,0.000498143
p05,bc_snow,2002,0.000499478
p05,bc_snow,2003,0.000507038
p05,bc_snow,2004,0.000515449
p05,bc_snow,2005,0.00052622
p05,bc_snow,2006,0.00053496
p05,bc_snow,2007,0.000542413
p05,bc_snow,2008,0.000546716
p05,bc_snow,2009,0.000543796
p05,bc_snow,2010,0.00054709
p05,bc_snow,2011,0.000550313
p05,bc_snow,2012,0.000550239
p05,bc_snow,2013,0.000549306
p05,bc_snow,2014,0.000546135
p05,bc_snow,2015,0.000546115
p05,bc_snow,2016,0.000539962
p05,bc_snow,2017,0.000530871
p05,bc_snow,2018,0.000523872
p05,bc_snow,2019,0.000521816
p05,bc_snow,2020,0.000518517
p05,bc_snow,2021,0.000514082
p05,bc_snow,2022,0.00050768
p05,bc_snow,2023,0.000510106
p05,bc_snow,2024,0.000523747
p05,bc_snow,2025,0.000516951
p05,ch4,1850,-0.017813584
p05,ch4,1851,-0.01750217
p05,ch4,1852,-0.017208527
p05,ch4,1853,-0.016870493
p05,ch4,1854,-0.01648147
p05,ch4,1855,-0.016046421
p05,ch4,1856,-0.015576855
p05,ch4,1857,-0.015081856
p05,ch4,1858,-0.014546446
p05,ch4,1859,-0.013965853
p05,ch4,1860,-0.013355987
p05,ch4,1861,-0.012722371
p05,ch4,1862,-0.012034797
p05,ch4,1863,-0.01126213
p05,ch4,1864,-0.01039983
p05,ch4,1865,-0.009475827
p05,ch4,1866,-0.008508491
p05,ch4,1867,-0.007493339
p05,ch4,1868,-0.00645567
p05,ch4,1869,-0.005433656
p05,ch4,1870,-0.004455921
p05,ch4,1871,-0.003555665
p05,ch4,1872,-0.00274036
p05,ch4,1873,-0.001999589
p05,ch4,1874,-0.001292391
p05,ch4,1875,-0.000595662
p05,ch4,1876,2.76e-05
p05,ch4,1877,0.000489641
p05,ch4,1878,0.000889199
p05,ch4,1879,0.001297343
p05,ch4,1880,0.001730165
p05,ch4,1881,0.002179544
p05,ch4,1882,0.002634053
p05,ch4,1883,0.003094728
p05,ch4,1884,0.003568192
p05,ch4,1885,0.004064819
p05,ch4,1886,0.004582338
p05,ch4,1887,0.005118791
p05,ch4,1888,0.00567254
p05,ch4,1889,0.006241655
p05,ch4,1890,0.006828003
p05,ch4,1891,0.007427328
p05,ch4,1892,0.008054274
p05,ch4,1893,0.008710439
p05,ch4,1894,0.009365962
p05,ch4,1895,0.009997467
p05,ch4,1896,0.0105731
p05,ch4,1897,0.011085636
p05,ch4,1898,0.011598154
p05,ch4,1899,0.012156169
p05,ch4,1900,0.012748892
p05,ch4,1901,0.013358866
p05,ch4,1902,0.013998313
p05,ch4,1903,0.014677132
p05,ch4,1904,0.015417507
p05,ch4,1905,0.016227771
p05,ch4,1906,0.017086317
p05,ch4,1907,0.017996387
p05,ch4,1908,0.018919833
p05,ch4,1909,0.019837663
p05,ch4,1910,0.020771618
p05,ch4,1911,0.02170016
p05,ch4,1912,0.022596981
p05,ch4,1913,0.02342573
p05,ch4,1914,0.024172575
p05,ch4,1915,0.024880897
p05,ch4,1916,0.025688553
p05,ch4,1917,0.026600188
p05,ch4,1918,0.027552956
p05,ch4,1919,0.028596306
p05,ch4,1920,0.02971272
p05,ch4,1921,0.03086404
p05,ch4,1922,0.032028373
p05,ch4,1923,0.03317844
p05,ch4,1924,0.034261113
p05,ch4,1925,0.035228212
p05,ch4,1926,0.036061416
p05,ch4,1927,0.036806593
p05,ch4,1928,0.037586125
p05,ch4,1929,0.038471799
p05,ch4,1930,0.039433202
p05,ch4,1931,0.040402993
p05,ch4,1932,0.041342104
p05,ch4,1933,0.042262416
p05,ch4,1934,0.043193488
p05,ch4,1935,0.044147822
p05,ch4,1936,0.045101425
p05,ch4,1937,0.046034079
p05,ch4,1938,0.046945849
p05,ch4,1939,0.047893145
p05,ch4,1940,0.048827409
p05,ch4,1941,0.049674606
p05,ch4,1942,0.050524178
p05,ch4,1943,0.051403755
p05,ch4,1944,0.052260288
p05,ch4,1945,0.053068801
p05,ch4,1946,0.053871887
p05,ch4,1947,0.054743989
p05,ch4,1948,0.055689255
p05,ch4,1949,0.056638934
p05,ch4,1950,0.057530917
p05,ch4,1951,0.058405207
p05,ch4,1952,0.05932137
p05,ch4,1953,0.060359936
p05,ch4,1954,0.061598892
p05,ch4,1955,0.063019835
p05,ch4,1956,0.064625499
p05,ch4,1957,0.066396926
p05,ch4,1958,0.068199816
p05,ch4,1959,0.069926018
p05,ch4,1960,0.07151649
p05,ch4,1961,0.072940256
p05,ch4,1962,0.074431572
p05,ch4,1963,0.076251228
p05,ch4,1964,0.0783071
p05,ch4,1965,0.080384292
p05,ch4,1966,0.082372144
p05,ch4,1967,0.084293268
p05,ch4,1968,0.086328768
p05,ch4,1969,0.088545469
p05,ch4,1970,0.090952063
p05,ch4,1971,0.093513233
p05,ch4,1972,0.096088854
p05,ch4,1973,0.098551372
p05,ch4,1974,0.10086688
p05,ch4,1975,0.103157084
p05,ch4,1976,0.105515276
p05,ch4,1977,0.107963577
p05,ch4,1978,0.110494573
p05,ch4,1979,0.11308423
p05,ch4,1980,0.115699392
p05,ch4,1981,0.118300152
p05,ch4,1982,0.12084322
p05,ch4,1983,0.12328319
p05,ch4,1984,0.125588401
p05,ch4,1985,0.127795648
p05,ch4,1986,0.129957066
p05,ch4,1987,0.132032379
p05,ch4,1988,0.134053762
p05,ch4,1989,0.13611031
p05,ch4,1990,0.138067631
p05,ch4,1991,0.139965688
p05,ch4,1992,0.141823604
p05,ch4,1993,0.143422329
p05,ch4,1994,0.144845468
p05,ch4,1995,0.146218616
p05,ch4,1996,0.147473305
p05,ch4,1997,0.14862031
p05,ch4,1998,0.149861267
p05,ch4,1999,0.151215161
p05,ch4,2000,0.152430678
p05,ch4,2001,0.153391662
p05,ch4,2002,0.154211105
p05,ch4,2003,0.155058165
p05,ch4,2004,0.155861923
p05,ch4,2005,0.156510172
p05,ch4,2006,0.157083727
p05,ch4,2007,0.15778744
p05,ch4,2008,0.158664233
p05,ch4,2009,0.159577889
p05,ch4,2010,0.160488158
p05,ch4,2011,0.16140968
p05,ch4,2012,0.162333773
p05,ch4,2013,0.163260628
p05,ch4,2014,0.164273477
p05,ch4,2015,0.165441856
p05,ch4,2016,0.166667311
p05,ch4,2017,0.167849326
p05,ch4,2018,0.169028529
p05,ch4,2019,0.170235339
p05,ch4,2020,0.171529055
p05,ch4,2021,0.173036979
p05,ch4,2022,0.174733332
p05,ch4,2023,0.176403875
p05,ch4,2024,0.17790802
p05,ch4,2025,0.179274729
p05,co2,1850,-0.043939669
p05,co2,1851,-0.042954945
p05,co2,1852,-0.041833778
p05,co2,1853,-0.04063349
p05,co2,1854,-0.03942781
p05,co2,1855,-0.038263694
p05,co2,1856,-0.037123911
p05,co2,1857,-0.035905842
p05,co2,1858,-0.034562197
p05,co2,1859,-0.033116039
p05,co2,1860,-0.031563033
p05,co2,1861,-0.029915179
p05,co2,1862,-0.028242046
p05,co2,1863,-0.026572681
p05,co2,1864,-0.024887431
p05,co2,1865,-0.023183693
p05,co2,1866,-0.02146865
p05,co2,1867,-0.019737764
p05,co2,1868,-0.018017284
p05,co2,1869,-0.016375132
p05,co2,1870,-0.0148011
p05,co2,1871,-0.013239131
p05,co2,1872,-0.011629895
p05,co2,1873,-0.009913268
p05,co2,1874,-0.008093539
p05,co2,1875,-0.006162509
p05,co2,1876,-0.004124281
p05,co2,1877,-0.002033699
p05,co2,1878,-4.16e-05
p05,co2,1879,0.001501574
p05,co2,1880,0.002959849
p05,co2,1881,0.004468022
p05,co2,1882,0.006043077
p05,co2,1883,0.007638535
p05,co2,1884,0.009223819
p05,co2,1885,0.010852171
p05,co2,1886,0.012559217
p05,co2,1887,0.014340265
p05,co2,1888,0.016211888
p05,co2,1889,0.018173748
p05,co2,1890,0.020190626
p05,co2,1891,0.022257221
p05,co2,1892,0.024367873
p05,co2,1893,0.026468841
p05,co2,1894,0.028541377
p05,co2,1895,0.030586584
p05,co2,1896,0.032595841
p05,co2,1897,0.034582455
p05,co2,1898,0.036578339
p05,co2,1899,0.038639205
p05,co2,1900,0.040797272
p05,co2,1901,0.042996141
p05,co2,1902,0.045171157
p05,co2,1903,0.047339767
p05,co2,1904,0.049492137
p05,co2,1905,0.051644861
p05,co2,1906,0.053868921
p05,co2,1907,0.056225552
p05,co2,1908,0.058698174
p05,co2,1909,0.061224733
p05,co2,1910,0.063812471
p05,co2,1911,0.066474578
p05,co2,1912,0.069264351
p05,co2,1913,0.07222839
p05,co2,1914,0.075282114
p05,co2,1915,0.078365759
p05,co2,1916,0.081520219
p05,co2,1917,0.084733065
p05,co2,1918,0.087890136
p05,co2,1919,0.090885282
p05,co2,1920,0.09380036
p05,co2,1921,0.096660458
p05,co2,1922,0.099407527
p05,co2,1923,0.102065947
p05,co2,1924,0.104684077
p05,co2,1925,0.107136617
p05,co2,1926,0.109292867
p05,co2,1927,0.111323796
p05,co2,1928,0.113273449
p05,co2,1929,0.115103231
p05,co2,1930,0.116827411
p05,co2,1931,0.118512417
p05,co2,1932,0.120296916
p05,co2,1933,0.122218785
p05,co2,1934,0.124308379
p05,co2,1935,0.126610701
p05,co2,1936,0.129412904
p05,co2,1937,0.1327674
p05,co2,1938,0.136184698
p05,co2,1939,0.139508272
p05,co2,1940,0.142802534
p05,co2,1941,0.146005475
p05,co2,1942,0.149046628
p05,co2,1943,0.151791003
p05,co2,1944,0.154066735
p05,co2,1945,0.155857516
p05,co2,1946,0.157354618
p05,co2,1947,0.158773295
p05,co2,1948,0.160131235
p05,co2,1949,0.16143718
p05,co2,1950,0.162840026
p05,co2,1951,0.164345015
p05,co2,1952,0.166025119
p05,co2,1953,0.167974807
p05,co2,1954,0.170094199
p05,co2,1955,0.172243882
p05,co2,1956,0.174350135
p05,co2,1957,0.176424588
p05,co2,1958,0.178559938
p05,co2,1959,0.180892434
p05,co2,1960,0.183778703
p05,co2,1961,0.187143229
p05,co2,1962,0.190703628
p05,co2,1963,0.194342275
p05,co2,1964,0.198006558
p05,co2,1965,0.201601114
p05,co2,1966,0.205553208
p05,co2,1967,0.209800618
p05,co2,1968,0.214069957
p05,co2,1969,0.218633715
p05,co2,1970,0.223942151
p05,co2,1971,0.229410096
p05,co2,1972,0.235403687
p05,co2,1973,0.243440835
p05,co2,1974,0.25152045
p05,co2,1975,0.257597806
p05,co2,1976,0.262689592
p05,co2,1977,0.268791894
p05,co2,1978,0.276129327
p05,co2,1979,0.283997815
p05,co2,1980,0.292540778
p05,co2,1981,0.301059318
p05,co2,1982,0.308542938
p05,co2,1983,0.315983046
p05,co2,1984,0.324055661
p05,co2,1985,0.332254074
p05,co2,1986,0.34045321
p05,co2,1987,0.348878902
p05,co2,1988,0.358300365
p05,co2,1989,0.368168316
p05,co2,1990,0.377342183
p05,co2,1991,0.386009543
p05,co2,1992,0.393960669
p05,co2,1993,0.401051122
p05,co2,1994,0.40831996
p05,co2,1995,0.416495683
p05,co2,1996,0.4252865
p05,co2,1997,0.43380812
p05,co2,1998,0.442969212
p05,co2,1999,0.453235654
p05,co2,2000,0.462906671
p05,co2,2001,0.471992625
p05,co2,2002,0.481469741
p05,co2,2003,0.491856625
p05,co2,2004,0.502554127
p05,co2,2005,0.513050461
p05,co2,2006,0.523780553
p05,co2,2007,0.534426348
p05,co2,2008,0.545013787
p05,co2,2009,0.555385162
p05,co2,2010,0.565753875
p05,co2,2011,0.576408056
p05,co2,2012,0.587032116
p05,co2,2013,0.598310049
p05,co2,2014,0.609843182
p05,co2,2015,0.621215451
p05,co2,2016,0.633621397
p05,co2,2017,0.646424669
p05,co2,2018,0.658751206
p05,co2,2019,0.67112983
p05,co2,2020,0.68351283
p05,co2,2021,0.69576887
p05,co2,2022,0.707973952
p05,co2,2023,0.72017627
p05,co2,2024,0.733106345
p05,co2,2025,0.746765021
p05,contrails,1850,0.0
p05,contrails,1851,0.0
p05,contrails,1852,0.0
p05,contrails,1853,0.0
p05,contrails,1854,0.0
p05,contrails,1855,0.0
p05,contrails,1856,0.0
p05,contrails,1857,0.0
p05,contrails,1858,0.0
p05,contrails,1859,0.0
p05,contrails,1860,0.0
p05,contrails,1861,0.0
p05,contrails,1862,0.0
p05,contrails,1863,0.0
p05,contrails,1864,0.0
p05,contrails,1865,0.0
p05,contrails,1866,0.0
p05,contrails,1867,0.0
p05,contrails,1868,0.0
p05,contrails,1869,0.0
p05,contrails,1870,0.0
p05,contrails,1871,0.0
p05,contrails,1872,0.0
p05,contrails,1873,0.0
p05,contrails,1874,0.0
p05,contrails,1875,0.0
p05,contrails,1876,0.0
p05,contrails,1877,0.0
p05,contrails,1878,0.0
p05,contrails,1879,0.0
p05,contrails,1880,0.0
p05,contrails,1881,0.0
p05,contrails,1882,0.0
p05,contrails,1883,0.0
p05,contrails,1884,0.0
p05,contrails,1885,0.0
p05,contrails,1886,0.0
p05,contrails,1887,0.0
p05,contrails,1888,0.0
p05,contrails,1889,0.0
p05,contrails,1890,0.0
p05,contrails,1891,0.0
p05,contrails,1892,0.0
p05,contrails,1893,0.0
p05,contrails,1894,0.0
p05,contrails,1895,0.0
p05,contrails,1896,0.0
p05,contrails,1897,0.0
p05,contrails,1898,0.0
p05,contrails,1899,0.0
p05,contrails,1900,0.0
p05,contrails,1901,0.0
p05,contrails,1902,0.0
p05,contrails,1903,0.0
p05,contrails,1904,0.0
p05,contrails,1905,0.0
p05,contrails,1906,0.0
p05,contrails,1907,0.0
p05,contrails,1908,0.0
p05,contrails,1909,0.0
p05,contrails,1910,0.0
p05,contrails,1911,0.0
p05,contrails,1912,0.0
p05,contrails,1913,0.0
p05,contrails,1914,0.0
p05,contrails,1915,0.0
p05,contrails,1916,0.0
p05,contrails,1917,0.0
p05,contrails,1918,0.0
p05,contrails,1919,0.0
p05,contrails,1920,0.0
p05,contrails,1921,0.0
p05,contrails,1922,0.0
p05,contrails,1923,0.0
p05,contrails,1924,0.0
p05,contrails,1925,0.0
p05,contrails,1926,0.0
p05,contrails,1927,0.0
p05,contrails,1928,0.0
p05,contrails,1929,0.0
p05,contrails,1930,0.0
p05,contrails,1931,4.19e-07
p05,contrails,1932,1.49e-06
p05,contrails,1933,2.93e-06
p05,contrails,1934,4.63e-06
p05,contrails,1935,6.53e-06
p05,contrails,1936,8.58e-06
p05,contrails,1937,1.08e-05
p05,contrails,1938,1.3e-05
p05,contrails,1939,1.54e-05
p05,contrails,1940,1.79e-05
p05,contrails,1941,2.03e-05
p05,contrails,1942,2.27e-05
p05,contrails,1943,2.52e-05
p05,contrails,1944,2.77e-05
p05,contrails,1945,3.04e-05
p05,contrails,1946,3.33e-05
p05,contrails,1947,3.64e-05
p05,contrails,1948,3.96e-05
p05,contrails,1949,4.31e-05
p05,contrails,1950,4.68e-05
p05,contrails,1951,5.08e-05
p05,contrails,1952,5.51e-05
p05,contrails,1953,5.97e-05
p05,contrails,1954,6.47e-05
p05,contrails,1955,7.01e-05
p05,contrails,1956,7.59e-05
p05,contrails,1957,8.22e-05
p05,contrails,1958,8.89e-05
p05,contrails,1959,9.61e-05
p05,contrails,1960,0.000103916
p05,contrails,1961,0.000114018
p05,contrails,1962,0.000127715
p05,contrails,1963,0.000143207
p05,contrails,1964,0.000159132
p05,contrails,1965,0.000176574
p05,contrails,1966,0.000197055
p05,contrails,1967,0.000225165
p05,contrails,1968,0.000261964
p05,contrails,1969,0.000299702
p05,contrails,1970,0.000332353
p05,contrails,1971,0.000373101
p05,contrails,1972,0.000423171
p05,contrails,1973,0.000469691
p05,contrails,1974,0.000507653
p05,contrails,1975,0.000538512
p05,contrails,1976,0.000568764
p05,contrails,1977,0.000604709
p05,contrails,1978,0.000647384
p05,contrails,1979,0.000692251
p05,contrails,1980,0.000735861
p05,contrails,1981,0.000771369
p05,contrails,1982,0.000804409
p05,contrails,1983,0.000841786
p05,contrails,1984,0.000889048
p05,contrails,1985,0.000944309
p05,contrails,1986,0.00100473
p05,contrails,1987,0.001072437
p05,contrails,1988,0.00114525
p05,contrails,1989,0.001222622
p05,contrails,1990,0.001295213
p05,contrails,1991,0.001350718
p05,contrails,1992,0.001415694
p05,contrails,1993,0.001510936
p05,contrails,1994,0.001615731
p05,contrails,1995,0.001723654
p05,contrails,1996,0.001835375
p05,contrails,1997,0.001947386
p05,contrails,1998,0.00205638
p05,contrails,1999,0.002170004
p05,contrails,2000,0.002303225
p05,contrails,2001,0.002434434
p05,contrails,2002,0.002526644
p05,contrails,2003,0.002605445
p05,contrails,2004,0.002745438
p05,contrails,2005,0.002925208
p05,contrails,2006,0.00308899
p05,contrails,2007,0.003252093
p05,contrails,2008,0.003405752
p05,contrails,2009,0.00351032
p05,contrails,2010,0.003641371
p05,contrails,2011,0.003830741
p05,contrails,2012,0.003992373
p05,contrails,2013,0.004133256
p05,contrails,2014,0.004288505
p05,contrails,2015,0.00446778
p05,contrails,2016,0.004669807
p05,contrails,2017,0.004884168
p05,contrails,2018,0.005076306
p05,contrails,2019,0.005300792
p05,contrails,2020,0.005058236
p05,contrails,2021,0.004587546
p05,contrails,2022,0.004623056
p05,contrails,2023,0.004972166
p05,contrails,2024,0.00542271
p05,contrails,2025,0.005802456
p05,ghg,1850,-0.06655252
p05,ghg,1851,-0.065213702
p05,ghg,1852,-0.06373002
p05,ghg,1853,-0.062105288
p05,ghg,1854,-0.060407154
p05,ghg,1855,-0.05869054
p05,ghg,1856,-0.056951113
p05,ghg,1857,-0.055102439
p05,ghg,1858,-0.053091557
p05,ghg,1859,-0.050922792
p05,ghg,1860,-0.0485899
p05,ghg,1861,-0.046110545
p05,ghg,1862,-0.043531899
p05,ghg,1863,-0.04086809
p05,ghg,1864,-0.038101649
p05,ghg,1865,-0.035251372
p05,ghg,1866,-0.032336784
p05,ghg,1867,-0.029349657
p05,ghg,1868,-0.026338425
p05,ghg,1869,-0.023404606
p05,ghg,1870,-0.020572343
p05,ghg,1871,-0.017817951
p05,ghg,1872,-0.015094681
p05,ghg,1873,-0.012343906
p05,ghg,1874,-0.009523749
p05,ghg,1875,-0.006592241
p05,ghg,1876,-0.003592514
p05,ghg,1877,-0.000693172
p05,ghg,1878,0.00166243
p05,ghg,1879,0.003773326
p05,ghg,1880,0.005906345
p05,ghg,1881,0.008106145
p05,ghg,1882,0.010374216
p05,ghg,1883,0.012666249
p05,ghg,1884,0.01495692
p05,ghg,1885,0.017311261
p05,ghg,1886,0.019762844
p05,ghg,1887,0.022308166
p05,ghg,1888,0.024961632
p05,ghg,1889,0.027721613
p05,ghg,1890,0.03055414
p05,ghg,1891,0.033442578
p05,ghg,1892,0.036402387
p05,ghg,1893,0.039388472
p05,ghg,1894,0.042354719
p05,ghg,1895,0.045278854
p05,ghg,1896,0.048108342
p05,ghg,1897,0.050843549
p05,ghg,1898,0.053585725
p05,ghg,1899,0.056447993
p05,ghg,1900,0.059454483
p05,ghg,1901,0.062528707
p05,ghg,1902,0.065634089
p05,ghg,1903,0.06881339
p05,ghg,1904,0.072068984
p05,ghg,1905,0.07541355
p05,ghg,1906,0.078892943
p05,ghg,1907,0.082575798
p05,ghg,1908,0.086410602
p05,ghg,1909,0.090316407
p05,ghg,1910,0.094319203
p05,ghg,1911,0.098418772
p05,ghg,1912,0.102617926
p05,ghg,1913,0.106913538
p05,ghg,1914,0.111225213
p05,ghg,1915,0.115533374
p05,ghg,1916,0.120005877
p05,ghg,1917,0.124640152
p05,ghg,1918,0.129244395
p05,ghg,1919,0.133725361
p05,ghg,1920,0.13815251
p05,ghg,1921,0.142545658
p05,ghg,1922,0.14683553
p05,ghg,1923,0.151052809
p05,ghg,1924,0.155169295
p05,ghg,1925,0.158956604
p05,ghg,1926,0.162260755
p05,ghg,1927,0.165322955
p05,ghg,1928,0.168337338
p05,ghg,1929,0.171342794
p05,ghg,1930,0.174312987
p05,ghg,1931,0.177272045
p05,ghg,1932,0.180318364
p05,ghg,1933,0.18348308
p05,ghg,1934,0.186835281
p05,ghg,1935,0.190427754
p05,ghg,1936,0.194541592
p05,ghg,1937,0.199222771
p05,ghg,1938,0.203978564
p05,ghg,1939,0.208690153
p05,ghg,1940,0.213371589
p05,ghg,1941,0.217893949
p05,ghg,1942,0.222282289
p05,ghg,1943,0.226508578
p05,ghg,1944,0.23028952
p05,ghg,1945,0.233488545
p05,ghg,1946,0.236380588
p05,ghg,1947,0.239258041
p05,ghg,1948,0.242129666
p05,ghg,1949,0.24494299
p05,ghg,1950,0.247803253
p05,ghg,1951,0.250778196
p05,ghg,1952,0.253995636
p05,ghg,1953,0.25767992
p05,ghg,1954,0.261811018
p05,ghg,1955,0.266218808
p05,ghg,1956,0.270863439
p05,ghg,1957,0.275730629
p05,ghg,1958,0.280746185
p05,ghg,1959,0.285896721
p05,ghg,1960,0.291510762
p05,ghg,1961,0.297522159
p05,ghg,1962,0.303922303
p05,ghg,1963,0.310898104
p05,ghg,1964,0.318302024
p05,ghg,1965,0.325813189
p05,ghg,1966,0.333753677
p05,ghg,1967,0.342108048
p05,ghg,1968,0.350807027
p05,ghg,1969,0.360216798
p05,ghg,1970,0.370794848
p05,ghg,1971,0.381933584
p05,ghg,1972,0.393844244
p05,ghg,1973,0.407931419
p05,ghg,1974,0.422233793
p05,ghg,1975,0.434821554
p05,ghg,1976,0.446698576
p05,ghg,1977,0.459785016
p05,ghg,1978,0.474290814
p05,ghg,1979,0.489427908
p05,ghg,1980,0.50530798
p05,ghg,1981,0.52124771
p05,ghg,1982,0.536251417
p05,ghg,1983,0.551125529
p05,ghg,1984,0.566465403
p05,ghg,1985,0.581903406
p05,ghg,1986,0.597531571
p05,ghg,1987,0.61346442
p05,ghg,1988,0.630485272
p05,ghg,1989,0.648216881
p05,ghg,1990,0.665149262
p05,ghg,1991,0.681256234
p05,ghg,1992,0.696236653
p05,ghg,1993,0.709593296
p05,ghg,1994,0.722450579
p05,ghg,1995,0.735837533
p05,ghg,1996,0.749548598
p05,ghg,1997,0.762707538
p05,ghg,1998,0.776412022
p05,ghg,1999,0.79124014
p05,ghg,2000,0.805268643
p05,ghg,2001,0.818311107
p05,ghg,2002,0.831447759
p05,ghg,2003,0.845391507
p05,ghg,2004,0.859507162
p05,ghg,2005,0.873182116
p05,ghg,2006,0.886986844
p05,ghg,2007,0.9008223
p05,ghg,2008,0.914762009
p05,ghg,2009,0.92849364
p05,ghg,2010,0.942188497
p05,ghg,2011,0.956211767
p05,ghg,2012,0.970196702
p05,ghg,2013,0.984828575
p05,ghg,2014,0.999844717
p05,ghg,2015,1.014838993
p05,ghg,2016,1.030914503
p05,ghg,2017,1.047336741
p05,ghg,2018,1.063320031
p05,ghg,2019,1.079387493
p05,ghg,2020,1.095469475
p05,ghg,2021,1.111631304
p05,ghg,2022,1.127974867
p05,ghg,2023,1.144239023
p05,ghg,2024,1.16098926
p05,ghg,2025,1.178379525
p05,h2o_strat,1850,-0.002531861
p05,h2o_strat,1851,-0.00248878
p05,h2o_strat,1852,-0.002448113
p05,h2o_strat,1853,-0.002401232
p05,h2o_strat,1854,-0.002347196
p05,h2o_strat,1855,-0.002286654
p05,h2o_strat,1856,-0.00222129
p05,h2o_strat,1857,-0.002152281
p05,h2o_strat,1858,-0.002077559
p05,h2o_strat,1859,-0.001996391
p05,h2o_strat,1860,-0.001911019
p05,h2o_strat,1861,-0.001822193
p05,h2o_strat,1862,-0.00172557
p05,h2o_strat,1863,-0.001616634
p05,h2o_strat,1864,-0.001494504
p05,h2o_strat,1865,-0.001363071
p05,h2o_strat,1866,-0.001224958
p05,h2o_strat,1867,-0.001079289
p05,h2o_strat,1868,-0.000929792
p05,h2o_strat,1869,-0.000782134
p05,h2o_strat,1870,-0.000640774
p05,h2o_strat,1871,-0.000510999
p05,h2o_strat,1872,-0.000394354
p05,h2o_strat,1873,-0.000289202
p05,h2o_strat,1874,-0.000188289
p05,h2o_strat,1875,-8.7e-05
p05,h2o_strat,1876,-3.7e-06
p05,h2o_strat,1877,1.43e-06
p05,h2o_strat,1878,2.67e-06
p05,h2o_strat,1879,3.95e-06
p05,h2o_strat,1880,5.31e-06
p05,h2o_strat,1881,6.73e-06
p05,h2o_strat,1882,8.17e-06
p05,h2o_strat,1883,9.64e-06
p05,h2o_strat,1884,1.12e-05
p05,h2o_strat,1885,1.27e-05
p05,h2o_strat,1886,1.44e-05
p05,h2o_strat,1887,1.61e-05
p05,h2o_strat,1888,1.79e-05
p05,h2o_strat,1889,1.97e-05
p05,h2o_strat,1890,2.16e-05
p05,h2o_strat,1891,2.35e-05
p05,h2o_strat,1892,2.56e-05
p05,h2o_strat,1893,2.77e-05
p05,h2o_strat,1894,2.98e-05
p05,h2o_strat,1895,3.19e-05
p05,h2o_strat,1896,3.38e-05
p05,h2o_strat,1897,3.55e-05
p05,h2o_strat,1898,3.71e-05
p05,h2o_strat,1899,3.9e-05
p05,h2o_strat,1900,4.09e-05
p05,h2o_strat,1901,4.29e-05
p05,h2o_strat,1902,4.51e-05
p05,h2o_strat,1903,4.73e-05
p05,h2o_strat,1904,4.97e-05
p05,h2o_strat,1905,5.24e-05
p05,h2o_strat,1906,5.52e-05
p05,h2o_strat,1907,5.83e-05
p05,h2o_strat,1908,6.13e-05
p05,h2o_strat,1909,6.44e-05
p05,h2o_strat,1910,6.76e-05
p05,h2o_strat,1911,7.07e-05
p05,h2o_strat,1912,7.37e-05
p05,h2o_strat,1913,7.65e-05
p05,h2o_strat,1914,7.91e-05
p05,h2o_strat,1915,8.15e-05
p05,h2o_strat,1916,8.43e-05
p05,h2o_strat,1917,8.74e-05
p05,h2o_strat,1918,9.06e-05
p05,h2o_strat,1919,9.42e-05
p05,h2o_strat,1920,9.81e-05
p05,h2o_strat,1921,0.000102027
p05,h2o_strat,1922,0.000106072
p05,h2o_strat,1923,0.000110082
p05,h2o_strat,1924,0.000113876
p05,h2o_strat,1925,0.000117269
p05,h2o_strat,1926,0.00012023
p05,h2o_strat,1927,0.000122876
p05,h2o_strat,1928,0.000125647
p05,h2o_strat,1929,0.000128782
p05,h2o_strat,1930,0.000132178
p05,h2o_strat,1931,0.000135625
p05,h2o_strat,1932,0.00013898
p05,h2o_strat,1933,0.000142281
p05,h2o_strat,1934,0.000145625
p05,h2o_strat,1935,0.000149058
p05,h2o_strat,1936,0.000152496
p05,h2o_strat,1937,0.00015588
p05,h2o_strat,1938,0.000159203
p05,h2o_strat,1939,0.000162652
p05,h2o_strat,1940,0.00016604
p05,h2o_strat,1941,0.000169171
p05,h2o_strat,1942,0.000172319
p05,h2o_strat,1943,0.000175547
p05,h2o_strat,1944,0.000178723
p05,h2o_strat,1945,0.000181719
p05,h2o_strat,1946,0.000184704
p05,h2o_strat,1947,0.000187936
p05,h2o_strat,1948,0.00019143
p05,h2o_strat,1949,0.000194956
p05,h2o_strat,1950,0.000198307
p05,h2o_strat,1951,0.000201592
p05,h2o_strat,1952,0.000205019
p05,h2o_strat,1953,0.000208902
p05,h2o_strat,1954,0.000213486
p05,h2o_strat,1955,0.000218774
p05,h2o_strat,1956,0.000224802
p05,h2o_strat,1957,0.000231436
p05,h2o_strat,1958,0.000238299
p05,h2o_strat,1959,0.000244896
p05,h2o_strat,1960,0.000251047
p05,h2o_strat,1961,0.000256618
p05,h2o_strat,1962,0.000262439
p05,h2o_strat,1963,0.000269439
p05,h2o_strat,1964,0.000277533
p05,h2o_strat,1965,0.000285716
p05,h2o_strat,1966,0.000293626
p05,h2o_strat,1967,0.000301307
p05,h2o_strat,1968,0.000309488
p05,h2o_strat,1969,0.000318399
p05,h2o_strat,1970,0.000328073
p05,h2o_strat,1971,0.00033856
p05,h2o_strat,1972,0.000349204
p05,h2o_strat,1973,0.000359458
p05,h2o_strat,1974,0.000369126
p05,h2o_strat,1975,0.000378743
p05,h2o_strat,1976,0.000388704
p05,h2o_strat,1977,0.000399099
p05,h2o_strat,1978,0.000409932
p05,h2o_strat,1979,0.000421082
p05,h2o_strat,1980,0.000432392
p05,h2o_strat,1981,0.000443748
p05,h2o_strat,1982,0.000454939
p05,h2o_strat,1983,0.000465728
p05,h2o_strat,1984,0.000475995
p05,h2o_strat,1985,0.000485888
p05,h2o_strat,1986,0.000495654
p05,h2o_strat,1987,0.000505018
p05,h2o_strat,1988,0.000514179
p05,h2o_strat,1989,0.000523542
p05,h2o_strat,1990,0.000532551
p05,h2o_strat,1991,0.000541326
p05,h2o_strat,1992,0.000549875
p05,h2o_strat,1993,0.000557375
p05,h2o_strat,1994,0.000564109
p05,h2o_strat,1995,0.000570656
p05,h2o_strat,1996,0.000576607
p05,h2o_strat,1997,0.00058205
p05,h2o_strat,1998,0.000587964
p05,h2o_strat,1999,0.000594269
p05,h2o_strat,2000,0.0006001
p05,h2o_strat,2001,0.000604819
p05,h2o_strat,2002,0.000608793
p05,h2o_strat,2003,0.000612906
p05,h2o_strat,2004,0.000616866
p05,h2o_strat,2005,0.000620127
p05,h2o_strat,2006,0.000622939
p05,h2o_strat,2007,0.000626339
p05,h2o_strat,2008,0.000630505
p05,h2o_strat,2009,0.000634907
p05,h2o_strat,2010,0.000639369
p05,h2o_strat,2011,0.000643821
p05,h2o_strat,2012,0.000648309
p05,h2o_strat,2013,0.000652854
p05,h2o_strat,2014,0.000657735
p05,h2o_strat,2015,0.000663357
p05,h2o_strat,2016,0.000669291
p05,h2o_strat,2017,0.000675042
p05,h2o_strat,2018,0.000680807
p05,h2o_strat,2019,0.000686724
p05,h2o_strat,2020,0.00069307
p05,h2o_strat,2021,0.000700461
p05,h2o_strat,2022,0.000708734
p05,h2o_strat,2023,0.000716967
p05,h2o_strat,2024,0.000724457
p05,h2o_strat,2025,0.000731422
p05,halogen,1850,-7.92e-08
p05,halogen,1851,-7.85e-08
p05,halogen,1852,-7.75e-08
p05,halogen,1853,-7.64e-08
p05,halogen,1854,-7.51e-08
p05,halogen,1855,-7.37e-08
p05,halogen,1856,-7.23e-08
p05,halogen,1857,-7.07e-08
p05,halogen,1858,-6.92e-08
p05,halogen,1859,-6.76e-08
p05,halogen,1860,-6.6e-08
p05,halogen,1861,-6.43e-08
p05,halogen,1862,-6.17e-08
p05,halogen,1863,-5.85e-08
p05,halogen,1864,-5.6e-08
p05,halogen,1865,-5.37e-08
p05,halogen,1866,-5.16e-08
p05,halogen,1867,-4.85e-08
p05,halogen,1868,-4.49e-08
p05,halogen,1869,-4.21e-08
p05,halogen,1870,-3.95e-08
p05,halogen,1871,-3.61e-08
p05,halogen,1872,-3.23e-08
p05,halogen,1873,-2.93e-08
p05,halogen,1874,-2.56e-08
p05,halogen,1875,-2.15e-08
p05,halogen,1876,-1.73e-08
p05,halogen,1877,-1.3e-08
p05,halogen,1878,-8.57e-09
p05,halogen,1879,-4.18e-09
p05,halogen,1880,-9.04e-11
p05,halogen,1881,3.15e-09
p05,halogen,1882,6.1e-09
p05,halogen,1883,9.33e-09
p05,halogen,1884,1.27e-08
p05,halogen,1885,1.57e-08
p05,halogen,1886,1.87e-08
p05,halogen,1887,2.2e-08
p05,halogen,1888,2.55e-08
p05,halogen,1889,2.91e-08
p05,halogen,1890,3.28e-08
p05,halogen,1891,3.66e-08
p05,halogen,1892,4.05e-08
p05,halogen,1893,4.44e-08
p05,halogen,1894,4.84e-08
p05,halogen,1895,5.29e-08
p05,halogen,1896,5.76e-08
p05,halogen,1897,6.22e-08
p05,halogen,1898,6.7e-08
p05,halogen,1899,7.21e-08
p05,halogen,1900,7.73e-08
p05,halogen,1901,8.27e-08
p05,halogen,1902,9.82e-08
p05,halogen,1903,1.31e-07
p05,halogen,1904,1.74e-07
p05,halogen,1905,2.29e-07
p05,halogen,1906,3e-07
p05,halogen,1907,3.94e-07
p05,halogen,1908,5.19e-07
p05,halogen,1909,6.59e-07
p05,halogen,1910,8.29e-07
p05,halogen,1911,1.48e-06
p05,halogen,1912,2.46e-06
p05,halogen,1913,3.42e-06
p05,halogen,1914,4.8e-06
p05,halogen,1915,7.02e-06
p05,halogen,1916,1.04e-05
p05,halogen,1917,1.51e-05
p05,halogen,1918,2.06e-05
p05,halogen,1919,2.63e-05
p05,halogen,1920,3.19e-05
p05,halogen,1921,3.7e-05
p05,halogen,1922,4.21e-05
p05,halogen,1923,4.81e-05
p05,halogen,1924,5.52e-05
p05,halogen,1925,6.34e-05
p05,halogen,1926,7.3e-05
p05,halogen,1927,8.34e-05
p05,halogen,1928,9.44e-05
p05,halogen,1929,0.000107326
p05,halogen,1930,0.000122752
p05,halogen,1931,0.000140768
p05,halogen,1932,0.000161362
p05,halogen,1933,0.000183981
p05,halogen,1934,0.000208684
p05,halogen,1935,0.000236596
p05,halogen,1936,0.000269721
p05,halogen,1937,0.000308729
p05,halogen,1938,0.000352271
p05,halogen,1939,0.000399571
p05,halogen,1940,0.000451565
p05,halogen,1941,0.00051023
p05,halogen,1942,0.000578539
p05,halogen,1943,0.000659542
p05,halogen,1944,0.000755898
p05,halogen,1945,0.000867827
p05,halogen,1946,0.001005508
p05,halogen,1947,0.001174424
p05,halogen,1948,0.001366709
p05,halogen,1949,0.001578323
p05,halogen,1950,0.001805768
p05,halogen,1951,0.002048979
p05,halogen,1952,0.002309753
p05,halogen,1953,0.002591533
p05,halogen,1954,0.002902038
p05,halogen,1955,0.003247017
p05,halogen,1956,0.00363227
p05,halogen,1957,0.004063924
p05,halogen,1958,0.00454109
p05,halogen,1959,0.00505802
p05,halogen,1960,0.005619056
p05,halogen,1961,0.006241233
p05,halogen,1962,0.006939711
p05,halogen,1963,0.007729831
p05,halogen,1964,0.00862848
p05,halogen,1965,0.009648677
p05,halogen,1966,0.010797446
p05,halogen,1967,0.012084351
p05,halogen,1968,0.013523968
p05,halogen,1969,0.015133727
p05,halogen,1970,0.01692684
p05,halogen,1971,0.018907102
p05,halogen,1972,0.021082471
p05,halogen,1973,0.023479209
p05,halogen,1974,0.026128766
p05,halogen,1975,0.029011187
p05,halogen,1976,0.032061496
p05,halogen,1977,0.035234988
p05,halogen,1978,0.038513862
p05,halogen,1979,0.041843211
p05,halogen,1980,0.045189745
p05,halogen,1981,0.048557485
p05,halogen,1982,0.051935541
p05,halogen,1983,0.055328791
p05,halogen,1984,0.0587524
p05,halogen,1985,0.062274046
p05,halogen,1986,0.065975316
p05,halogen,1987,0.069860341
p05,halogen,1988,0.073933864
p05,halogen,1989,0.078105978
p05,halogen,1990,0.082206319
p05,halogen,1991,0.086110454
p05,halogen,1992,0.089759462
p05,halogen,1993,0.093065156
p05,halogen,1994,0.095989607
p05,halogen,1995,0.098628047
p05,halogen,1996,0.101041638
p05,halogen,1997,0.103245521
p05,halogen,1998,0.105270539
p05,halogen,1999,0.107164391
p05,halogen,2000,0.108946853
p05,halogen,2001,0.11062994
p05,halogen,2002,0.112221839
p05,halogen,2003,0.113724814
p05,halogen,2004,0.115160094
p05,halogen,2005,0.11655279
p05,halogen,2006,0.11790562
p05,halogen,2007,0.119244116
p05,halogen,2008,0.120585356
p05,halogen,2009,0.121903285
p05,halogen,2010,0.123197939
p05,halogen,2011,0.124481014
p05,halogen,2012,0.125730079
p05,halogen,2013,0.126957131
p05,halogen,2014,0.128175998
p05,halogen,2015,0.129372995
p05,halogen,2016,0.130557451
p05,halogen,2017,0.131749347
p05,halogen,2018,0.132953079
p05,halogen,2019,0.134137323
p05,halogen,2020,0.135242485
p05,halogen,2021,0.136279759
p05,halogen,2022,0.13728934
p05,halogen,2023,0.138243435
p05,halogen,2024,0.139143552
p05,halogen,2025,0.140033825
p05,land_use,1850,0.003222492
p05,land_use,1851,0.003129194
p05,land_use,1852,0.003025577
p05,land_use,1853,0.002915844
p05,land_use,1854,0.002801933
p05,land_use,1855,0.002684684
p05,land_use,1856,0.002564753
p05,land_use,1857,0.00244262
p05,land_use,1858,0.002318503
p05,land_use,1859,0.002192651
p05,land_use,1860,0.002068527
p05,land_use,1861,0.001951241
p05,land_use,1862,0.001840255
p05,land_use,1863,0.001732516
p05,land_use,1864,0.001626731
p05,land_use,1865,0.00152218
p05,land_use,1866,0.001418508
p05,land_use,1867,0.001315538
p05,land_use,1868,0.001212869
p05,land_use,1869,0.001110429
p05,land_use,1870,0.001000593
p05,land_use,1871,0.000872186
p05,land_use,1872,0.000726681
p05,land_use,1873,0.000570915
p05,land_use,1874,0.000407374
p05,land_use,1875,0.000235763
p05,land_use,1876,3.96e-05
p05,land_use,1877,-0.000933788
p05,land_use,1878,-0.002716752
p05,land_use,1879,-0.00457038
p05,land_use,1880,-0.006415204
p05,land_use,1881,-0.008183161
p05,land_use,1882,-0.009877845
p05,land_use,1883,-0.011536238
p05,land_use,1884,-0.013173633
p05,land_use,1885,-0.014797831
p05,land_use,1886,-0.016412496
p05,land_use,1887,-0.018021326
p05,land_use,1888,-0.019625322
p05,land_use,1889,-0.021226473
p05,land_use,1890,-0.022821627
p05,land_use,1891,-0.024405519
p05,land_use,1892,-0.025978903
p05,land_use,1893,-0.027546489
p05,land_use,1894,-0.029110077
p05,land_use,1895,-0.030671593
p05,land_use,1896,-0.032231551
p05,land_use,1897,-0.033789454
p05,land_use,1898,-0.035347517
p05,land_use,1899,-0.036905215
p05,land_use,1900,-0.038498742
p05,land_use,1901,-0.040183119
p05,land_use,1902,-0.041952366
p05,land_use,1903,-0.043773253
p05,land_use,1904,-0.04562956
p05,land_use,1905,-0.047513244
p05,land_use,1906,-0.049420763
p05,land_use,1907,-0.051348181
p05,land_use,1908,-0.053293171
p05,land_use,1909,-0.055253753
p05,land_use,1910,-0.057135684
p05,land_use,1911,-0.058798131
p05,land_use,1912,-0.060255615
p05,land_use,1913,-0.061593039
p05,land_use,1914,-0.062851409
p05,land_use,1915,-0.064051422
p05,land_use,1916,-0.065206475
p05,land_use,1917,-0.06632387
p05,land_use,1918,-0.067410845
p05,land_use,1919,-0.068471469
p05,land_use,1920,-0.069554139
p05,land_use,1921,-0.070723701
p05,land_use,1922,-0.071977862
p05,land_use,1923,-0.073278902
p05,land_use,1924,-0.074609973
p05,land_use,1925,-0.075961639
p05,land_use,1926,-0.077331481
p05,land_use,1927,-0.07871756
p05,land_use,1928,-0.080114469
p05,land_use,1929,-0.0815235
p05,land_use,1930,-0.082928425
p05,land_use,1931,-0.084307842
p05,land_use,1932,-0.085663834
p05,land_use,1933,-0.08700903
p05,land_use,1934,-0.088349194
p05,land_use,1935,-0.089685213
p05,land_use,1936,-0.091021988
p05,land_use,1937,-0.092362058
p05,land_use,1938,-0.09370262
p05,land_use,1939,-0.095049187
p05,land_use,1940,-0.096277084
p05,land_use,1941,-0.097209791
p05,land_use,1942,-0.097866222
p05,land_use,1943,-0.098358878
p05,land_use,1944,-0.09874042
p05,land_use,1945,-0.099042246
p05,land_use,1946,-0.099282296
p05,land_use,1947,-0.099474518
p05,land_use,1948,-0.099626653
p05,land_use,1949,-0.099747622
p05,land_use,1950,-0.099978697
p05,land_use,1951,-0.100541205
p05,land_use,1952,-0.10141579
p05,land_use,1953,-0.102441897
p05,land_use,1954,-0.103573546
p05,land_use,1955,-0.104811103
p05,land_use,1956,-0.106118385
p05,land_use,1957,-0.107439705
p05,land_use,1958,-0.108694924
p05,land_use,1959,-0.109803666
p05,land_use,1960,-0.110828593
p05,land_use,1961,-0.111796523
p05,land_use,1962,-0.112775411
p05,land_use,1963,-0.113820236
p05,land_use,1964,-0.114845846
p05,land_use,1965,-0.115810012
p05,land_use,1966,-0.116722236
p05,land_use,1967,-0.117718673
p05,land_use,1968,-0.119110866
p05,land_use,1969,-0.120823037
p05,land_use,1970,-0.122502971
p05,land_use,1971,-0.123998236
p05,land_use,1972,-0.125292356
p05,land_use,1973,-0.12654465
p05,land_use,1974,-0.127835263
p05,land_use,1975,-0.129037478
p05,land_use,1976,-0.130144973
p05,land_use,1977,-0.131320119
p05,land_use,1978,-0.132687367
p05,land_use,1979,-0.134067497
p05,land_use,1980,-0.135334781
p05,land_use,1981,-0.136618421
p05,land_use,1982,-0.137918223
p05,land_use,1983,-0.13920251
p05,land_use,1984,-0.140501226
p05,land_use,1985,-0.14177975
p05,land_use,1986,-0.14300619
p05,land_use,1987,-0.144172082
p05,land_use,1988,-0.145285226
p05,land_use,1989,-0.146290336
p05,land_use,1990,-0.147158336
p05,land_use,1991,-0.147825838
p05,land_use,1992,-0.148265295
p05,land_use,1993,-0.148648455
p05,land_use,1994,-0.149070103
p05,land_use,1995,-0.14945685
p05,land_use,1996,-0.149873063
p05,land_use,1997,-0.150418147
p05,land_use,1998,-0.151043886
p05,land_use,1999,-0.151723743
p05,land_use,2000,-0.152439344
p05,land_use,2001,-0.153041008
p05,land_use,2002,-0.153444881
p05,land_use,2003,-0.153813792
p05,land_use,2004,-0.154303057
p05,land_use,2005,-0.154894756
p05,land_use,2006,-0.155188283
p05,land_use,2007,-0.154985518
p05,land_use,2008,-0.154767974
p05,land_use,2009,-0.154829897
p05,land_use,2010,-0.15501083
p05,land_use,2011,-0.155024771
p05,land_use,2012,-0.154787284
p05,land_use,2013,-0.154669658
p05,land_use,2014,-0.154794155
p05,land_use,2015,-0.154974412
p05,land_use,2016,-0.155220881
p05,land_use,2017,-0.155564287
p05,land_use,2018,-0.155921448
p05,land_use,2019,-0.156335626
p05,land_use,2020,-0.156849216
p05,land_use,2021,-0.157356305
p05,land_use,2022,-0.157834696
p05,land_use,2023,-0.158360227
p05,land_use,2024,-0.158948069
p05,land_use,2025,-0.159540146
p05,n2o,1850,-0.006319367
p05,n2o,1851,-0.006250358
p05,n2o,1852,-0.006152675
p05,n2o,1853,-0.006032658
p05,n2o,1854,-0.005891503
p05,n2o,1855,-0.005733561
p05,n2o,1856,-0.005561448
p05,n2o,1857,-0.005382323
p05,n2o,1858,-0.005204993
p05,n2o,1859,-0.005013346
p05,n2o,1860,-0.00478875
p05,n2o,1861,-0.004532253
p05,n2o,1862,-0.004252084
p05,n2o,1863,-0.003964474
p05,n2o,1864,-0.003676851
p05,n2o,1865,-0.003384452
p05,n2o,1866,-0.003082063
p05,n2o,1867,-0.002771345
p05,n2o,1868,-0.002451694
p05,n2o,1869,-0.002124544
p05,n2o,1870,-0.001797443
p05,n2o,1871,-0.001466439
p05,n2o,1872,-0.001130712
p05,n2o,1873,-0.000798519
p05,n2o,1874,-0.000475022
p05,n2o,1875,-0.000162433
p05,n2o,1876,0.000114336
p05,n2o,1877,0.000349143
p05,n2o,1878,0.000561667
p05,n2o,1879,0.000764675
p05,n2o,1880,0.000961563
p05,n2o,1881,0.001151126
p05,n2o,1882,0.001332878
p05,n2o,1883,0.001509112
p05,n2o,1884,0.001680154
p05,n2o,1885,0.001846796
p05,n2o,1886,0.002007812
p05,n2o,1887,0.002166985
p05,n2o,1888,0.002323583
p05,n2o,1889,0.002478501
p05,n2o,1890,0.00263149
p05,n2o,1891,0.00277628
p05,n2o,1892,0.002918865
p05,n2o,1893,0.003066574
p05,n2o,1894,0.00322382
p05,n2o,1895,0.003391292
p05,n2o,1896,0.00355939
p05,n2o,1897,0.003723129
p05,n2o,1898,0.00388601
p05,n2o,1899,0.004054674
p05,n2o,1900,0.004232577
p05,n2o,1901,0.004418037
p05,n2o,1902,0.004626945
p05,n2o,1903,0.004873004
p05,n2o,1904,0.005143964
p05,n2o,1905,0.005426696
p05,n2o,1906,0.00571874
p05,n2o,1907,0.006022551
p05,n2o,1908,0.006345646
p05,n2o,1909,0.00668836
p05,n2o,1910,0.007048897
p05,n2o,1911,0.007433538
p05,n2o,1912,0.007822331
p05,n2o,1913,0.008206163
p05,n2o,1914,0.008600053
p05,n2o,1915,0.008998757
p05,n2o,1916,0.009386556
p05,n2o,1917,0.009765768
p05,n2o,1918,0.010128261
p05,n2o,1919,0.010438043
p05,n2o,1920,0.010700364
p05,n2o,1921,0.01094533
p05,n2o,1922,0.011185997
p05,n2o,1923,0.011453802
p05,n2o,1924,0.011733712
p05,n2o,1925,0.011975188
p05,n2o,1926,0.012180318
p05,n2o,1927,0.0123649
p05,n2o,1928,0.012544782
p05,n2o,1929,0.012720729
p05,n2o,1930,0.012883521
p05,n2o,1931,0.013061457
p05,n2o,1932,0.013254352
p05,n2o,1933,0.013447108
p05,n2o,1934,0.013639517
p05,n2o,1935,0.013826305
p05,n2o,1936,0.014022402
p05,n2o,1937,0.014238197
p05,n2o,1938,0.014478798
p05,n2o,1939,0.0147309
p05,n2o,1940,0.014989461
p05,n2o,1941,0.015262586
p05,n2o,1942,0.015552226
p05,n2o,1943,0.015925449
p05,n2o,1944,0.016330705
p05,n2o,1945,0.016681832
p05,n2o,1946,0.017009772
p05,n2o,1947,0.017300447
p05,n2o,1948,0.017544052
p05,n2o,1949,0.017754304
p05,n2o,1950,0.017962625
p05,n2o,1951,0.018180125
p05,n2o,1952,0.018403236
p05,n2o,1953,0.018662678
p05,n2o,1954,0.018947178
p05,n2o,1955,0.019242358
p05,n2o,1956,0.01956899
p05,n2o,1957,0.019917502
p05,n2o,1958,0.020264347
p05,n2o,1959,0.020593941
p05,n2o,1960,0.0209248
p05,n2o,1961,0.021276257
p05,n2o,1962,0.021646183
p05,n2o,1963,0.022036743
p05,n2o,1964,0.022442054
p05,n2o,1965,0.022853051
p05,n2o,1966,0.023279328
p05,n2o,1967,0.023723821
p05,n2o,1968,0.024179114
p05,n2o,1969,0.02464233
p05,n2o,1970,0.025112649
p05,n2o,1971,0.025590439
p05,n2o,1972,0.026076748
p05,n2o,1973,0.026573022
p05,n2o,1974,0.027080891
p05,n2o,1975,0.027601953
p05,n2o,1976,0.028136593
p05,n2o,1977,0.02868506
p05,n2o,1978,0.029248664
p05,n2o,1979,0.029829435
p05,n2o,1980,0.030446435
p05,n2o,1981,0.031134689
p05,n2o,1982,0.031948778
p05,n2o,1983,0.03278354
p05,n2o,1984,0.033556337
p05,n2o,1985,0.034305727
p05,n2o,1986,0.035084096
p05,n2o,1987,0.035816381
p05,n2o,1988,0.036494111
p05,n2o,1989,0.037292717
p05,n2o,1990,0.0381839
p05,n2o,1991,0.0390653
p05,n2o,1992,0.039883164
p05,n2o,1993,0.040610557
p05,n2o,1994,0.041297175
p05,n2o,1995,0.042006382
p05,n2o,1996,0.042775451
p05,n2o,1997,0.043612988
p05,n2o,1998,0.044470554
p05,n2o,1999,0.045368622
p05,n2o,2000,0.046329128
p05,n2o,2001,0.047283962
p05,n2o,2002,0.04818592
p05,n2o,2003,0.049059002
p05,n2o,2004,0.049919778
p05,n2o,2005,0.050775096
p05,n2o,2006,0.051657714
p05,n2o,2007,0.052558162
p05,n2o,2008,0.053477853
p05,n2o,2009,0.054401592
p05,n2o,2010,0.055325922
p05,n2o,2011,0.056302953
p05,n2o,2012,0.057305129
p05,n2o,2013,0.058309803
p05,n2o,2014,0.059360552
p05,n2o,2015,0.060435574
p05,n2o,2016,0.061476458
p05,n2o,2017,0.062503904
p05,n2o,2018,0.063580672
p05,n2o,2019,0.064684429
p05,n2o,2020,0.065805787
p05,n2o,2021,0.066991085
p05,n2o,2022,0.068231318
p05,n2o,2023,0.069473389
p05,n2o,2024,0.070686631
p05,n2o,2025,0.071942294
p05,natural,1850,0.000828465
p05,natural,1851,0.003897375
p05,natural,1852,0.005387812
p05,natural,1853,0.004935662
p05,natural,1854,0.001108137
p05,natural,1855,-0.003852499
p05,natural,1856,0.001216862
p05,natural,1857,-0.019351191
p05,natural,1858,-0.056297036
p05,natural,1859,-0.033627984
p05,natural,1860,-0.001706885
p05,natural,1861,0.004297274
p05,natural,1862,-0.02086076
p05,natural,1863,-0.119467994
p05,natural,1864,-0.113550411
p05,natural,1865,-0.055821065
p05,natural,1866,-0.016726368
p05,natural,1867,0.000706848
p05,natural,1868,0.003533908
p05,natural,1869,0.004042987
p05,natural,1870,0.004664555
p05,natural,1871,0.006634929
p05,natural,1872,0.004132648
p05,natural,1873,-0.02704794
p05,natural,1874,-0.026238916
p05,natural,1875,-0.000817577
p05,natural,1876,0.002459579
p05,natural,1877,0.004213472
p05,natural,1878,0.005660975
p05,natural,1879,0.006724927
p05,natural,1880,0.007146376
p05,natural,1881,0.006630117
p05,natural,1882,0.006908593
p05,natural,1883,0.006494607
p05,natural,1884,-0.074844543
p05,natural,1885,-0.200074484
p05,natural,1886,-0.22603915
p05,natural,1887,-0.205759885
p05,natural,1888,-0.139837391
p05,natural,1889,-0.082567796
p05,natural,1890,-0.055688113
p05,natural,1891,-0.037905258
p05,natural,1892,-0.018551683
p05,natural,1893,-0.003481616
p05,natural,1894,0.003114325
p05,natural,1895,0.003413046
p05,natural,1896,0.002984896
p05,natural,1897,0.004329845
p05,natural,1898,0.00576156
p05,natural,1899,0.006838323
p05,natural,1900,0.00749991
p05,natural,1901,0.007954726
p05,natural,1902,0.008153579
p05,natural,1903,0.006618453
p05,natural,1904,0.005565377
p05,natural,1905,0.006979053
p05,natural,1906,0.00852648
p05,natural,1907,0.00747907
p05,natural,1908,0.005107979
p05,natural,1909,0.00585246
p05,natural,1910,0.007660014
p05,natural,1911,0.008612496
p05,natural,1912,0.004886501
p05,natural,1913,-0.026573101
p05,natural,1914,-0.024990121
p05,natural,1915,0.002183092
p05,natural,1916,0.005996578
p05,natural,1917,0.008282574
p05,natural,1918,0.009492735
p05,natural,1919,0.008649048
p05,natural,1920,0.008073589
p05,natural,1921,0.009051762
p05,natural,1922,0.009739635
p05,natural,1923,0.010112709
p05,natural,1924,0.009392276
p05,natural,1925,0.008883779
p05,natural,1926,0.00826845
p05,natural,1927,0.007841796
p05,natural,1928,0.009348364
p05,natural,1929,0.01066825
p05,natural,1930,0.01131347
p05,natural,1931,0.011541577
p05,natural,1932,0.01097261
p05,natural,1933,0.008320867
p05,natural,1934,0.006868289
p05,natural,1935,0.00868919
p05,natural,1936,0.010649842
p05,natural,1937,0.012190167
p05,natural,1938,0.013110858
p05,natural,1939,0.01363146
p05,natural,1940,0.013892902
p05,natural,1941,0.013972003
p05,natural,1942,0.013877272
p05,natural,1943,0.01255103
p05,natural,1944,0.010984963
p05,natural,1945,0.011297293
p05,natural,1946,0.012535627
p05,natural,1947,0.013094195
p05,natural,1948,0.013288961
p05,natural,1949,0.013982811
p05,natural,1950,0.014498538
p05,natural,1951,0.01438363
p05,natural,1952,0.013966615
p05,natural,1953,0.013662192
p05,natural,1954,0.013503547
p05,natural,1955,0.013537715
p05,natural,1956,0.013274257
p05,natural,1957,0.013087488
p05,natural,1958,0.013924149
p05,natural,1959,0.014872389
p05,natural,1960,0.015264326
p05,natural,1961,0.01519201
p05,natural,1962,0.014818297
p05,natural,1963,0.008005146
p05,natural,1964,-0.017476198
p05,natural,1965,-0.008930192
p05,natural,1966,0.005617858
p05,natural,1967,0.008616611
p05,natural,1968,0.009810317
p05,natural,1969,0.009541316
p05,natural,1970,0.009982755
p05,natural,1971,0.01117286
p05,natural,1972,0.0119993
p05,natural,1973,0.012444936
p05,natural,1974,0.012520448
p05,natural,1975,0.012488516
p05,natural,1976,0.012423798
p05,natural,1977,0.012649426
p05,natural,1978,0.013325688
p05,natural,1979,0.014133955
p05,natural,1980,0.014485307
p05,natural,1981,0.014351123
p05,natural,1982,0.0118883
p05,natural,1983,-0.000112125
p05,natural,1984,-0.010224317
p05,natural,1985,6.43e-05
p05,natural,1986,0.004513106
p05,natural,1987,0.00609046
p05,natural,1988,0.007951612
p05,natural,1989,0.009996754
p05,natural,1990,0.011591279
p05,natural,1991,0.007513282
p05,natural,1992,-0.064656551
p05,natural,1993,-0.12746247
p05,natural,1994,-0.081540185
p05,natural,1995,-0.032410297
p05,natural,1996,-0.006202812
p05,natural,1997,0.002614301
p05,natural,1998,0.006137886
p05,natural,1999,0.008363211
p05,natural,2000,0.010158727
p05,natural,2001,0.011420706
p05,natural,2002,0.012326115
p05,natural,2003,0.012721033
p05,natural,2004,0.012598563
p05,natural,2005,0.012289465
p05,natural,2006,0.011772682
p05,natural,2007,0.011305122
p05,natural,2008,0.011099648
p05,natural,2009,0.010950593
p05,natural,2010,0.011029879
p05,natural,2011,0.011360866
p05,natural,2012,0.011851721
p05,natural,2013,0.012730986
p05,natural,2014,0.013297341
p05,natural,2015,0.013329569
p05,natural,2016,0.013092432
p05,natural,2017,0.01287846
p05,natural,2018,0.012673447
p05,natural,2019,0.011748583
p05,natural,2020,0.010395852
p05,natural,2021,0.010227809
p05,natural,2022,0.010152353
p05,natural,2023,0.011165044
p05,natural,2024,0.01324408
p05,natural,2025,0.014192212
p05,o3,1850,-0.019444981
p05,o3,1851,-0.019232126
p05,o3,1852,-0.019267904
p05,o3,1853,-0.019162135
p05,o3,1854,-0.018608094
p05,o3,1855,-0.017939522
p05,o3,1856,-0.017611702
p05,o3,1857,-0.017033837
p05,o3,1858,-0.016030334
p05,o3,1859,-0.015247759
p05,o3,1860,-0.0147247
p05,o3,1861,-0.014067679
p05,o3,1862,-0.013405227
p05,o3,1863,-0.0129644
p05,o3,1864,-0.012325115
p05,o3,1865,-0.01125559
p05,o3,1866,-0.010160278
p05,o3,1867,-0.009012189
p05,o3,1868,-0.007509623
p05,o3,1869,-0.006225271
p05,o3,1870,-0.00515537
p05,o3,1871,-0.004168107
p05,o3,1872,-0.00358804
p05,o3,1873,-0.002843126
p05,o3,1874,-0.001700374
p05,o3,1875,-0.000776568
p05,o3,1876,-0.000149344
p05,o3,1877,9.78e-05
p05,o3,1878,0.000235947
p05,o3,1879,0.000365774
p05,o3,1880,0.000465845
p05,o3,1881,0.000574702
p05,o3,1882,0.000678218
p05,o3,1883,0.00073608
p05,o3,1884,0.000826852
p05,o3,1885,0.000956041
p05,o3,1886,0.001077519
p05,o3,1887,0.001214565
p05,o3,1888,0.001381978
p05,o3,1889,0.001543683
p05,o3,1890,0.001695846
p05,o3,1891,0.001827417
p05,o3,1892,0.001924537
p05,o3,1893,0.002038555
p05,o3,1894,0.002209674
p05,o3,1895,0.002392676
p05,o3,1896,0.002500908
p05,o3,1897,0.002622223
p05,o3,1898,0.002795279
p05,o3,1899,0.002954601
p05,o3,1900,0.003100663
p05,o3,1901,0.003245947
p05,o3,1902,0.00339331
p05,o3,1903,0.003527173
p05,o3,1904,0.003714581
p05,o3,1905,0.00396684
p05,o3,1906,0.004212703
p05,o3,1907,0.004490841
p05,o3,1908,0.004800478
p05,o3,1909,0.005079007
p05,o3,1910,0.005366253
p05,o3,1911,0.005641551
p05,o3,1912,0.005863809
p05,o3,1913,0.006100237
p05,o3,1914,0.006365928
p05,o3,1915,0.00659626
p05,o3,1916,0.006810164
p05,o3,1917,0.007094961
p05,o3,1918,0.007424004
p05,o3,1919,0.007713926
p05,o3,1920,0.008016388
p05,o3,1921,0.008318641
p05,o3,1922,0.008580451
p05,o3,1923,0.008947334
p05,o3,1924,0.009306713
p05,o3,1925,0.009570385
p05,o3,1926,0.00982331
p05,o3,1927,0.010099507
p05,o3,1928,0.010407509
p05,o3,1929,0.010732746
p05,o3,1930,0.011074947
p05,o3,1931,0.011275844
p05,o3,1932,0.011400666
p05,o3,1933,0.011572605
p05,o3,1934,0.011826629
p05,o3,1935,0.012147335
p05,o3,1936,0.012508821
p05,o3,1937,0.012896021
p05,o3,1938,0.013158781
p05,o3,1939,0.01343015
p05,o3,1940,0.013773078
p05,o3,1941,0.014079247
p05,o3,1942,0.014379295
p05,o3,1943,0.014696489
p05,o3,1944,0.015033565
p05,o3,1945,0.015311603
p05,o3,1946,0.015502026
p05,o3,1947,0.015751038
p05,o3,1948,0.016148471
p05,o3,1949,0.016518417
p05,o3,1950,0.016919442
p05,o3,1951,0.017315343
p05,o3,1952,0.017632042
p05,o3,1953,0.018063851
p05,o3,1954,0.018556953
p05,o3,1955,0.019117679
p05,o3,1956,0.019827
p05,o3,1957,0.020626741
p05,o3,1958,0.021247028
p05,o3,1959,0.021695129
p05,o3,1960,0.022200847
p05,o3,1961,0.022809122
p05,o3,1962,0.023438352
p05,o3,1963,0.0242256
p05,o3,1964,0.025052904
p05,o3,1965,0.025780795
p05,o3,1966,0.026536179
p05,o3,1967,0.027358503
p05,o3,1968,0.028246672
p05,o3,1969,0.029074429
p05,o3,1970,0.030018289
p05,o3,1971,0.03106326
p05,o3,1972,0.032213827
p05,o3,1973,0.033291055
p05,o3,1974,0.034055039
p05,o3,1975,0.034631592
p05,o3,1976,0.035308887
p05,o3,1977,0.036162423
p05,o3,1978,0.037019274
p05,o3,1979,0.037862928
p05,o3,1980,0.038574965
p05,o3,1981,0.039090837
p05,o3,1982,0.039729088
p05,o3,1983,0.040188556
p05,o3,1984,0.040459858
p05,o3,1985,0.040966912
p05,o3,1986,0.041544385
p05,o3,1987,0.042223922
p05,o3,1988,0.042956775
p05,o3,1989,0.043622676
p05,o3,1990,0.044212905
p05,o3,1991,0.045230656
p05,o3,1992,0.045939827
p05,o3,1993,0.046124748
p05,o3,1994,0.046837307
p05,o3,1995,0.047544146
p05,o3,1996,0.047929809
p05,o3,1997,0.04900347
p05,o3,1998,0.050257807
p05,o3,1999,0.050637717
p05,o3,2000,0.050695709
p05,o3,2001,0.050905129
p05,o3,2002,0.051450887
p05,o3,2003,0.0521487
p05,o3,2004,0.052838844
p05,o3,2005,0.053586681
p05,o3,2006,0.054340152
p05,o3,2007,0.055086734
p05,o3,2008,0.055625768
p05,o3,2009,0.055827646
p05,o3,2010,0.056112751
p05,o3,2011,0.056617865
p05,o3,2012,0.057151628
p05,o3,2013,0.057514276
p05,o3,2014,0.057857738
p05,o3,2015,0.058495489
p05,o3,2016,0.058858757
p05,o3,2017,0.058984926
p05,o3,2018,0.059244619
p05,o3,2019,0.059715365
p05,o3,2020,0.059940644
p05,o3,2021,0.060116241
p05,o3,2022,0.060488978
p05,o3,2023,0.061245916
p05,o3,2024,0.062327973
p05,o3,2025,0.062617588
p05,other_human_forcing,1850,0.012979169
p05,other_human_forcing,1851,0.012821832
p05,other_human_forcing,1852,0.012693644
p05,other_human_forcing,1853,0.012511967
p05,other_human_forcing,1854,0.012179055
p05,other_human_forcing,1855,0.011867074
p05,other_human_forcing,1856,0.011573082
p05,other_human_forcing,1857,0.011287523
p05,other_human_forcing,1858,0.011134552
p05,other_human_forcing,1859,0.010843812
p05,other_human_forcing,1860,0.010356503
p05,other_human_forcing,1861,0.009974327
p05,other_human_forcing,1862,0.009712584
p05,other_human_forcing,1863,0.009401143
p05,other_human_forcing,1864,0.009166494
p05,other_human_forcing,1865,0.008876885
p05,other_human_forcing,1866,0.008558433
p05,other_human_forcing,1867,0.00825247
p05,other_human_forcing,1868,0.007776533
p05,other_human_forcing,1869,0.007218509
p05,other_human_forcing,1870,0.006596706
p05,other_human_forcing,1871,0.005950909
p05,other_human_forcing,1872,0.005598051
p05,other_human_forcing,1873,0.004661207
p05,other_human_forcing,1874,0.002368847
p05,other_human_forcing,1875,-0.000449963
p05,other_human_forcing,1876,-0.002442471
p05,other_human_forcing,1877,-0.006143516
p05,other_human_forcing,1878,-0.010386201
p05,other_human_forcing,1879,-0.015518158
p05,other_human_forcing,1880,-0.020415721
p05,other_human_forcing,1881,-0.024342454
p05,other_human_forcing,1882,-0.027557277
p05,other_human_forcing,1883,-0.028827095
p05,other_human_forcing,1884,-0.030801488
p05,other_human_forcing,1885,-0.034567811
p05,other_human_forcing,1886,-0.037708046
p05,other_human_forcing,1887,-0.04115501
p05,other_human_forcing,1888,-0.047224205
p05,other_human_forcing,1889,-0.052743159
p05,other_human_forcing,1890,-0.057281657
p05,other_human_forcing,1891,-0.060791159
p05,other_human_forcing,1892,-0.061803518
p05,other_human_forcing,1893,-0.06345503
p05,other_human_forcing,1894,-0.067923022
p05,other_human_forcing,1895,-0.073128981
p05,other_human_forcing,1896,-0.075638129
p05,other_human_forcing,1897,-0.07895282
p05,other_human_forcing,1898,-0.083909745
p05,other_human_forcing,1899,-0.089753401
p05,other_human_forcing,1900,-0.095933137
p05,other_human_forcing,1901,-0.100373715
p05,other_human_forcing,1902,-0.103793139
p05,other_human_forcing,1903,-0.107022302
p05,other_human_forcing,1904,-0.111891266
p05,other_human_forcing,1905,-0.11842901
p05,other_human_forcing,1906,-0.124843654
p05,other_human_forcing,1907,-0.133183233
p05,other_human_forcing,1908,-0.141636806
p05,other_human_forcing,1909,-0.147427052
p05,other_human_forcing,1910,-0.154282778
p05,other_human_forcing,1911,-0.160006907
p05,other_human_forcing,1912,-0.163033408
p05,other_human_forcing,1913,-0.167704806
p05,other_human_forcing,1914,-0.172498501
p05,other_human_forcing,1915,-0.174360712
p05,other_human_forcing,1916,-0.176300433
p05,other_human_forcing,1917,-0.18101088
p05,other_human_forcing,1918,-0.186052309
p05,other_human_forcing,1919,-0.186097405
p05,other_human_forcing,1920,-0.185820697
p05,other_human_forcing,1921,-0.184528142
p05,other_human_forcing,1922,-0.180184669
p05,other_human_forcing,1923,-0.18325933
p05,other_human_forcing,1924,-0.188531142
p05,other_human_forcing,1925,-0.190425834
p05,other_human_forcing,1926,-0.192286751
p05,other_human_forcing,1927,-0.195332953
p05,other_human_forcing,1928,-0.198770758
p05,other_human_forcing,1929,-0.202640017
p05,other_human_forcing,1930,-0.206618442
p05,other_human_forcing,1931,-0.203751342
p05,other_human_forcing,1932,-0.196892139
p05,other_human_forcing,1933,-0.1930028
p05,other_human_forcing,1934,-0.194503388
p05,other_human_forcing,1935,-0.19932686
p05,other_human_forcing,1936,-0.205852996
p05,other_human_forcing,1937,-0.213306506
p05,other_human_forcing,1938,-0.215452923
p05,other_human_forcing,1939,-0.217492201
p05,other_human_forcing,1940,-0.223136171
p05,other_human_forcing,1941,-0.228323122
p05,other_human_forcing,1942,-0.234395684
p05,other_human_forcing,1943,-0.240249087
p05,other_human_forcing,1944,-0.243878776
p05,other_human_forcing,1945,-0.241975219
p05,other_human_forcing,1946,-0.236317398
p05,other_human_forcing,1947,-0.234156613
p05,other_human_forcing,1948,-0.236331969
p05,other_human_forcing,1949,-0.239194835
p05,other_human_forcing,1950,-0.244491683
p05,other_human_forcing,1951,-0.248752776
p05,other_human_forcing,1952,-0.250671644
p05,other_human_forcing,1953,-0.255504362
p05,other_human_forcing,1954,-0.260966431
p05,other_human_forcing,1955,-0.26706086
p05,other_human_forcing,1956,-0.276824947
p05,other_human_forcing,1957,-0.28965736
p05,other_human_forcing,1958,-0.297967364
p05,other_human_forcing,1959,-0.30257182
p05,other_human_forcing,1960,-0.309427093
p05,other_human_forcing,1961,-0.318688518
p05,other_human_forcing,1962,-0.327095158
p05,other_human_forcing,1963,-0.33750833
p05,other_human_forcing,1964,-0.346869159
p05,other_human_forcing,1965,-0.352146321
p05,other_human_forcing,1966,-0.358381423
p05,other_human_forcing,1967,-0.365567788
p05,other_human_forcing,1968,-0.373090829
p05,other_human_forcing,1969,-0.379369318
p05,other_human_forcing,1970,-0.388378568
p05,other_human_forcing,1971,-0.398814378
p05,other_human_forcing,1972,-0.411198757
p05,other_human_forcing,1973,-0.423406092
p05,other_human_forcing,1974,-0.430610178
p05,other_human_forcing,1975,-0.435160716
p05,other_human_forcing,1976,-0.44259016
p05,other_human_forcing,1977,-0.45295631
p05,other_human_forcing,1978,-0.462103401
p05,other_human_forcing,1979,-0.471593762
p05,other_human_forcing,1980,-0.479312488
p05,other_human_forcing,1981,-0.482462566
p05,other_human_forcing,1982,-0.487770819
p05,other_human_forcing,1983,-0.489627614
p05,other_human_forcing,1984,-0.487360047
p05,other_human_forcing,1985,-0.490534767
p05,other_human_forcing,1986,-0.494283345
p05,other_human_forcing,1987,-0.500491526
p05,other_human_forcing,1988,-0.508405007
p05,other_human_forcing,1989,-0.512525523
p05,other_human_forcing,1990,-0.515930844
p05,other_human_forcing,1991,-0.531129329
p05,other_human_forcing,1992,-0.536129863
p05,other_human_forcing,1993,-0.526702338
p05,other_human_forcing,1994,-0.532855538
p05,other_human_forcing,1995,-0.538299161
p05,other_human_forcing,1996,-0.531978319
p05,other_human_forcing,1997,-0.542593517
p05,other_human_forcing,1998,-0.565952376
p05,other_human_forcing,1999,-0.560890031
p05,other_human_forcing,2000,-0.536644677
p05,other_human_forcing,2001,-0.518825288
p05,other_human_forcing,2002,-0.519282873
p05,other_human_forcing,2003,-0.531803845
p05,other_human_forcing,2004,-0.53727921
p05,other_human_forcing,2005,-0.540157786
p05,other_human_forcing,2006,-0.546745673
p05,other_human_forcing,2007,-0.54989508
p05,other_human_forcing,2008,-0.544523243
p05,other_human_forcing,2009,-0.533990453
p05,other_human_forcing,2010,-0.529454048
p05,other_human_forcing,2011,-0.525923764
p05,other_human_forcing,2012,-0.523278214
p05,other_human_forcing,2013,-0.519091951
p05,other_human_forcing,2014,-0.512763273
p05,other_human_forcing,2015,-0.514265655
p05,other_human_forcing,2016,-0.505597433
p05,other_human_forcing,2017,-0.489666402
p05,other_human_forcing,2018,-0.47875576
p05,other_human_forcing,2019,-0.47955248
p05,other_human_forcing,2020,-0.479151339
p05,other_human_forcing,2021,-0.478496913
p05,other_human_forcing,2022,-0.468200024
p05,other_human_forcing,2023,-0.474475709
p05,other_human_forcing,2024,-0.49968474
p05,other_human_forcing,2025,-0.48458768
p05,residual,1850,-0.201066882
p05,residual,1851,-0.057984188
p05,residual,1852,-0.005837071
p05,residual,1853,-0.048955676
p05,residual,1854,-0.038116705
p05,residual,1855,-0.012935816
p05,residual,1856,-0.07616235
p05,residual,1857,-0.200382416
p05,residual,1858,-0.104347904
p05,residual,1859,6.2e-05
p05,residual,1860,-0.140534059
p05,residual,1861,-0.231318685
p05,residual,1862,-0.286699672
p05,residual,1863,-0.084523561
p05,residual,1864,-0.195813555
p05,residual,1865,-0.1260482
p05,residual,1866,-0.150311951
p05,residual,1867,-0.184094744
p05,residual,1868,-0.144792814
p05,residual,1869,-0.078687801
p05,residual,1870,-0.098612295
p05,residual,1871,-0.15174413
p05,residual,1872,-0.061704357
p05,residual,1873,-0.041272877
p05,residual,1874,-0.081851762
p05,residual,1875,-0.096316537
p05,residual,1876,-0.157858543
p05,residual,1877,0.159443239
p05,residual,1878,0.250814024
p05,residual,1879,-0.056076519
p05,residual,1880,-0.068681383
p05,residual,1881,0.023141146
p05,residual,1882,-0.036321159
p05,residual,1883,-0.084240742
p05,residual,1884,-0.171262129
p05,residual,1885,-0.127154387
p05,residual,1886,-0.067609241
p05,residual,1887,-0.166246379
p05,residual,1888,-0.060050048
p05,residual,1889,0.034640142
p05,residual,1890,-0.232133478
p05,residual,1891,-0.140607093
p05,residual,1892,-0.270090186
p05,residual,1893,-0.265158054
p05,residual,1894,-0.260886028
p05,residual,1895,-0.223847289
p05,residual,1896,-0.049697061
p05,residual,1897,-0.039239948
p05,residual,1898,-0.266859783
p05,residual,1899,-0.135351828
p05,residual,1900,-0.036741906
p05,residual,1901,-0.088494956
p05,residual,1902,-0.245136723
p05,residual,1903,-0.323694057
p05,residual,1904,-0.380706431
p05,residual,1905,-0.197905204
p05,residual,1906,-0.119892222
p05,residual,1907,-0.285451261
p05,residual,1908,-0.286253112
p05,residual,1909,-0.31240723
p05,residual,1910,-0.315873886
p05,residual,1911,-0.332116406
p05,residual,1912,-0.248611309
p05,residual,1913,-0.217673803
p05,residual,1914,-0.015199144
p05,residual,1915,0.028890078
p05,residual,1916,-0.221836668
p05,residual,1917,-0.361046833
p05,residual,1918,-0.25812612
p05,residual,1919,-0.16290997
p05,residual,1920,-0.1404298
p05,residual,1921,-0.084298994
p05,residual,1922,-0.189845705
p05,residual,1923,-0.168775976
p05,residual,1924,-0.160594041
p05,residual,1925,-0.133232174
p05,residual,1926,0.020809905
p05,residual,1927,-0.078285426
p05,residual,1928,-0.075132119
p05,residual,1929,-0.261081236
p05,residual,1930,-0.043828073
p05,residual,1931,0.01370681
p05,residual,1932,-0.036328976
p05,residual,1933,-0.20336441
p05,residual,1934,-0.048318516
p05,residual,1935,-0.090757029
p05,residual,1936,-0.061513207
p05,residual,1937,0.079380152
p05,residual,1938,0.075957297
p05,residual,1939,0.039322051
p05,residual,1940,0.134253728
p05,residual,1941,0.032517252
p05,residual,1942,-0.00960847
p05,residual,1943,0.015194739
p05,residual,1944,0.157822368
p05,residual,1945,0.042123359
p05,residual,1946,-0.097305892
p05,residual,1947,-0.076055517
p05,residual,1948,-0.102245399
p05,residual,1949,-0.125176277
p05,residual,1950,-0.209567724
p05,residual,1951,-0.034447106
p05,residual,1952,0.047214839
p05,residual,1953,0.117777065
p05,residual,1954,-0.07722998
p05,residual,1955,-0.158402716
p05,residual,1956,-0.225915718
p05,residual,1957,0.009705059
p05,residual,1958,0.022425319
p05,residual,1959,-0.014800322
p05,residual,1960,-0.087783661
p05,residual,1961,0.011850824
p05,residual,1962,-0.034611084
p05,residual,1963,0.024924896
p05,residual,1964,-0.210330269
p05,residual,1965,-0.11778086
p05,residual,1966,-0.085186825
p05,residual,1967,-0.073308933
p05,residual,1968,-0.138257548
p05,residual,1969,-0.005093892
p05,residual,1970,-0.070613878
p05,residual,1971,-0.21083588
p05,residual,1972,-0.107975587
p05,residual,1973,0.020497201
p05,residual,1974,-0.214568099
p05,residual,1975,-0.166813641
p05,residual,1976,-0.284239415
p05,residual,1977,0.016689695
p05,residual,1978,-0.099057289
p05,residual,1979,-0.03450852
p05,residual,1980,0.048067666
p05,residual,1981,0.085792151
p05,residual,1982,-0.132548883
p05,residual,1983,0.075372518
p05,residual,1984,-0.102012127
p05,residual,1985,-0.125081537
p05,residual,1986,-0.105087593
p05,residual,1987,0.017325221
p05,residual,1988,0.028131041
p05,residual,1989,-0.109959355
p05,residual,1990,0.039842507
p05,residual,1991,0.024572469
p05,residual,1992,-0.154192711
p05,residual,1993,-0.119160149
p05,residual,1994,-0.078737385
p05,residual,1995,0.027450971
p05,residual,1996,-0.111300529
p05,residual,1997,0.003683536
p05,residual,1998,0.132707328
p05,residual,1999,-0.154515427
p05,residual,2000,-0.181784129
p05,residual,2001,-0.054312754
p05,residual,2002,-0.0231523
p05,residual,2003,-0.039994226
p05,residual,2004,-0.129655755
p05,residual,2005,-0.004916293
p05,residual,2006,-0.053056259
p05,residual,2007,-0.049067296
p05,residual,2008,-0.197260612
p05,residual,2009,-0.090950685
p05,residual,2010,-0.033683481
p05,residual,2011,-0.20020601
p05,residual,2012,-0.187461002
p05,residual,2013,-0.17040085
p05,residual,2014,-0.153369502
p05,residual,2015,-0.028170294
p05,residual,2016,0.049328571
p05,residual,2017,-0.075167925
p05,residual,2018,-0.189794064
p05,residual,2019,-0.079157627
p05,residual,2020,-0.073138423
p05,residual,2021,-0.250806764
p05,residual,2022,-0.249512254
p05,residual,2023,0.028592863
p05,residual,2024,0.053035906
p05,residual,2025,-0.107241424
p05,solar,1850,0.000353175
p05,solar,1851,0.000299701
p05,solar,1852,0.00023387
p05,solar,1853,8.3e-05
p05,solar,1854,-0.000835751
p05,solar,1855,-0.004244407
p05,solar,1856,-0.008096272
p05,solar,1857,-0.009521349
p05,solar,1858,-0.007078012
p05,solar,1859,-0.002298214
p05,solar,1860,0.000111582
p05,solar,1861,0.000386558
p05,solar,1862,0.000435171
p05,solar,1863,0.000343944
p05,solar,1864,0.000189861
p05,solar,1865,-8.72e-05
p05,solar,1866,-0.002216
p05,solar,1867,-0.005681778
p05,solar,1868,-0.00697057
p05,solar,1869,-0.004074221
p05,solar,1870,8.36e-05
p05,solar,1871,0.00058251
p05,solar,1872,0.000809897
p05,solar,1873,0.000833125
p05,solar,1874,0.000645084
p05,solar,1875,0.000258313
p05,solar,1876,-0.001750924
p05,solar,1877,-0.003930869
p05,solar,1878,-0.006592157
p05,solar,1879,-0.009124004
p05,solar,1880,-0.008264952
p05,solar,1881,-0.004186877
p05,solar,1882,-0.001061069
p05,solar,1883,-0.000261575
p05,solar,1884,6.64e-06
p05,solar,1885,6.24e-05
p05,solar,1886,-0.000679433
p05,solar,1887,-0.004060911
p05,solar,1888,-0.007489479
p05,solar,1889,-0.010106434
p05,solar,1890,-0.011837401
p05,solar,1891,-0.01067914
p05,solar,1892,-0.005893893
p05,solar,1893,-0.00165482
p05,solar,1894,-0.000143649
p05,solar,1895,4.5e-05
p05,solar,1896,-0.000141501
p05,solar,1897,-0.001621602
p05,solar,1898,-0.004065735
p05,solar,1899,-0.006123846
p05,solar,1900,-0.008622696
p05,solar,1901,-0.011182261
p05,solar,1902,-0.013438382
p05,solar,1903,-0.013156789
p05,solar,1904,-0.009959126
p05,solar,1905,-0.007014791
p05,solar,1906,-0.005153967
p05,solar,1907,-0.003847007
p05,solar,1908,-0.003371487
p05,solar,1909,-0.003612002
p05,solar,1910,-0.005348176
p05,solar,1911,-0.008691388
p05,solar,1912,-0.011884744
p05,solar,1913,-0.014167466
p05,solar,1914,-0.015276224
p05,solar,1915,-0.012608345
p05,solar,1916,-0.007955554
p05,solar,1917,-0.003169774
p05,solar,1918,-0.000600443
p05,solar,1919,-0.000512112
p05,solar,1920,-0.001702653
p05,solar,1921,-0.004147684
p05,solar,1922,-0.007083309
p05,solar,1923,-0.010110375
p05,solar,1924,-0.011695984
p05,solar,1925,-0.010869524
p05,solar,1926,-0.008255513
p05,solar,1927,-0.005202563
p05,solar,1928,-0.003156075
p05,solar,1929,-0.002953878
p05,solar,1930,-0.00382004
p05,solar,1931,-0.005412386
p05,solar,1932,-0.007882741
p05,solar,1933,-0.010468966
p05,solar,1934,-0.012191754
p05,solar,1935,-0.011407989
p05,solar,1936,-0.00682013
p05,solar,1937,-0.002176547
p05,solar,1938,-0.000534557
p05,solar,1939,-0.000193403
p05,solar,1940,-0.000283428
p05,solar,1941,-0.000684034
p05,solar,1942,-0.001767653
p05,solar,1943,-0.004163367
p05,solar,1944,-0.006796676
p05,solar,1945,-0.006940072
p05,solar,1946,-0.004342945
p05,solar,1947,-0.00147772
p05,solar,1948,-8.39e-05
p05,solar,1949,0.000356548
p05,solar,1950,0.000243703
p05,solar,1951,-0.000277438
p05,solar,1952,-0.00157408
p05,solar,1953,-0.003916325
p05,solar,1954,-0.006553045
p05,solar,1955,-0.007916473
p05,solar,1956,-0.005461227
p05,solar,1957,-0.001293704
p05,solar,1958,0.00017603
p05,solar,1959,0.000471512
p05,solar,1960,0.000259462
p05,solar,1961,-0.000376541
p05,solar,1962,-0.002347707
p05,solar,1963,-0.00508495
p05,solar,1964,-0.007397251
p05,solar,1965,-0.009023375
p05,solar,1966,-0.009052003
p05,solar,1967,-0.007373862
p05,solar,1968,-0.005629122
p05,solar,1969,-0.004374131
p05,solar,1970,-0.00352987
p05,solar,1971,-0.004109868
p05,solar,1972,-0.005203003
p05,solar,1973,-0.00645134
p05,solar,1974,-0.00872287
p05,solar,1975,-0.010930283
p05,solar,1976,-0.012911785
p05,solar,1977,-0.013404122
p05,solar,1978,-0.010855612
p05,solar,1979,-0.006360985
p05,solar,1980,-0.003109126
p05,solar,1981,-0.001533396
p05,solar,1982,-0.001515267
p05,solar,1983,-0.002384274
p05,solar,1984,-0.004157734
p05,solar,1985,-0.007678635
p05,solar,1986,-0.010652526
p05,solar,1987,-0.011887064
p05,solar,1988,-0.010576575
p05,solar,1989,-0.006571677
p05,solar,1990,-0.003457436
p05,solar,1991,-0.00259395
p05,solar,1992,-0.002634393
p05,solar,1993,-0.003718229
p05,solar,1994,-0.006167413
p05,solar,1995,-0.009036858
p05,solar,1996,-0.011736195
p05,solar,1997,-0.013329188
p05,solar,1998,-0.01201013
p05,solar,1999,-0.008716394
p05,solar,2000,-0.005179208
p05,solar,2001,-0.003226172
p05,solar,2002,-0.002372027
p05,solar,2003,-0.002772723
p05,solar,2004,-0.005211441
p05,solar,2005,-0.008548898
p05,solar,2006,-0.011811095
p05,solar,2007,-0.01454451
p05,solar,2008,-0.016732805
p05,solar,2009,-0.018270601
p05,solar,2010,-0.01869959
p05,solar,2011,-0.016908514
p05,solar,2012,-0.013981124
p05,solar,2013,-0.011617383
p05,solar,2014,-0.009815705
p05,solar,2015,-0.008189085
p05,solar,2016,-0.008990385
p05,solar,2017,-0.012380151
p05,solar,2018,-0.015327804
p05,solar,2019,-0.017361508
p05,solar,2020,-0.018426847
p05,solar,2021,-0.017963796
p05,solar,2022,-0.014423989
p05,solar,2023,-0.008506581
p05,solar,2024,-0.0039603
p05,solar,2025,-0.00205664
p05,total,1850,-0.032452415
p05,total,1851,-0.028327344
p05,total,1852,-0.025189384
p05,total,1853,-0.024790685
p05,total,1854,-0.029647968
p05,total,1855,-0.031959173
p05,total,1856,-0.026872088
p05,total,1857,-0.039644274
p05,total,1858,-0.071578637
p05,total,1859,-0.049144618
p05,total,1860,-0.025228655
p05,total,1861,-0.017541213
p05,total,1862,-0.035737725
p05,total,1863,-0.128077925
p05,total,1864,-0.120010021
p05,total,1865,-0.062682106
p05,total,1866,-0.025500739
p05,total,1867,-0.011487754
p05,total,1868,-0.006870767
p05,total,1869,-0.004995414
p05,total,1870,-0.003071322
p05,total,1871,0.000225959
p05,total,1872,-0.000630437
p05,total,1873,-0.029175513
p05,total,1874,-0.029108102
p05,total,1875,-0.004599845
p05,total,1876,0.000903739
p05,total,1877,0.003739425
p05,total,1878,0.006131388
p05,total,1879,0.00759592
p05,total,1880,0.008135767
p05,total,1881,0.007971591
p05,total,1882,0.009441125
p05,total,1883,0.010841706
p05,total,1884,-0.073662088
p05,total,1885,-0.198880912
p05,total,1886,-0.224609955
p05,total,1887,-0.203978858
p05,total,1888,-0.13894873
p05,total,1889,-0.082678391
p05,total,1890,-0.056093202
p05,total,1891,-0.038219929
p05,total,1892,-0.01766972
p05,total,1893,-0.001362009
p05,total,1894,0.011368913
p05,total,1895,0.011500735
p05,total,1896,0.010526981
p05,total,1897,0.017191268
p05,total,1898,0.02263113
p05,total,1899,0.025442752
p05,total,1900,0.02634441
p05,total,1901,0.028080098
p05,total,1902,0.029858127
p05,total,1903,0.02545275
p05,total,1904,0.020845528
p05,total,1905,0.025788939
p05,total,1906,0.030870677
p05,total,1907,0.024564991
p05,total,1908,0.011856023
p05,total,1909,0.015423383
p05,total,1910,0.023130013
p05,total,1911,0.027837914
p05,total,1912,0.014716011
p05,total,1913,-0.025002817
p05,total,1914,-0.025265704
p05,total,1915,0.00823251
p05,total,1916,0.031533684
p05,total,1917,0.045016183
p05,total,1918,0.052696222
p05,total,1919,0.056095806
p05,total,1920,0.060532475
p05,total,1921,0.072372756
p05,total,1922,0.085107721
p05,total,1923,0.090344079
p05,total,1924,0.089262959
p05,total,1925,0.090827745
p05,total,1926,0.091114556
p05,total,1927,0.090722563
p05,total,1928,0.098761116
p05,total,1929,0.105174682
p05,total,1930,0.108976202
p05,total,1931,0.116845088
p05,total,1932,0.12519933
p05,total,1933,0.122858069
p05,total,1934,0.119366431
p05,total,1935,0.127754268
p05,total,1936,0.136166062
p05,total,1937,0.142057125
p05,total,1938,0.149366787
p05,total,1939,0.15554694
p05,total,1940,0.15759978
p05,total,1941,0.158767557
p05,total,1942,0.159195238
p05,total,1943,0.155969503
p05,total,1944,0.152930448
p05,total,1945,0.161521317
p05,total,1946,0.175796171
p05,total,1947,0.183370219
p05,total,1948,0.186104947
p05,total,1949,0.190304675
p05,total,1950,0.192295987
p05,total,1951,0.191937016
p05,total,1952,0.191741724
p05,total,1953,0.19137592
p05,total,1954,0.192027649
p05,total,1955,0.192670601
p05,total,1956,0.189824724
p05,total,1957,0.186132888
p05,total,1958,0.189724657
p05,total,1959,0.195567949
p05,total,1960,0.197637811
p05,total,1961,0.197377875
p05,total,1962,0.197511124
p05,total,1963,0.17462781
p05,total,1964,0.133145715
p05,total,1965,0.140466458
p05,total,1966,0.167980065
p05,total,1967,0.187048331
p05,total,1968,0.197662401
p05,total,1969,0.201816888
p05,total,1970,0.208069941
p05,total,1971,0.218637028
p05,total,1972,0.229669347
p05,total,1973,0.240688915
p05,total,1974,0.252962539
p05,total,1975,0.265858506
p05,total,1976,0.275951987
p05,total,1977,0.287160268
p05,total,1978,0.303843873
p05,total,1979,0.321581657
p05,total,1980,0.338774841
p05,total,1981,0.357532824
p05,total,1982,0.367747797
p05,total,1983,0.360621851
p05,total,1984,0.362101251
p05,total,1985,0.387739423
p05,total,1986,0.415345896
p05,total,1987,0.439792358
p05,total,1988,0.466933271
p05,total,1989,0.498098186
p05,total,1990,0.526820988
p05,total,1991,0.528948303
p05,total,1992,0.469948371
p05,total,1993,0.430418296
p05,total,1994,0.482612984
p05,total,1995,0.544873557
p05,total,1996,0.595787335
p05,total,1997,0.629012826
p05,total,1998,0.646811555
p05,total,1999,0.684152938
p05,total,2000,0.731455238
p05,total,2001,0.766414403
p05,total,2002,0.790705737
p05,total,2003,0.806129747
p05,total,2004,0.821421037
p05,total,2005,0.836063609
p05,total,2006,0.847167311
p05,total,2007,0.861574807
p05,total,2008,0.88266172
p05,total,2009,0.906829229
p05,total,2010,0.93123673
p05,total,2011,0.955129283
p05,total,2012,0.978431808
p05,total,2013,1.006015069
p05,total,2014,1.033916542
p05,total,2015,1.05789773
p05,total,2016,1.084522479
p05,total,2017,1.112606552
p05,total,2018,1.137835475
p05,total,2019,1.155748288
p05,total,2020,1.171357514
p05,total,2021,1.191008176
p05,total,2022,1.215547197
p05,total,2023,1.238745343
p05,total,2024,1.25754196
p05,total,2025,1.294159464
p05,volcanic,1850,-0.001330619
p05,volcanic,1851,0.003118591
p05,volcanic,1852,0.004773027
p05,volcanic,1853,0.004503758
p05,volcanic,1854,0.001127067
p05,volcanic,1855,-0.001801457
p05,volcanic,1856,0.002806545
p05,volcanic,1857,-0.012737451
p05,volcanic,1858,-0.051304748
p05,volcanic,1859,-0.032615668
p05,volcanic,1860,-0.003488466
p05,volcanic,1861,0.003623997
p05,volcanic,1862,-0.026693361
p05,volcanic,1863,-0.124854072
p05,volcanic,1864,-0.117213437
p05,volcanic,1865,-0.057590015
p05,volcanic,1866,-0.016091114
p05,volcanic,1867,0.001645161
p05,volcanic,1868,0.004128677
p05,volcanic,1869,0.004382241
p05,volcanic,1870,0.004451253
p05,volcanic,1871,0.00591307
p05,volcanic,1872,0.003106815
p05,volcanic,1873,-0.034755531
p05,volcanic,1874,-0.032425092
p05,volcanic,1875,-0.002816708
p05,volcanic,1876,0.002476938
p05,volcanic,1877,0.004497985
p05,volcanic,1878,0.006202477
p05,volcanic,1879,0.0074999
p05,volcanic,1880,0.007853284
p05,volcanic,1881,0.00695185
p05,volcanic,1882,0.006888424
p05,volcanic,1883,0.006342354
p05,volcanic,1884,-0.077134184
p05,volcanic,1885,-0.202694329
p05,volcanic,1886,-0.226503273
p05,volcanic,1887,-0.202734752
p05,volcanic,1888,-0.13398584
p05,volcanic,1889,-0.074635326
p05,volcanic,1890,-0.046732549
p05,volcanic,1891,-0.030087782
p05,volcanic,1892,-0.014457568
p05,volcanic,1893,-0.002563485
p05,volcanic,1894,0.002800934
p05,volcanic,1895,0.002954842
p05,volcanic,1896,0.00263604
p05,volcanic,1897,0.004286499
p05,volcanic,1898,0.005996396
p05,volcanic,1899,0.007280121
p05,volcanic,1900,0.008178919
p05,volcanic,1901,0.008869949
p05,volcanic,1902,0.009275825
p05,volcanic,1903,0.007724043
p05,volcanic,1904,0.006329818
p05,volcanic,1905,0.007411842
p05,volcanic,1906,0.008742879
p05,volcanic,1907,0.00751661
p05,volcanic,1908,0.005045393
p05,volcanic,1909,0.005861647
p05,volcanic,1910,0.007902103
p05,volcanic,1911,0.009220418
p05,volcanic,1912,0.006041446
p05,volcanic,1913,-0.017571769
p05,volcanic,1914,-0.014479296
p05,volcanic,1915,0.003629645
p05,volcanic,1916,0.006496095
p05,volcanic,1917,0.008110757
p05,volcanic,1918,0.008775803
p05,volcanic,1919,0.007897969
p05,volcanic,1920,0.007664025
p05,volcanic,1921,0.009035954
p05,volcanic,1922,0.010087586
p05,volcanic,1923,0.010791399
p05,volcanic,1924,0.010243477
p05,volcanic,1925,0.009632444
p05,volcanic,1926,0.008688138
p05,volcanic,1927,0.007829569
p05,volcanic,1928,0.009033848
p05,volcanic,1929,0.010331162
p05,volcanic,1930,0.011117887
p05,volcanic,1931,0.011574976
p05,volcanic,1932,0.011323005
p05,volcanic,1933,0.009026
p05,volcanic,1934,0.00780862
p05,volcanic,1935,0.009422962
p05,volcanic,1936,0.010771574
p05,volcanic,1937,0.011535916
p05,volcanic,1938,0.011993018
p05,volcanic,1939,0.012370494
p05,volcanic,1940,0.0126931
p05,volcanic,1941,0.012949827
p05,volcanic,1942,0.013161806
p05,volcanic,1943,0.012282251
p05,volcanic,1944,0.011115615
p05,volcanic,1945,0.011413157
p05,volcanic,1946,0.01221372
p05,volcanic,1947,0.012159434
p05,volcanic,1948,0.011768564
p05,volcanic,1949,0.012157353
p05,volcanic,1950,0.012772727
p05,volcanic,1951,0.013026092
p05,volcanic,1952,0.013058905
p05,volcanic,1953,0.013211572
p05,volcanic,1954,0.01345608
p05,volcanic,1955,0.013664045
p05,volcanic,1956,0.013006367
p05,volcanic,1957,0.01189786
p05,volcanic,1958,0.011993672
p05,volcanic,1959,0.012780556
p05,volcanic,1960,0.01334277
p05,volcanic,1961,0.013694541
p05,volcanic,1962,0.013928819
p05,volcanic,1963,0.007977884
p05,volcanic,1964,-0.01490236
p05,volcanic,1965,-0.006198692
p05,volcanic,1966,0.005977047
p05,volcanic,1967,0.008559906
p05,volcanic,1968,0.009427771
p05,volcanic,1969,0.008908322
p05,volcanic,1970,0.00916756
p05,volcanic,1971,0.010473708
p05,volcanic,1972,0.011481703
p05,volcanic,1973,0.012119358
p05,volcanic,1974,0.012529659
p05,volcanic,1975,0.0127867
p05,volcanic,1976,0.012962465
p05,volcanic,1977,0.013224008
p05,volcanic,1978,0.013523132
p05,volcanic,1979,0.013611193
p05,volcanic,1980,0.013313707
p05,volcanic,1981,0.012758567
p05,volcanic,1982,0.010272467
p05,volcanic,1983,-0.001246265
p05,volcanic,1984,-0.012759083
p05,volcanic,1985,-0.000326944
p05,volcanic,1986,0.005265992
p05,volcanic,1987,0.006667468
p05,volcanic,1988,0.008138048
p05,volcanic,1989,0.009452252
p05,volcanic,1990,0.010404936
p05,volcanic,1991,0.005676616
p05,volcanic,1992,-0.07340492
p05,volcanic,1993,-0.135029601
p05,volcanic,1994,-0.08479466
p05,volcanic,1995,-0.031422116
p05,volcanic,1996,-0.003147026
p05,volcanic,1997,0.004453058
p05,volcanic,1998,0.006654002
p05,volcanic,1999,0.008117522
p05,volcanic,2000,0.009213428
p05,volcanic,2001,0.010032637
p05,volcanic,2002,0.01071128
p05,volcanic,2003,0.01121767
p05,volcanic,2004,0.011629597
p05,volcanic,2005,0.011889197
p05,volcanic,2006,0.011864404
p05,volcanic,2007,0.011767906
p05,volcanic,2008,0.011831626
p05,volcanic,2009,0.011856679
p05,volcanic,2010,0.011957002
p05,volcanic,2011,0.012010566
p05,volcanic,2012,0.012063426
p05,volcanic,2013,0.012574089
p05,volcanic,2014,0.012853526
p05,volcanic,2015,0.012611172
p05,volcanic,2016,0.01252851
p05,volcanic,2017,0.01285918
p05,volcanic,2018,0.01307023
p05,volcanic,2019,0.012436839
p05,volcanic,2020,0.01126935
p05,volcanic,2021,0.010991778
p05,volcanic,2022,0.010352698
p05,volcanic,2023,0.010346603
p05,volcanic,2024,0.011519984
p05,volcanic,2025,0.011966952
p17,aerosol_cloud_interactions,1850,0.015434799
p17,aerosol_cloud_interactions,1851,0.01526076
p17,aerosol_cloud_interactions,1852,0.015271743
p17,aerosol_cloud_interactions,1853,0.015168513
p17,aerosol_cloud_interactions,1854,0.014680202
p17,aerosol_cloud_interactions,1855,0.014145807
p17,aerosol_cloud_interactions,1856,0.01385113
p17,aerosol_cloud_interactions,1857,0.0134358
p17,aerosol_cloud_interactions,1858,0.012899559
p17,aerosol_cloud_interactions,1859,0.012384001
p17,aerosol_cloud_interactions,1860,0.011856114
p17,aerosol_cloud_interactions,1861,0.011340506
p17,aerosol_cloud_interactions,1862,0.010949159
p17,aerosol_cloud_interactions,1863,0.010702684
p17,aerosol_cloud_interactions,1864,0.010395651
p17,aerosol_cloud_interactions,1865,0.009750038
p17,aerosol_cloud_interactions,1866,0.009076715
p17,aerosol_cloud_interactions,1867,0.008402244
p17,aerosol_cloud_interactions,1868,0.007268584
p17,aerosol_cloud_interactions,1869,0.006159155
p17,aerosol_cloud_interactions,1870,0.005144796
p17,aerosol_cloud_interactions,1871,0.004249321
p17,aerosol_cloud_interactions,1872,0.004246517
p17,aerosol_cloud_interactions,1873,0.003329081
p17,aerosol_cloud_interactions,1874,0.000856958
p17,aerosol_cloud_interactions,1875,-0.00114247
p17,aerosol_cloud_interactions,1876,-0.002325538
p17,aerosol_cloud_interactions,1877,-0.004418424
p17,aerosol_cloud_interactions,1878,-0.007063717
p17,aerosol_cloud_interactions,1879,-0.010058173
p17,aerosol_cloud_interactions,1880,-0.012764091
p17,aerosol_cloud_interactions,1881,-0.015258331
p17,aerosol_cloud_interactions,1882,-0.01738461
p17,aerosol_cloud_interactions,1883,-0.018062209
p17,aerosol_cloud_interactions,1884,-0.019305444
p17,aerosol_cloud_interactions,1885,-0.02176948
p17,aerosol_cloud_interactions,1886,-0.023743086
p17,aerosol_cloud_interactions,1887,-0.026048251
p17,aerosol_cloud_interactions,1888,-0.030231586
p17,aerosol_cloud_interactions,1889,-0.0339745
p17,aerosol_cloud_interactions,1890,-0.03706141
p17,aerosol_cloud_interactions,1891,-0.039565598
p17,aerosol_cloud_interactions,1892,-0.04030667
p17,aerosol_cloud_interactions,1893,-0.041376221
p17,aerosol_cloud_interactions,1894,-0.044428833
p17,aerosol_cloud_interactions,1895,-0.048089743
p17,aerosol_cloud_interactions,1896,-0.049777359
p17,aerosol_cloud_interactions,1897,-0.052042834
p17,aerosol_cloud_interactions,1898,-0.055650638
p17,aerosol_cloud_interactions,1899,-0.059816373
p17,aerosol_cloud_interactions,1900,-0.064123808
p17,aerosol_cloud_interactions,1901,-0.067342938
p17,aerosol_cloud_interactions,1902,-0.069903693
p17,aerosol_cloud_interactions,1903,-0.072372463
p17,aerosol_cloud_interactions,1904,-0.076008749
p17,aerosol_cloud_interactions,1905,-0.080817369
p17,aerosol_cloud_interactions,1906,-0.08567227
p17,aerosol_cloud_interactions,1907,-0.091973043
p17,aerosol_cloud_interactions,1908,-0.098168751
p17,aerosol_cloud_interactions,1909,-0.102425143
p17,aerosol_cloud_interactions,1910,-0.107535588
p17,aerosol_cloud_interactions,1911,-0.111982828
p17,aerosol_cloud_interactions,1912,-0.114738076
p17,aerosol_cloud_interactions,1913,-0.118636917
p17,aerosol_cloud_interactions,1914,-0.122223387
p17,aerosol_cloud_interactions,1915,-0.123595967
p17,aerosol_cloud_interactions,1916,-0.125455875
p17,aerosol_cloud_interactions,1917,-0.129551891
p17,aerosol_cloud_interactions,1918,-0.133818537
p17,aerosol_cloud_interactions,1919,-0.134088543
p17,aerosol_cloud_interactions,1920,-0.134230431
p17,aerosol_cloud_interactions,1921,-0.133805142
p17,aerosol_cloud_interactions,1922,-0.131092337
p17,aerosol_cloud_interactions,1923,-0.134178393
p17,aerosol_cloud_interactions,1924,-0.138765064
p17,aerosol_cloud_interactions,1925,-0.140599383
p17,aerosol_cloud_interactions,1926,-0.142313209
p17,aerosol_cloud_interactions,1927,-0.144920849
p17,aerosol_cloud_interactions,1928,-0.147834014
p17,aerosol_cloud_interactions,1929,-0.151020955
p17,aerosol_cloud_interactions,1930,-0.154046989
p17,aerosol_cloud_interactions,1931,-0.151704137
p17,aerosol_cloud_interactions,1932,-0.146317955
p17,aerosol_cloud_interactions,1933,-0.143232852
p17,aerosol_cloud_interactions,1934,-0.144486194
p17,aerosol_cloud_interactions,1935,-0.148410232
p17,aerosol_cloud_interactions,1936,-0.153675615
p17,aerosol_cloud_interactions,1937,-0.159687782
p17,aerosol_cloud_interactions,1938,-0.161637541
p17,aerosol_cloud_interactions,1939,-0.163376248
p17,aerosol_cloud_interactions,1940,-0.168059461
p17,aerosol_cloud_interactions,1941,-0.172645918
p17,aerosol_cloud_interactions,1942,-0.177752842
p17,aerosol_cloud_interactions,1943,-0.182718987
p17,aerosol_cloud_interactions,1944,-0.186200667
p17,aerosol_cloud_interactions,1945,-0.185336218
p17,aerosol_cloud_interactions,1946,-0.181607149
p17,aerosol_cloud_interactions,1947,-0.180839138
p17,aerosol_cloud_interactions,1948,-0.183591598
p17,aerosol_cloud_interactions,1949,-0.186382983
p17,aerosol_cloud_interactions,1950,-0.19058918
p17,aerosol_cloud_interactions,1951,-0.194344243
p17,aerosol_cloud_interactions,1952,-0.19624756
p17,aerosol_cloud_interactions,1953,-0.200081607
p17,aerosol_cloud_interactions,1954,-0.204503719
p17,aerosol_cloud_interactions,1955,-0.209734489
p17,aerosol_cloud_interactions,1956,-0.217894832
p17,aerosol_cloud_interactions,1957,-0.228193633
p17,aerosol_cloud_interactions,1958,-0.235477828
p17,aerosol_cloud_interactions,1959,-0.240365789
p17,aerosol_cloud_interactions,1960,-0.246827366
p17,aerosol_cloud_interactions,1961,-0.254415925
p17,aerosol_cloud_interactions,1962,-0.261113673
p17,aerosol_cloud_interactions,1963,-0.269389339
p17,aerosol_cloud_interactions,1964,-0.27702453
p17,aerosol_cloud_interactions,1965,-0.281950145
p17,aerosol_cloud_interactions,1966,-0.287378313
p17,aerosol_cloud_interactions,1967,-0.29345995
p17,aerosol_cloud_interactions,1968,-0.29986158
p17,aerosol_cloud_interactions,1969,-0.305629571
p17,aerosol_cloud_interactions,1970,-0.313345298
p17,aerosol_cloud_interactions,1971,-0.322272192
p17,aerosol_cloud_interactions,1972,-0.332849445
p17,aerosol_cloud_interactions,1973,-0.343212189
p17,aerosol_cloud_interactions,1974,-0.349964266
p17,aerosol_cloud_interactions,1975,-0.354727203
p17,aerosol_cloud_interactions,1976,-0.361652685
p17,aerosol_cloud_interactions,1977,-0.370958816
p17,aerosol_cloud_interactions,1978,-0.379707149
p17,aerosol_cloud_interactions,1979,-0.388500484
p17,aerosol_cloud_interactions,1980,-0.395232828
p17,aerosol_cloud_interactions,1981,-0.398232199
p17,aerosol_cloud_interactions,1982,-0.40276269
p17,aerosol_cloud_interactions,1983,-0.405081288
p17,aerosol_cloud_interactions,1984,-0.404922836
p17,aerosol_cloud_interactions,1985,-0.408650121
p17,aerosol_cloud_interactions,1986,-0.412943713
p17,aerosol_cloud_interactions,1987,-0.419027996
p17,aerosol_cloud_interactions,1988,-0.426427566
p17,aerosol_cloud_interactions,1989,-0.4315001
p17,aerosol_cloud_interactions,1990,-0.435724833
p17,aerosol_cloud_interactions,1991,-0.447410966
p17,aerosol_cloud_interactions,1992,-0.452391008
p17,aerosol_cloud_interactions,1993,-0.448304381
p17,aerosol_cloud_interactions,1994,-0.454534114
p17,aerosol_cloud_interactions,1995,-0.460866888
p17,aerosol_cloud_interactions,1996,-0.459624126
p17,aerosol_cloud_interactions,1997,-0.468686651
p17,aerosol_cloud_interactions,1998,-0.484720143
p17,aerosol_cloud_interactions,1999,-0.48305459
p17,aerosol_cloud_interactions,2000,-0.469253497
p17,aerosol_cloud_interactions,2001,-0.459302417
p17,aerosol_cloud_interactions,2002,-0.46108723
p17,aerosol_cloud_interactions,2003,-0.469988428
p17,aerosol_cloud_interactions,2004,-0.475758909
p17,aerosol_cloud_interactions,2005,-0.480997518
p17,aerosol_cloud_interactions,2006,-0.48759327
p17,aerosol_cloud_interactions,2007,-0.492350097
p17,aerosol_cloud_interactions,2008,-0.492056233
p17,aerosol_cloud_interactions,2009,-0.487075173
p17,aerosol_cloud_interactions,2010,-0.48625141
p17,aerosol_cloud_interactions,2011,-0.486488337
p17,aerosol_cloud_interactions,2012,-0.486690593
p17,aerosol_cloud_interactions,2013,-0.485565105
p17,aerosol_cloud_interactions,2014,-0.482868562
p17,aerosol_cloud_interactions,2015,-0.485168487
p17,aerosol_cloud_interactions,2016,-0.480762419
p17,aerosol_cloud_interactions,2017,-0.471844858
p17,aerosol_cloud_interactions,2018,-0.465987624
p17,aerosol_cloud_interactions,2019,-0.467378993
p17,aerosol_cloud_interactions,2020,-0.466323247
p17,aerosol_cloud_interactions,2021,-0.464299757
p17,aerosol_cloud_interactions,2022,-0.458667
p17,aerosol_cloud_interactions,2023,-0.463741409
p17,aerosol_cloud_interactions,2024,-0.479959264
p17,aerosol_cloud_interactions,2025,-0.47306968
p17,aerosol_radiation_interactions,1850,0.00014031
p17,aerosol_radiation_interactions,1851,0.000215088
p17,aerosol_radiation_interactions,1852,0.000310411
p17,aerosol_radiation_interactions,1853,0.000392413
p17,aerosol_radiation_interactions,1854,0.000437733
p17,aerosol_radiation_interactions,1855,0.000508881
p17,aerosol_radiation_interactions,1856,0.000573855
p17,aerosol_radiation_interactions,1857,0.000639009
p17,aerosol_radiation_interactions,1858,0.000743903
p17,aerosol_radiation_interactions,1859,0.000800934
p17,aerosol_radiation_interactions,1860,0.000793488
p17,aerosol_radiation_interactions,1861,0.000827716
p17,aerosol_radiation_interactions,1862,0.000872309
p17,aerosol_radiation_interactions,1863,0.000875514
p17,aerosol_radiation_interactions,1864,0.000940779
p17,aerosol_radiation_interactions,1865,0.000984559
p17,aerosol_radiation_interactions,1866,0.000998935
p17,aerosol_radiation_interactions,1867,0.001028194
p17,aerosol_radiation_interactions,1868,0.001007983
p17,aerosol_radiation_interactions,1869,0.000969501
p17,aerosol_radiation_interactions,1870,0.000929976
p17,aerosol_radiation_interactions,1871,0.000904379
p17,aerosol_radiation_interactions,1872,0.00091403
p17,aerosol_radiation_interactions,1873,0.000850701
p17,aerosol_radiation_interactions,1874,0.000712841
p17,aerosol_radiation_interactions,1875,0.000626921
p17,aerosol_radiation_interactions,1876,0.000546398
p17,aerosol_radiation_interactions,1877,0.000406601
p17,aerosol_radiation_interactions,1878,0.000230471
p17,aerosol_radiation_interactions,1879,-0.00011053
p17,aerosol_radiation_interactions,1880,-0.000705628
p17,aerosol_radiation_interactions,1881,-0.001311979
p17,aerosol_radiation_interactions,1882,-0.001860034
p17,aerosol_radiation_interactions,1883,-0.002390546
p17,aerosol_radiation_interactions,1884,-0.002913869
p17,aerosol_radiation_interactions,1885,-0.003467414
p17,aerosol_radiation_interactions,1886,-0.003927114
p17,aerosol_radiation_interactions,1887,-0.004409268
p17,aerosol_radiation_interactions,1888,-0.005279131
p17,aerosol_radiation_interactions,1889,-0.00616029
p17,aerosol_radiation_interactions,1890,-0.006993718
p17,aerosol_radiation_interactions,1891,-0.007874615
p17,aerosol_radiation_interactions,1892,-0.00853222
p17,aerosol_radiation_interactions,1893,-0.009083253
p17,aerosol_radiation_interactions,1894,-0.009832152
p17,aerosol_radiation_interactions,1895,-0.010760064
p17,aerosol_radiation_interactions,1896,-0.011630659
p17,aerosol_radiation_interactions,1897,-0.012606645
p17,aerosol_radiation_interactions,1898,-0.013735392
p17,aerosol_radiation_interactions,1899,-0.015227164
p17,aerosol_radiation_interactions,1900,-0.016951442
p17,aerosol_radiation_interactions,1901,-0.018442592
p17,aerosol_radiation_interactions,1902,-0.019753271
p17,aerosol_radiation_interactions,1903,-0.021263803
p17,aerosol_radiation_interactions,1904,-0.022960877
p17,aerosol_radiation_interactions,1905,-0.024749862
p17,aerosol_radiation_interactions,1906,-0.026752542
p17,aerosol_radiation_interactions,1907,-0.02929238
p17,aerosol_radiation_interactions,1908,-0.031481144
p17,aerosol_radiation_interactions,1909,-0.033063862
p17,aerosol_radiation_interactions,1910,-0.035078499
p17,aerosol_radiation_interactions,1911,-0.036900237
p17,aerosol_radiation_interactions,1912,-0.038403258
p17,aerosol_radiation_interactions,1913,-0.040200325
p17,aerosol_radiation_interactions,1914,-0.04127973
p17,aerosol_radiation_interactions,1915,-0.041435454
p17,aerosol_radiation_interactions,1916,-0.042429059
p17,aerosol_radiation_interactions,1917,-0.044314513
p17,aerosol_radiation_interactions,1918,-0.045869828
p17,aerosol_radiation_interactions,1919,-0.045633143
p17,aerosol_radiation_interactions,1920,-0.045377738
p17,aerosol_radiation_interactions,1921,-0.044897934
p17,aerosol_radiation_interactions,1922,-0.043719061
p17,aerosol_radiation_interactions,1923,-0.044248404
p17,aerosol_radiation_interactions,1924,-0.045255962
p17,aerosol_radiation_interactions,1925,-0.045910283
p17,aerosol_radiation_interactions,1926,-0.046761986
p17,aerosol_radiation_interactions,1927,-0.048251209
p17,aerosol_radiation_interactions,1928,-0.049940036
p17,aerosol_radiation_interactions,1929,-0.052005477
p17,aerosol_radiation_interactions,1930,-0.053522337
p17,aerosol_radiation_interactions,1931,-0.052703764
p17,aerosol_radiation_interactions,1932,-0.050353136
p17,aerosol_radiation_interactions,1933,-0.048862063
p17,aerosol_radiation_interactions,1934,-0.049525281
p17,aerosol_radiation_interactions,1935,-0.05148275
p17,aerosol_radiation_interactions,1936,-0.054005168
p17,aerosol_radiation_interactions,1937,-0.057022611
p17,aerosol_radiation_interactions,1938,-0.058785779
p17,aerosol_radiation_interactions,1939,-0.060044467
p17,aerosol_radiation_interactions,1940,-0.063005756
p17,aerosol_radiation_interactions,1941,-0.066394879
p17,aerosol_radiation_interactions,1942,-0.069345411
p17,aerosol_radiation_interactions,1943,-0.0718214
p17,aerosol_radiation_interactions,1944,-0.073344933
p17,aerosol_radiation_interactions,1945,-0.072551453
p17,aerosol_radiation_interactions,1946,-0.070495598
p17,aerosol_radiation_interactions,1947,-0.0705801
p17,aerosol_radiation_interactions,1948,-0.072513956
p17,aerosol_radiation_interactions,1949,-0.074155234
p17,aerosol_radiation_interactions,1950,-0.076278021
p17,aerosol_radiation_interactions,1951,-0.079309937
p17,aerosol_radiation_interactions,1952,-0.082318455
p17,aerosol_radiation_interactions,1953,-0.085318398
p17,aerosol_radiation_interactions,1954,-0.08822485
p17,aerosol_radiation_interactions,1955,-0.091929048
p17,aerosol_radiation_interactions,1956,-0.096985012
p17,aerosol_radiation_interactions,1957,-0.102072257
p17,aerosol_radiation_interactions,1958,-0.105875482
p17,aerosol_radiation_interactions,1959,-0.109277699
p17,aerosol_radiation_interactions,1960,-0.113666483
p17,aerosol_radiation_interactions,1961,-0.118717318
p17,aerosol_radiation_interactions,1962,-0.123574676
p17,aerosol_radiation_interactions,1963,-0.129036041
p17,aerosol_radiation_interactions,1964,-0.135160836
p17,aerosol_radiation_interactions,1965,-0.140983338
p17,aerosol_radiation_interactions,1966,-0.146593834
p17,aerosol_radiation_interactions,1967,-0.151713589
p17,aerosol_radiation_interactions,1968,-0.156962996
p17,aerosol_radiation_interactions,1969,-0.162677021
p17,aerosol_radiation_interactions,1970,-0.169737851
p17,aerosol_radiation_interactions,1971,-0.176575865
p17,aerosol_radiation_interactions,1972,-0.182492648
p17,aerosol_radiation_interactions,1973,-0.189033475
p17,aerosol_radiation_interactions,1974,-0.194113428
p17,aerosol_radiation_interactions,1975,-0.196867995
p17,aerosol_radiation_interactions,1976,-0.200468003
p17,aerosol_radiation_interactions,1977,-0.204970762
p17,aerosol_radiation_interactions,1978,-0.208310966
p17,aerosol_radiation_interactions,1979,-0.211787262
p17,aerosol_radiation_interactions,1980,-0.215468465
p17,aerosol_radiation_interactions,1981,-0.217383017
p17,aerosol_radiation_interactions,1982,-0.218148319
p17,aerosol_radiation_interactions,1983,-0.217860655
p17,aerosol_radiation_interactions,1984,-0.217304319
p17,aerosol_radiation_interactions,1985,-0.218132732
p17,aerosol_radiation_interactions,1986,-0.218939338
p17,aerosol_radiation_interactions,1987,-0.220378172
p17,aerosol_radiation_interactions,1988,-0.222300857
p17,aerosol_radiation_interactions,1989,-0.223384343
p17,aerosol_radiation_interactions,1990,-0.224282485
p17,aerosol_radiation_interactions,1991,-0.226405242
p17,aerosol_radiation_interactions,1992,-0.225922647
p17,aerosol_radiation_interactions,1993,-0.222610462
p17,aerosol_radiation_interactions,1994,-0.221174418
p17,aerosol_radiation_interactions,1995,-0.218851657
p17,aerosol_radiation_interactions,1996,-0.214917465
p17,aerosol_radiation_interactions,1997,-0.214813502
p17,aerosol_radiation_interactions,1998,-0.216539338
p17,aerosol_radiation_interactions,1999,-0.213922096
p17,aerosol_radiation_interactions,2000,-0.209602973
p17,aerosol_radiation_interactions,2001,-0.206921564
p17,aerosol_radiation_interactions,2002,-0.206624098
p17,aerosol_radiation_interactions,2003,-0.208795889
p17,aerosol_radiation_interactions,2004,-0.211117765
p17,aerosol_radiation_interactions,2005,-0.213719928
p17,aerosol_radiation_interactions,2006,-0.217349579
p17,aerosol_radiation_interactions,2007,-0.219312794
p17,aerosol_radiation_interactions,2008,-0.218392805
p17,aerosol_radiation_interactions,2009,-0.214670362
p17,aerosol_radiation_interactions,2010,-0.210038255
p17,aerosol_radiation_interactions,2011,-0.207753204
p17,aerosol_radiation_interactions,2012,-0.207023368
p17,aerosol_radiation_interactions,2013,-0.204636812
p17,aerosol_radiation_interactions,2014,-0.201286829
p17,aerosol_radiation_interactions,2015,-0.198559448
p17,aerosol_radiation_interactions,2016,-0.194276078
p17,aerosol_radiation_interactions,2017,-0.188975021
p17,aerosol_radiation_interactions,2018,-0.184759765
p17,aerosol_radiation_interactions,2019,-0.182778912
p17,aerosol_radiation_interactions,2020,-0.178231335
p17,aerosol_radiation_interactions,2021,-0.173493669
p17,aerosol_radiation_interactions,2022,-0.170295781
p17,aerosol_radiation_interactions,2023,-0.170477123
p17,aerosol_radiation_interactions,2024,-0.172547181
p17,aerosol_radiation_interactions,2025,-0.169413104
p17,anthropogenic,1850,-0.033907753
p17,anthropogenic,1851,-0.033101803
p17,anthropogenic,1852,-0.032059318
p17,anthropogenic,1853,-0.031007723
p17,anthropogenic,1854,-0.030218624
p17,anthropogenic,1855,-0.029423335
p17,anthropogenic,1856,-0.028479093
p17,anthropogenic,1857,-0.027498649
p17,anthropogenic,1858,-0.026344592
p17,anthropogenic,1859,-0.025165633
p17,anthropogenic,1860,-0.024004158
p17,anthropogenic,1861,-0.022621675
p17,anthropogenic,1862,-0.020994139
p17,anthropogenic,1863,-0.019254118
p17,anthropogenic,1864,-0.017397926
p17,anthropogenic,1865,-0.015697755
p17,anthropogenic,1866,-0.01397788
p17,anthropogenic,1867,-0.012174627
p17,anthropogenic,1868,-0.010707199
p17,anthropogenic,1869,-0.009395056
p17,anthropogenic,1870,-0.008173196
p17,anthropogenic,1871,-0.00695387
p17,anthropogenic,1872,-0.005140412
p17,anthropogenic,1873,-0.00421983
p17,anthropogenic,1874,-0.004533841
p17,anthropogenic,1875,-0.004202164
p17,anthropogenic,1876,-0.0033371
p17,anthropogenic,1877,-0.003203094
p17,anthropogenic,1878,-0.003460267
p17,anthropogenic,1879,-0.004159014
p17,anthropogenic,1880,-0.004859611
p17,anthropogenic,1881,-0.005050989
p17,anthropogenic,1882,-0.004695789
p17,anthropogenic,1883,-0.003178971
p17,anthropogenic,1884,-0.001959387
p17,anthropogenic,1885,-0.001620239
p17,anthropogenic,1886,-0.000681855
p17,anthropogenic,1887,0.000181612
p17,anthropogenic,1888,-0.000626575
p17,anthropogenic,1889,-0.000946637
p17,anthropogenic,1890,-0.000586724
p17,anthropogenic,1891,0.000260917
p17,anthropogenic,1892,0.00272136
p17,anthropogenic,1893,0.005049119
p17,anthropogenic,1894,0.005766582
p17,anthropogenic,1895,0.005859381
p17,anthropogenic,1896,0.007170692
p17,anthropogenic,1897,0.007836791
p17,anthropogenic,1898,0.007550194
p17,anthropogenic,1899,0.006560196
p17,anthropogenic,1900,0.005338627
p17,anthropogenic,1901,0.005324736
p17,anthropogenic,1902,0.006064568
p17,anthropogenic,1903,0.006745339
p17,anthropogenic,1904,0.006608827
p17,anthropogenic,1905,0.005796885
p17,anthropogenic,1906,0.00498702
p17,anthropogenic,1907,0.002970874
p17,anthropogenic,1908,0.00157692
p17,anthropogenic,1909,0.002253636
p17,anthropogenic,1910,0.002110484
p17,anthropogenic,1911,0.002914339
p17,anthropogenic,1912,0.00550208
p17,anthropogenic,1913,0.007130727
p17,anthropogenic,1914,0.009562338
p17,anthropogenic,1915,0.014394384
p17,anthropogenic,1916,0.018512681
p17,anthropogenic,1917,0.020686354
p17,anthropogenic,1918,0.023114447
p17,anthropogenic,1919,0.029741899
p17,anthropogenic,1920,0.0364953
p17,anthropogenic,1921,0.043894818
p17,anthropogenic,1922,0.053275377
p17,anthropogenic,1923,0.057215349
p17,anthropogenic,1924,0.059425373
p17,anthropogenic,1925,0.063115646
p17,anthropogenic,1926,0.066021122
p17,anthropogenic,1927,0.067464559
p17,anthropogenic,1928,0.06855958
p17,anthropogenic,1929,0.069164229
p17,anthropogenic,1930,0.070323428
p17,anthropogenic,1931,0.076920079
p17,anthropogenic,1932,0.086906705
p17,anthropogenic,1933,0.094741893
p17,anthropogenic,1934,0.098089272
p17,anthropogenic,1935,0.098926512
p17,anthropogenic,1936,0.0991054
p17,anthropogenic,1937,0.099142205
p17,anthropogenic,1938,0.102909672
p17,anthropogenic,1939,0.107223089
p17,anthropogenic,1940,0.108271096
p17,anthropogenic,1941,0.108919098
p17,anthropogenic,1942,0.109503306
p17,anthropogenic,1943,0.11057202
p17,anthropogenic,1944,0.11320184
p17,anthropogenic,1945,0.120046964
p17,anthropogenic,1946,0.129300039
p17,anthropogenic,1947,0.134772958
p17,anthropogenic,1948,0.13674663
p17,anthropogenic,1949,0.138737876
p17,anthropogenic,1950,0.139276544
p17,anthropogenic,1951,0.139349485
p17,anthropogenic,1952,0.140590743
p17,anthropogenic,1953,0.141309524
p17,anthropogenic,1954,0.142488041
p17,anthropogenic,1955,0.143088234
p17,anthropogenic,1956,0.141298229
p17,anthropogenic,1957,0.138560112
p17,anthropogenic,1958,0.138980287
p17,anthropogenic,1959,0.141270369
p17,anthropogenic,1960,0.142205115
p17,anthropogenic,1961,0.142365392
p17,anthropogenic,1962,0.143825609
p17,anthropogenic,1963,0.144930454
p17,anthropogenic,1964,0.146617596
p17,anthropogenic,1965,0.150350996
p17,anthropogenic,1966,0.154461279
p17,anthropogenic,1967,0.159351062
p17,anthropogenic,1968,0.164484783
p17,anthropogenic,1969,0.170159694
p17,anthropogenic,1970,0.175125264
p17,anthropogenic,1971,0.180968854
p17,anthropogenic,1972,0.18847809
p17,anthropogenic,1973,0.197894052
p17,anthropogenic,1974,0.210124579
p17,anthropogenic,1975,0.223126668
p17,anthropogenic,1976,0.233592049
p17,anthropogenic,1977,0.243966377
p17,anthropogenic,1978,0.257660857
p17,anthropogenic,1979,0.271970662
p17,anthropogenic,1980,0.287641108
p17,anthropogenic,1981,0.30648849
p17,anthropogenic,1982,0.325063642
p17,anthropogenic,1983,0.345166718
p17,anthropogenic,1984,0.366700245
p17,anthropogenic,1985,0.385796915
p17,anthropogenic,1986,0.405169518
p17,anthropogenic,1987,0.423833872
p17,anthropogenic,1988,0.442903994
p17,anthropogenic,1989,0.464669538
p17,anthropogenic,1990,0.485892453
p17,anthropogenic,1991,0.50275312
p17,anthropogenic,1992,0.523193955
p17,anthropogenic,1993,0.547791989
p17,anthropogenic,1994,0.566249788
p17,anthropogenic,1995,0.586050635
p17,anthropogenic,1996,0.610880335
p17,anthropogenic,1997,0.627620339
p17,anthropogenic,1998,0.638358304
p17,anthropogenic,1999,0.663340176
p17,anthropogenic,2000,0.695594159
p17,anthropogenic,2001,0.722176751
p17,anthropogenic,2002,0.741143304
p17,anthropogenic,2003,0.754874845
p17,anthropogenic,2004,0.770809565
p17,anthropogenic,2005,0.786903356
p17,anthropogenic,2006,0.801114557
p17,anthropogenic,2007,0.818284542
p17,anthropogenic,2008,0.840496915
p17,anthropogenic,2009,0.86571061
p17,anthropogenic,2010,0.890152019
p17,anthropogenic,2011,0.912989623
p17,anthropogenic,2012,0.934250151
p17,anthropogenic,2013,0.957785499
p17,anthropogenic,2014,0.983228246
p17,anthropogenic,2015,1.007047001
p17,anthropogenic,2016,1.035494379
p17,anthropogenic,2017,1.066188366
p17,anthropogenic,2018,1.094183977
p17,anthropogenic,2019,1.118161186
p17,anthropogenic,2020,1.143016127
p17,anthropogenic,2021,1.167300141
p17,anthropogenic,2022,1.194397789
p17,anthropogenic,2023,1.215477323
p17,anthropogenic,2024,1.230297069
p17,anthropogenic,2025,1.261089927
p17,bc_snow,1850,-0.005287591
p17,bc_snow,1851,-0.00515864
p17,bc_snow,1852,-0.005132022
p17,bc_snow,1853,-0.005053959
p17,bc_snow,1854,-0.004791001
p17,bc_snow,1855,-0.004497758
p17,bc_snow,1856,-0.004346066
p17,bc_snow,1857,-0.004124024
p17,bc_snow,1858,-0.003796506
p17,bc_snow,1859,-0.003537158
p17,bc_snow,1860,-0.003343938
p17,bc_snow,1861,-0.003135301
p17,bc_snow,1862,-0.002964823
p17,bc_snow,1863,-0.00289755
p17,bc_snow,1864,-0.002784634
p17,bc_snow,1865,-0.002519389
p17,bc_snow,1866,-0.002257412
p17,bc_snow,1867,-0.001994849
p17,bc_snow,1868,-0.001606074
p17,bc_snow,1869,-0.001298012
p17,bc_snow,1870,-0.001053229
p17,bc_snow,1871,-0.000833274
p17,bc_snow,1872,-0.000729043
p17,bc_snow,1873,-0.000513185
p17,bc_snow,1874,-0.00018885
p17,bc_snow,1875,-2.12e-06
p17,bc_snow,1876,2.52e-05
p17,bc_snow,1877,6.1e-05
p17,bc_snow,1878,0.000107303
p17,bc_snow,1879,0.000156121
p17,bc_snow,1880,0.00019858
p17,bc_snow,1881,0.000241285
p17,bc_snow,1882,0.000279918
p17,bc_snow,1883,0.000296036
p17,bc_snow,1884,0.000323939
p17,bc_snow,1885,0.000366175
p17,bc_snow,1886,0.000399858
p17,bc_snow,1887,0.000441546
p17,bc_snow,1888,0.000510828
p17,bc_snow,1889,0.000572493
p17,bc_snow,1890,0.000624709
p17,bc_snow,1891,0.00067173
p17,bc_snow,1892,0.000692597
p17,bc_snow,1893,0.000714106
p17,bc_snow,1894,0.000761703
p17,bc_snow,1895,0.000822738
p17,bc_snow,1896,0.000852274
p17,bc_snow,1897,0.000890062
p17,bc_snow,1898,0.000955437
p17,bc_snow,1899,0.001024786
p17,bc_snow,1900,0.001090625
p17,bc_snow,1901,0.001143645
p17,bc_snow,1902,0.00118808
p17,bc_snow,1903,0.00122766
p17,bc_snow,1904,0.001286083
p17,bc_snow,1905,0.001366798
p17,bc_snow,1906,0.001450281
p17,bc_snow,1907,0.001561078
p17,bc_snow,1908,0.001669753
p17,bc_snow,1909,0.001742691
p17,bc_snow,1910,0.00183129
p17,bc_snow,1911,0.001910423
p17,bc_snow,1912,0.00196149
p17,bc_snow,1913,0.002035485
p17,bc_snow,1914,0.002100486
p17,bc_snow,1915,0.002123549
p17,bc_snow,1916,0.002157042
p17,bc_snow,1917,0.002235474
p17,bc_snow,1918,0.002320543
p17,bc_snow,1919,0.002319832
p17,bc_snow,1920,0.002318927
p17,bc_snow,1921,0.002318572
p17,bc_snow,1922,0.002272971
p17,bc_snow,1923,0.002362666
p17,bc_snow,1924,0.002480883
p17,bc_snow,1925,0.00252572
p17,bc_snow,1926,0.002559787
p17,bc_snow,1927,0.002602338
p17,bc_snow,1928,0.002643603
p17,bc_snow,1929,0.002677435
p17,bc_snow,1930,0.00270673
p17,bc_snow,1931,0.002636244
p17,bc_snow,1932,0.002522637
p17,bc_snow,1933,0.00245697
p17,bc_snow,1934,0.002469565
p17,bc_snow,1935,0.002529769
p17,bc_snow,1936,0.002618169
p17,bc_snow,1937,0.002719456
p17,bc_snow,1938,0.002733673
p17,bc_snow,1939,0.002748878
p17,bc_snow,1940,0.002816328
p17,bc_snow,1941,0.002879453
p17,bc_snow,1942,0.002963518
p17,bc_snow,1943,0.00305368
p17,bc_snow,1944,0.00312398
p17,bc_snow,1945,0.003108048
p17,bc_snow,1946,0.003038215
p17,bc_snow,1947,0.003018037
p17,bc_snow,1948,0.003059885
p17,bc_snow,1949,0.003092428
p17,bc_snow,1950,0.00314473
p17,bc_snow,1951,0.003181394
p17,bc_snow,1952,0.003166511
p17,bc_snow,1953,0.00319995
p17,bc_snow,1954,0.003256971
p17,bc_snow,1955,0.003330491
p17,bc_snow,1956,0.00346781
p17,bc_snow,1957,0.003666946
p17,bc_snow,1958,0.003821318
p17,bc_snow,1959,0.003932635
p17,bc_snow,1960,0.004070896
p17,bc_snow,1961,0.004199082
p17,bc_snow,1962,0.004290462
p17,bc_snow,1963,0.004419392
p17,bc_snow,1964,0.004513897
p17,bc_snow,1965,0.004539391
p17,bc_snow,1966,0.004583436
p17,bc_snow,1967,0.004660554
p17,bc_snow,1968,0.004751007
p17,bc_snow,1969,0.004828944
p17,bc_snow,1970,0.00494368
p17,bc_snow,1971,0.005106589
p17,bc_snow,1972,0.005347626
p17,bc_snow,1973,0.005572348
p17,bc_snow,1974,0.005722789
p17,bc_snow,1975,0.005862354
p17,bc_snow,1976,0.006062892
p17,bc_snow,1977,0.006333956
p17,bc_snow,1978,0.006627191
p17,bc_snow,1979,0.006913042
p17,bc_snow,1980,0.007087218
p17,bc_snow,1981,0.007149184
p17,bc_snow,1982,0.007277826
p17,bc_snow,1983,0.007374194
p17,bc_snow,1984,0.007427799
p17,bc_snow,1985,0.007578016
p17,bc_snow,1986,0.007750891
p17,bc_snow,1987,0.007968921
p17,bc_snow,1988,0.008228399
p17,bc_snow,1989,0.008441373
p17,bc_snow,1990,0.008611675
p17,bc_snow,1991,0.008937036
p17,bc_snow,1992,0.009105518
p17,bc_snow,1993,0.009102149
p17,bc_snow,1994,0.009340416
p17,bc_snow,1995,0.00962464
p17,bc_snow,1996,0.009744292
p17,bc_snow,1997,0.009975651
p17,bc_snow,1998,0.010326696
p17,bc_snow,1999,0.010313159
p17,bc_snow,2000,0.010000043
p17,bc_snow,2001,0.009777879
p17,bc_snow,2002,0.009808113
p17,bc_snow,2003,0.009961663
p17,bc_snow,2004,0.010124815
p17,bc_snow,2005,0.010337098
p17,bc_snow,2006,0.010506523
p17,bc_snow,2007,0.010651509
p17,bc_snow,2008,0.010734368
p17,bc_snow,2009,0.01067595
p17,bc_snow,2010,0.010741502
p17,bc_snow,2011,0.010805244
p17,bc_snow,2012,0.01080325
p17,bc_snow,2013,0.010785148
p17,bc_snow,2014,0.010719581
p17,bc_snow,2015,0.010720594
p17,bc_snow,2016,0.010596495
p17,bc_snow,2017,0.010415814
p17,bc_snow,2018,0.010277694
p17,bc_snow,2019,0.010239777
p17,bc_snow,2020,0.010174572
p17,bc_snow,2021,0.010086297
p17,bc_snow,2022,0.009957435
p17,bc_snow,2023,0.010008279
p17,bc_snow,2024,0.010281723
p17,bc_snow,2025,0.01013805
p17,ch4,1850,-0.015923645
p17,ch4,1851,-0.015646647
p17,ch4,1852,-0.015385526
p17,ch4,1853,-0.015083961
p17,ch4,1854,-0.01473637
p17,ch4,1855,-0.014347358
p17,ch4,1856,-0.013927454
p17,ch4,1857,-0.013484783
p17,ch4,1858,-0.013005678
p17,ch4,1859,-0.012485926
p17,ch4,1860,-0.011939937
p17,ch4,1861,-0.011372729
p17,ch4,1862,-0.010756811
p17,ch4,1863,-0.010063429
p17,ch4,1864,-0.009288275
p17,ch4,1865,-0.008456587
p17,ch4,1866,-0.007585262
p17,ch4,1867,-0.006669672
p17,ch4,1868,-0.005733585
p17,ch4,1869,-0.004811352
p17,ch4,1870,-0.003929669
p17,ch4,1871,-0.003119259
p17,ch4,1872,-0.002388516
p17,ch4,1873,-0.001728756
p17,ch4,1874,-0.00109976
p17,ch4,1875,-0.000479232
p17,ch4,1876,8.41e-05
p17,ch4,1877,0.000581196
p17,ch4,1878,0.001038656
p17,ch4,1879,0.001507194
p17,ch4,1880,0.002004738
p17,ch4,1881,0.002521993
p17,ch4,1882,0.003045899
p17,ch4,1883,0.003577455
p17,ch4,1884,0.004123947
p17,ch4,1885,0.004696844
p17,ch4,1886,0.005293764
p17,ch4,1887,0.005912566
p17,ch4,1888,0.006551404
p17,ch4,1889,0.007208082
p17,ch4,1890,0.007884671
p17,ch4,1891,0.008576351
p17,ch4,1892,0.009299688
p17,ch4,1893,0.010056758
p17,ch4,1894,0.010813417
p17,ch4,1895,0.011543019
p17,ch4,1896,0.012209072
p17,ch4,1897,0.01280383
p17,ch4,1898,0.013398334
p17,ch4,1899,0.014044045
p17,ch4,1900,0.014728988
p17,ch4,1901,0.015433824
p17,ch4,1902,0.01617214
p17,ch4,1903,0.016955351
p17,ch4,1904,0.0178087
p17,ch4,1905,0.018741631
p17,ch4,1906,0.019730888
p17,ch4,1907,0.020779744
p17,ch4,1908,0.02184485
p17,ch4,1909,0.022904206
p17,ch4,1910,0.023981823
p17,ch4,1911,0.025053836
p17,ch4,1912,0.026089478
p17,ch4,1913,0.027047612
p17,ch4,1914,0.02791259
p17,ch4,1915,0.028733545
p17,ch4,1916,0.029666701
p17,ch4,1917,0.03071823
p17,ch4,1918,0.031817376
p17,ch4,1919,0.033019779
p17,ch4,1920,0.034306899
p17,ch4,1921,0.035634826
p17,ch4,1922,0.036977877
p17,ch4,1923,0.038305494
p17,ch4,1924,0.03955663
p17,ch4,1925,0.04067605
p17,ch4,1926,0.04164303
p17,ch4,1927,0.042509765
p17,ch4,1928,0.043415058
p17,ch4,1929,0.044440104
p17,ch4,1930,0.045551172
p17,ch4,1931,0.046672644
p17,ch4,1932,0.047760172
p17,ch4,1933,0.048826748
p17,ch4,1934,0.049905247
p17,ch4,1935,0.051010232
p17,ch4,1936,0.052114347
p17,ch4,1937,0.053195535
p17,ch4,1938,0.054253343
p17,ch4,1939,0.055350728
p17,ch4,1940,0.056434111
p17,ch4,1941,0.057419833
p17,ch4,1942,0.058407967
p17,ch4,1943,0.059429696
p17,ch4,1944,0.060425904
p17,ch4,1945,0.06136878
p17,ch4,1946,0.062304516
p17,ch4,1947,0.063316783
p17,ch4,1948,0.064411118
p17,ch4,1949,0.065511633
p17,ch4,1950,0.066548677
p17,ch4,1951,0.067565599
p17,ch4,1952,0.068629218
p17,ch4,1953,0.069828812
p17,ch4,1954,0.071253508
p17,ch4,1955,0.07288446
p17,ch4,1956,0.074725715
p17,ch4,1957,0.076758331
p17,ch4,1958,0.078831106
p17,ch4,1959,0.080820431
p17,ch4,1960,0.082658282
p17,ch4,1961,0.084308436
p17,ch4,1962,0.086032831
p17,ch4,1963,0.088126066
p17,ch4,1964,0.090487655
p17,ch4,1965,0.092879849
p17,ch4,1966,0.095173033
p17,ch4,1967,0.097391652
p17,ch4,1968,0.099738209
p17,ch4,1969,0.102291154
p17,ch4,1970,0.105061399
p17,ch4,1971,0.108011369
p17,ch4,1972,0.11097972
p17,ch4,1973,0.113822203
p17,ch4,1974,0.116497959
p17,ch4,1975,0.11914325
p17,ch4,1976,0.12186572
p17,ch4,1977,0.124691513
p17,ch4,1978,0.127611583
p17,ch4,1979,0.130599962
p17,ch4,1980,0.133617936
p17,ch4,1981,0.136621286
p17,ch4,1982,0.139559616
p17,ch4,1983,0.142381016
p17,ch4,1984,0.145050379
p17,ch4,1985,0.147607835
p17,ch4,1986,0.150114663
p17,ch4,1987,0.152522816
p17,ch4,1988,0.15486992
p17,ch4,1989,0.157254029
p17,ch4,1990,0.159529358
p17,ch4,1991,0.161736298
p17,ch4,1992,0.16389796
p17,ch4,1993,0.165770211
p17,ch4,1994,0.167441822
p17,ch4,1995,0.169055802
p17,ch4,1996,0.170537243
p17,ch4,1997,0.17189579
p17,ch4,1998,0.173356198
p17,ch4,1999,0.174940139
p17,ch4,2000,0.176371823
p17,ch4,2001,0.177522073
p17,ch4,2002,0.178512382
p17,ch4,2003,0.179527644
p17,ch4,2004,0.180495768
p17,ch4,2005,0.181286696
p17,ch4,2006,0.181994485
p17,ch4,2007,0.182840638
p17,ch4,2008,0.183877134
p17,ch4,2009,0.184956666
p17,ch4,2010,0.186034385
p17,ch4,2011,0.187124256
p17,ch4,2012,0.188220352
p17,ch4,2013,0.189318275
p17,ch4,2014,0.190509621
p17,ch4,2015,0.191873578
p17,ch4,2016,0.193304287
p17,ch4,2017,0.194690358
p17,ch4,2018,0.196073499
p17,ch4,2019,0.197488045
p17,ch4,2020,0.198997847
p17,ch4,2021,0.200743556
p17,ch4,2022,0.202700517
p17,ch4,2023,0.204636493
p17,ch4,2024,0.206393665
p17,ch4,2025,0.208000151
p17,co2,1850,-0.040483919
p17,co2,1851,-0.039578112
p17,co2,1852,-0.038544799
p17,co2,1853,-0.037438328
p17,co2,1854,-0.036327723
p17,co2,1855,-0.035256745
p17,co2,1856,-0.034209076
p17,co2,1857,-0.033087948
p17,co2,1858,-0.031849144
p17,co2,1859,-0.030515163
p17,co2,1860,-0.029081844
p17,co2,1861,-0.027560541
p17,co2,1862,-0.026016728
p17,co2,1863,-0.024477916
p17,co2,1864,-0.022924909
p17,co2,1865,-0.021355431
p17,co2,1866,-0.019775852
p17,co2,1867,-0.018182101
p17,co2,1868,-0.016598664
p17,co2,1869,-0.015089375
p17,co2,1870,-0.013643879
p17,co2,1871,-0.01220821
p17,co2,1872,-0.010726904
p17,co2,1873,-0.009144886
p17,co2,1874,-0.007466538
p17,co2,1875,-0.005684896
p17,co2,1876,-0.003802957
p17,co2,1877,-0.001863395
p17,co2,1878,6.4e-05
p17,co2,1879,0.001760086
p17,co2,1880,0.00346397
p17,co2,1881,0.005231575
p17,co2,1882,0.007078325
p17,co2,1883,0.008948743
p17,co2,1884,0.010806521
p17,co2,1885,0.012715081
p17,co2,1886,0.014716683
p17,co2,1887,0.016805278
p17,co2,1888,0.01900008
p17,co2,1889,0.02130113
p17,co2,1890,0.023666225
p17,co2,1891,0.02608964
p17,co2,1892,0.028564504
p17,co2,1893,0.031026946
p17,co2,1894,0.033455865
p17,co2,1895,0.035852317
p17,co2,1896,0.038206332
p17,co2,1897,0.04053289
p17,co2,1898,0.042870113
p17,co2,1899,0.045284625
p17,co2,1900,0.04781375
p17,co2,1901,0.05039051
p17,co2,1902,0.052938248
p17,co2,1903,0.055477674
p17,co2,1904,0.057998097
p17,co2,1905,0.060519099
p17,co2,1906,0.063124389
p17,co2,1907,0.065886771
p17,co2,1908,0.068785935
p17,co2,1909,0.07174723
p17,co2,1910,0.074779649
p17,co2,1911,0.077900071
p17,co2,1912,0.08117029
p17,co2,1913,0.084645731
p17,co2,1914,0.088226433
p17,co2,1915,0.091841661
p17,co2,1916,0.095540019
p17,co2,1917,0.099306462
p17,co2,1918,0.103005058
p17,co2,1919,0.106511389
p17,co2,1920,0.109922807
p17,co2,1921,0.113270635
p17,co2,1922,0.116484327
p17,co2,1923,0.119593782
p17,co2,1924,0.122654569
p17,co2,1925,0.125520575
p17,co2,1926,0.128035774
p17,co2,1927,0.130402876
p17,co2,1928,0.132674342
p17,co2,1929,0.134806724
p17,co2,1930,0.136813784
p17,co2,1931,0.138776098
p17,co2,1932,0.140857573
p17,co2,1933,0.143101089
p17,co2,1934,0.145543951
p17,co2,1935,0.148238226
p17,co2,1936,0.151522547
p17,co2,1937,0.155458676
p17,co2,1938,0.159466323
p17,co2,1939,0.163359003
p17,co2,1940,0.167216408
p17,co2,1941,0.170967006
p17,co2,1942,0.174522897
p17,co2,1943,0.177729136
p17,co2,1944,0.180382862
p17,co2,1945,0.182466479
p17,co2,1946,0.184204175
p17,co2,1947,0.185852755
p17,co2,1948,0.187434622
p17,co2,1949,0.188956078
p17,co2,1950,0.190591617
p17,co2,1951,0.192348072
p17,co2,1952,0.194308941
p17,co2,1953,0.196588507
p17,co2,1954,0.199067978
p17,co2,1955,0.201585127
p17,co2,1956,0.204050769
p17,co2,1957,0.20647816
p17,co2,1958,0.208977968
p17,co2,1959,0.211706382
p17,co2,1960,0.215084004
p17,co2,1961,0.219023802
p17,co2,1962,0.223194092
p17,co2,1963,0.227457757
p17,co2,1964,0.231750007
p17,co2,1965,0.235959791
p17,co2,1966,0.240587402
p17,co2,1967,0.245559913
p17,co2,1968,0.250560721
p17,co2,1969,0.255908289
p17,co2,1970,0.26213555
p17,co2,1971,0.268550748
p17,co2,1972,0.275581561
p17,co2,1973,0.285027496
p17,co2,1974,0.294522309
p17,co2,1975,0.30163025
p17,co2,1976,0.307580705
p17,co2,1977,0.314735294
p17,co2,1978,0.323355139
p17,co2,1979,0.332594284
p17,co2,1980,0.342631153
p17,co2,1981,0.35262649
p17,co2,1982,0.361391445
p17,co2,1983,0.370106912
p17,co2,1984,0.379575395
p17,co2,1985,0.38918526
p17,co2,1986,0.398797252
p17,co2,1987,0.40867833
p17,co2,1988,0.419736291
p17,co2,1989,0.431317154
p17,co2,1990,0.442067138
p17,co2,1991,0.452214605
p17,co2,1992,0.461517943
p17,co2,1993,0.469803524
p17,co2,1994,0.478305561
p17,co2,1995,0.487891159
p17,co2,1996,0.498198084
p17,co2,1997,0.508180038
p17,co2,1998,0.518919621
p17,co2,1999,0.530964253
p17,co2,2000,0.542292465
p17,co2,2001,0.552926089
p17,co2,2002,0.564026148
p17,co2,2003,0.576209377
p17,co2,2004,0.588749013
p17,co2,2005,0.601045438
p17,co2,2006,0.613619038
p17,co2,2007,0.626089165
p17,co2,2008,0.638486977
p17,co2,2009,0.650630379
p17,co2,2010,0.662769948
p17,co2,2011,0.675249028
p17,co2,2012,0.687686167
p17,co2,2013,0.700900521
p17,co2,2014,0.714413771
p17,co2,2015,0.727726253
p17,co2,2016,0.742273636
p17,co2,2017,0.757283707
p17,co2,2018,0.77172014
p17,co2,2019,0.786213707
p17,co2,2020,0.800709354
p17,co2,2021,0.815058576
p17,co2,2022,0.829347328
p17,co2,2023,0.843631914
p17,co2,2024,0.858779718
p17,co2,2025,0.874786947
p17,contrails,1850,0.0
p17,contrails,1851,0.0
p17,contrails,1852,0.0
p17,contrails,1853,0.0
p17,contrails,1854,0.0
p17,contrails,1855,0.0
p17,contrails,1856,0.0
p17,contrails,1857,0.0
p17,contrails,1858,0.0
p17,contrails,1859,0.0
p17,contrails,1860,0.0
p17,contrails,1861,0.0
p17,contrails,1862,0.0
p17,contrails,1863,0.0
p17,contrails,1864,0.0
p17,contrails,1865,0.0
p17,contrails,1866,0.0
p17,contrails,1867,0.0
p17,contrails,1868,0.0
p17,contrails,1869,0.0
p17,contrails,1870,0.0
p17,contrails,1871,0.0
p17,contrails,1872,0.0
p17,contrails,1873,0.0
p17,contrails,1874,0.0
p17,contrails,1875,0.0
p17,contrails,1876,0.0
p17,contrails,1877,0.0
p17,contrails,1878,0.0
p17,contrails,1879,0.0
p17,contrails,1880,0.0
p17,contrails,1881,0.0
p17,contrails,1882,0.0
p17,contrails,1883,0.0
p17,contrails,1884,0.0
p17,contrails,1885,0.0
p17,contrails,1886,0.0
p17,contrails,1887,0.0
p17,contrails,1888,0.0
p17,contrails,1889,0.0
p17,contrails,1890,0.0
p17,contrails,1891,0.0
p17,contrails,1892,0.0
p17,contrails,1893,0.0
p17,contrails,1894,0.0
p17,contrails,1895,0.0
p17,contrails,1896,0.0
p17,contrails,1897,0.0
p17,contrails,1898,0.0
p17,contrails,1899,0.0
p17,contrails,1900,0.0
p17,contrails,1901,0.0
p17,contrails,1902,0.0
p17,contrails,1903,0.0
p17,contrails,1904,0.0
p17,contrails,1905,0.0
p17,contrails,1906,0.0
p17,contrails,1907,0.0
p17,contrails,1908,0.0
p17,contrails,1909,0.0
p17,contrails,1910,0.0
p17,contrails,1911,0.0
p17,contrails,1912,0.0
p17,contrails,1913,0.0
p17,contrails,1914,0.0
p17,contrails,1915,0.0
p17,contrails,1916,0.0
p17,contrails,1917,0.0
p17,contrails,1918,0.0
p17,contrails,1919,0.0
p17,contrails,1920,0.0
p17,contrails,1921,0.0
p17,contrails,1922,0.0
p17,contrails,1923,0.0
p17,contrails,1924,0.0
p17,contrails,1925,0.0
p17,contrails,1926,0.0
p17,contrails,1927,0.0
p17,contrails,1928,0.0
p17,contrails,1929,0.0
p17,contrails,1930,0.0
p17,contrails,1931,7.31e-07
p17,contrails,1932,2.59e-06
p17,contrails,1933,5.09e-06
p17,contrails,1934,8.04e-06
p17,contrails,1935,1.13e-05
p17,contrails,1936,1.49e-05
p17,contrails,1937,1.86e-05
p17,contrails,1938,2.25e-05
p17,contrails,1939,2.66e-05
p17,contrails,1940,3.09e-05
p17,contrails,1941,3.51e-05
p17,contrails,1942,3.92e-05
p17,contrails,1943,4.35e-05
p17,contrails,1944,4.79e-05
p17,contrails,1945,5.25e-05
p17,contrails,1946,5.75e-05
p17,contrails,1947,6.28e-05
p17,contrails,1948,6.83e-05
p17,contrails,1949,7.43e-05
p17,contrails,1950,8.07e-05
p17,contrails,1951,8.77e-05
p17,contrails,1952,9.5e-05
p17,contrails,1953,0.000102979
p17,contrails,1954,0.00011161
p17,contrails,1955,0.000120884
p17,contrails,1956,0.000130889
p17,contrails,1957,0.000141677
p17,contrails,1958,0.000153285
p17,contrails,1959,0.000165745
p17,contrails,1960,0.000179179
p17,contrails,1961,0.000196606
p17,contrails,1962,0.000220237
p17,contrails,1963,0.000246977
p17,contrails,1964,0.00027445
p17,contrails,1965,0.000304547
p17,contrails,1966,0.000339885
p17,contrails,1967,0.000388427
p17,contrails,1968,0.00045202
p17,contrails,1969,0.000517179
p17,contrails,1970,0.000573445
p17,contrails,1971,0.000643752
p17,contrails,1972,0.000730183
p17,contrails,1973,0.000810358
p17,contrails,1974,0.000875715
p17,contrails,1975,0.000928736
p17,contrails,1976,0.000980769
p17,contrails,1977,0.00104266
p17,contrails,1978,0.001116203
p17,contrails,1979,0.001193483
p17,contrails,1980,0.001268599
p17,contrails,1981,0.001329754
p17,contrails,1982,0.00138662
p17,contrails,1983,0.001451029
p17,contrails,1984,0.001532493
p17,contrails,1985,0.001627763
p17,contrails,1986,0.001731895
p17,contrails,1987,0.001848589
p17,contrails,1988,0.00197413
p17,contrails,1989,0.002107515
p17,contrails,1990,0.002232609
p17,contrails,1991,0.00232823
p17,contrails,1992,0.002440249
p17,contrails,1993,0.002604434
p17,contrails,1994,0.002785092
p17,contrails,1995,0.002971076
p17,contrails,1996,0.0031637
p17,contrails,1997,0.003356785
p17,contrails,1998,0.003544649
p17,contrails,1999,0.003740503
p17,contrails,2000,0.003970153
p17,contrails,2001,0.00419629
p17,contrails,2002,0.004355382
p17,contrails,2003,0.004491015
p17,contrails,2004,0.004732275
p17,contrails,2005,0.005042181
p17,contrails,2006,0.005324525
p17,contrails,2007,0.005605729
p17,contrails,2008,0.005870624
p17,contrails,2009,0.006051068
p17,contrails,2010,0.006276916
p17,contrails,2011,0.006603227
p17,contrails,2012,0.006881898
p17,contrails,2013,0.007125029
p17,contrails,2014,0.007392702
p17,contrails,2015,0.007701757
p17,contrails,2016,0.00805001
p17,contrails,2017,0.008419531
p17,contrails,2018,0.008751003
p17,contrails,2019,0.009137968
p17,contrails,2020,0.008725019
p17,contrails,2021,0.007922414
p17,contrails,2022,0.007980568
p17,contrails,2023,0.008576242
p17,contrails,2024,0.009349825
p17,contrails,2025,0.010004444
p17,ghg,1850,-0.06118012
p17,ghg,1851,-0.059951448
p17,ghg,1852,-0.058586397
p17,ghg,1853,-0.057090167
p17,ghg,1854,-0.055527368
p17,ghg,1855,-0.053949477
p17,ghg,1856,-0.052352278
p17,ghg,1857,-0.05065305
p17,ghg,1858,-0.048802546
p17,ghg,1859,-0.046805526
p17,ghg,1860,-0.044655942
p17,ghg,1861,-0.042370248
p17,ghg,1862,-0.039993889
p17,ghg,1863,-0.037540984
p17,ghg,1864,-0.034994505
p17,ghg,1865,-0.032372109
p17,ghg,1866,-0.029691165
p17,ghg,1867,-0.026943891
p17,ghg,1868,-0.024176276
p17,ghg,1869,-0.021483724
p17,ghg,1870,-0.018888572
p17,ghg,1871,-0.01636687
p17,ghg,1872,-0.013872958
p17,ghg,1873,-0.011350741
p17,ghg,1874,-0.008760826
p17,ghg,1875,-0.006063249
p17,ghg,1876,-0.003295273
p17,ghg,1877,-0.00056333
p17,ghg,1878,0.001919593
p17,ghg,1879,0.004344765
p17,ghg,1880,0.006813765
p17,ghg,1881,0.0093641
p17,ghg,1882,0.01199456
p17,ghg,1883,0.014652541
p17,ghg,1884,0.017307937
p17,ghg,1885,0.020037572
p17,ghg,1886,0.022880513
p17,ghg,1887,0.025832861
p17,ghg,1888,0.028911484
p17,ghg,1889,0.032114669
p17,ghg,1890,0.035401346
p17,ghg,1891,0.038752811
p17,ghg,1892,0.04218676
p17,ghg,1893,0.045649017
p17,ghg,1894,0.049087752
p17,ghg,1895,0.052476881
p17,ghg,1896,0.055756357
p17,ghg,1897,0.058927222
p17,ghg,1898,0.062107593
p17,ghg,1899,0.065427552
p17,ghg,1900,0.068916163
p17,ghg,1901,0.072482812
p17,ghg,1902,0.076082689
p17,ghg,1903,0.079766819
p17,ghg,1904,0.083537394
p17,ghg,1905,0.087408526
p17,ghg,1906,0.091436308
p17,ghg,1907,0.095700369
p17,ghg,1908,0.100143007
p17,ghg,1909,0.104665331
p17,ghg,1910,0.10930088
p17,ghg,1911,0.114049473
p17,ghg,1912,0.118915214
p17,ghg,1913,0.123898718
p17,ghg,1914,0.128903089
p17,ghg,1915,0.1339035
p17,ghg,1916,0.139094906
p17,ghg,1917,0.144471262
p17,ghg,1918,0.149809081
p17,ghg,1919,0.154996282
p17,ghg,1920,0.160119658
p17,ghg,1921,0.165201775
p17,ghg,1922,0.170160965
p17,ghg,1923,0.175033477
p17,ghg,1924,0.179790662
p17,ghg,1925,0.184164624
p17,ghg,1926,0.187978523
p17,ghg,1927,0.191510067
p17,ghg,1928,0.194985232
p17,ghg,1929,0.198449968
p17,ghg,1930,0.201869438
p17,ghg,1931,0.20527704
p17,ghg,1932,0.208788087
p17,ghg,1933,0.212441582
p17,ghg,1934,0.21631168
p17,ghg,1935,0.220462933
p17,ghg,1936,0.225226987
p17,ghg,1937,0.230658729
p17,ghg,1938,0.236175478
p17,ghg,1939,0.241639117
p17,ghg,1940,0.247067811
p17,ghg,1941,0.252311026
p17,ghg,1942,0.257395621
p17,ghg,1943,0.262286334
p17,ghg,1944,0.266655977
p17,ghg,1945,0.270347763
p17,ghg,1946,0.273684163
p17,ghg,1947,0.277005393
p17,ghg,1948,0.280316851
p17,ghg,1949,0.283559295
p17,ghg,1950,0.286863014
p17,ghg,1951,0.290297327
p17,ghg,1952,0.294014539
p17,ghg,1953,0.298269011
p17,ghg,1954,0.303038743
p17,ghg,1955,0.308127828
p17,ghg,1956,0.313485424
p17,ghg,1957,0.319102518
p17,ghg,1958,0.324888205
p17,ghg,1959,0.330836695
p17,ghg,1960,0.337322342
p17,ghg,1961,0.344279861
p17,ghg,1962,0.351688944
p17,ghg,1963,0.359760339
p17,ghg,1964,0.368322242
p17,ghg,1965,0.377010675
p17,ghg,1966,0.386203336
p17,ghg,1967,0.39587711
p17,ghg,1968,0.405953624
p17,ghg,1969,0.416853128
p17,ghg,1970,0.429118778
p17,ghg,1971,0.442036455
p17,ghg,1972,0.455859304
p17,ghg,1973,0.472252122
p17,ghg,1974,0.488898395
p17,ghg,1975,0.503497771
p17,ghg,1976,0.517251277
p17,ghg,1977,0.532440486
p17,ghg,1978,0.549290441
p17,ghg,1979,0.566882882
p17,ghg,1980,0.585347246
p17,ghg,1981,0.603871563
p17,ghg,1982,0.621271614
p17,ghg,1983,0.638540264
p17,ghg,1984,0.656356106
p17,ghg,1985,0.674297565
p17,ghg,1986,0.692453083
p17,ghg,1987,0.710965623
p17,ghg,1988,0.730772819
p17,ghg,1989,0.751409756
p17,ghg,1990,0.771091515
p17,ghg,1991,0.78980052
p17,ghg,1992,0.807183182
p17,ghg,1993,0.822672148
p17,ghg,1994,0.83758502
p17,ghg,1995,0.853169549
p17,ghg,1996,0.869125201
p17,ghg,1997,0.884444981
p17,ghg,1998,0.900418934
p17,ghg,1999,0.917714016
p17,ghg,2000,0.934054508
p17,ghg,2001,0.949251846
p17,ghg,2002,0.964553271
p17,ghg,2003,0.980822132
p17,ghg,2004,0.997290025
p17,ghg,2005,1.013244655
p17,ghg,2006,1.029364546
p17,ghg,2007,1.045498893
p17,ghg,2008,1.061759112
p17,ghg,2009,1.077763168
p17,ghg,2010,1.093719937
p17,ghg,2011,1.110064806
p17,ghg,2012,1.126358879
p17,ghg,2013,1.143407036
p17,ghg,2014,1.160897392
p17,ghg,2015,1.178361563
p17,ghg,2016,1.197091792
p17,ghg,2017,1.216227953
p17,ghg,2018,1.23483658
p17,ghg,2019,1.253534344
p17,ghg,2020,1.272248838
p17,ghg,2021,1.291047555
p17,ghg,2022,1.310038586
p17,ghg,2023,1.328929608
p17,ghg,2024,1.348408635
p17,ghg,2025,1.368643908
p17,h2o_strat,1850,-0.001609888
p17,h2o_strat,1851,-0.001582599
p17,h2o_strat,1852,-0.001556858
p17,h2o_strat,1853,-0.00152709
p17,h2o_strat,1854,-0.001492741
p17,h2o_strat,1855,-0.001454262
p17,h2o_strat,1856,-0.001412687
p17,h2o_strat,1857,-0.001368814
p17,h2o_strat,1858,-0.001321261
p17,h2o_strat,1859,-0.001269577
p17,h2o_strat,1860,-0.001215213
p17,h2o_strat,1861,-0.001158668
p17,h2o_strat,1862,-0.001097153
p17,h2o_strat,1863,-0.001027703
p17,h2o_strat,1864,-0.000949786
p17,h2o_strat,1865,-0.000865912
p17,h2o_strat,1866,-0.000777745
p17,h2o_strat,1867,-0.000684659
p17,h2o_strat,1868,-0.000589019
p17,h2o_strat,1869,-0.000494544
p17,h2o_strat,1870,-0.000404181
p17,h2o_strat,1871,-0.000321457
p17,h2o_strat,1872,-0.00024737
p17,h2o_strat,1873,-0.000180814
p17,h2o_strat,1874,-0.000116765
p17,h2o_strat,1875,-5.15e-05
p17,h2o_strat,1876,-4.09e-07
p17,h2o_strat,1877,1.31e-05
p17,h2o_strat,1878,2.46e-05
p17,h2o_strat,1879,3.65e-05
p17,h2o_strat,1880,4.91e-05
p17,h2o_strat,1881,6.23e-05
p17,h2o_strat,1882,7.56e-05
p17,h2o_strat,1883,8.92e-05
p17,h2o_strat,1884,0.000103233
p17,h2o_strat,1885,0.000117933
p17,h2o_strat,1886,0.000133282
p17,h2o_strat,1887,0.000149226
p17,h2o_strat,1888,0.000165715
p17,h2o_strat,1889,0.000182697
p17,h2o_strat,1890,0.000200227
p17,h2o_strat,1891,0.000218181
p17,h2o_strat,1892,0.000237005
p17,h2o_strat,1893,0.000256748
p17,h2o_strat,1894,0.000276512
p17,h2o_strat,1895,0.000295585
p17,h2o_strat,1896,0.00031299
p17,h2o_strat,1897,0.000328524
p17,h2o_strat,1898,0.000344084
p17,h2o_strat,1899,0.000361041
p17,h2o_strat,1900,0.000379072
p17,h2o_strat,1901,0.00039766
p17,h2o_strat,1902,0.000417173
p17,h2o_strat,1903,0.000437921
p17,h2o_strat,1904,0.000460615
p17,h2o_strat,1905,0.000485519
p17,h2o_strat,1906,0.000511999
p17,h2o_strat,1907,0.000540172
p17,h2o_strat,1908,0.00056886
p17,h2o_strat,1909,0.000597456
p17,h2o_strat,1910,0.000626621
p17,h2o_strat,1911,0.000655699
p17,h2o_strat,1912,0.000683831
p17,h2o_strat,1913,0.000709864
p17,h2o_strat,1914,0.00073335
p17,h2o_strat,1915,0.000755681
p17,h2o_strat,1916,0.000781203
p17,h2o_strat,1917,0.000810095
p17,h2o_strat,1918,0.000840387
p17,h2o_strat,1919,0.000873658
p17,h2o_strat,1920,0.000909411
p17,h2o_strat,1921,0.000946423
p17,h2o_strat,1922,0.000983973
p17,h2o_strat,1923,0.001021181
p17,h2o_strat,1924,0.001056281
p17,h2o_strat,1925,0.001087668
p17,h2o_strat,1926,0.00111471
p17,h2o_strat,1927,0.001138945
p17,h2o_strat,1928,0.001164353
p17,h2o_strat,1929,0.001193303
p17,h2o_strat,1930,0.001224805
p17,h2o_strat,1931,0.001256669
p17,h2o_strat,1932,0.001287644
p17,h2o_strat,1933,0.00131806
p17,h2o_strat,1934,0.001348914
p17,h2o_strat,1935,0.001380618
p17,h2o_strat,1936,0.001412344
p17,h2o_strat,1937,0.001443503
p17,h2o_strat,1938,0.001474042
p17,h2o_strat,1939,0.00150583
p17,h2o_strat,1940,0.001537261
p17,h2o_strat,1941,0.001565893
p17,h2o_strat,1942,0.001594647
p17,h2o_strat,1943,0.001624476
p17,h2o_strat,1944,0.001653608
p17,h2o_strat,1945,0.001681211
p17,h2o_strat,1946,0.001708645
p17,h2o_strat,1947,0.001738429
p17,h2o_strat,1948,0.001770724
p17,h2o_strat,1949,0.001803279
p17,h2o_strat,1950,0.001833995
p17,h2o_strat,1951,0.001864168
p17,h2o_strat,1952,0.001895814
p17,h2o_strat,1953,0.001931673
p17,h2o_strat,1954,0.001974548
p17,h2o_strat,1955,0.002023907
p17,h2o_strat,1956,0.002079997
p17,h2o_strat,1957,0.002142342
p17,h2o_strat,1958,0.00220627
p17,h2o_strat,1959,0.002267778
p17,h2o_strat,1960,0.002324782
p17,h2o_strat,1961,0.002375981
p17,h2o_strat,1962,0.002429775
p17,h2o_strat,1963,0.002495658
p17,h2o_strat,1964,0.002570605
p17,h2o_strat,1965,0.002646927
p17,h2o_strat,1966,0.002720331
p17,h2o_strat,1967,0.002791624
p17,h2o_strat,1968,0.002867508
p17,h2o_strat,1969,0.002950716
p17,h2o_strat,1970,0.003041794
p17,h2o_strat,1971,0.003139505
p17,h2o_strat,1972,0.003238463
p17,h2o_strat,1973,0.003333563
p17,h2o_strat,1974,0.003423376
p17,h2o_strat,1975,0.003512607
p17,h2o_strat,1976,0.003605099
p17,h2o_strat,1977,0.003701787
p17,h2o_strat,1978,0.003802394
p17,h2o_strat,1979,0.00390603
p17,h2o_strat,1980,0.004011394
p17,h2o_strat,1981,0.004116848
p17,h2o_strat,1982,0.004220575
p17,h2o_strat,1983,0.004320567
p17,h2o_strat,1984,0.004415428
p17,h2o_strat,1985,0.00450656
p17,h2o_strat,1986,0.004596239
p17,h2o_strat,1987,0.004682628
p17,h2o_strat,1988,0.004767114
p17,h2o_strat,1989,0.00485349
p17,h2o_strat,1990,0.00493613
p17,h2o_strat,1991,0.005016587
p17,h2o_strat,1992,0.005095477
p17,h2o_strat,1993,0.005163592
p17,h2o_strat,1994,0.005224286
p17,h2o_strat,1995,0.005283057
p17,h2o_strat,1996,0.00533684
p17,h2o_strat,1997,0.00538621
p17,h2o_strat,1998,0.005439649
p17,h2o_strat,1999,0.005497955
p17,h2o_strat,2000,0.005550627
p17,h2o_strat,2001,0.00559256
p17,h2o_strat,2002,0.005628473
p17,h2o_strat,2003,0.005665299
p17,h2o_strat,2004,0.005700513
p17,h2o_strat,2005,0.005728946
p17,h2o_strat,2006,0.005754201
p17,h2o_strat,2007,0.00578494
p17,h2o_strat,2008,0.005823057
p17,h2o_strat,2009,0.005862846
p17,h2o_strat,2010,0.005902843
p17,h2o_strat,2011,0.005943484
p17,h2o_strat,2012,0.0059844
p17,h2o_strat,2013,0.006025615
p17,h2o_strat,2014,0.006070589
p17,h2o_strat,2015,0.006122378
p17,h2o_strat,2016,0.00617691
p17,h2o_strat,2017,0.006229886
p17,h2o_strat,2018,0.006282984
p17,h2o_strat,2019,0.006337452
p17,h2o_strat,2020,0.00639587
p17,h2o_strat,2021,0.006463903
p17,h2o_strat,2022,0.006540759
p17,h2o_strat,2023,0.006617227
p17,h2o_strat,2024,0.006686537
p17,h2o_strat,2025,0.006750162
p17,halogen,1850,-7.02e-08
p17,halogen,1851,-6.96e-08
p17,halogen,1852,-6.87e-08
p17,halogen,1853,-6.77e-08
p17,halogen,1854,-6.65e-08
p17,halogen,1855,-6.53e-08
p17,halogen,1856,-6.4e-08
p17,halogen,1857,-6.26e-08
p17,halogen,1858,-6.12e-08
p17,halogen,1859,-5.98e-08
p17,halogen,1860,-5.83e-08
p17,halogen,1861,-5.68e-08
p17,halogen,1862,-5.45e-08
p17,halogen,1863,-5.17e-08
p17,halogen,1864,-4.95e-08
p17,halogen,1865,-4.74e-08
p17,halogen,1866,-4.54e-08
p17,halogen,1867,-4.27e-08
p17,halogen,1868,-3.96e-08
p17,halogen,1869,-3.7e-08
p17,halogen,1870,-3.47e-08
p17,halogen,1871,-3.16e-08
p17,halogen,1872,-2.83e-08
p17,halogen,1873,-2.55e-08
p17,halogen,1874,-2.21e-08
p17,halogen,1875,-1.85e-08
p17,halogen,1876,-1.47e-08
p17,halogen,1877,-1.08e-08
p17,halogen,1878,-6.8e-09
p17,halogen,1879,-2.85e-09
p17,halogen,1880,8.14e-10
p17,halogen,1881,4.23e-09
p17,halogen,1882,7.51e-09
p17,halogen,1883,1.13e-08
p17,halogen,1884,1.52e-08
p17,halogen,1885,1.88e-08
p17,halogen,1886,2.23e-08
p17,halogen,1887,2.62e-08
p17,halogen,1888,3.04e-08
p17,halogen,1889,3.47e-08
p17,halogen,1890,3.92e-08
p17,halogen,1891,4.38e-08
p17,halogen,1892,4.85e-08
p17,halogen,1893,5.33e-08
p17,halogen,1894,5.81e-08
p17,halogen,1895,6.36e-08
p17,halogen,1896,6.94e-08
p17,halogen,1897,7.49e-08
p17,halogen,1898,8.08e-08
p17,halogen,1899,8.71e-08
p17,halogen,1900,9.35e-08
p17,halogen,1901,1e-07
p17,halogen,1902,1.19e-07
p17,halogen,1903,1.6e-07
p17,halogen,1904,2.14e-07
p17,halogen,1905,2.83e-07
p17,halogen,1906,3.72e-07
p17,halogen,1907,4.9e-07
p17,halogen,1908,6.47e-07
p17,halogen,1909,8.22e-07
p17,halogen,1910,1.03e-06
p17,halogen,1911,1.81e-06
p17,halogen,1912,3.03e-06
p17,halogen,1913,4.25e-06
p17,halogen,1914,6e-06
p17,halogen,1915,8.88e-06
p17,halogen,1916,1.34e-05
p17,halogen,1917,1.98e-05
p17,halogen,1918,2.72e-05
p17,halogen,1919,3.5e-05
p17,halogen,1920,4.25e-05
p17,halogen,1921,4.93e-05
p17,halogen,1922,5.62e-05
p17,halogen,1923,6.44e-05
p17,halogen,1924,7.41e-05
p17,halogen,1925,8.52e-05
p17,halogen,1926,9.83e-05
p17,halogen,1927,0.00011241
p17,halogen,1928,0.000127324
p17,halogen,1929,0.000144948
p17,halogen,1930,0.000165988
p17,halogen,1931,0.00019055
p17,halogen,1932,0.000218428
p17,halogen,1933,0.000248888
p17,halogen,1934,0.000282216
p17,halogen,1935,0.000319934
p17,halogen,1936,0.000364646
p17,halogen,1937,0.000417217
p17,halogen,1938,0.00047584
p17,halogen,1939,0.000539473
p17,halogen,1940,0.00060943
p17,halogen,1941,0.000688397
p17,halogen,1942,0.00078037
p17,halogen,1943,0.000889397
p17,halogen,1944,0.001018669
p17,halogen,1945,0.001165872
p17,halogen,1946,0.001338755
p17,halogen,1947,0.001543595
p17,halogen,1948,0.001774003
p17,halogen,1949,0.00202685
p17,halogen,1950,0.002298312
p17,halogen,1951,0.002588304
p17,halogen,1952,0.002896685
p17,halogen,1953,0.003226403
p17,halogen,1954,0.00358681
p17,halogen,1955,0.003986001
p17,halogen,1956,0.004431405
p17,halogen,1957,0.004930527
p17,halogen,1958,0.005483391
p17,halogen,1959,0.00608335
p17,halogen,1960,0.006736604
p17,halogen,1961,0.007463432
p17,halogen,1962,0.008282259
p17,halogen,1963,0.009211242
p17,halogen,1964,0.010271438
p17,halogen,1965,0.011478495
p17,halogen,1966,0.012842223
p17,halogen,1967,0.014375279
p17,halogen,1968,0.01609678
p17,halogen,1969,0.018028304
p17,halogen,1970,0.020184946
p17,halogen,1971,0.022573241
p17,halogen,1972,0.025201418
p17,halogen,1973,0.028101144
p17,halogen,1974,0.031310975
p17,halogen,1975,0.034806304
p17,halogen,1976,0.038504655
p17,halogen,1977,0.042352398
p17,halogen,1978,0.046323576
p17,halogen,1979,0.05035174
p17,halogen,1980,0.054401437
p17,halogen,1981,0.058481132
p17,halogen,1982,0.062576936
p17,halogen,1983,0.066696258
p17,halogen,1984,0.07085304
p17,halogen,1985,0.075125427
p17,halogen,1986,0.079607403
p17,halogen,1987,0.08431075
p17,halogen,1988,0.089245168
p17,halogen,1989,0.094298863
p17,halogen,1990,0.099261626
p17,halogen,1991,0.10398411
p17,halogen,1992,0.108398349
p17,halogen,1993,0.112400683
p17,halogen,1994,0.115942251
p17,halogen,1995,0.119137196
p17,halogen,1996,0.122057809
p17,halogen,1997,0.124720979
p17,halogen,1998,0.127160058
p17,halogen,1999,0.129429702
p17,halogen,2000,0.131553062
p17,halogen,2001,0.1335474
p17,halogen,2002,0.135421452
p17,halogen,2003,0.137179842
p17,halogen,2004,0.13885017
p17,halogen,2005,0.140458874
p17,halogen,2006,0.142009922
p17,halogen,2007,0.14352658
p17,halogen,2008,0.145032979
p17,halogen,2009,0.14650368
p17,halogen,2010,0.147936856
p17,halogen,2011,0.149347214
p17,halogen,2012,0.150716149
p17,halogen,2013,0.152054645
p17,halogen,2014,0.15337786
p17,halogen,2015,0.15467691
p17,halogen,2016,0.155959598
p17,halogen,2017,0.157245988
p17,halogen,2018,0.158542876
p17,halogen,2019,0.159814644
p17,halogen,2020,0.160990392
p17,halogen,2021,0.1620851
p17,halogen,2022,0.163146966
p17,halogen,2023,0.16414214
p17,halogen,2024,0.165072346
p17,halogen,2025,0.165992119
p17,land_use,1850,0.005756033
p17,land_use,1851,0.005590802
p17,land_use,1852,0.005406877
p17,land_use,1853,0.005211835
p17,land_use,1854,0.005009064
p17,land_use,1855,0.00480028
p17,land_use,1856,0.004586618
p17,land_use,1857,0.004368775
p17,land_use,1858,0.004147395
p17,land_use,1859,0.003922808
p17,land_use,1860,0.003701382
p17,land_use,1861,0.003492229
p17,land_use,1862,0.003294433
p17,land_use,1863,0.003102529
p17,land_use,1864,0.002914213
p17,land_use,1865,0.002728306
p17,land_use,1866,0.002544149
p17,land_use,1867,0.002361173
p17,land_use,1868,0.002179225
p17,land_use,1869,0.001998008
p17,land_use,1870,0.00180381
p17,land_use,1871,0.001576099
p17,land_use,1872,0.001317107
p17,land_use,1873,0.001039665
p17,land_use,1874,0.000749036
p17,land_use,1875,0.000446815
p17,land_use,1876,0.000119531
p17,land_use,1877,-0.000574995
p17,land_use,1878,-0.00170173
p17,land_use,1879,-0.002848163
p17,land_use,1880,-0.003986745
p17,land_use,1881,-0.005077675
p17,land_use,1882,-0.006123528
p17,land_use,1883,-0.007146908
p17,land_use,1884,-0.008157202
p17,land_use,1885,-0.009159108
p17,land_use,1886,-0.010154907
p17,land_use,1887,-0.011146824
p17,land_use,1888,-0.012135771
p17,land_use,1889,-0.013122529
p17,land_use,1890,-0.014105463
p17,land_use,1891,-0.015081284
p17,land_use,1892,-0.016050824
p17,land_use,1893,-0.017016214
p17,land_use,1894,-0.017979061
p17,land_use,1895,-0.01894044
p17,land_use,1896,-0.01990053
p17,land_use,1897,-0.020859764
p17,land_use,1898,-0.021818459
p17,land_use,1899,-0.02277689
p17,land_use,1900,-0.02375684
p17,land_use,1901,-0.024791638
p17,land_use,1902,-0.025877921
p17,land_use,1903,-0.026995239
p17,land_use,1904,-0.02813405
p17,land_use,1905,-0.029289983
p17,land_use,1906,-0.030459584
p17,land_use,1907,-0.031641434
p17,land_use,1908,-0.032833492
p17,land_use,1909,-0.034035502
p17,land_use,1910,-0.035189646
p17,land_use,1911,-0.036210454
p17,land_use,1912,-0.037106078
p17,land_use,1913,-0.037930231
p17,land_use,1914,-0.038706947
p17,land_use,1915,-0.039447834
p17,land_use,1916,-0.040161986
p17,land_use,1917,-0.0408544
p17,land_use,1918,-0.041528832
p17,land_use,1919,-0.042188154
p17,land_use,1920,-0.042861043
p17,land_use,1921,-0.043589506
p17,land_use,1922,-0.044370171
p17,land_use,1923,-0.045180203
p17,land_use,1924,-0.046009849
p17,land_use,1925,-0.046854218
p17,land_use,1926,-0.047710272
p17,land_use,1927,-0.048576798
p17,land_use,1928,-0.04945258
p17,land_use,1929,-0.05033644
p17,land_use,1930,-0.05122023
p17,land_use,1931,-0.052089785
p17,land_use,1932,-0.052945388
p17,land_use,1933,-0.053796835
p17,land_use,1934,-0.054647209
p17,land_use,1935,-0.055498462
p17,land_use,1936,-0.05635168
p17,land_use,1937,-0.057206809
p17,land_use,1938,-0.058066485
p17,land_use,1939,-0.058930416
p17,land_use,1940,-0.059725832
p17,land_use,1941,-0.06033949
p17,land_use,1942,-0.060783843
p17,land_use,1943,-0.061130513
p17,land_use,1944,-0.061412154
p17,land_use,1945,-0.061646508
p17,land_use,1946,-0.061845793
p17,land_use,1947,-0.062017237
p17,land_use,1948,-0.062166871
p17,land_use,1949,-0.062300345
p17,land_use,1950,-0.062504805
p17,land_use,1951,-0.062919969
p17,land_use,1952,-0.063531707
p17,land_use,1953,-0.064240088
p17,land_use,1954,-0.065014734
p17,land_use,1955,-0.065858012
p17,land_use,1956,-0.066745386
p17,land_use,1957,-0.067643209
p17,land_use,1958,-0.068497593
p17,land_use,1959,-0.069258933
p17,land_use,1960,-0.069964296
p17,land_use,1961,-0.070634072
p17,land_use,1962,-0.071305385
p17,land_use,1963,-0.072009956
p17,land_use,1964,-0.072696552
p17,land_use,1965,-0.073343158
p17,land_use,1966,-0.073955736
p17,land_use,1967,-0.074623876
p17,land_use,1968,-0.075543339
p17,land_use,1969,-0.076661839
p17,land_use,1970,-0.077757606
p17,land_use,1971,-0.078734719
p17,land_use,1972,-0.079585903
p17,land_use,1973,-0.080417273
p17,land_use,1974,-0.081270821
p17,land_use,1975,-0.082064355
p17,land_use,1976,-0.082798489
p17,land_use,1977,-0.083575318
p17,land_use,1978,-0.084474873
p17,land_use,1979,-0.085381239
p17,land_use,1980,-0.086213572
p17,land_use,1981,-0.087059533
p17,land_use,1982,-0.087914012
p17,land_use,1983,-0.088754884
p17,land_use,1984,-0.089602953
p17,land_use,1985,-0.090437113
p17,land_use,1986,-0.091238212
p17,land_use,1987,-0.091997606
p17,land_use,1988,-0.092719398
p17,land_use,1989,-0.093372461
p17,land_use,1990,-0.093935599
p17,land_use,1991,-0.094366969
p17,land_use,1992,-0.094645185
p17,land_use,1993,-0.094888914
p17,land_use,1994,-0.095154254
p17,land_use,1995,-0.095398537
p17,land_use,1996,-0.095658034
p17,land_use,1997,-0.096002819
p17,land_use,1998,-0.096399886
p17,land_use,1999,-0.09682787
p17,land_use,2000,-0.097280258
p17,land_use,2001,-0.097656589
p17,land_use,2002,-0.097895643
p17,land_use,2003,-0.098109174
p17,land_use,2004,-0.098400765
p17,land_use,2005,-0.098762803
p17,land_use,2006,-0.098926416
p17,land_use,2007,-0.098750783
p17,land_use,2008,-0.098576983
p17,land_use,2009,-0.098589186
p17,land_use,2010,-0.0986783
p17,land_use,2011,-0.098655477
p17,land_use,2012,-0.098462479
p17,land_use,2013,-0.09835099
p17,land_use,2014,-0.098402382
p17,land_use,2015,-0.098492825
p17,land_use,2016,-0.098627927
p17,land_use,2017,-0.098828042
p17,land_use,2018,-0.099037699
p17,land_use,2019,-0.099283378
p17,land_use,2020,-0.099592161
p17,land_use,2021,-0.099900885
p17,land_use,2022,-0.100192478
p17,land_use,2023,-0.10051513
p17,land_use,2024,-0.100876137
p17,land_use,2025,-0.101240389
p17,n2o,1850,-0.005713809
p17,n2o,1851,-0.005651433
p17,n2o,1852,-0.005563257
p17,n2o,1853,-0.005454991
p17,n2o,1854,-0.005327526
p17,n2o,1855,-0.005184841
p17,n2o,1856,-0.005029193
p17,n2o,1857,-0.00486718
p17,n2o,1858,-0.004706714
p17,n2o,1859,-0.004533265
p17,n2o,1860,-0.00432983
p17,n2o,1861,-0.004097102
p17,n2o,1862,-0.003842553
p17,n2o,1863,-0.003581132
p17,n2o,1864,-0.003319766
p17,n2o,1865,-0.003054112
p17,n2o,1866,-0.002779096
p17,n2o,1867,-0.002496235
p17,n2o,1868,-0.002205057
p17,n2o,1869,-0.001906865
p17,n2o,1870,-0.001608485
p17,n2o,1871,-0.001305808
p17,n2o,1872,-0.000997471
p17,n2o,1873,-0.000691341
p17,n2o,1874,-0.000395481
p17,n2o,1875,-0.000114379
p17,n2o,1876,0.000160443
p17,n2o,1877,0.000422473
p17,n2o,1878,0.000665423
p17,n2o,1879,0.000898389
p17,n2o,1880,0.001124687
p17,n2o,1881,0.001342876
p17,n2o,1882,0.001552259
p17,n2o,1883,0.001755515
p17,n2o,1884,0.001953083
p17,n2o,1885,0.00214585
p17,n2o,1886,0.002332381
p17,n2o,1887,0.002517011
p17,n2o,1888,0.00269883
p17,n2o,1889,0.002878733
p17,n2o,1890,0.003056494
p17,n2o,1891,0.003224923
p17,n2o,1892,0.003390887
p17,n2o,1893,0.003562795
p17,n2o,1894,0.003745597
p17,n2o,1895,0.003940173
p17,n2o,1896,0.004135485
p17,n2o,1897,0.004325888
p17,n2o,1898,0.004515309
p17,n2o,1899,0.004711341
p17,n2o,1900,0.004917942
p17,n2o,1901,0.005133301
p17,n2o,1902,0.005375493
p17,n2o,1903,0.005660551
p17,n2o,1904,0.005974769
p17,n2o,1905,0.006302702
p17,n2o,1906,0.006641624
p17,n2o,1907,0.006994246
p17,n2o,1908,0.007369223
p17,n2o,1909,0.007767185
p17,n2o,1910,0.008185994
p17,n2o,1911,0.008632753
p17,n2o,1912,0.009084257
p17,n2o,1913,0.009529855
p17,n2o,1914,0.009987181
p17,n2o,1915,0.010450082
p17,n2o,1916,0.010900002
p17,n2o,1917,0.011339627
p17,n2o,1918,0.011759755
p17,n2o,1919,0.01211825
p17,n2o,1920,0.012421563
p17,n2o,1921,0.012705561
p17,n2o,1922,0.012984879
p17,n2o,1923,0.013295688
p17,n2o,1924,0.013620925
p17,n2o,1925,0.013902012
p17,n2o,1926,0.014141337
p17,n2o,1927,0.014357238
p17,n2o,1928,0.014568071
p17,n2o,1929,0.014774263
p17,n2o,1930,0.0149655
p17,n2o,1931,0.015174058
p17,n2o,1932,0.015399451
p17,n2o,1933,0.015624709
p17,n2o,1934,0.015849801
p17,n2o,1935,0.01606849
p17,n2o,1936,0.01629759
p17,n2o,1937,0.016549018
p17,n2o,1938,0.016828533
p17,n2o,1939,0.01712154
p17,n2o,1940,0.017422123
p17,n2o,1941,0.017739434
p17,n2o,1942,0.018075554
p17,n2o,1943,0.018506426
p17,n2o,1944,0.018974815
p17,n2o,1945,0.019382612
p17,n2o,1946,0.019763878
p17,n2o,1947,0.020102822
p17,n2o,1948,0.020387897
p17,n2o,1949,0.020635197
p17,n2o,1950,0.020879612
p17,n2o,1951,0.021134169
p17,n2o,1952,0.021395251
p17,n2o,1953,0.02169705
p17,n2o,1954,0.02202756
p17,n2o,1955,0.022370694
p17,n2o,1956,0.022749369
p17,n2o,1957,0.023153365
p17,n2o,1958,0.023556213
p17,n2o,1959,0.023939895
p17,n2o,1960,0.024324637
p17,n2o,1961,0.024732686
p17,n2o,1962,0.025161691
p17,n2o,1963,0.025614445
p17,n2o,1964,0.026083887
p17,n2o,1965,0.026560595
p17,n2o,1966,0.02705489
p17,n2o,1967,0.027570119
p17,n2o,1968,0.02809766
p17,n2o,1969,0.028634587
p17,n2o,1970,0.029179857
p17,n2o,1971,0.02973394
p17,n2o,1972,0.030298167
p17,n2o,1973,0.030873758
p17,n2o,1974,0.031462858
p17,n2o,1975,0.032067004
p17,n2o,1976,0.032686929
p17,n2o,1977,0.033322744
p17,n2o,1978,0.03397609
p17,n2o,1979,0.034649379
p17,n2o,1980,0.035363878
p17,n2o,1981,0.036159625
p17,n2o,1982,0.037099398
p17,n2o,1983,0.038065058
p17,n2o,1984,0.038961644
p17,n2o,1985,0.039830863
p17,n2o,1986,0.040733137
p17,n2o,1987,0.041583127
p17,n2o,1988,0.042371321
p17,n2o,1989,0.043295992
p17,n2o,1990,0.044327549
p17,n2o,1991,0.04534955
p17,n2o,1992,0.046299087
p17,n2o,1993,0.04714542
p17,n2o,1994,0.047944578
p17,n2o,1995,0.048769097
p17,n2o,1996,0.049661341
p17,n2o,1997,0.050632225
p17,n2o,1998,0.051627072
p17,n2o,1999,0.052668909
p17,n2o,2000,0.053782022
p17,n2o,2001,0.054889942
p17,n2o,2002,0.055937443
p17,n2o,2003,0.056952404
p17,n2o,2004,0.057952868
p17,n2o,2005,0.058946891
p17,n2o,2006,0.059972247
p17,n2o,2007,0.061017818
p17,n2o,2008,0.062085763
p17,n2o,2009,0.063158928
p17,n2o,2010,0.06423273
p17,n2o,2011,0.065366772
p17,n2o,2012,0.066530155
p17,n2o,2013,0.067696948
p17,n2o,2014,0.068916181
p17,n2o,2015,0.070163923
p17,n2o,2016,0.07137334
p17,n2o,2017,0.07256713
p17,n2o,2018,0.073817271
p17,n2o,2019,0.075098676
p17,n2o,2020,0.076400504
p17,n2o,2021,0.077775728
p17,n2o,2022,0.079213855
p17,n2o,2023,0.080655631
p17,n2o,2024,0.082064461
p17,n2o,2025,0.083521693
p17,natural,1850,0.0050893
p17,natural,1851,0.011627749
p17,natural,1852,0.015793092
p17,natural,1853,0.01440154
p17,natural,1854,0.00389114
p17,natural,1855,-0.000498098
p17,natural,1856,0.005369252
p17,natural,1857,-0.011364836
p17,natural,1858,-0.042795505
p17,natural,1859,-0.023276268
p17,natural,1860,3.81e-05
p17,natural,1861,0.012473389
p17,natural,1862,-0.013917895
p17,natural,1863,-0.097281329
p17,natural,1864,-0.094566296
p17,natural,1865,-0.044476262
p17,natural,1866,-0.010957283
p17,natural,1867,0.003589026
p17,natural,1868,0.010106072
p17,natural,1869,0.011602265
p17,natural,1870,0.013416409
p17,natural,1871,0.019115258
p17,natural,1872,0.011716823
p17,natural,1873,-0.01705523
p17,natural,1874,-0.019667052
p17,natural,1875,0.000609401
p17,natural,1876,0.006987627
p17,natural,1877,0.012033742
p17,natural,1878,0.01617236
p17,natural,1879,0.019194465
p17,natural,1880,0.020369921
p17,natural,1881,0.018832048
p17,natural,1882,0.019640707
p17,natural,1883,0.018387908
p17,natural,1884,-0.054703768
p17,natural,1885,-0.162872491
p17,natural,1886,-0.188254615
p17,natural,1887,-0.171550053
p17,natural,1888,-0.113609616
p17,natural,1889,-0.06434506
p17,natural,1890,-0.040497335
p17,natural,1891,-0.025356452
p17,natural,1892,-0.009721158
p17,natural,1893,-0.000221858
p17,natural,1894,0.008890066
p17,natural,1895,0.009696343
p17,natural,1896,0.008459112
p17,natural,1897,0.012358126
p17,natural,1898,0.016478045
p17,natural,1899,0.019555583
p17,natural,1900,0.021417391
p17,natural,1901,0.022679965
p17,natural,1902,0.023200683
p17,natural,1903,0.018631585
p17,natural,1904,0.015547597
p17,natural,1905,0.019790711
p17,natural,1906,0.024275839
p17,natural,1907,0.021135898
p17,natural,1908,0.014018242
p17,natural,1909,0.016391912
p17,natural,1910,0.021696704
p17,natural,1911,0.024401774
p17,natural,1912,0.013356145
p17,natural,1913,-0.015176439
p17,natural,1914,-0.017011183
p17,natural,1915,0.006357381
p17,natural,1916,0.016874778
p17,natural,1917,0.023488152
p17,natural,1918,0.026954052
p17,natural,1919,0.02441963
p17,natural,1920,0.022708562
p17,natural,1921,0.025579323
p17,natural,1922,0.027542494
p17,natural,1923,0.028571893
p17,natural,1924,0.026389181
p17,natural,1925,0.024890012
p17,natural,1926,0.023091689
p17,natural,1927,0.021865512
p17,natural,1928,0.026356789
p17,natural,1929,0.030176008
p17,natural,1930,0.031994239
p17,natural,1931,0.032597575
p17,natural,1932,0.030862995
p17,natural,1933,0.022889969
p17,natural,1934,0.018675354
p17,natural,1935,0.024273535
p17,natural,1936,0.030044419
p17,natural,1937,0.034496765
p17,natural,1938,0.037120972
p17,natural,1939,0.038578692
p17,natural,1940,0.039292578
p17,natural,1941,0.0394766
p17,natural,1942,0.039157811
p17,natural,1943,0.035186381
p17,natural,1944,0.030528652
p17,natural,1945,0.031573876
p17,natural,1946,0.035277285
p17,natural,1947,0.036887655
p17,natural,1948,0.037426659
p17,natural,1949,0.039442038
p17,natural,1950,0.040911729
p17,natural,1951,0.04052284
p17,natural,1952,0.039249802
p17,natural,1953,0.038328741
p17,natural,1954,0.037849683
p17,natural,1955,0.037945056
p17,natural,1956,0.037171474
p17,natural,1957,0.036640396
p17,natural,1958,0.039141912
p17,natural,1959,0.041915675
p17,natural,1960,0.043014433
p17,natural,1961,0.042746034
p17,natural,1962,0.041593238
p17,natural,1963,0.022608292
p17,natural,1964,-0.002722806
p17,natural,1965,-0.000204319
p17,natural,1966,0.015164263
p17,natural,1967,0.023916895
p17,natural,1968,0.027327021
p17,natural,1969,0.026420376
p17,natural,1970,0.027728415
p17,natural,1971,0.031249316
p17,natural,1972,0.033631633
p17,natural,1973,0.034882729
p17,natural,1974,0.035051765
p17,natural,1975,0.034912406
p17,natural,1976,0.034692057
p17,natural,1977,0.03535878
p17,natural,1978,0.037370649
p17,natural,1979,0.039747831
p17,natural,1980,0.040742989
p17,natural,1981,0.040300753
p17,natural,1982,0.032889957
p17,natural,1983,0.012109407
p17,natural,1984,-6.77e-05
p17,natural,1985,0.005924174
p17,natural,1986,0.012633559
p17,natural,1987,0.016535447
p17,natural,1988,0.021859822
p17,natural,1989,0.027891739
p17,natural,1990,0.032518608
p17,natural,1991,0.020959872
p17,natural,1992,-0.042072591
p17,natural,1993,-0.097442203
p17,natural,1994,-0.063377695
p17,natural,1995,-0.020703739
p17,natural,1996,6.82e-05
p17,natural,1997,0.009577206
p17,natural,1998,0.017158247
p17,natural,1999,0.023330781
p17,natural,2000,0.028563827
p17,natural,2001,0.032209916
p17,natural,2002,0.034804887
p17,natural,2003,0.035896061
p17,natural,2004,0.035462996
p17,natural,2005,0.03448704
p17,natural,2006,0.032902749
p17,natural,2007,0.031492376
p17,natural,2008,0.030876503
p17,natural,2009,0.03042299
p17,natural,2010,0.030660551
p17,natural,2011,0.031656593
p17,natural,2012,0.033119583
p17,natural,2013,0.035706279
p17,natural,2014,0.037334863
p17,natural,2015,0.037369796
p17,natural,2016,0.03661691
p17,natural,2017,0.03594004
p17,natural,2018,0.035299062
p17,natural,2019,0.03249678
p17,natural,2020,0.028479013
p17,natural,2021,0.028061669
p17,natural,2022,0.027905863
p17,natural,2023,0.031008073
p17,natural,2024,0.037180448
p17,natural,2025,0.039877749
p17,o3,1850,-0.012037678
p17,o3,1851,-0.0119079
p17,o3,1852,-0.011931766
p17,o3,1853,-0.01186729
p17,o3,1854,-0.011522925
p17,o3,1855,-0.011107917
p17,o3,1856,-0.010905971
p17,o3,1857,-0.010547758
p17,o3,1858,-0.009923843
p17,o3,1859,-0.00943869
p17,o3,1860,-0.009116191
p17,o3,1861,-0.008709164
p17,o3,1862,-0.008298939
p17,o3,1863,-0.008027676
p17,o3,1864,-0.007631754
p17,o3,1865,-0.006966374
p17,o3,1866,-0.006285572
p17,o3,1867,-0.00557175
p17,o3,1868,-0.004633107
p17,o3,1869,-0.003833244
p17,o3,1870,-0.003169964
p17,o3,1871,-0.002558792
p17,o3,1872,-0.002207154
p17,o3,1873,-0.001748557
p17,o3,1874,-0.001034669
p17,o3,1875,-0.00045829
p17,o3,1876,-7.12e-05
p17,o3,1877,0.000153546
p17,o3,1878,0.000364637
p17,o3,1879,0.000564314
p17,o3,1880,0.000718721
p17,o3,1881,0.000886911
p17,o3,1882,0.001047071
p17,o3,1883,0.001138496
p17,o3,1884,0.001278919
p17,o3,1885,0.001477316
p17,o3,1886,0.001664754
p17,o3,1887,0.00187597
p17,o3,1888,0.002133536
p17,o3,1889,0.002382926
p17,o3,1890,0.002617943
p17,o3,1891,0.002821676
p17,o3,1892,0.002973126
p17,o3,1893,0.00314977
p17,o3,1894,0.003412712
p17,o3,1895,0.003694564
p17,o3,1896,0.003863351
p17,o3,1897,0.004051454
p17,o3,1898,0.004317754
p17,o3,1899,0.00456387
p17,o3,1900,0.004789892
p17,o3,1901,0.005014761
p17,o3,1902,0.0052427
p17,o3,1903,0.005450394
p17,o3,1904,0.005738665
p17,o3,1905,0.006126218
p17,o3,1906,0.006504964
p17,o3,1907,0.00693309
p17,o3,1908,0.007409715
p17,o3,1909,0.007839632
p17,o3,1910,0.008282757
p17,o3,1911,0.008707714
p17,o3,1912,0.009051931
p17,o3,1913,0.009417158
p17,o3,1914,0.009827007
p17,o3,1915,0.01018338
p17,o3,1916,0.010514567
p17,o3,1917,0.010953238
p17,o3,1918,0.011459934
p17,o3,1919,0.011907876
p17,o3,1920,0.012374789
p17,o3,1921,0.012841431
p17,o3,1922,0.013246716
p17,o3,1923,0.013811453
p17,o3,1924,0.014365654
p17,o3,1925,0.014774781
p17,o3,1926,0.015167158
p17,o3,1927,0.015594028
p17,o3,1928,0.01606947
p17,o3,1929,0.016571483
p17,o3,1930,0.017099493
p17,o3,1931,0.017413468
p17,o3,1932,0.017611445
p17,o3,1933,0.017879512
p17,o3,1934,0.01827128
p17,o3,1935,0.018764936
p17,o3,1936,0.019321722
p17,o3,1937,0.019918276
p17,o3,1938,0.020326964
p17,o3,1939,0.020747859
p17,o3,1940,0.021276526
p17,o3,1941,0.021750742
p17,o3,1942,0.022215656
p17,o3,1943,0.022706079
p17,o3,1944,0.023226866
p17,o3,1945,0.023658814
p17,o3,1946,0.02395841
p17,o3,1947,0.024344738
p17,o3,1948,0.024954724
p17,o3,1949,0.025525904
p17,o3,1950,0.02614421
p17,o3,1951,0.026755415
p17,o3,1952,0.027247926
p17,o3,1953,0.027912862
p17,o3,1954,0.028672142
p17,o3,1955,0.029534786
p17,o3,1956,0.030624295
p17,o3,1957,0.031854153
p17,o3,1958,0.032812827
p17,o3,1959,0.033509387
p17,o3,1960,0.034291262
p17,o3,1961,0.035228383
p17,o3,1962,0.036199171
p17,o3,1963,0.037410946
p17,o3,1964,0.038684626
p17,o3,1965,0.039809244
p17,o3,1966,0.040974837
p17,o3,1967,0.042242255
p17,o3,1968,0.043610791
p17,o3,1969,0.044888842
p17,o3,1970,0.046343585
p17,o3,1971,0.047952745
p17,o3,1972,0.049723686
p17,o3,1973,0.051385882
p17,o3,1974,0.052571256
p17,o3,1975,0.053469911
p17,o3,1976,0.054518549
p17,o3,1977,0.055833631
p17,o3,1978,0.057156546
p17,o3,1979,0.058460507
p17,o3,1980,0.05956539
p17,o3,1981,0.060369984
p17,o3,1982,0.061359234
p17,o3,1983,0.062078386
p17,o3,1984,0.062511843
p17,o3,1985,0.063297235
p17,o3,1986,0.064190263
p17,o3,1987,0.065239408
p17,o3,1988,0.066371447
p17,o3,1989,0.067403402
p17,o3,1990,0.068320773
p17,o3,1991,0.06988275
p17,o3,1992,0.070984444
p17,o3,1993,0.071294911
p17,o3,1994,0.072391405
p17,o3,1995,0.073483985
p17,o3,1996,0.074093456
p17,o3,1997,0.07573689
p17,o3,1998,0.077660352
p17,o3,1999,0.078272274
p17,o3,2000,0.078390008
p17,o3,2001,0.078724651
p17,o3,2002,0.079567322
p17,o3,2003,0.080643037
p17,o3,2004,0.081711359
p17,o3,2005,0.082867562
p17,o3,2006,0.084032479
p17,o3,2007,0.085187845
p17,o3,2008,0.086030769
p17,o3,2009,0.086364852
p17,o3,2010,0.086817428
p17,o3,2011,0.087599056
p17,o3,2012,0.088427688
p17,o3,2013,0.088998968
p17,o3,2014,0.089541934
p17,o3,2015,0.09052296
p17,o3,2016,0.091098887
p17,o3,2017,0.09131369
p17,o3,2018,0.091724623
p17,o3,2019,0.092453181
p17,o3,2020,0.092817075
p17,o3,2021,0.0931057
p17,o3,2022,0.093685758
p17,o3,2023,0.094842836
p17,o3,2024,0.096494856
p17,o3,2025,0.096969395
p17,other_human_forcing,1850,0.019187218
p17,other_human_forcing,1851,0.018912686
p17,other_human_forcing,1852,0.018752757
p17,other_human_forcing,1853,0.018483692
p17,other_human_forcing,1854,0.017891854
p17,other_human_forcing,1855,0.017305894
p17,other_human_forcing,1856,0.016847289
p17,other_human_forcing,1857,0.016337423
p17,other_human_forcing,1858,0.015888184
p17,other_human_forcing,1859,0.0153246
p17,other_human_forcing,1860,0.01458919
p17,other_human_forcing,1861,0.013974209
p17,other_human_forcing,1862,0.01352781
p17,other_human_forcing,1863,0.013110753
p17,other_human_forcing,1864,0.012762894
p17,other_human_forcing,1865,0.012210241
p17,other_human_forcing,1866,0.011624801
p17,other_human_forcing,1867,0.011078876
p17,other_human_forcing,1868,0.010256114
p17,other_human_forcing,1869,0.009397602
p17,other_human_forcing,1870,0.008513462
p17,other_human_forcing,1871,0.007620563
p17,other_human_forcing,1872,0.007102304
p17,other_human_forcing,1873,0.005864279
p17,other_human_forcing,1874,0.003589558
p17,other_human_forcing,1875,0.001513476
p17,other_human_forcing,1876,-0.000261155
p17,other_human_forcing,1877,-0.002801074
p17,other_human_forcing,1878,-0.005789116
p17,other_human_forcing,1879,-0.009298805
p17,other_human_forcing,1880,-0.012883868
p17,other_human_forcing,1881,-0.016060156
p17,other_human_forcing,1882,-0.018781904
p17,other_human_forcing,1883,-0.020344759
p17,other_human_forcing,1884,-0.022192987
p17,other_human_forcing,1885,-0.025042391
p17,other_human_forcing,1886,-0.027400121
p17,other_human_forcing,1887,-0.02997177
p17,other_human_forcing,1888,-0.034403916
p17,other_human_forcing,1889,-0.038468581
p17,other_human_forcing,1890,-0.041936989
p17,other_human_forcing,1891,-0.044967168
p17,other_human_forcing,1892,-0.046355875
p17,other_human_forcing,1893,-0.047919275
p17,other_human_forcing,1894,-0.051266065
p17,other_human_forcing,1895,-0.055179542
p17,other_human_forcing,1896,-0.05756664
p17,other_human_forcing,1897,-0.060516819
p17,other_human_forcing,1898,-0.064540918
p17,other_human_forcing,1899,-0.069411311
p17,other_human_forcing,1900,-0.074674847
p17,other_human_forcing,1901,-0.07876675
p17,other_human_forcing,1902,-0.082105279
p17,other_human_forcing,1903,-0.085516242
p17,other_human_forcing,1904,-0.089993273
p17,other_human_forcing,1905,-0.095447639
p17,other_human_forcing,1906,-0.100998965
p17,other_human_forcing,1907,-0.108109059
p17,other_human_forcing,1908,-0.114854567
p17,other_human_forcing,1909,-0.119518911
p17,other_human_forcing,1910,-0.125157126
p17,other_human_forcing,1911,-0.129963052
p17,other_human_forcing,1912,-0.13300836
p17,other_human_forcing,1913,-0.137207801
p17,other_human_forcing,1914,-0.140739986
p17,other_human_forcing,1915,-0.1417586
p17,other_human_forcing,1916,-0.143628646
p17,other_human_forcing,1917,-0.147804835
p17,other_human_forcing,1918,-0.151806695
p17,other_human_forcing,1919,-0.151306354
p17,other_human_forcing,1920,-0.150609986
p17,other_human_forcing,1921,-0.149180502
p17,other_human_forcing,1922,-0.14539431
p17,other_human_forcing,1923,-0.147464068
p17,other_human_forcing,1924,-0.151222228
p17,other_human_forcing,1925,-0.152689203
p17,other_human_forcing,1926,-0.154312694
p17,other_human_forcing,1927,-0.157169757
p17,other_human_forcing,1928,-0.16041571
p17,other_human_forcing,1929,-0.164203227
p17,other_human_forcing,1930,-0.167557181
p17,other_human_forcing,1931,-0.164972263
p17,other_human_forcing,1932,-0.158819559
p17,other_human_forcing,1933,-0.155133865
p17,other_human_forcing,1934,-0.156413902
p17,other_human_forcing,1935,-0.160672602
p17,other_human_forcing,1936,-0.166322208
p17,other_human_forcing,1937,-0.172848655
p17,other_human_forcing,1938,-0.175383619
p17,other_human_forcing,1939,-0.17740687
p17,other_human_forcing,1940,-0.182825964
p17,other_human_forcing,1941,-0.188360558
p17,other_human_forcing,1942,-0.193998343
p17,other_human_forcing,1943,-0.199070373
p17,other_human_forcing,1944,-0.202064084
p17,other_human_forcing,1945,-0.199952061
p17,other_human_forcing,1946,-0.194724439
p17,other_human_forcing,1947,-0.193188891
p17,other_human_forcing,1948,-0.195519652
p17,other_human_forcing,1949,-0.197957316
p17,other_human_forcing,1950,-0.202010112
p17,other_human_forcing,1951,-0.206248191
p17,other_human_forcing,1952,-0.209193894
p17,other_human_forcing,1953,-0.213674596
p17,other_human_forcing,1954,-0.218405445
p17,other_human_forcing,1955,-0.224079985
p17,other_human_forcing,1956,-0.232724768
p17,other_human_forcing,1957,-0.242951802
p17,other_human_forcing,1958,-0.250075358
p17,other_human_forcing,1959,-0.255199899
p17,other_human_forcing,1960,-0.262133834
p17,other_human_forcing,1961,-0.270440674
p17,other_human_forcing,1962,-0.277869084
p17,other_human_forcing,1963,-0.286580394
p17,other_human_forcing,1964,-0.294992638
p17,other_human_forcing,1965,-0.301046451
p17,other_human_forcing,1966,-0.30734657
p17,other_human_forcing,1967,-0.313740874
p17,other_human_forcing,1968,-0.320392082
p17,other_human_forcing,1969,-0.326911454
p17,other_human_forcing,1970,-0.335689167
p17,other_human_forcing,1971,-0.344989379
p17,other_human_forcing,1972,-0.354684408
p17,other_human_forcing,1973,-0.364717274
p17,other_human_forcing,1974,-0.371513564
p17,other_human_forcing,1975,-0.375546113
p17,other_human_forcing,1976,-0.38165279
p17,other_human_forcing,1977,-0.389866662
p17,other_human_forcing,1978,-0.39669369
p17,other_human_forcing,1979,-0.403694101
p17,other_human_forcing,1980,-0.409646982
p17,other_human_forcing,1981,-0.411980125
p17,other_human_forcing,1982,-0.414567379
p17,other_human_forcing,1983,-0.414880567
p17,other_human_forcing,1984,-0.413208758
p17,other_human_forcing,1985,-0.415146958
p17,other_human_forcing,1986,-0.417273053
p17,other_human_forcing,1987,-0.42099752
p17,other_human_forcing,1988,-0.425897205
p17,other_human_forcing,1989,-0.428274205
p17,other_human_forcing,1990,-0.430098414
p17,other_human_forcing,1991,-0.43794843
p17,other_human_forcing,1992,-0.438948267
p17,other_human_forcing,1993,-0.431837456
p17,other_human_forcing,1994,-0.432948988
p17,other_human_forcing,1995,-0.433162923
p17,other_human_forcing,1996,-0.427080012
p17,other_human_forcing,1997,-0.43028736
p17,other_human_forcing,1998,-0.439438268
p17,other_human_forcing,1999,-0.434442027
p17,other_human_forcing,2000,-0.419990651
p17,other_human_forcing,2001,-0.409187861
p17,other_human_forcing,2002,-0.408350878
p17,other_human_forcing,2003,-0.414403579
p17,other_human_forcing,2004,-0.417858965
p17,other_human_forcing,2005,-0.420746633
p17,other_human_forcing,2006,-0.425548112
p17,other_human_forcing,2007,-0.427447927
p17,other_human_forcing,2008,-0.423837894
p17,other_human_forcing,2009,-0.415859524
p17,other_human_forcing,2010,-0.40989514
p17,other_human_forcing,2011,-0.405661767
p17,other_human_forcing,2012,-0.402670567
p17,other_human_forcing,2013,-0.397976915
p17,other_human_forcing,2014,-0.391471586
p17,other_human_forcing,2015,-0.388249644
p17,other_human_forcing,2016,-0.379479384
p17,other_human_forcing,2017,-0.367218923
p17,other_human_forcing,2018,-0.357824426
p17,other_human_forcing,2019,-0.354836994
p17,other_human_forcing,2020,-0.350185333
p17,other_human_forcing,2021,-0.345601918
p17,other_human_forcing,2022,-0.337451387
p17,other_human_forcing,2023,-0.33760361
p17,other_human_forcing,2024,-0.345907584
p17,other_human_forcing,2025,-0.335874398
p17,residual,1850,-0.142918038
p17,residual,1851,0.00474057
p17,residual,1852,0.045777136
p17,residual,1853,0.011380812
p17,residual,1854,0.00338037
p17,residual,1855,0.020852645
p17,residual,1856,-0.029137642
p17,residual,1857,-0.153402299
p17,residual,1858,-0.05718637
p17,residual,1859,0.036074776
p17,residual,1860,-0.109261504
p17,residual,1861,-0.178645478
p17,residual,1862,-0.24874441
p17,residual,1863,-0.030708139
p17,residual,1864,-0.142966622
p17,residual,1865,-0.066146068
p17,residual,1866,-0.10683925
p17,residual,1867,-0.130057508
p17,residual,1868,-0.09119896
p17,residual,1869,-0.044199634
p17,residual,1870,-0.053307195
p17,residual,1871,-0.10927851
p17,residual,1872,-0.029702644
p17,residual,1873,-0.008911978
p17,residual,1874,-0.044468907
p17,residual,1875,-0.069034893
p17,residual,1876,-0.118574216
p17,residual,1877,0.204268604
p17,residual,1878,0.281262075
p17,residual,1879,-0.017434157
p17,residual,1880,-0.033976012
p17,residual,1881,0.056164081
p17,residual,1882,-0.004197313
p17,residual,1883,-0.054706356
p17,residual,1884,-0.134270843
p17,residual,1885,-0.073170453
p17,residual,1886,-0.008846835
p17,residual,1887,-0.10525196
p17,residual,1888,-0.015910594
p17,residual,1889,0.078168114
p17,residual,1890,-0.188641734
p17,residual,1891,-0.102873304
p17,residual,1892,-0.217291811
p17,residual,1893,-0.227168705
p17,residual,1894,-0.225444707
p17,residual,1895,-0.18753607
p17,residual,1896,-0.017172895
p17,residual,1897,-0.001415077
p17,residual,1898,-0.2317431
p17,residual,1899,-0.102095703
p17,residual,1900,0.006154766
p17,residual,1901,-0.052738949
p17,residual,1902,-0.208496372
p17,residual,1903,-0.286693017
p17,residual,1904,-0.341769161
p17,residual,1905,-0.160751888
p17,residual,1906,-0.084193627
p17,residual,1907,-0.255342781
p17,residual,1908,-0.252351799
p17,residual,1909,-0.2793906
p17,residual,1910,-0.281113613
p17,residual,1911,-0.303514958
p17,residual,1912,-0.222956042
p17,residual,1913,-0.184391076
p17,residual,1914,0.019943204
p17,residual,1915,0.061867223
p17,residual,1916,-0.186466997
p17,residual,1917,-0.329048127
p17,residual,1918,-0.218650054
p17,residual,1919,-0.127721772
p17,residual,1920,-0.106823037
p17,residual,1921,-0.04989217
p17,residual,1922,-0.158825188
p17,residual,1923,-0.138054361
p17,residual,1924,-0.13274137
p17,residual,1925,-0.104438491
p17,residual,1926,0.051970061
p17,residual,1927,-0.049204322
p17,residual,1928,-0.043942566
p17,residual,1929,-0.229859062
p17,residual,1930,-0.013815116
p17,residual,1931,0.043795873
p17,residual,1932,-0.005933926
p17,residual,1933,-0.176351541
p17,residual,1934,-0.02171233
p17,residual,1935,-0.064783803
p17,residual,1936,-0.035246128
p17,residual,1937,0.109015838
p17,residual,1938,0.103668413
p17,residual,1939,0.06601723
p17,residual,1940,0.166767742
p17,residual,1941,0.081213274
p17,residual,1942,0.043414297
p17,residual,1943,0.059233575
p17,residual,1944,0.201069494
p17,residual,1945,0.096534089
p17,residual,1946,-0.052119464
p17,residual,1947,-0.032201934
p17,residual,1948,-0.064290257
p17,residual,1949,-0.089127274
p17,residual,1950,-0.174986462
p17,residual,1951,-0.003792269
p17,residual,1952,0.079000415
p17,residual,1953,0.147194938
p17,residual,1954,-0.047265775
p17,residual,1955,-0.129399804
p17,residual,1956,-0.196327873
p17,residual,1957,0.039015014
p17,residual,1958,0.051294682
p17,residual,1959,0.014946134
p17,residual,1960,-0.055930722
p17,residual,1961,0.043265701
p17,residual,1962,-0.002977004
p17,residual,1963,0.053834955
p17,residual,1964,-0.182869103
p17,residual,1965,-0.088431614
p17,residual,1966,-0.055380689
p17,residual,1967,-0.044244026
p17,residual,1968,-0.105473266
p17,residual,1969,0.025825179
p17,residual,1970,-0.038000861
p17,residual,1971,-0.174887095
p17,residual,1972,-0.072893047
p17,residual,1973,0.056469375
p17,residual,1974,-0.177955351
p17,residual,1975,-0.128593369
p17,residual,1976,-0.245306446
p17,residual,1977,0.055770894
p17,residual,1978,-0.06120013
p17,residual,1979,0.00328889
p17,residual,1980,0.086451498
p17,residual,1981,0.124684267
p17,residual,1982,-0.096551408
p17,residual,1983,0.107507693
p17,residual,1984,-0.070795243
p17,residual,1985,-0.095144849
p17,residual,1986,-0.074673555
p17,residual,1987,0.046827952
p17,residual,1988,0.058853193
p17,residual,1989,-0.077999458
p17,residual,1990,0.072734656
p17,residual,1991,0.053776264
p17,residual,1992,-0.1223182
p17,residual,1993,-0.075003036
p17,residual,1994,-0.042525203
p17,residual,1995,0.057235385
p17,residual,1996,-0.083549104
p17,residual,1997,0.031263936
p17,residual,1998,0.161197682
p17,residual,1999,-0.126105587
p17,residual,2000,-0.154002691
p17,residual,2001,-0.026714553
p17,residual,2002,0.00426849
p17,residual,2003,-0.012293954
p17,residual,2004,-0.102310712
p17,residual,2005,0.022761596
p17,residual,2006,-0.02566159
p17,residual,2007,-0.021543808
p17,residual,2008,-0.169700737
p17,residual,2009,-0.063264171
p17,residual,2010,-0.005834603
p17,residual,2011,-0.171822193
p17,residual,2012,-0.15810129
p17,residual,2013,-0.140299785
p17,residual,2014,-0.121875011
p17,residual,2015,0.002892318
p17,residual,2016,0.081496364
p17,residual,2017,-0.040838983
p17,residual,2018,-0.153641547
p17,residual,2019,-0.042420191
p17,residual,2020,-0.035478335
p17,residual,2021,-0.21143633
p17,residual,2022,-0.20813364
p17,residual,2023,0.07145006
p17,residual,2024,0.098454742
p17,residual,2025,-0.060109655
p17,solar,1850,0.001668769
p17,solar,1851,0.001468606
p17,solar,1852,0.00123797
p17,solar,1853,0.000787285
p17,solar,1854,-0.000164268
p17,solar,1855,-0.002695319
p17,solar,1856,-0.005665299
p17,solar,1857,-0.006807087
p17,solar,1858,-0.004961659
p17,solar,1859,-0.001273263
p17,solar,1860,0.000741466
p17,solar,1861,0.001488366
p17,solar,1862,0.001612531
p17,solar,1863,0.00132001
p17,solar,1864,0.000815774
p17,solar,1865,0.000164393
p17,solar,1866,-0.001357596
p17,solar,1867,-0.004035979
p17,solar,1868,-0.005073394
p17,solar,1869,-0.002897303
p17,solar,1870,0.000387129
p17,solar,1871,0.001746043
p17,solar,1872,0.002367736
p17,solar,1873,0.002413689
p17,solar,1874,0.001852563
p17,solar,1875,0.000737407
p17,solar,1876,-0.000721578
p17,solar,1877,-0.002662036
p17,solar,1878,-0.004786452
p17,solar,1879,-0.006733682
p17,solar,1880,-0.006111636
p17,solar,1881,-0.002952783
p17,solar,1882,-0.000529853
p17,solar,1883,5.18e-05
p17,solar,1884,0.000351391
p17,solar,1885,0.000483824
p17,solar,1886,-0.00021086
p17,solar,1887,-0.002826324
p17,solar,1888,-0.005458957
p17,solar,1889,-0.007447815
p17,solar,1890,-0.008741508
p17,solar,1891,-0.007821313
p17,solar,1892,-0.004021198
p17,solar,1893,-0.000626288
p17,solar,1894,0.000510074
p17,solar,1895,0.000839547
p17,solar,1896,0.000533711
p17,solar,1897,-0.000634755
p17,solar,1898,-0.002593263
p17,solar,1899,-0.004209674
p17,solar,1900,-0.006133794
p17,solar,1901,-0.008086304
p17,solar,1902,-0.009787777
p17,solar,1903,-0.009517878
p17,solar,1904,-0.00692098
p17,solar,1905,-0.004516118
p17,solar,1906,-0.002984907
p17,solar,1907,-0.001904601
p17,solar,1908,-0.001519508
p17,solar,1909,-0.001728563
p17,solar,1910,-0.003178301
p17,solar,1911,-0.00586386
p17,solar,1912,-0.008355168
p17,solar,1913,-0.010103841
p17,solar,1914,-0.010916647
p17,solar,1915,-0.008718964
p17,solar,1916,-0.004912469
p17,solar,1917,-0.001039491
p17,solar,1918,0.000766646
p17,solar,1919,0.000869388
p17,solar,1920,-8.24e-05
p17,solar,1921,-0.001970417
p17,solar,1922,-0.004364635
p17,solar,1923,-0.006746656
p17,solar,1924,-0.007956087
p17,solar,1925,-0.007221851
p17,solar,1926,-0.005030957
p17,solar,1927,-0.002506585
p17,solar,1928,-0.000840324
p17,solar,1929,-0.000681746
p17,solar,1930,-0.001358537
p17,solar,1931,-0.002702803
p17,solar,1932,-0.00472887
p17,solar,1933,-0.006757151
p17,solar,1934,-0.008075251
p17,solar,1935,-0.00736443
p17,solar,1936,-0.003568331
p17,solar,1937,4.68e-05
p17,solar,1938,0.001402829
p17,solar,1939,0.001847086
p17,solar,1940,0.001698337
p17,solar,1941,0.001183513
p17,solar,1942,0.00027596
p17,solar,1943,-0.001423404
p17,solar,1944,-0.003637714
p17,solar,1945,-0.003701438
p17,solar,1946,-0.001377784
p17,solar,1947,0.000681854
p17,solar,1948,0.002342852
p17,solar,1949,0.003253423
p17,solar,1950,0.003007034
p17,solar,1951,0.001958362
p17,solar,1952,0.000577788
p17,solar,1953,-0.000959056
p17,solar,1954,-0.003149174
p17,solar,1955,-0.00425394
p17,solar,1956,-0.002040238
p17,solar,1957,0.001070582
p17,solar,1958,0.00324321
p17,solar,1959,0.003798171
p17,solar,1960,0.003351222
p17,solar,1961,0.002121559
p17,solar,1962,0.000257516
p17,solar,1963,-0.001616135
p17,solar,1964,-0.003554314
p17,solar,1965,-0.00486887
p17,solar,1966,-0.004812627
p17,solar,1967,-0.003281736
p17,solar,1968,-0.001719138
p17,solar,1969,-0.000696755
p17,solar,1970,-0.000110747
p17,solar,1971,-0.000507962
p17,solar,1972,-0.001281578
p17,solar,1973,-0.002311821
p17,solar,1974,-0.004253434
p17,solar,1975,-0.006044736
p17,solar,1976,-0.00758709
p17,solar,1977,-0.007897756
p17,solar,1978,-0.005697853
p17,solar,1979,-0.001851331
p17,solar,1980,0.000444432
p17,solar,1981,0.001653346
p17,solar,1982,0.001651426
p17,solar,1983,0.000891142
p17,solar,1984,-0.000281997
p17,solar,1985,-0.003043316
p17,solar,1986,-0.005550962
p17,solar,1987,-0.006512201
p17,solar,1988,-0.005297495
p17,solar,1989,-0.001763856
p17,solar,1990,0.000432825
p17,solar,1991,0.001012467
p17,solar,1992,0.000963729
p17,solar,1993,0.000232801
p17,solar,1994,-0.001413887
p17,solar,1995,-0.003863417
p17,solar,1996,-0.006128135
p17,solar,1997,-0.007375546
p17,solar,1998,-0.006154496
p17,solar,1999,-0.003235088
p17,solar,2000,-0.000419133
p17,solar,2001,0.000856244
p17,solar,2002,0.001466816
p17,solar,2003,0.001129576
p17,solar,2004,-0.000493997
p17,solar,2005,-0.003083262
p17,solar,2006,-0.005881299
p17,solar,2007,-0.008097118
p17,solar,2008,-0.00978939
p17,solar,2009,-0.010921531
p17,solar,2010,-0.011153897
p17,solar,2011,-0.009577323
p17,solar,2012,-0.007064306
p17,solar,2013,-0.005033049
p17,solar,2014,-0.003496521
p17,solar,2015,-0.002156416
p17,solar,2016,-0.00281667
p17,solar,2017,-0.005728633
p17,solar,2018,-0.008209035
p17,solar,2019,-0.009826183
p17,solar,2020,-0.010616094
p17,solar,2021,-0.010144691
p17,solar,2022,-0.00710804
p17,solar,2023,-0.002109151
p17,solar,2024,0.00097324
p17,solar,2025,0.002479892
p17,total,1850,-0.020383179
p17,total,1851,-0.014108874
p17,total,1852,-0.009027751
p17,total,1853,-0.009795086
p17,total,1854,-0.020410806
p17,total,1855,-0.024189281
p17,total,1856,-0.017161988
p17,total,1857,-0.032031707
p17,total,1858,-0.058456614
p17,total,1859,-0.040278342
p17,total,1860,-0.018749312
p17,total,1861,-0.006124234
p17,total,1862,-0.029317284
p17,total,1863,-0.105948619
p17,total,1864,-0.101578651
p17,total,1865,-0.051920914
p17,total,1866,-0.020051826
p17,total,1867,-0.006382743
p17,total,1868,0.001460519
p17,total,1869,0.003984532
p17,total,1870,0.006899314
p17,total,1871,0.013766191
p17,total,1872,0.007910275
p17,total,1873,-0.019080181
p17,total,1874,-0.022252312
p17,total,1875,-0.001933685
p17,total,1876,0.005749968
p17,total,1877,0.011672396
p17,total,1878,0.016618416
p17,total,1879,0.019986805
p17,total,1880,0.02123636
p17,total,1881,0.020056063
p17,total,1882,0.021834965
p17,total,1883,0.022142287
p17,total,1884,-0.053018128
p17,total,1885,-0.160298949
p17,total,1886,-0.184350516
p17,total,1887,-0.166513043
p17,total,1888,-0.109002435
p17,total,1889,-0.059645946
p17,total,1890,-0.035551927
p17,total,1891,-0.019480384
p17,total,1892,-0.001350341
p17,total,1893,0.013341159
p17,total,1894,0.025334798
p17,total,1895,0.026225534
p17,total,1896,0.025356045
p17,total,1897,0.031668862
p17,total,1898,0.037351777
p17,total,1899,0.040829295
p17,total,1900,0.042482801
p17,total,1901,0.044474395
p17,total,1902,0.046240419
p17,total,1903,0.041425222
p17,total,1904,0.037278883
p17,total,1905,0.042654258
p17,total,1906,0.048375042
p17,total,1907,0.04269339
p17,total,1908,0.031503162
p17,total,1909,0.035454745
p17,total,1910,0.043587852
p17,total,1911,0.048678538
p17,total,1912,0.035898145
p17,total,1913,-0.000392429
p17,total,1914,-0.000334173
p17,total,1915,0.031615619
p17,total,1916,0.053566469
p17,total,1917,0.066607355
p17,total,1918,0.074537106
p17,total,1919,0.077849919
p17,total,1920,0.08223655
p17,total,1921,0.093815382
p17,total,1922,0.106054592
p17,total,1923,0.11166858
p17,total,1924,0.111267082
p17,total,1925,0.113065452
p17,total,1926,0.113514311
p17,total,1927,0.113191856
p17,total,1928,0.120864944
p17,total,1929,0.126978085
p17,total,1930,0.130767002
p17,total,1931,0.138276206
p17,total,1932,0.146090163
p17,total,1933,0.143526924
p17,total,1934,0.140492966
p17,total,1935,0.148648503
p17,total,1936,0.157223623
p17,total,1937,0.163723719
p17,total,1938,0.171257729
p17,total,1939,0.177713968
p17,total,1940,0.179888829
p17,total,1941,0.180936233
p17,total,1942,0.181304195
p17,total,1943,0.177460576
p17,total,1944,0.174027473
p17,total,1945,0.182190283
p17,total,1946,0.196448953
p17,total,1947,0.204081781
p17,total,1948,0.206759556
p17,total,1949,0.211317702
p17,total,1950,0.213740312
p17,total,1951,0.213266455
p17,total,1952,0.21276731
p17,total,1953,0.212284681
p17,total,1954,0.212906817
p17,total,1955,0.213673341
p17,total,1956,0.211033948
p17,total,1957,0.208000103
p17,total,1958,0.212079242
p17,total,1959,0.21822714
p17,total,1960,0.220784463
p17,total,1961,0.220776334
p17,total,1962,0.220880828
p17,total,1963,0.198109999
p17,total,1964,0.159779562
p17,total,1965,0.165027322
p17,total,1966,0.191051644
p17,total,1967,0.210168221
p17,total,1968,0.221121053
p17,total,1969,0.225848854
p17,total,1970,0.232814569
p17,total,1971,0.243946537
p17,total,1972,0.255262092
p17,total,1973,0.266847332
p17,total,1974,0.279618194
p17,total,1975,0.2926706
p17,total,1976,0.303015216
p17,total,1977,0.314588528
p17,total,1978,0.33155088
p17,total,1979,0.349733832
p17,total,1980,0.367402578
p17,total,1981,0.386277406
p17,total,1982,0.395511447
p17,total,1983,0.386593219
p17,total,1984,0.38734381
p17,total,1985,0.413317058
p17,total,1986,0.44171968
p17,total,1987,0.466700854
p17,total,1988,0.494573006
p17,total,1989,0.526642116
p17,total,1990,0.555798734
p17,total,1991,0.556850417
p17,total,1992,0.499073914
p17,total,1993,0.467423168
p17,total,1994,0.515592449
p17,total,1995,0.575392692
p17,total,1996,0.62567601
p17,total,1997,0.659062108
p17,total,1998,0.682136887
p17,total,1999,0.71794127
p17,total,2000,0.759883378
p17,total,2001,0.792713999
p17,total,2002,0.815904128
p17,total,2003,0.831506527
p17,total,2004,0.846829546
p17,total,2005,0.861327201
p17,total,2006,0.872962045
p17,total,2007,0.887715393
p17,total,2008,0.90877547
p17,total,2009,0.933151318
p17,total,2010,0.957831151
p17,total,2011,0.982093617
p17,total,2012,1.005609637
p17,total,2013,1.033275792
p17,total,2014,1.061539974
p17,total,2015,1.085704212
p17,total,2016,1.113499687
p17,total,2017,1.143562369
p17,total,2018,1.170680871
p17,total,2019,1.19055403
p17,total,2020,1.209441703
p17,total,2021,1.232757738
p17,total,2022,1.259244347
p17,total,2023,1.285063525
p17,total,2024,1.310118178
p17,total,2025,1.345284769
p17,volcanic,1850,0.00183052
p17,volcanic,1851,0.009232205
p17,volcanic,1852,0.013942536
p17,volcanic,1853,0.013102712
p17,volcanic,1854,0.003700022
p17,volcanic,1855,0.000913477
p17,volcanic,1856,0.008264927
p17,volcanic,1857,-0.006747192
p17,volcanic,1858,-0.038366694
p17,volcanic,1859,-0.022731573
p17,volcanic,1860,-0.001418393
p17,volcanic,1861,0.01048056
p17,volcanic,1862,-0.019031552
p17,volcanic,1863,-0.102005019
p17,volcanic,1864,-0.097681139
p17,volcanic,1865,-0.04593747
p17,volcanic,1866,-0.010483322
p17,volcanic,1867,0.004945196
p17,volcanic,1868,0.011857822
p17,volcanic,1869,0.012590137
p17,volcanic,1870,0.012778425
p17,volcanic,1871,0.016997772
p17,volcanic,1872,0.008650783
p17,volcanic,1873,-0.024286045
p17,volcanic,1874,-0.025392028
p17,volcanic,1875,-0.000433328
p17,volcanic,1876,0.007043841
p17,volcanic,1877,0.01287731
p17,volcanic,1878,0.0177719
p17,volcanic,1879,0.021481262
p17,volcanic,1880,0.022449428
p17,volcanic,1881,0.019761709
p17,volcanic,1882,0.019562287
p17,volcanic,1883,0.017925653
p17,volcanic,1884,-0.056471531
p17,volcanic,1885,-0.165050938
p17,volcanic,1886,-0.188679103
p17,volcanic,1887,-0.169019275
p17,volcanic,1888,-0.108724631
p17,volcanic,1889,-0.057800852
p17,volcanic,1890,-0.032849936
p17,volcanic,1891,-0.01873832
p17,volcanic,1892,-0.006830466
p17,volcanic,1893,-0.000495698
p17,volcanic,1894,0.007978337
p17,volcanic,1895,0.008388812
p17,volcanic,1896,0.00747567
p17,volcanic,1897,0.012266386
p17,volcanic,1898,0.017197211
p17,volcanic,1899,0.020875611
p17,volcanic,1900,0.023432985
p17,volcanic,1901,0.025389489
p17,volcanic,1902,0.026516822
p17,volcanic,1903,0.021909681
p17,volcanic,1904,0.017785745
p17,volcanic,1905,0.021038901
p17,volcanic,1906,0.024905683
p17,volcanic,1907,0.021229911
p17,volcanic,1908,0.013796991
p17,volcanic,1909,0.01642631
p17,volcanic,1910,0.022431663
p17,volcanic,1911,0.026214854
p17,volcanic,1912,0.016669234
p17,volcanic,1913,-0.007417705
p17,volcanic,1914,-0.008140478
p17,volcanic,1915,0.010097971
p17,volcanic,1916,0.018378231
p17,volcanic,1917,0.023005129
p17,volcanic,1918,0.024876085
p17,volcanic,1919,0.022242867
p17,volcanic,1920,0.0215574
p17,volcanic,1921,0.025590819
p17,volcanic,1922,0.028617675
p17,volcanic,1923,0.03061882
p17,volcanic,1924,0.028950236
p17,volcanic,1925,0.027129115
p17,volcanic,1926,0.024331723
p17,volcanic,1927,0.021811795
p17,volcanic,1928,0.025450823
p17,volcanic,1929,0.029227488
p17,volcanic,1930,0.031475301
p17,volcanic,1931,0.032757542
p17,volcanic,1932,0.031964169
p17,volcanic,1933,0.025084701
p17,volcanic,1934,0.021548743
p17,volcanic,1935,0.026487291
p17,volcanic,1936,0.030423325
p17,volcanic,1937,0.03260459
p17,volcanic,1938,0.033889748
p17,volcanic,1939,0.03495315
p17,volcanic,1940,0.035861681
p17,volcanic,1941,0.036581217
p17,volcanic,1942,0.037168739
p17,volcanic,1943,0.034525082
p17,volcanic,1944,0.031066953
p17,volcanic,1945,0.032022836
p17,volcanic,1946,0.034403032
p17,volcanic,1947,0.034197377
p17,volcanic,1948,0.033017925
p17,volcanic,1949,0.034180885
p17,volcanic,1950,0.035987322
p17,volcanic,1951,0.036691177
p17,volcanic,1952,0.036756216
p17,volcanic,1953,0.037186782
p17,volcanic,1954,0.03788986
p17,volcanic,1955,0.038481441
p17,volcanic,1956,0.036491085
p17,volcanic,1957,0.0331986
p17,volcanic,1958,0.033553516
p17,volcanic,1959,0.035913541
p17,volcanic,1960,0.037551092
p17,volcanic,1961,0.038546564
p17,volcanic,1962,0.039202512
p17,volcanic,1963,0.021983647
p17,volcanic,1964,-0.001867284
p17,volcanic,1965,0.001330253
p17,volcanic,1966,0.016424846
p17,volcanic,1967,0.023936445
p17,volcanic,1968,0.026359996
p17,volcanic,1969,0.024707629
p17,volcanic,1970,0.02549316
p17,volcanic,1971,0.02937718
p17,volcanic,1972,0.032304763
p17,volcanic,1973,0.034120704
p17,volcanic,1974,0.03528111
p17,volcanic,1975,0.035997771
p17,volcanic,1976,0.036483863
p17,volcanic,1977,0.037229028
p17,volcanic,1978,0.038086013
p17,volcanic,1979,0.0383122
p17,volcanic,1980,0.037401361
p17,volcanic,1981,0.035738111
p17,volcanic,1982,0.028255582
p17,volcanic,1983,0.00817377
p17,volcanic,1984,-0.001867974
p17,volcanic,1985,0.006562318
p17,volcanic,1986,0.014281946
p17,volcanic,1987,0.018345221
p17,volcanic,1988,0.022648032
p17,volcanic,1989,0.026465997
p17,volcanic,1990,0.029206258
p17,volcanic,1991,0.016723441
p17,volcanic,1992,-0.050597703
p17,volcanic,1993,-0.105027721
p17,volcanic,1994,-0.067476557
p17,volcanic,1995,-0.021242258
p17,volcanic,1996,0.00145257
p17,volcanic,1997,0.012272199
p17,volcanic,1998,0.018656702
p17,volcanic,1999,0.022876343
p17,volcanic,2000,0.026022437
p17,volcanic,2001,0.02836602
p17,volcanic,2002,0.030300359
p17,volcanic,2003,0.031729916
p17,volcanic,2004,0.032895146
p17,volcanic,2005,0.033612864
p17,volcanic,2006,0.033491472
p17,volcanic,2007,0.033173413
p17,volcanic,2008,0.033340129
p17,volcanic,2009,0.033392268
p17,volcanic,2010,0.033668002
p17,volcanic,2011,0.033800427
p17,volcanic,2012,0.033934416
p17,volcanic,2013,0.035435283
p17,volcanic,2014,0.036218312
p17,volcanic,2015,0.035450965
p17,volcanic,2016,0.035189484
p17,volcanic,2017,0.036167493
p17,volcanic,2018,0.036766175
p17,volcanic,2019,0.034829619
p17,volcanic,2020,0.031324682
p17,volcanic,2021,0.030570934
p17,volcanic,2022,0.028678597
p17,volcanic,2023,0.028723445
p17,volcanic,2024,0.032277191
p17,volcanic,2025,0.033549177
p50,aerosol_cloud_interactions,1850,0.02679638
p50,aerosol_cloud_interactions,1851,0.026440016
p50,aerosol_cloud_interactions,1852,0.026616025
p50,aerosol_cloud_interactions,1853,0.0264923
p50,aerosol_cloud_interactions,1854,0.025385633
p50,aerosol_cloud_interactions,1855,0.024205066
p50,aerosol_cloud_interactions,1856,0.023656406
p50,aerosol_cloud_interactions,1857,0.022782424
p50,aerosol_cloud_interactions,1858,0.02155814
p50,aerosol_cloud_interactions,1859,0.020462032
p50,aerosol_cloud_interactions,1860,0.019448487
p50,aerosol_cloud_interactions,1861,0.018483413
p50,aerosol_cloud_interactions,1862,0.017761653
p50,aerosol_cloud_interactions,1863,0.01739945
p50,aerosol_cloud_interactions,1864,0.016966344
p50,aerosol_cloud_interactions,1865,0.015758766
p50,aerosol_cloud_interactions,1866,0.014489922
p50,aerosol_cloud_interactions,1867,0.013254571
p50,aerosol_cloud_interactions,1868,0.011229254
p50,aerosol_cloud_interactions,1869,0.009497556
p50,aerosol_cloud_interactions,1870,0.008072261
p50,aerosol_cloud_interactions,1871,0.006828205
p50,aerosol_cloud_interactions,1872,0.006298178
p50,aerosol_cloud_interactions,1873,0.004929817
p50,aerosol_cloud_interactions,1874,0.002747888
p50,aerosol_cloud_interactions,1875,0.001746058
p50,aerosol_cloud_interactions,1876,0.001110388
p50,aerosol_cloud_interactions,1877,0.000161501
p50,aerosol_cloud_interactions,1878,-0.000957149
p50,aerosol_cloud_interactions,1879,-0.002393442
p50,aerosol_cloud_interactions,1880,-0.004077326
p50,aerosol_cloud_interactions,1881,-0.005878751
p50,aerosol_cloud_interactions,1882,-0.007487037
p50,aerosol_cloud_interactions,1883,-0.008711186
p50,aerosol_cloud_interactions,1884,-0.009951885
p50,aerosol_cloud_interactions,1885,-0.011440448
p50,aerosol_cloud_interactions,1886,-0.012646051
p50,aerosol_cloud_interactions,1887,-0.013984801
p50,aerosol_cloud_interactions,1888,-0.016331707
p50,aerosol_cloud_interactions,1889,-0.018565543
p50,aerosol_cloud_interactions,1890,-0.020570053
p50,aerosol_cloud_interactions,1891,-0.02253711
p50,aerosol_cloud_interactions,1892,-0.023703493
p50,aerosol_cloud_interactions,1893,-0.024735039
p50,aerosol_cloud_interactions,1894,-0.026568895
p50,aerosol_cloud_interactions,1895,-0.028806901
p50,aerosol_cloud_interactions,1896,-0.030381327
p50,aerosol_cloud_interactions,1897,-0.03222424
p50,aerosol_cloud_interactions,1898,-0.034702146
p50,aerosol_cloud_interactions,1899,-0.037714268
p50,aerosol_cloud_interactions,1900,-0.040958966
p50,aerosol_cloud_interactions,1901,-0.043588541
p50,aerosol_cloud_interactions,1902,-0.045767931
p50,aerosol_cloud_interactions,1903,-0.048005008
p50,aerosol_cloud_interactions,1904,-0.050859208
p50,aerosol_cloud_interactions,1905,-0.054317185
p50,aerosol_cloud_interactions,1906,-0.057915257
p50,aerosol_cloud_interactions,1907,-0.062544013
p50,aerosol_cloud_interactions,1908,-0.066860823
p50,aerosol_cloud_interactions,1909,-0.06984363
p50,aerosol_cloud_interactions,1910,-0.073509946
p50,aerosol_cloud_interactions,1911,-0.076742323
p50,aerosol_cloud_interactions,1912,-0.078981866
p50,aerosol_cloud_interactions,1913,-0.081934962
p50,aerosol_cloud_interactions,1914,-0.084281226
p50,aerosol_cloud_interactions,1915,-0.084954197
p50,aerosol_cloud_interactions,1916,-0.086417869
p50,aerosol_cloud_interactions,1917,-0.089517936
p50,aerosol_cloud_interactions,1918,-0.092483658
p50,aerosol_cloud_interactions,1919,-0.092352067
p50,aerosol_cloud_interactions,1920,-0.092159916
p50,aerosol_cloud_interactions,1921,-0.091571623
p50,aerosol_cloud_interactions,1922,-0.089421259
p50,aerosol_cloud_interactions,1923,-0.091242245
p50,aerosol_cloud_interactions,1924,-0.094060167
p50,aerosol_cloud_interactions,1925,-0.095269866
p50,aerosol_cloud_interactions,1926,-0.096535552
p50,aerosol_cloud_interactions,1927,-0.098643476
p50,aerosol_cloud_interactions,1928,-0.101018795
p50,aerosol_cloud_interactions,1929,-0.103743937
p50,aerosol_cloud_interactions,1930,-0.106040549
p50,aerosol_cloud_interactions,1931,-0.104241371
p50,aerosol_cloud_interactions,1932,-0.100009866
p50,aerosol_cloud_interactions,1933,-0.097488486
p50,aerosol_cloud_interactions,1934,-0.098485127
p50,aerosol_cloud_interactions,1935,-0.101563328
p50,aerosol_cloud_interactions,1936,-0.105589062
p50,aerosol_cloud_interactions,1937,-0.110221774
p50,aerosol_cloud_interactions,1938,-0.11210276
p50,aerosol_cloud_interactions,1939,-0.113574185
p50,aerosol_cloud_interactions,1940,-0.117466754
p50,aerosol_cloud_interactions,1941,-0.121507591
p50,aerosol_cloud_interactions,1942,-0.125558989
p50,aerosol_cloud_interactions,1943,-0.12928963
p50,aerosol_cloud_interactions,1944,-0.131768783
p50,aerosol_cloud_interactions,1945,-0.130783492
p50,aerosol_cloud_interactions,1946,-0.127674182
p50,aerosol_cloud_interactions,1947,-0.127230857
p50,aerosol_cloud_interactions,1948,-0.129563382
p50,aerosol_cloud_interactions,1949,-0.131712581
p50,aerosol_cloud_interactions,1950,-0.134766891
p50,aerosol_cloud_interactions,1951,-0.138001235
p50,aerosol_cloud_interactions,1952,-0.140166432
p50,aerosol_cloud_interactions,1953,-0.14333664
p50,aerosol_cloud_interactions,1954,-0.146782383
p50,aerosol_cloud_interactions,1955,-0.150999303
p50,aerosol_cloud_interactions,1956,-0.157359561
p50,aerosol_cloud_interactions,1957,-0.164829056
p50,aerosol_cloud_interactions,1958,-0.170206711
p50,aerosol_cloud_interactions,1959,-0.174198085
p50,aerosol_cloud_interactions,1960,-0.179353109
p50,aerosol_cloud_interactions,1961,-0.185234841
p50,aerosol_cloud_interactions,1962,-0.190443366
p50,aerosol_cloud_interactions,1963,-0.196699234
p50,aerosol_cloud_interactions,1964,-0.202715563
p50,aerosol_cloud_interactions,1965,-0.207012241
p50,aerosol_cloud_interactions,1966,-0.211447882
p50,aerosol_cloud_interactions,1967,-0.216136828
p50,aerosol_cloud_interactions,1968,-0.221029131
p50,aerosol_cloud_interactions,1969,-0.225609715
p50,aerosol_cloud_interactions,1970,-0.231608275
p50,aerosol_cloud_interactions,1971,-0.238326967
p50,aerosol_cloud_interactions,1972,-0.245970165
p50,aerosol_cloud_interactions,1973,-0.253506129
p50,aerosol_cloud_interactions,1974,-0.258498382
p50,aerosol_cloud_interactions,1975,-0.261855655
p50,aerosol_cloud_interactions,1976,-0.266750982
p50,aerosol_cloud_interactions,1977,-0.273304541
p50,aerosol_cloud_interactions,1978,-0.279246131
p50,aerosol_cloud_interactions,1979,-0.285169967
p50,aerosol_cloud_interactions,1980,-0.289794955
p50,aerosol_cloud_interactions,1981,-0.291777686
p50,aerosol_cloud_interactions,1982,-0.294434401
p50,aerosol_cloud_interactions,1983,-0.295557597
p50,aerosol_cloud_interactions,1984,-0.295249701
p50,aerosol_cloud_interactions,1985,-0.297537063
p50,aerosol_cloud_interactions,1986,-0.300109841
p50,aerosol_cloud_interactions,1987,-0.303811332
p50,aerosol_cloud_interactions,1988,-0.308331031
p50,aerosol_cloud_interactions,1989,-0.311316095
p50,aerosol_cloud_interactions,1990,-0.313736666
p50,aerosol_cloud_interactions,1991,-0.320053654
p50,aerosol_cloud_interactions,1992,-0.321950885
p50,aerosol_cloud_interactions,1993,-0.318933412
p50,aerosol_cloud_interactions,1994,-0.321149701
p50,aerosol_cloud_interactions,1995,-0.322964486
p50,aerosol_cloud_interactions,1996,-0.321029762
p50,aerosol_cloud_interactions,1997,-0.324187563
p50,aerosol_cloud_interactions,1998,-0.329979836
p50,aerosol_cloud_interactions,1999,-0.327890685
p50,aerosol_cloud_interactions,2000,-0.320805886
p50,aerosol_cloud_interactions,2001,-0.315805597
p50,aerosol_cloud_interactions,2002,-0.316261668
p50,aerosol_cloud_interactions,2003,-0.320284556
p50,aerosol_cloud_interactions,2004,-0.323843006
p50,aerosol_cloud_interactions,2005,-0.327801203
p50,aerosol_cloud_interactions,2006,-0.332310421
p50,aerosol_cloud_interactions,2007,-0.335237219
p50,aerosol_cloud_interactions,2008,-0.335084481
p50,aerosol_cloud_interactions,2009,-0.331399302
p50,aerosol_cloud_interactions,2010,-0.328638243
p50,aerosol_cloud_interactions,2011,-0.32751764
p50,aerosol_cloud_interactions,2012,-0.326979538
p50,aerosol_cloud_interactions,2013,-0.324963424
p50,aerosol_cloud_interactions,2014,-0.32169378
p50,aerosol_cloud_interactions,2015,-0.319969167
p50,aerosol_cloud_interactions,2016,-0.315191396
p50,aerosol_cloud_interactions,2017,-0.308641566
p50,aerosol_cloud_interactions,2018,-0.303593368
p50,aerosol_cloud_interactions,2019,-0.301883261
p50,aerosol_cloud_interactions,2020,-0.297449071
p50,aerosol_cloud_interactions,2021,-0.292503277
p50,aerosol_cloud_interactions,2022,-0.288136401
p50,aerosol_cloud_interactions,2023,-0.288799627
p50,aerosol_cloud_interactions,2024,-0.293606728
p50,aerosol_cloud_interactions,2025,-0.28930449
p50,aerosol_radiation_interactions,1850,0.003738983
p50,aerosol_radiation_interactions,1851,0.003763842
p50,aerosol_radiation_interactions,1852,0.003877893
p50,aerosol_radiation_interactions,1853,0.003937782
p50,aerosol_radiation_interactions,1854,0.003844251
p50,aerosol_radiation_interactions,1855,0.003762709
p50,aerosol_radiation_interactions,1856,0.003752615
p50,aerosol_radiation_interactions,1857,0.003703352
p50,aerosol_radiation_interactions,1858,0.003649843
p50,aerosol_radiation_interactions,1859,0.003564974
p50,aerosol_radiation_interactions,1860,0.003431949
p50,aerosol_radiation_interactions,1861,0.003339291
p50,aerosol_radiation_interactions,1862,0.003288164
p50,aerosol_radiation_interactions,1863,0.003240282
p50,aerosol_radiation_interactions,1864,0.003231412
p50,aerosol_radiation_interactions,1865,0.003122229
p50,aerosol_radiation_interactions,1866,0.002985647
p50,aerosol_radiation_interactions,1867,0.002867171
p50,aerosol_radiation_interactions,1868,0.002648146
p50,aerosol_radiation_interactions,1869,0.002449431
p50,aerosol_radiation_interactions,1870,0.002274736
p50,aerosol_radiation_interactions,1871,0.002122866
p50,aerosol_radiation_interactions,1872,0.00201864
p50,aerosol_radiation_interactions,1873,0.001792945
p50,aerosol_radiation_interactions,1874,0.001490894
p50,aerosol_radiation_interactions,1875,0.001287248
p50,aerosol_radiation_interactions,1876,0.001082003
p50,aerosol_radiation_interactions,1877,0.000832719
p50,aerosol_radiation_interactions,1878,0.00062854
p50,aerosol_radiation_interactions,1879,0.000342964
p50,aerosol_radiation_interactions,1880,-8.67e-05
p50,aerosol_radiation_interactions,1881,-0.00048633
p50,aerosol_radiation_interactions,1882,-0.000819412
p50,aerosol_radiation_interactions,1883,-0.001151978
p50,aerosol_radiation_interactions,1884,-0.001433798
p50,aerosol_radiation_interactions,1885,-0.001734734
p50,aerosol_radiation_interactions,1886,-0.001984731
p50,aerosol_radiation_interactions,1887,-0.002237424
p50,aerosol_radiation_interactions,1888,-0.002714626
p50,aerosol_radiation_interactions,1889,-0.003199719
p50,aerosol_radiation_interactions,1890,-0.00366085
p50,aerosol_radiation_interactions,1891,-0.004145801
p50,aerosol_radiation_interactions,1892,-0.004492278
p50,aerosol_radiation_interactions,1893,-0.004785212
p50,aerosol_radiation_interactions,1894,-0.005219684
p50,aerosol_radiation_interactions,1895,-0.0057401
p50,aerosol_radiation_interactions,1896,-0.006224816
p50,aerosol_radiation_interactions,1897,-0.006774553
p50,aerosol_radiation_interactions,1898,-0.007395398
p50,aerosol_radiation_interactions,1899,-0.0082411
p50,aerosol_radiation_interactions,1900,-0.009238632
p50,aerosol_radiation_interactions,1901,-0.01008465
p50,aerosol_radiation_interactions,1902,-0.010815506
p50,aerosol_radiation_interactions,1903,-0.01166315
p50,aerosol_radiation_interactions,1904,-0.012631259
p50,aerosol_radiation_interactions,1905,-0.013661055
p50,aerosol_radiation_interactions,1906,-0.014795802
p50,aerosol_radiation_interactions,1907,-0.016235284
p50,aerosol_radiation_interactions,1908,-0.017487662
p50,aerosol_radiation_interactions,1909,-0.018393917
p50,aerosol_radiation_interactions,1910,-0.01954649
p50,aerosol_radiation_interactions,1911,-0.020579082
p50,aerosol_radiation_interactions,1912,-0.021409412
p50,aerosol_radiation_interactions,1913,-0.022406636
p50,aerosol_radiation_interactions,1914,-0.023026286
p50,aerosol_radiation_interactions,1915,-0.023118486
p50,aerosol_radiation_interactions,1916,-0.023671415
p50,aerosol_radiation_interactions,1917,-0.024728906
p50,aerosol_radiation_interactions,1918,-0.025595442
p50,aerosol_radiation_interactions,1919,-0.025473449
p50,aerosol_radiation_interactions,1920,-0.02533408
p50,aerosol_radiation_interactions,1921,-0.025026235
p50,aerosol_radiation_interactions,1922,-0.024308726
p50,aerosol_radiation_interactions,1923,-0.024520356
p50,aerosol_radiation_interactions,1924,-0.024994573
p50,aerosol_radiation_interactions,1925,-0.025314161
p50,aerosol_radiation_interactions,1926,-0.025785922
p50,aerosol_radiation_interactions,1927,-0.026663361
p50,aerosol_radiation_interactions,1928,-0.027681377
p50,aerosol_radiation_interactions,1929,-0.028957532
p50,aerosol_radiation_interactions,1930,-0.029926514
p50,aerosol_radiation_interactions,1931,-0.02951915
p50,aerosol_radiation_interactions,1932,-0.028175689
p50,aerosol_radiation_interactions,1933,-0.027336178
p50,aerosol_radiation_interactions,1934,-0.027771029
p50,aerosol_radiation_interactions,1935,-0.028950205
p50,aerosol_radiation_interactions,1936,-0.03043667
p50,aerosol_radiation_interactions,1937,-0.032202848
p50,aerosol_radiation_interactions,1938,-0.033260105
p50,aerosol_radiation_interactions,1939,-0.034018417
p50,aerosol_radiation_interactions,1940,-0.0357732
p50,aerosol_radiation_interactions,1941,-0.03777265
p50,aerosol_radiation_interactions,1942,-0.039491803
p50,aerosol_radiation_interactions,1943,-0.040919329
p50,aerosol_radiation_interactions,1944,-0.041780694
p50,aerosol_radiation_interactions,1945,-0.041311162
p50,aerosol_radiation_interactions,1946,-0.040107025
p50,aerosol_radiation_interactions,1947,-0.040175574
p50,aerosol_radiation_interactions,1948,-0.041335324
p50,aerosol_radiation_interactions,1949,-0.042337278
p50,aerosol_radiation_interactions,1950,-0.043627582
p50,aerosol_radiation_interactions,1951,-0.045457857
p50,aerosol_radiation_interactions,1952,-0.047300773
p50,aerosol_radiation_interactions,1953,-0.049114695
p50,aerosol_radiation_interactions,1954,-0.050848465
p50,aerosol_radiation_interactions,1955,-0.053046921
p50,aerosol_radiation_interactions,1956,-0.056012785
p50,aerosol_radiation_interactions,1957,-0.058955606
p50,aerosol_radiation_interactions,1958,-0.06113653
p50,aerosol_radiation_interactions,1959,-0.063092332
p50,aerosol_radiation_interactions,1960,-0.065625157
p50,aerosol_radiation_interactions,1961,-0.0685896
p50,aerosol_radiation_interactions,1962,-0.071470304
p50,aerosol_radiation_interactions,1963,-0.074699568
p50,aerosol_radiation_interactions,1964,-0.078345083
p50,aerosol_radiation_interactions,1965,-0.081839447
p50,aerosol_radiation_interactions,1966,-0.085206115
p50,aerosol_radiation_interactions,1967,-0.088264894
p50,aerosol_radiation_interactions,1968,-0.091395845
p50,aerosol_radiation_interactions,1969,-0.094793841
p50,aerosol_radiation_interactions,1970,-0.098985734
p50,aerosol_radiation_interactions,1971,-0.103019468
p50,aerosol_radiation_interactions,1972,-0.106456305
p50,aerosol_radiation_interactions,1973,-0.110265327
p50,aerosol_radiation_interactions,1974,-0.113219148
p50,aerosol_radiation_interactions,1975,-0.114775491
p50,aerosol_radiation_interactions,1976,-0.116810297
p50,aerosol_radiation_interactions,1977,-0.119351071
p50,aerosol_radiation_interactions,1978,-0.121164424
p50,aerosol_radiation_interactions,1979,-0.123068191
p50,aerosol_radiation_interactions,1980,-0.125181605
p50,aerosol_radiation_interactions,1981,-0.126298303
p50,aerosol_radiation_interactions,1982,-0.126692255
p50,aerosol_radiation_interactions,1983,-0.126449745
p50,aerosol_radiation_interactions,1984,-0.126045942
p50,aerosol_radiation_interactions,1985,-0.12644473
p50,aerosol_radiation_interactions,1986,-0.126810402
p50,aerosol_radiation_interactions,1987,-0.127537948
p50,aerosol_radiation_interactions,1988,-0.128526765
p50,aerosol_radiation_interactions,1989,-0.129017218
p50,aerosol_radiation_interactions,1990,-0.129427982
p50,aerosol_radiation_interactions,1991,-0.130538079
p50,aerosol_radiation_interactions,1992,-0.130121956
p50,aerosol_radiation_interactions,1993,-0.128033465
p50,aerosol_radiation_interactions,1994,-0.126986917
p50,aerosol_radiation_interactions,1995,-0.125321265
p50,aerosol_radiation_interactions,1996,-0.122730804
p50,aerosol_radiation_interactions,1997,-0.122563871
p50,aerosol_radiation_interactions,1998,-0.123439462
p50,aerosol_radiation_interactions,1999,-0.121816946
p50,aerosol_radiation_interactions,2000,-0.11935526
p50,aerosol_radiation_interactions,2001,-0.11785732
p50,aerosol_radiation_interactions,2002,-0.117699429
p50,aerosol_radiation_interactions,2003,-0.119000005
p50,aerosol_radiation_interactions,2004,-0.120310593
p50,aerosol_radiation_interactions,2005,-0.121712645
p50,aerosol_radiation_interactions,2006,-0.123821342
p50,aerosol_radiation_interactions,2007,-0.12490357
p50,aerosol_radiation_interactions,2008,-0.124209184
p50,aerosol_radiation_interactions,2009,-0.121901488
p50,aerosol_radiation_interactions,2010,-0.118946958
p50,aerosol_radiation_interactions,2011,-0.117486902
p50,aerosol_radiation_interactions,2012,-0.117088141
p50,aerosol_radiation_interactions,2013,-0.115639202
p50,aerosol_radiation_interactions,2014,-0.113630733
p50,aerosol_radiation_interactions,2015,-0.112024192
p50,aerosol_radiation_interactions,2016,-0.109497664
p50,aerosol_radiation_interactions,2017,-0.106337201
p50,aerosol_radiation_interactions,2018,-0.103865707
p50,aerosol_radiation_interactions,2019,-0.102793167
p50,aerosol_radiation_interactions,2020,-0.100055567
p50,aerosol_radiation_interactions,2021,-0.097226981
p50,aerosol_radiation_interactions,2022,-0.095399774
p50,aerosol_radiation_interactions,2023,-0.095629959
p50,aerosol_radiation_interactions,2024,-0.09683258
p50,aerosol_radiation_interactions,2025,-0.094962585
p50,anthropogenic,1850,-0.021654971
p50,anthropogenic,1851,-0.02111016
p50,anthropogenic,1852,-0.019982272
p50,anthropogenic,1853,-0.019036565
p50,anthropogenic,1854,-0.018968275
p50,anthropogenic,1855,-0.018895519
p50,anthropogenic,1856,-0.018290357
p50,anthropogenic,1857,-0.017848141
p50,anthropogenic,1858,-0.017436322
p50,anthropogenic,1859,-0.016921915
p50,anthropogenic,1860,-0.016350282
p50,anthropogenic,1861,-0.015474383
p50,anthropogenic,1862,-0.014207527
p50,anthropogenic,1863,-0.012595223
p50,anthropogenic,1864,-0.010825738
p50,anthropogenic,1865,-0.009659083
p50,anthropogenic,1866,-0.008525259
p50,anthropogenic,1867,-0.007254907
p50,anthropogenic,1868,-0.006742157
p50,anthropogenic,1869,-0.006091553
p50,anthropogenic,1870,-0.005291297
p50,anthropogenic,1871,-0.004448529
p50,anthropogenic,1872,-0.003065763
p50,anthropogenic,1873,-0.002590708
p50,anthropogenic,1874,-0.002639814
p50,anthropogenic,1875,-0.001571644
p50,anthropogenic,1876,-0.000268421
p50,anthropogenic,1877,0.000829035
p50,anthropogenic,1878,0.001957441
p50,anthropogenic,1879,0.002669328
p50,anthropogenic,1880,0.002929886
p50,anthropogenic,1881,0.003371595
p50,anthropogenic,1882,0.004168316
p50,anthropogenic,1883,0.005240489
p50,anthropogenic,1884,0.006459364
p50,anthropogenic,1885,0.007626261
p50,anthropogenic,1886,0.009218417
p50,anthropogenic,1887,0.010864519
p50,anthropogenic,1888,0.011563047
p50,anthropogenic,1889,0.01247994
p50,anthropogenic,1890,0.013701912
p50,anthropogenic,1891,0.014959062
p50,anthropogenic,1892,0.017142266
p50,anthropogenic,1893,0.019599457
p50,anthropogenic,1894,0.021236368
p50,anthropogenic,1895,0.022393508
p50,anthropogenic,1896,0.023917113
p50,anthropogenic,1897,0.025018108
p50,anthropogenic,1898,0.025600083
p50,anthropogenic,1899,0.025537178
p50,anthropogenic,1900,0.025216865
p50,anthropogenic,1901,0.025736743
p50,anthropogenic,1902,0.026849043
p50,anthropogenic,1903,0.027840926
p50,anthropogenic,1904,0.028327543
p50,anthropogenic,1905,0.028441023
p50,anthropogenic,1906,0.028497721
p50,anthropogenic,1907,0.02759685
p50,anthropogenic,1908,0.027472894
p50,anthropogenic,1909,0.028997008
p50,anthropogenic,1910,0.02979249
p50,anthropogenic,1911,0.031312738
p50,anthropogenic,1912,0.034071395
p50,anthropogenic,1913,0.03617989
p50,anthropogenic,1914,0.039333167
p50,anthropogenic,1915,0.044550749
p50,anthropogenic,1916,0.048771736
p50,anthropogenic,1917,0.051351703
p50,anthropogenic,1918,0.054356373
p50,anthropogenic,1919,0.061049421
p50,anthropogenic,1920,0.06779644
p50,anthropogenic,1921,0.07508298
p50,anthropogenic,1922,0.084042712
p50,anthropogenic,1923,0.088438045
p50,anthropogenic,1924,0.091431754
p50,anthropogenic,1925,0.095413508
p50,anthropogenic,1926,0.098498137
p50,anthropogenic,1927,0.100069743
p50,anthropogenic,1928,0.101229451
p50,anthropogenic,1929,0.101778651
p50,anthropogenic,1930,0.102997114
p50,anthropogenic,1931,0.109213552
p50,anthropogenic,1932,0.118671995
p50,anthropogenic,1933,0.126204528
p50,anthropogenic,1934,0.129513327
p50,anthropogenic,1935,0.130556483
p50,anthropogenic,1936,0.131167143
p50,anthropogenic,1937,0.131721135
p50,anthropogenic,1938,0.135482621
p50,anthropogenic,1939,0.139887366
p50,anthropogenic,1940,0.141132569
p50,anthropogenic,1941,0.141862394
p50,anthropogenic,1942,0.142734897
p50,anthropogenic,1943,0.14411265
p50,anthropogenic,1944,0.146870233
p50,anthropogenic,1945,0.153471023
p50,anthropogenic,1946,0.162272915
p50,anthropogenic,1947,0.167362744
p50,anthropogenic,1948,0.169081329
p50,anthropogenic,1949,0.170900452
p50,anthropogenic,1950,0.171524966
p50,anthropogenic,1951,0.171603577
p50,anthropogenic,1952,0.172764503
p50,anthropogenic,1953,0.173661076
p50,anthropogenic,1954,0.175101685
p50,anthropogenic,1955,0.175957217
p50,anthropogenic,1956,0.174685377
p50,anthropogenic,1957,0.172893337
p50,anthropogenic,1958,0.173777998
p50,anthropogenic,1959,0.17611681
p50,anthropogenic,1960,0.177455406
p50,anthropogenic,1961,0.178238693
p50,anthropogenic,1962,0.18028559
p50,anthropogenic,1963,0.182162108
p50,anthropogenic,1964,0.184636636
p50,anthropogenic,1965,0.188999617
p50,anthropogenic,1966,0.19391641
p50,anthropogenic,1967,0.19956172
p50,anthropogenic,1968,0.205507187
p50,anthropogenic,1969,0.212239986
p50,anthropogenic,1970,0.218575665
p50,anthropogenic,1971,0.22554192
p50,anthropogenic,1972,0.233627866
p50,anthropogenic,1973,0.244004606
p50,anthropogenic,1974,0.257201448
p50,anthropogenic,1975,0.270694111
p50,anthropogenic,1976,0.281610814
p50,anthropogenic,1977,0.292497089
p50,anthropogenic,1978,0.306598175
p50,anthropogenic,1979,0.321406913
p50,anthropogenic,1980,0.337737362
p50,anthropogenic,1981,0.35705195
p50,anthropogenic,1982,0.375532847
p50,anthropogenic,1983,0.395582972
p50,anthropogenic,1984,0.417363217
p50,anthropogenic,1985,0.436598054
p50,anthropogenic,1986,0.45609655
p50,anthropogenic,1987,0.474877952
p50,anthropogenic,1988,0.494222549
p50,anthropogenic,1989,0.516390616
p50,anthropogenic,1990,0.537873379
p50,anthropogenic,1991,0.554694725
p50,anthropogenic,1992,0.575100497
p50,anthropogenic,1993,0.599100039
p50,anthropogenic,1994,0.617168378
p50,anthropogenic,1995,0.636895345
p50,anthropogenic,1996,0.661265095
p50,anthropogenic,1997,0.678225546
p50,anthropogenic,1998,0.692378694
p50,anthropogenic,1999,0.716620883
p50,anthropogenic,2000,0.745589982
p50,anthropogenic,2001,0.77099773
p50,anthropogenic,2002,0.78971437
p50,anthropogenic,2003,0.804035225
p50,anthropogenic,2004,0.820387431
p50,anthropogenic,2005,0.836656256
p50,anthropogenic,2006,0.851368287
p50,anthropogenic,2007,0.868912964
p50,anthropogenic,2008,0.891202945
p50,anthropogenic,2009,0.916503465
p50,anthropogenic,2010,0.941099411
p50,anthropogenic,2011,0.9642369
p50,anthropogenic,2012,0.985784651
p50,anthropogenic,2013,1.009742367
p50,anthropogenic,2014,1.035727038
p50,anthropogenic,2015,1.059970146
p50,anthropogenic,2016,1.089309213
p50,anthropogenic,2017,1.121327862
p50,anthropogenic,2018,1.150645009
p50,anthropogenic,2019,1.17547982
p50,anthropogenic,2020,1.2018431
p50,anthropogenic,2021,1.228022454
p50,anthropogenic,2022,1.256577046
p50,anthropogenic,2023,1.279206955
p50,anthropogenic,2024,1.297786242
p50,anthropogenic,2025,1.328893675
p50,bc_snow,1850,-0.002375943
p50,bc_snow,1851,-0.002318321
p50,bc_snow,1852,-0.002306844
p50,bc_snow,1853,-0.002271831
p50,bc_snow,1854,-0.002153217
p50,bc_snow,1855,-0.002020974
p50,bc_snow,1856,-0.001953175
p50,bc_snow,1857,-0.001853258
p50,bc_snow,1858,-0.001705341
p50,bc_snow,1859,-0.001588699
p50,bc_snow,1860,-0.001502097
p50,bc_snow,1861,-0.001408377
p50,bc_snow,1862,-0.001331991
p50,bc_snow,1863,-0.001302265
p50,bc_snow,1864,-0.001251637
p50,bc_snow,1865,-0.001132027
p50,bc_snow,1866,-0.001014082
p50,bc_snow,1867,-0.0008959
p50,bc_snow,1868,-0.000719963
p50,bc_snow,1869,-0.000580989
p50,bc_snow,1870,-0.000471153
p50,bc_snow,1871,-0.000372571
p50,bc_snow,1872,-0.000327101
p50,bc_snow,1873,-0.000229907
p50,bc_snow,1874,-8.04e-05
p50,bc_snow,1875,5.18e-06
p50,bc_snow,1876,6.46e-05
p50,bc_snow,1877,0.00015488
p50,bc_snow,1878,0.000271344
p50,bc_snow,1879,0.000394561
p50,bc_snow,1880,0.000502183
p50,bc_snow,1881,0.000610439
p50,bc_snow,1882,0.00070865
p50,bc_snow,1883,0.000751704
p50,bc_snow,1884,0.000823036
p50,bc_snow,1885,0.000929284
p50,bc_snow,1886,0.001015157
p50,bc_snow,1887,0.001120554
p50,bc_snow,1888,0.001293923
p50,bc_snow,1889,0.001449572
p50,bc_snow,1890,0.001582009
p50,bc_snow,1891,0.001701461
p50,bc_snow,1892,0.001756468
p50,bc_snow,1893,0.001812507
p50,bc_snow,1894,0.001932146
p50,bc_snow,1895,0.002085376
p50,bc_snow,1896,0.002161974
p50,bc_snow,1897,0.00225817
p50,bc_snow,1898,0.002421989
p50,bc_snow,1899,0.002596542
p50,bc_snow,1900,0.002762902
p50,bc_snow,1901,0.002897692
p50,bc_snow,1902,0.003011069
p50,bc_snow,1903,0.003112332
p50,bc_snow,1904,0.003259552
p50,bc_snow,1905,0.003462277
p50,bc_snow,1906,0.003672558
p50,bc_snow,1907,0.003950952
p50,bc_snow,1908,0.004224917
p50,bc_snow,1909,0.004410501
p50,bc_snow,1910,0.004634271
p50,bc_snow,1911,0.004834696
p50,bc_snow,1912,0.004965587
p50,bc_snow,1913,0.005152567
p50,bc_snow,1914,0.005317561
p50,bc_snow,1915,0.005379149
p50,bc_snow,1916,0.005465603
p50,bc_snow,1917,0.005662387
p50,bc_snow,1918,0.00587661
p50,bc_snow,1919,0.005880433
p50,bc_snow,1920,0.00588227
p50,bc_snow,1921,0.005884862
p50,bc_snow,1922,0.00577705
p50,bc_snow,1923,0.005996786
p50,bc_snow,1924,0.006290561
p50,bc_snow,1925,0.006406721
p50,bc_snow,1926,0.006495461
p50,bc_snow,1927,0.006604226
p50,bc_snow,1928,0.006709804
p50,bc_snow,1929,0.006797203
p50,bc_snow,1930,0.006873418
p50,bc_snow,1931,0.006706933
p50,bc_snow,1932,0.006434291
p50,bc_snow,1933,0.006274216
p50,bc_snow,1934,0.006301968
p50,bc_snow,1935,0.006447438
p50,bc_snow,1936,0.006664796
p50,bc_snow,1937,0.006916351
p50,bc_snow,1938,0.006957843
p50,bc_snow,1939,0.006999649
p50,bc_snow,1940,0.007167029
p50,bc_snow,1941,0.007325548
p50,bc_snow,1942,0.007535318
p50,bc_snow,1943,0.00776118
p50,bc_snow,1944,0.007939425
p50,bc_snow,1945,0.007907925
p50,bc_snow,1946,0.007743524
p50,bc_snow,1947,0.007695758
p50,bc_snow,1948,0.007797678
p50,bc_snow,1949,0.007879847
p50,bc_snow,1950,0.008010277
p50,bc_snow,1951,0.008104161
p50,bc_snow,1952,0.008073454
p50,bc_snow,1953,0.008157258
p50,bc_snow,1954,0.00829907
p50,bc_snow,1955,0.008482036
p50,bc_snow,1956,0.008821002
p50,bc_snow,1957,0.009314505
p50,bc_snow,1958,0.009702789
p50,bc_snow,1959,0.009985244
p50,bc_snow,1960,0.010333126
p50,bc_snow,1961,0.010656688
p50,bc_snow,1962,0.010889731
p50,bc_snow,1963,0.011214008
p50,bc_snow,1964,0.011454675
p50,bc_snow,1965,0.011525363
p50,bc_snow,1966,0.011639891
p50,bc_snow,1967,0.011834583
p50,bc_snow,1968,0.012062711
p50,bc_snow,1969,0.012260884
p50,bc_snow,1970,0.01254875
p50,bc_snow,1971,0.012955987
p50,bc_snow,1972,0.013557471
p50,bc_snow,1973,0.014122489
p50,bc_snow,1974,0.014505084
p50,bc_snow,1975,0.014859507
p50,bc_snow,1976,0.015363603
p50,bc_snow,1977,0.016043046
p50,bc_snow,1978,0.016779477
p50,bc_snow,1979,0.017499568
p50,bc_snow,1980,0.017944199
p50,bc_snow,1981,0.018109593
p50,bc_snow,1982,0.01843635
p50,bc_snow,1983,0.018683401
p50,bc_snow,1984,0.018825126
p50,bc_snow,1985,0.019202917
p50,bc_snow,1986,0.019638031
p50,bc_snow,1987,0.020186009
p50,bc_snow,1988,0.020837687
p50,bc_snow,1989,0.021376755
p50,bc_snow,1990,0.021810018
p50,bc_snow,1991,0.022624981
p50,bc_snow,1992,0.023056159
p50,bc_snow,1993,0.023061783
p50,bc_snow,1994,0.023657908
p50,bc_snow,1995,0.024370969
p50,bc_snow,1996,0.024680941
p50,bc_snow,1997,0.02526362
p50,bc_snow,1998,0.026142592
p50,bc_snow,1999,0.026126827
p50,bc_snow,2000,0.02537043
p50,bc_snow,2001,0.024830236
p50,bc_snow,2002,0.024901447
p50,bc_snow,2003,0.025278982
p50,bc_snow,2004,0.025686788
p50,bc_snow,2005,0.026217508
p50,bc_snow,2006,0.026646192
p50,bc_snow,2007,0.027014907
p50,bc_snow,2008,0.027230497
p50,bc_snow,2009,0.027098401
p50,bc_snow,2010,0.027265764
p50,bc_snow,2011,0.027429808
p50,bc_snow,2012,0.02743334
p50,bc_snow,2013,0.027396518
p50,bc_snow,2014,0.027243371
p50,bc_snow,2015,0.027249433
p50,bc_snow,2016,0.026953703
p50,bc_snow,2017,0.026517729
p50,bc_snow,2018,0.026180294
p50,bc_snow,2019,0.026084596
p50,bc_snow,2020,0.025925689
p50,bc_snow,2021,0.025712151
p50,bc_snow,2022,0.02539993
p50,bc_snow,2023,0.025517885
p50,bc_snow,2024,0.026179252
p50,bc_snow,2025,0.025845703
p50,ch4,1850,-0.013565708
p50,ch4,1851,-0.013330645
p50,ch4,1852,-0.013109033
p50,ch4,1853,-0.012852478
p50,ch4,1854,-0.012556541
p50,ch4,1855,-0.012225163
p50,ch4,1856,-0.011867431
p50,ch4,1857,-0.011490386
p50,ch4,1858,-0.0110821
p50,ch4,1859,-0.01063899
p50,ch4,1860,-0.010173317
p50,ch4,1861,-0.009689603
p50,ch4,1862,-0.009163793
p50,ch4,1863,-0.008570909
p50,ch4,1864,-0.007906644
p50,ch4,1865,-0.007192504
p50,ch4,1866,-0.006443009
p50,ch4,1867,-0.005653185
p50,ch4,1868,-0.004843249
p50,ch4,1869,-0.004044687
p50,ch4,1870,-0.003282107
p50,ch4,1871,-0.002584901
p50,ch4,1872,-0.001961471
p50,ch4,1873,-0.001402886
p50,ch4,1874,-0.000866819
p50,ch4,1875,-0.000321702
p50,ch4,1876,0.000195949
p50,ch4,1877,0.000717785
p50,ch4,1878,0.001250102
p50,ch4,1879,0.001804631
p50,ch4,1880,0.002394762
p50,ch4,1881,0.003009132
p50,ch4,1882,0.003632404
p50,ch4,1883,0.004265375
p50,ch4,1884,0.004916162
p50,ch4,1885,0.005598139
p50,ch4,1886,0.006308638
p50,ch4,1887,0.007045255
p50,ch4,1888,0.00780578
p50,ch4,1889,0.008587599
p50,ch4,1890,0.009393151
p50,ch4,1891,0.010216789
p50,ch4,1892,0.011077921
p50,ch4,1893,0.011979032
p50,ch4,1894,0.012880123
p50,ch4,1895,0.013749607
p50,ch4,1896,0.014544786
p50,ch4,1897,0.015256671
p50,ch4,1898,0.01596805
p50,ch4,1899,0.016738535
p50,ch4,1900,0.017554943
p50,ch4,1901,0.018395072
p50,ch4,1902,0.019274599
p50,ch4,1903,0.020206714
p50,ch4,1904,0.021221314
p50,ch4,1905,0.022330203
p50,ch4,1906,0.023506332
p50,ch4,1907,0.024753587
p50,ch4,1908,0.026020968
p50,ch4,1909,0.027282001
p50,ch4,1910,0.028565028
p50,ch4,1911,0.029841593
p50,ch4,1912,0.031075487
p50,ch4,1913,0.032218263
p50,ch4,1914,0.03325191
p50,ch4,1915,0.034233764
p50,ch4,1916,0.035345956
p50,ch4,1917,0.036597115
p50,ch4,1918,0.037905121
p50,ch4,1919,0.039335166
p50,ch4,1920,0.040865848
p50,ch4,1921,0.042445649
p50,ch4,1922,0.044044549
p50,ch4,1923,0.045625588
p50,ch4,1924,0.047116761
p50,ch4,1925,0.048453405
p50,ch4,1926,0.049611448
p50,ch4,1927,0.0506518
p50,ch4,1928,0.051735983
p50,ch4,1929,0.052958981
p50,ch4,1930,0.054282915
p50,ch4,1931,0.055620267
p50,ch4,1932,0.056919239
p50,ch4,1933,0.058193916
p50,ch4,1934,0.059482635
p50,ch4,1935,0.060801845
p50,ch4,1936,0.062120631
p50,ch4,1937,0.063413513
p50,ch4,1938,0.064679302
p50,ch4,1939,0.065990754
p50,ch4,1940,0.067286603
p50,ch4,1941,0.068470404
p50,ch4,1942,0.069655381
p50,ch4,1943,0.070878724
p50,ch4,1944,0.072073325
p50,ch4,1945,0.073206856
p50,ch4,1946,0.074331538
p50,ch4,1947,0.075543434
p50,ch4,1948,0.076850037
p50,ch4,1949,0.078165776
p50,ch4,1950,0.079410072
p50,ch4,1951,0.080630774
p50,ch4,1952,0.081904271
p50,ch4,1953,0.083333825
p50,ch4,1954,0.085023358
p50,ch4,1955,0.08695459
p50,ch4,1956,0.089133777
p50,ch4,1957,0.091539821
p50,ch4,1958,0.093999016
p50,ch4,1959,0.096365287
p50,ch4,1960,0.098557376
p50,ch4,1961,0.100530488
p50,ch4,1962,0.102587136
p50,ch4,1963,0.105069546
p50,ch4,1964,0.107869366
p50,ch4,1965,0.110711194
p50,ch4,1966,0.113440939
p50,ch4,1967,0.116084619
p50,ch4,1968,0.118876256
p50,ch4,1969,0.121910135
p50,ch4,1970,0.125200923
p50,ch4,1971,0.128704732
p50,ch4,1972,0.132234873
p50,ch4,1973,0.135619293
p50,ch4,1974,0.138808892
p50,ch4,1975,0.141962525
p50,ch4,1976,0.145205326
p50,ch4,1977,0.148569497
p50,ch4,1978,0.152045822
p50,ch4,1979,0.155603302
p50,ch4,1980,0.159197317
p50,ch4,1981,0.162775327
p50,ch4,1982,0.166277493
p50,ch4,1983,0.169643687
p50,ch4,1984,0.172832439
p50,ch4,1985,0.175888939
p50,ch4,1986,0.178884628
p50,ch4,1987,0.18176698
p50,ch4,1988,0.184576489
p50,ch4,1989,0.187429183
p50,ch4,1990,0.190155129
p50,ch4,1991,0.192801066
p50,ch4,1992,0.195393192
p50,ch4,1993,0.197651488
p50,ch4,1994,0.199676077
p50,ch4,1995,0.2016305
p50,ch4,1996,0.203430062
p50,ch4,1997,0.205086224
p50,ch4,1998,0.206854979
p50,ch4,1999,0.208766233
p50,ch4,2000,0.210506032
p50,ch4,2001,0.211921991
p50,ch4,2002,0.213152041
p50,ch4,2003,0.214406127
p50,ch4,2004,0.21560439
p50,ch4,2005,0.21660049
p50,ch4,2006,0.217498709
p50,ch4,2007,0.218549844
p50,ch4,2008,0.219814567
p50,ch4,2009,0.22113094
p50,ch4,2010,0.222448028
p50,ch4,2011,0.22378265
p50,ch4,2012,0.225122591
p50,ch4,2013,0.226466303
p50,ch4,2014,0.227915079
p50,ch4,2015,0.229559076
p50,ch4,2016,0.231283057
p50,ch4,2017,0.232961624
p50,ch4,2018,0.234638367
p50,ch4,2019,0.236349538
p50,ch4,2020,0.238169534
p50,ch4,2021,0.240254857
p50,ch4,2022,0.242585238
p50,ch4,2023,0.244902116
p50,ch4,2024,0.247022382
p50,ch4,2025,0.248972889
p50,co2,1850,-0.03645954
p50,co2,1851,-0.03564625
p50,co2,1852,-0.034715786
p50,co2,1853,-0.033719214
p50,co2,1854,-0.032720491
p50,co2,1855,-0.031759307
p50,co2,1856,-0.030819437
p50,co2,1857,-0.029811293
p50,co2,1858,-0.028695145
p50,co2,1859,-0.027492382
p50,co2,1860,-0.026198969
p50,co2,1861,-0.024825427
p50,co2,1862,-0.023432773
p50,co2,1863,-0.022046291
p50,co2,1864,-0.020647592
p50,co2,1865,-0.019234305
p50,co2,1866,-0.017812524
p50,co2,1867,-0.016378327
p50,co2,1868,-0.014954491
p50,co2,1869,-0.0135997
p50,co2,1870,-0.012301827
p50,co2,1871,-0.011009831
p50,co2,1872,-0.00967343
p50,co2,1873,-0.008244633
p50,co2,1874,-0.006728487
p50,co2,1875,-0.005118701
p50,co2,1876,-0.00341661
p50,co2,1877,-0.001650356
p50,co2,1878,0.000169066
p50,co2,1879,0.002019946
p50,co2,1880,0.003915834
p50,co2,1881,0.005893398
p50,co2,1882,0.007963494
p50,co2,1883,0.010063367
p50,co2,1884,0.012150642
p50,co2,1885,0.014294304
p50,co2,1886,0.016541645
p50,co2,1887,0.018886794
p50,co2,1888,0.021351591
p50,co2,1889,0.023936281
p50,co2,1890,0.026593686
p50,co2,1891,0.029316542
p50,co2,1892,0.032096936
p50,co2,1893,0.034862848
p50,co2,1894,0.03759046
p50,co2,1895,0.040281572
p50,co2,1896,0.042924962
p50,co2,1897,0.045538574
p50,co2,1898,0.048164775
p50,co2,1899,0.050877654
p50,co2,1900,0.053718399
p50,co2,1901,0.0566131
p50,co2,1902,0.059476644
p50,co2,1903,0.062331889
p50,co2,1904,0.065166507
p50,co2,1905,0.068002552
p50,co2,1906,0.070932003
p50,co2,1907,0.074035029
p50,co2,1908,0.077290997
p50,co2,1909,0.080617654
p50,co2,1910,0.084024574
p50,co2,1911,0.08752982
p50,co2,1912,0.091202069
p50,co2,1913,0.095103459
p50,co2,1914,0.099123516
p50,co2,1915,0.103184203
p50,co2,1916,0.107338171
p50,co2,1917,0.111568776
p50,co2,1918,0.115725239
p50,co2,1919,0.119668924
p50,co2,1920,0.123507837
p50,co2,1921,0.127276249
p50,co2,1922,0.130898114
p50,co2,1923,0.134405417
p50,co2,1924,0.137859955
p50,co2,1925,0.141103889
p50,co2,1926,0.143969052
p50,co2,1927,0.146671669
p50,co2,1928,0.149271036
p50,co2,1929,0.151720186
p50,co2,1930,0.154035681
p50,co2,1931,0.156299989
p50,co2,1932,0.158688267
p50,co2,1933,0.161246979
p50,co2,1934,0.164018134
p50,co2,1935,0.167059051
p50,co2,1936,0.170726947
p50,co2,1937,0.175102621
p50,co2,1938,0.179582936
p50,co2,1939,0.18395424
p50,co2,1940,0.188292422
p50,co2,1941,0.192520173
p50,co2,1942,0.19654055
p50,co2,1943,0.200187173
p50,co2,1944,0.203245108
p50,co2,1945,0.205694748
p50,co2,1946,0.207770335
p50,co2,1947,0.209739592
p50,co2,1948,0.211630205
p50,co2,1949,0.213452988
p50,co2,1950,0.215386968
p50,co2,1951,0.217444747
p50,co2,1952,0.219712631
p50,co2,1953,0.222310227
p50,co2,1954,0.225125736
p50,co2,1955,0.227994371
p50,co2,1956,0.230818913
p50,co2,1957,0.233607649
p50,co2,1958,0.236467783
p50,co2,1959,0.239563781
p50,co2,1960,0.243323044
p50,co2,1961,0.247686379
p50,co2,1962,0.252321681
p50,co2,1963,0.257080678
p50,co2,1964,0.261885681
p50,co2,1965,0.266617838
p50,co2,1966,0.271781513
p50,co2,1967,0.277319486
p50,co2,1968,0.28291081
p50,co2,1969,0.288873848
p50,co2,1970,0.295767526
p50,co2,1971,0.302901321
p50,co2,1972,0.310705644
p50,co2,1973,0.321096885
p50,co2,1974,0.331640726
p50,co2,1975,0.339681204
p50,co2,1976,0.346450453
p50,co2,1977,0.354456429
p50,co2,1978,0.36403829
p50,co2,1979,0.374332012
p50,co2,1980,0.38552008
p50,co2,1981,0.396700197
p50,co2,1982,0.406564163
p50,co2,1983,0.416359824
p50,co2,1984,0.426965236
p50,co2,1985,0.437739991
p50,co2,1986,0.448524562
p50,co2,1987,0.459607474
p50,co2,1988,0.471977897
p50,co2,1989,0.484941259
p50,co2,1990,0.497018504
p50,co2,1991,0.508439326
p50,co2,1992,0.518933856
p50,co2,1993,0.528312457
p50,co2,1994,0.537913176
p50,co2,1995,0.548679603
p50,co2,1996,0.560242231
p50,co2,1997,0.571474853
p50,co2,1998,0.583528781
p50,co2,1999,0.597010926
p50,co2,2000,0.609746207
p50,co2,2001,0.621732238
p50,co2,2002,0.634216701
p50,co2,2003,0.647879587
p50,co2,2004,0.661950963
p50,co2,2005,0.675772161
p50,co2,2006,0.68990194
p50,co2,2007,0.7039276
p50,co2,2008,0.717878163
p50,co2,2009,0.731555793
p50,co2,2010,0.745231578
p50,co2,2011,0.759275018
p50,co2,2012,0.773283433
p50,co2,2013,0.788130029
p50,co2,2014,0.803318494
p50,co2,2015,0.818305216
p50,co2,2016,0.834628173
p50,co2,2017,0.851478758
p50,co2,2018,0.867726071
p50,co2,2019,0.884037451
p50,co2,2020,0.900357599
p50,co2,2021,0.916521674
p50,co2,2022,0.932624153
p50,co2,2023,0.948723736
p50,co2,2024,0.965757181
p50,co2,2025,0.983735423
p50,contrails,1850,0.0
p50,contrails,1851,0.0
p50,contrails,1852,0.0
p50,contrails,1853,0.0
p50,contrails,1854,0.0
p50,contrails,1855,0.0
p50,contrails,1856,0.0
p50,contrails,1857,0.0
p50,contrails,1858,0.0
p50,contrails,1859,0.0
p50,contrails,1860,0.0
p50,contrails,1861,0.0
p50,contrails,1862,0.0
p50,contrails,1863,0.0
p50,contrails,1864,0.0
p50,contrails,1865,0.0
p50,contrails,1866,0.0
p50,contrails,1867,0.0
p50,contrails,1868,0.0
p50,contrails,1869,0.0
p50,contrails,1870,0.0
p50,contrails,1871,0.0
p50,contrails,1872,0.0
p50,contrails,1873,0.0
p50,contrails,1874,0.0
p50,contrails,1875,0.0
p50,contrails,1876,0.0
p50,contrails,1877,0.0
p50,contrails,1878,0.0
p50,contrails,1879,0.0
p50,contrails,1880,0.0
p50,contrails,1881,0.0
p50,contrails,1882,0.0
p50,contrails,1883,0.0
p50,contrails,1884,0.0
p50,contrails,1885,0.0
p50,contrails,1886,0.0
p50,contrails,1887,0.0
p50,contrails,1888,0.0
p50,contrails,1889,0.0
p50,contrails,1890,0.0
p50,contrails,1891,0.0
p50,contrails,1892,0.0
p50,contrails,1893,0.0
p50,contrails,1894,0.0
p50,contrails,1895,0.0
p50,contrails,1896,0.0
p50,contrails,1897,0.0
p50,contrails,1898,0.0
p50,contrails,1899,0.0
p50,contrails,1900,0.0
p50,contrails,1901,0.0
p50,contrails,1902,0.0
p50,contrails,1903,0.0
p50,contrails,1904,0.0
p50,contrails,1905,0.0
p50,contrails,1906,0.0
p50,contrails,1907,0.0
p50,contrails,1908,0.0
p50,contrails,1909,0.0
p50,contrails,1910,0.0
p50,contrails,1911,0.0
p50,contrails,1912,0.0
p50,contrails,1913,0.0
p50,contrails,1914,0.0
p50,contrails,1915,0.0
p50,contrails,1916,0.0
p50,contrails,1917,0.0
p50,contrails,1918,0.0
p50,contrails,1919,0.0
p50,contrails,1920,0.0
p50,contrails,1921,0.0
p50,contrails,1922,0.0
p50,contrails,1923,0.0
p50,contrails,1924,0.0
p50,contrails,1925,0.0
p50,contrails,1926,0.0
p50,contrails,1927,0.0
p50,contrails,1928,0.0
p50,contrails,1929,0.0
p50,contrails,1930,0.0
p50,contrails,1931,1.42e-06
p50,contrails,1932,4.99e-06
p50,contrails,1933,9.79e-06
p50,contrails,1934,1.54e-05
p50,contrails,1935,2.16e-05
p50,contrails,1936,2.83e-05
p50,contrails,1937,3.54e-05
p50,contrails,1938,4.28e-05
p50,contrails,1939,5.05e-05
p50,contrails,1940,5.84e-05
p50,contrails,1941,6.63e-05
p50,contrails,1942,7.4e-05
p50,contrails,1943,8.2e-05
p50,contrails,1944,9.02e-05
p50,contrails,1945,9.89e-05
p50,contrails,1946,0.000108225
p50,contrails,1947,0.000118111
p50,contrails,1948,0.000128568
p50,contrails,1949,0.000139786
p50,contrails,1950,0.000151868
p50,contrails,1951,0.000164885
p50,contrails,1952,0.000178698
p50,contrails,1953,0.00019363
p50,contrails,1954,0.000209847
p50,contrails,1955,0.000227269
p50,contrails,1956,0.000246068
p50,contrails,1957,0.000266341
p50,contrails,1958,0.000288158
p50,contrails,1959,0.000311572
p50,contrails,1960,0.000336818
p50,contrails,1961,0.00036962
p50,contrails,1962,0.000414177
p50,contrails,1963,0.000464589
p50,contrails,1964,0.00051633
p50,contrails,1965,0.000572991
p50,contrails,1966,0.000639551
p50,contrails,1967,0.000731164
p50,contrails,1968,0.000851324
p50,contrails,1969,0.000974228
p50,contrails,1970,0.0010799
p50,contrails,1971,0.001212222
p50,contrails,1972,0.001375102
p50,contrails,1973,0.0015258
p50,contrails,1974,0.00164811
p50,contrails,1975,0.001747031
p50,contrails,1976,0.001844138
p50,contrails,1977,0.001960017
p50,contrails,1978,0.002097999
p50,contrails,1979,0.002243088
p50,contrails,1980,0.002384023
p50,contrails,1981,0.002498547
p50,contrails,1982,0.002605055
p50,contrails,1983,0.002725802
p50,contrails,1984,0.002878736
p50,contrails,1985,0.003057668
p50,contrails,1986,0.003253348
p50,contrails,1987,0.003472737
p50,contrails,1988,0.003708736
p50,contrails,1989,0.003959489
p50,contrails,1990,0.004194479
p50,contrails,1991,0.004373814
p50,contrails,1992,0.004584114
p50,contrails,1993,0.00489254
p50,contrails,1994,0.005232177
p50,contrails,1995,0.00558186
p50,contrails,1996,0.005943904
p50,contrails,1997,0.006306648
p50,contrails,1998,0.006659409
p50,contrails,1999,0.00702725
p50,contrails,2000,0.007458659
p50,contrails,2001,0.007883467
p50,contrails,2002,0.008181948
p50,contrails,2003,0.008436528
p50,contrails,2004,0.008889376
p50,contrails,2005,0.009471702
p50,contrails,2006,0.010002273
p50,contrails,2007,0.010530653
p50,contrails,2008,0.011028189
p50,contrails,2009,0.011367228
p50,contrails,2010,0.011791274
p50,contrails,2011,0.01240377
p50,contrails,2012,0.012927445
p50,contrails,2013,0.013384411
p50,contrails,2014,0.013887252
p50,contrails,2015,0.014467647
p50,contrails,2016,0.015121867
p50,contrails,2017,0.015816127
p50,contrails,2018,0.016439125
p50,contrails,2019,0.017166168
p50,contrails,2020,0.01640022
p50,contrails,2021,0.0149212
p50,contrails,2022,0.015018881
p50,contrails,2023,0.016119552
p50,contrails,2024,0.01756579
p50,contrails,2025,0.018795837
p50,ghg,1850,-0.05507367
p50,ghg,1851,-0.053969988
p50,ghg,1852,-0.052739964
p50,ghg,1853,-0.051391236
p50,ghg,1854,-0.049983805
p50,ghg,1855,-0.048565
p50,ghg,1856,-0.047129801
p50,ghg,1857,-0.045601271
p50,ghg,1858,-0.043934754
p50,ghg,1859,-0.042135367
p50,ghg,1860,-0.040196179
p50,ghg,1861,-0.038132735
p50,ghg,1862,-0.035988514
p50,ghg,1863,-0.033776808
p50,ghg,1864,-0.031481338
p50,ghg,1865,-0.029117725
p50,ghg,1866,-0.026701885
p50,ghg,1867,-0.024226059
p50,ghg,1868,-0.02173273
p50,ghg,1869,-0.019313366
p50,ghg,1870,-0.016987424
p50,ghg,1871,-0.014729199
p50,ghg,1872,-0.012493445
p50,ghg,1873,-0.01022659
p50,ghg,1874,-0.007892527
p50,ghg,1875,-0.005451985
p50,ghg,1876,-0.002929497
p50,ghg,1877,-0.000368265
p50,ghg,1878,0.002226889
p50,ghg,1879,0.004900839
p50,ghg,1880,0.007647759
p50,ghg,1881,0.010491612
p50,ghg,1882,0.013427602
p50,ghg,1883,0.016396967
p50,ghg,1884,0.019365835
p50,ghg,1885,0.022417424
p50,ghg,1886,0.025594634
p50,ghg,1887,0.02889421
p50,ghg,1888,0.032334651
p50,ghg,1889,0.035914729
p50,ghg,1890,0.039588929
p50,ghg,1891,0.043336243
p50,ghg,1892,0.047176008
p50,ghg,1893,0.05104812
p50,ghg,1894,0.054894173
p50,ghg,1895,0.0586851
p50,ghg,1896,0.062354774
p50,ghg,1897,0.065905758
p50,ghg,1898,0.06946793
p50,ghg,1899,0.073183651
p50,ghg,1900,0.077085504
p50,ghg,1901,0.081075093
p50,ghg,1902,0.085103754
p50,ghg,1903,0.089226139
p50,ghg,1904,0.093445225
p50,ghg,1905,0.097776752
p50,ghg,1906,0.102281666
p50,ghg,1907,0.107047889
p50,ghg,1908,0.112013268
p50,ghg,1909,0.11706982
p50,ghg,1910,0.122252741
p50,ghg,1911,0.127561544
p50,ghg,1912,0.133000753
p50,ghg,1913,0.138570163
p50,ghg,1914,0.144163549
p50,ghg,1915,0.149753382
p50,ghg,1916,0.155555066
p50,ghg,1917,0.161563473
p50,ghg,1918,0.167532946
p50,ghg,1919,0.173340423
p50,ghg,1920,0.179078937
p50,ghg,1921,0.184773877
p50,ghg,1922,0.190336046
p50,ghg,1923,0.195804288
p50,ghg,1924,0.20114856
p50,ghg,1925,0.206077751
p50,ghg,1926,0.210404921
p50,ghg,1927,0.214426666
p50,ghg,1928,0.21838521
p50,ghg,1929,0.222331993
p50,ghg,1930,0.226234227
p50,ghg,1931,0.230123375
p50,ghg,1932,0.234119395
p50,ghg,1933,0.238264441
p50,ghg,1934,0.242639496
p50,ghg,1935,0.247313309
p50,ghg,1936,0.252632365
p50,ghg,1937,0.258667518
p50,ghg,1938,0.264820746
p50,ghg,1939,0.270934479
p50,ghg,1940,0.277016982
p50,ghg,1941,0.282908406
p50,ghg,1942,0.288633256
p50,ghg,1943,0.294151833
p50,ghg,1944,0.299125275
p50,ghg,1945,0.303385167
p50,ghg,1946,0.307258603
p50,ghg,1947,0.31109834
p50,ghg,1948,0.314923138
p50,ghg,1949,0.318673233
p50,ghg,1950,0.322480095
p50,ghg,1951,0.326417622
p50,ghg,1952,0.33064463
p50,ghg,1953,0.335423475
p50,ghg,1954,0.340749707
p50,ghg,1955,0.346433408
p50,ghg,1956,0.352417322
p50,ghg,1957,0.358688185
p50,ghg,1958,0.365150609
p50,ghg,1959,0.371791766
p50,ghg,1960,0.378989888
p50,ghg,1961,0.386687735
p50,ghg,1962,0.394877137
p50,ghg,1963,0.403781916
p50,ghg,1964,0.413237231
p50,ghg,1965,0.422857827
p50,ghg,1966,0.433015217
p50,ghg,1967,0.443694572
p50,ghg,1968,0.454826614
p50,ghg,1969,0.466846824
p50,ghg,1970,0.480346787
p50,ghg,1971,0.494600442
p50,ghg,1972,0.50985803
p50,ghg,1973,0.52790919
p50,ghg,1974,0.54631461
p50,ghg,1975,0.56254563
p50,ghg,1976,0.577850243
p50,ghg,1977,0.594693151
p50,ghg,1978,0.613367377
p50,ghg,1979,0.632893021
p50,ghg,1980,0.653399262
p50,ghg,1981,0.673991727
p50,ghg,1982,0.693359198
p50,ghg,1983,0.712575346
p50,ghg,1984,0.732385952
p50,ghg,1985,0.752333511
p50,ghg,1986,0.772523961
p50,ghg,1987,0.793112453
p50,ghg,1988,0.815129218
p50,ghg,1989,0.838069784
p50,ghg,1990,0.859972245
p50,ghg,1991,0.880800918
p50,ghg,1992,0.900174885
p50,ghg,1993,0.917460331
p50,ghg,1994,0.934120406
p50,ghg,1995,0.951497
p50,ghg,1996,0.969278868
p50,ghg,1997,0.986377553
p50,ghg,1998,1.004180914
p50,ghg,1999,1.023412074
p50,ghg,2000,1.041643336
p50,ghg,2001,1.058648005
p50,ghg,2002,1.075752574
p50,ghg,2003,1.093883726
p50,ghg,2004,1.112244443
p50,ghg,2005,1.130076809
p50,ghg,2006,1.148078514
p50,ghg,2007,1.166111107
p50,ghg,2008,1.18428854
p50,ghg,2009,1.202204628
p50,ghg,2010,1.220075431
p50,ghg,2011,1.238364896
p50,ghg,2012,1.256608661
p50,ghg,2013,1.27566349
p50,ghg,2014,1.295207732
p50,ghg,2015,1.31475158
p50,ghg,2016,1.3356467
p50,ghg,2017,1.35700562
p50,ghg,2018,1.377841263
p50,ghg,2019,1.398778464
p50,ghg,2020,1.419748031
p50,ghg,2021,1.440820017
p50,ghg,2022,1.462112956
p50,ghg,2023,1.483315228
p50,ghg,2024,1.505144125
p50,ghg,2025,1.52778702
p50,h2o_strat,1850,-0.000726355
p50,h2o_strat,1851,-0.000714075
p50,h2o_strat,1852,-0.000702489
p50,h2o_strat,1853,-0.000689071
p50,h2o_strat,1854,-0.000673577
p50,h2o_strat,1855,-0.000656214
p50,h2o_strat,1856,-0.000637449
p50,h2o_strat,1857,-0.000617641
p50,h2o_strat,1858,-0.000596168
p50,h2o_strat,1859,-0.000572843
p50,h2o_strat,1860,-0.000548304
p50,h2o_strat,1861,-0.000522777
p50,h2o_strat,1862,-0.000494993
p50,h2o_strat,1863,-0.00046361
p50,h2o_strat,1864,-0.00042838
p50,h2o_strat,1865,-0.000390454
p50,h2o_strat,1866,-0.000350559
p50,h2o_strat,1867,-0.000308448
p50,h2o_strat,1868,-0.00026518
p50,h2o_strat,1869,-0.00022245
p50,h2o_strat,1870,-0.000181603
p50,h2o_strat,1871,-0.00014426
p50,h2o_strat,1872,-0.000110868
p50,h2o_strat,1873,-8.09e-05
p50,h2o_strat,1874,-5.2e-05
p50,h2o_strat,1875,-2.23e-05
p50,h2o_strat,1876,4.37e-06
p50,h2o_strat,1877,3.38e-05
p50,h2o_strat,1878,6.25e-05
p50,h2o_strat,1879,9.25e-05
p50,h2o_strat,1880,0.000124407
p50,h2o_strat,1881,0.00015772
p50,h2o_strat,1882,0.00019156
p50,h2o_strat,1883,0.000225978
p50,h2o_strat,1884,0.000261422
p50,h2o_strat,1885,0.000298622
p50,h2o_strat,1886,0.000337441
p50,h2o_strat,1887,0.00037775
p50,h2o_strat,1888,0.000419445
p50,h2o_strat,1889,0.00046238
p50,h2o_strat,1890,0.000506704
p50,h2o_strat,1891,0.000552101
p50,h2o_strat,1892,0.000599662
p50,h2o_strat,1893,0.000649535
p50,h2o_strat,1894,0.000699505
p50,h2o_strat,1895,0.000747807
p50,h2o_strat,1896,0.000792017
p50,h2o_strat,1897,0.000831618
p50,h2o_strat,1898,0.000871243
p50,h2o_strat,1899,0.000914238
p50,h2o_strat,1900,0.000959886
p50,h2o_strat,1901,0.001006948
p50,h2o_strat,1902,0.001056326
p50,h2o_strat,1903,0.001108793
p50,h2o_strat,1904,0.001166069
p50,h2o_strat,1905,0.001228834
p50,h2o_strat,1906,0.001295615
p50,h2o_strat,1907,0.001366643
p50,h2o_strat,1908,0.001439029
p50,h2o_strat,1909,0.001511258
p50,h2o_strat,1910,0.001584948
p50,h2o_strat,1911,0.001658465
p50,h2o_strat,1912,0.001729677
p50,h2o_strat,1913,0.001795719
p50,h2o_strat,1914,0.001855496
p50,h2o_strat,1915,0.001912347
p50,h2o_strat,1916,0.001976959
p50,h2o_strat,1917,0.002049908
p50,h2o_strat,1918,0.002126417
p50,h2o_strat,1919,0.002210355
p50,h2o_strat,1920,0.002300516
p50,h2o_strat,1921,0.00239389
p50,h2o_strat,1922,0.002488719
p50,h2o_strat,1923,0.002582771
p50,h2o_strat,1924,0.002671668
p50,h2o_strat,1925,0.00275143
p50,h2o_strat,1926,0.002820476
p50,h2o_strat,1927,0.002882486
p50,h2o_strat,1928,0.00294726
p50,h2o_strat,1929,0.003020667
p50,h2o_strat,1930,0.003100422
p50,h2o_strat,1931,0.003181183
p50,h2o_strat,1932,0.003259808
p50,h2o_strat,1933,0.003337088
p50,h2o_strat,1934,0.003415409
p50,h2o_strat,1935,0.003495827
p50,h2o_strat,1936,0.00357641
p50,h2o_strat,1937,0.00365557
p50,h2o_strat,1938,0.003733222
p50,h2o_strat,1939,0.003813931
p50,h2o_strat,1940,0.003893823
p50,h2o_strat,1941,0.003966829
p50,h2o_strat,1942,0.004040058
p50,h2o_strat,1943,0.004115912
p50,h2o_strat,1944,0.004190126
p50,h2o_strat,1945,0.004260569
p50,h2o_strat,1946,0.004330572
p50,h2o_strat,1947,0.004406268
p50,h2o_strat,1948,0.004488176
p50,h2o_strat,1949,0.004570817
p50,h2o_strat,1950,0.004649051
p50,h2o_strat,1951,0.004725917
p50,h2o_strat,1952,0.004806408
p50,h2o_strat,1953,0.004897199
p50,h2o_strat,1954,0.00500519
p50,h2o_strat,1955,0.005129419
p50,h2o_strat,1956,0.005270441
p50,h2o_strat,1957,0.005427142
p50,h2o_strat,1958,0.005588038
p50,h2o_strat,1959,0.005743478
p50,h2o_strat,1960,0.005887809
p50,h2o_strat,1961,0.00601785
p50,h2o_strat,1962,0.006154098
p50,h2o_strat,1963,0.00631993
p50,h2o_strat,1964,0.006508239
p50,h2o_strat,1965,0.0067005
p50,h2o_strat,1966,0.006885932
p50,h2o_strat,1967,0.007066239
p50,h2o_strat,1968,0.007257919
p50,h2o_strat,1969,0.00746764
p50,h2o_strat,1970,0.00769692
p50,h2o_strat,1971,0.007942905
p50,h2o_strat,1972,0.008192381
p50,h2o_strat,1973,0.008432691
p50,h2o_strat,1974,0.008660005
p50,h2o_strat,1975,0.00888594
p50,h2o_strat,1976,0.009119713
p50,h2o_strat,1977,0.009363923
p50,h2o_strat,1978,0.009618063
p50,h2o_strat,1979,0.009879767
p50,h2o_strat,1980,0.010145931
p50,h2o_strat,1981,0.010412512
p50,h2o_strat,1982,0.010674945
p50,h2o_strat,1983,0.010928243
p50,h2o_strat,1984,0.011168918
p50,h2o_strat,1985,0.011400331
p50,h2o_strat,1986,0.011628022
p50,h2o_strat,1987,0.011847693
p50,h2o_strat,1988,0.01206248
p50,h2o_strat,1989,0.012281859
p50,h2o_strat,1990,0.012492129
p50,h2o_strat,1991,0.012696945
p50,h2o_strat,1992,0.012898224
p50,h2o_strat,1993,0.013072682
p50,h2o_strat,1994,0.013228568
p50,h2o_strat,1995,0.013379365
p50,h2o_strat,1996,0.01351803
p50,h2o_strat,1997,0.013645447
p50,h2o_strat,1998,0.013782481
p50,h2o_strat,1999,0.013931675
p50,h2o_strat,2000,0.014067324
p50,h2o_strat,2001,0.014176468
p50,h2o_strat,2002,0.014270348
p50,h2o_strat,2003,0.014366509
p50,h2o_strat,2004,0.0144584
p50,h2o_strat,2005,0.014533721
p50,h2o_strat,2006,0.014601072
p50,h2o_strat,2007,0.014681278
p50,h2o_strat,2008,0.014779468
p50,h2o_strat,2009,0.014882184
p50,h2o_strat,2010,0.014985233
p50,h2o_strat,2011,0.015089993
p50,h2o_strat,2012,0.015195433
p50,h2o_strat,2013,0.015301406
p50,h2o_strat,2014,0.015416642
p50,h2o_strat,2015,0.0155485
p50,h2o_strat,2016,0.015687638
p50,h2o_strat,2017,0.015823143
p50,h2o_strat,2018,0.015958872
p50,h2o_strat,2019,0.016097963
p50,h2o_strat,2020,0.016246846
p50,h2o_strat,2021,0.016419092
p50,h2o_strat,2022,0.016613181
p50,h2o_strat,2023,0.016806723
p50,h2o_strat,2024,0.016983556
p50,h2o_strat,2025,0.017146214
p50,halogen,1850,-5.83e-08
p50,halogen,1851,-5.77e-08
p50,halogen,1852,-5.69e-08
p50,halogen,1853,-5.6e-08
p50,halogen,1854,-5.5e-08
p50,halogen,1855,-5.4e-08
p50,halogen,1856,-5.29e-08
p50,halogen,1857,-5.17e-08
p50,halogen,1858,-5.06e-08
p50,halogen,1859,-4.93e-08
p50,halogen,1860,-4.81e-08
p50,halogen,1861,-4.68e-08
p50,halogen,1862,-4.49e-08
p50,halogen,1863,-4.26e-08
p50,halogen,1864,-4.07e-08
p50,halogen,1865,-3.89e-08
p50,halogen,1866,-3.73e-08
p50,halogen,1867,-3.5e-08
p50,halogen,1868,-3.24e-08
p50,halogen,1869,-3.03e-08
p50,halogen,1870,-2.83e-08
p50,halogen,1871,-2.58e-08
p50,halogen,1872,-2.3e-08
p50,halogen,1873,-2.06e-08
p50,halogen,1874,-1.78e-08
p50,halogen,1875,-1.47e-08
p50,halogen,1876,-1.15e-08
p50,halogen,1877,-8.25e-09
p50,halogen,1878,-4.86e-09
p50,halogen,1879,-1.38e-09
p50,halogen,1880,2.07e-09
p50,halogen,1881,5.7e-09
p50,halogen,1882,9.41e-09
p50,halogen,1883,1.38e-08
p50,halogen,1884,1.86e-08
p50,halogen,1885,2.3e-08
p50,halogen,1886,2.73e-08
p50,halogen,1887,3.21e-08
p50,halogen,1888,3.73e-08
p50,halogen,1889,4.27e-08
p50,halogen,1890,4.83e-08
p50,halogen,1891,5.41e-08
p50,halogen,1892,5.99e-08
p50,halogen,1893,6.59e-08
p50,halogen,1894,7.2e-08
p50,halogen,1895,7.89e-08
p50,halogen,1896,8.61e-08
p50,halogen,1897,9.31e-08
p50,halogen,1898,1.01e-07
p50,halogen,1899,1.08e-07
p50,halogen,1900,1.16e-07
p50,halogen,1901,1.25e-07
p50,halogen,1902,1.5e-07
p50,halogen,1903,2.03e-07
p50,halogen,1904,2.75e-07
p50,halogen,1905,3.67e-07
p50,halogen,1906,4.84e-07
p50,halogen,1907,6.39e-07
p50,halogen,1908,8.45e-07
p50,halogen,1909,1.07e-06
p50,halogen,1910,1.35e-06
p50,halogen,1911,2.33e-06
p50,halogen,1912,3.91e-06
p50,halogen,1913,5.48e-06
p50,halogen,1914,7.76e-06
p50,halogen,1915,1.16e-05
p50,halogen,1916,1.76e-05
p50,halogen,1917,2.62e-05
p50,halogen,1918,3.62e-05
p50,halogen,1919,4.65e-05
p50,halogen,1920,5.63e-05
p50,halogen,1921,6.51e-05
p50,halogen,1922,7.4e-05
p50,halogen,1923,8.46e-05
p50,halogen,1924,9.73e-05
p50,halogen,1925,0.000111809
p50,halogen,1926,0.000128924
p50,halogen,1927,0.000147322
p50,halogen,1928,0.000166697
p50,halogen,1929,0.000189722
p50,halogen,1930,0.000217335
p50,halogen,1931,0.000249611
p50,halogen,1932,0.000286086
p50,halogen,1933,0.000325728
p50,halogen,1934,0.000369073
p50,halogen,1935,0.0004182
p50,halogen,1936,0.00047655
p50,halogen,1937,0.000545185
p50,halogen,1938,0.000621564
p50,halogen,1939,0.000704226
p50,halogen,1940,0.000794969
p50,halogen,1941,0.000897374
p50,halogen,1942,0.001016737
p50,halogen,1943,0.001158374
p50,halogen,1944,0.001326185
p50,halogen,1945,0.001514775
p50,halogen,1946,0.001730079
p50,halogen,1947,0.001979897
p50,halogen,1948,0.002258635
p50,halogen,1949,0.002563755
p50,halogen,1950,0.002890713
p50,halogen,1951,0.003238972
p50,halogen,1952,0.003606476
p50,halogen,1953,0.003996387
p50,halogen,1954,0.004421588
p50,halogen,1955,0.004892247
p50,halogen,1956,0.00541777
p50,halogen,1957,0.006007556
p50,halogen,1958,0.00666175
p50,halogen,1959,0.007372768
p50,halogen,1960,0.008148534
p50,halogen,1961,0.009013997
p50,halogen,1962,0.009991478
p50,halogen,1963,0.011103706
p50,halogen,1964,0.012376962
p50,halogen,1965,0.013830813
p50,halogen,1966,0.015477154
p50,halogen,1967,0.017330796
p50,halogen,1968,0.019415958
p50,halogen,1969,0.021758373
p50,halogen,1970,0.024377616
p50,halogen,1971,0.027279723
p50,halogen,1972,0.030474017
p50,halogen,1973,0.03399889
p50,halogen,1974,0.037901882
p50,halogen,1975,0.042149475
p50,halogen,1976,0.04663323
p50,halogen,1977,0.051279316
p50,halogen,1978,0.05605226
p50,halogen,1979,0.06086686
p50,halogen,1980,0.065687256
p50,halogen,1981,0.070529037
p50,halogen,1982,0.075377693
p50,halogen,1983,0.080247304
p50,halogen,1984,0.085154549
p50,halogen,1985,0.090192378
p50,halogen,1986,0.095482202
p50,halogen,1987,0.101040831
p50,halogen,1988,0.106881118
p50,halogen,1989,0.11285673
p50,halogen,1990,0.118694635
p50,halogen,1991,0.124215153
p50,halogen,1992,0.129347253
p50,halogen,1993,0.133975615
p50,halogen,1994,0.13805133
p50,halogen,1995,0.141721614
p50,halogen,1996,0.145081524
p50,halogen,1997,0.148147289
p50,halogen,1998,0.150954918
p50,halogen,1999,0.153567563
p50,halogen,2000,0.156014481
p50,halogen,2001,0.158313244
p50,halogen,2002,0.160469055
p50,halogen,2003,0.162488618
p50,halogen,2004,0.164401176
p50,halogen,2005,0.166240174
p50,halogen,2006,0.168009545
p50,halogen,2007,0.169731651
p50,halogen,2008,0.17143159
p50,halogen,2009,0.173085389
p50,halogen,2010,0.174692198
p50,halogen,2011,0.176268529
p50,halogen,2012,0.17779523
p50,halogen,2013,0.17928665
p50,halogen,2014,0.18076042
p50,halogen,2015,0.182205404
p50,halogen,2016,0.183630114
p50,halogen,2017,0.185057331
p50,halogen,2018,0.186497927
p50,halogen,2019,0.187907735
p50,halogen,2020,0.189209225
p50,halogen,2021,0.190419339
p50,halogen,2022,0.191592888
p50,halogen,2023,0.192692869
p50,halogen,2024,0.193720137
p50,halogen,2025,0.194733945
p50,land_use,1850,0.011080909
p50,land_use,1851,0.010763901
p50,land_use,1852,0.010410999
p50,land_use,1853,0.010036703
p50,land_use,1854,0.009647324
p50,land_use,1855,0.009246191
p50,land_use,1856,0.00883566
p50,land_use,1857,0.008417105
p50,land_use,1858,0.00799154
p50,land_use,1859,0.007559856
p50,land_use,1860,0.007133932
p50,land_use,1861,0.006731212
p50,land_use,1862,0.006350248
p50,land_use,1863,0.005980718
p50,land_use,1864,0.005618089
p50,land_use,1865,0.005260304
p50,land_use,1866,0.004905917
p50,land_use,1867,0.004554153
p50,land_use,1868,0.004204355
p50,land_use,1869,0.003856049
p50,land_use,1870,0.003483086
p50,land_use,1871,0.00304588
p50,land_use,1872,0.002548692
p50,land_use,1873,0.002016054
p50,land_use,1874,0.001458647
p50,land_use,1875,0.000880671
p50,land_use,1876,0.000284708
p50,land_use,1877,-0.000301641
p50,land_use,1878,-0.000921908
p50,land_use,1879,-0.001545538
p50,land_use,1880,-0.002163966
p50,land_use,1881,-0.002756133
p50,land_use,1882,-0.003323446
p50,land_use,1883,-0.003878076
p50,land_use,1884,-0.004425329
p50,land_use,1885,-0.004967656
p50,land_use,1886,-0.005506679
p50,land_use,1887,-0.006043176
p50,land_use,1888,-0.006577966
p50,land_use,1889,-0.007111492
p50,land_use,1890,-0.007642784
p50,land_use,1891,-0.008169986
p50,land_use,1892,-0.008693623
p50,land_use,1893,-0.009215061
p50,land_use,1894,-0.009735068
p50,land_use,1895,-0.010254035
p50,land_use,1896,-0.010772267
p50,land_use,1897,-0.011290002
p50,land_use,1898,-0.011807422
p50,land_use,1899,-0.012324574
p50,land_use,1900,-0.012853652
p50,land_use,1901,-0.013412948
p50,land_use,1902,-0.014000408
p50,land_use,1903,-0.014604503
p50,land_use,1904,-0.015220457
p50,land_use,1905,-0.015845465
p50,land_use,1906,-0.01647785
p50,land_use,1907,-0.017116609
p50,land_use,1908,-0.017761166
p50,land_use,1909,-0.018410777
p50,land_use,1910,-0.019034042
p50,land_use,1911,-0.019583093
p50,land_use,1912,-0.02006339
p50,land_use,1913,-0.020504981
p50,land_use,1914,-0.020920326
p50,land_use,1915,-0.021317014
p50,land_use,1916,-0.021698985
p50,land_use,1917,-0.022069019
p50,land_use,1918,-0.022429252
p50,land_use,1919,-0.022781842
p50,land_use,1920,-0.023142326
p50,land_use,1921,-0.023533678
p50,land_use,1922,-0.023954362
p50,land_use,1923,-0.024391082
p50,land_use,1924,-0.024838551
p50,land_use,1925,-0.025294089
p50,land_use,1926,-0.025756483
p50,land_use,1927,-0.026224597
p50,land_use,1928,-0.026697728
p50,land_use,1929,-0.027175732
p50,land_use,1930,-0.027653128
p50,land_use,1931,-0.028123107
p50,land_use,1932,-0.028585857
p50,land_use,1933,-0.029046301
p50,land_use,1934,-0.029506056
p50,land_use,1935,-0.029966128
p50,land_use,1936,-0.030427952
p50,land_use,1937,-0.030891463
p50,land_use,1938,-0.031356865
p50,land_use,1939,-0.03182483
p50,land_use,1940,-0.032254746
p50,land_use,1941,-0.032583383
p50,land_use,1942,-0.032820094
p50,land_use,1943,-0.033003512
p50,land_use,1944,-0.033152041
p50,land_use,1945,-0.033275974
p50,land_use,1946,-0.033380622
p50,land_use,1947,-0.033471233
p50,land_use,1948,-0.033551106
p50,land_use,1949,-0.033622897
p50,land_use,1950,-0.033736204
p50,land_use,1951,-0.033968102
p50,land_use,1952,-0.034310561
p50,land_use,1953,-0.03470655
p50,land_use,1954,-0.035138135
p50,land_use,1955,-0.035607832
p50,land_use,1956,-0.03610079
p50,land_use,1957,-0.036599091
p50,land_use,1958,-0.037072833
p50,land_use,1959,-0.037495847
p50,land_use,1960,-0.037886707
p50,land_use,1961,-0.038258249
p50,land_use,1962,-0.038628312
p50,land_use,1963,-0.039016686
p50,land_use,1964,-0.039393821
p50,land_use,1965,-0.039746844
p50,land_use,1966,-0.040082222
p50,land_use,1967,-0.040449503
p50,land_use,1968,-0.040956641
p50,land_use,1969,-0.041574326
p50,land_use,1970,-0.042176578
p50,land_use,1971,-0.042712715
p50,land_use,1972,-0.043179762
p50,land_use,1973,-0.04363676
p50,land_use,1974,-0.044105874
p50,land_use,1975,-0.04454175
p50,land_use,1976,-0.044944445
p50,land_use,1977,-0.045371911
p50,land_use,1978,-0.045868361
p50,land_use,1979,-0.046367635
p50,land_use,1980,-0.046823696
p50,land_use,1981,-0.047288703
p50,land_use,1982,-0.047759808
p50,land_use,1983,-0.048223151
p50,land_use,1984,-0.048689134
p50,land_use,1985,-0.049147517
p50,land_use,1986,-0.049586057
p50,land_use,1987,-0.050001472
p50,land_use,1988,-0.050395674
p50,land_use,1989,-0.050750674
p50,land_use,1990,-0.051055978
p50,land_use,1991,-0.051286807
p50,land_use,1992,-0.051433674
p50,land_use,1993,-0.051560419
p50,land_use,1994,-0.051701213
p50,land_use,1995,-0.051830047
p50,land_use,1996,-0.051967927
p50,land_use,1997,-0.052153634
p50,land_use,1998,-0.052367869
p50,land_use,1999,-0.052598797
p50,land_use,2000,-0.052842654
p50,land_use,2001,-0.053043069
p50,land_use,2002,-0.053164685
p50,land_use,2003,-0.053271463
p50,land_use,2004,-0.053422911
p50,land_use,2005,-0.053611996
p50,land_use,2006,-0.053686693
p50,land_use,2007,-0.053566436
p50,land_use,2008,-0.0534467
p50,land_use,2009,-0.05343634
p50,land_use,2010,-0.053467707
p50,land_use,2011,-0.053431171
p50,land_use,2012,-0.05329172
p50,land_use,2013,-0.053199128
p50,land_use,2014,-0.053202856
p50,land_use,2015,-0.053226985
p50,land_use,2016,-0.053277157
p50,land_use,2017,-0.053364253
p50,land_use,2018,-0.053454631
p50,land_use,2019,-0.053563906
p50,land_use,2020,-0.053704747
p50,land_use,2021,-0.053847084
p50,land_use,2022,-0.053981988
p50,land_use,2023,-0.054132845
p50,land_use,2024,-0.05430467
p50,land_use,2025,-0.054475932
p50,n2o,1850,-0.004980493
p50,n2o,1851,-0.004926206
p50,n2o,1852,-0.004849801
p50,n2o,1853,-0.004755969
p50,n2o,1854,-0.004645382
p50,n2o,1855,-0.004521403
p50,n2o,1856,-0.004386064
p50,n2o,1857,-0.004244968
p50,n2o,1858,-0.004105135
p50,n2o,1859,-0.003953964
p50,n2o,1860,-0.003776552
p50,n2o,1861,-0.00357325
p50,n2o,1862,-0.003350411
p50,n2o,1863,-0.003121223
p50,n2o,1864,-0.002891931
p50,n2o,1865,-0.002658687
p50,n2o,1866,-0.002416936
p50,n2o,1867,-0.002167903
p50,n2o,1868,-0.001910949
p50,n2o,1869,-0.001646966
p50,n2o,1870,-0.001382037
p50,n2o,1871,-0.001111639
p50,n2o,1872,-0.000833529
p50,n2o,1873,-0.000552338
p50,n2o,1874,-0.000266806
p50,n2o,1875,1.07e-05
p50,n2o,1876,0.000280705
p50,n2o,1877,0.000544014
p50,n2o,1878,0.000806306
p50,n2o,1879,0.001066139
p50,n2o,1880,0.001322357
p50,n2o,1881,0.001571273
p50,n2o,1882,0.00181138
p50,n2o,1883,0.002045356
p50,n2o,1884,0.002273469
p50,n2o,1885,0.002496633
p50,n2o,1886,0.002713085
p50,n2o,1887,0.002927713
p50,n2o,1888,0.003139312
p50,n2o,1889,0.00334894
p50,n2o,1890,0.003556257
p50,n2o,1891,0.003753102
p50,n2o,1892,0.003947202
p50,n2o,1893,0.004148106
p50,n2o,1894,0.00436133
p50,n2o,1895,0.004587941
p50,n2o,1896,0.004815591
p50,n2o,1897,0.005037853
p50,n2o,1898,0.005259002
p50,n2o,1899,0.005487629
p50,n2o,1900,0.005728279
p50,n2o,1901,0.005978924
p50,n2o,1902,0.006260053
p50,n2o,1903,0.006590169
p50,n2o,1904,0.006954308
p50,n2o,1905,0.007334841
p50,n2o,1906,0.007728258
p50,n2o,1907,0.008137813
p50,n2o,1908,0.008573314
p50,n2o,1909,0.009035607
p50,n2o,1910,0.009522343
p50,n2o,1911,0.010041769
p50,n2o,1912,0.010566743
p50,n2o,1913,0.011084726
p50,n2o,1914,0.011616287
p50,n2o,1915,0.012154252
p50,n2o,1916,0.012676959
p50,n2o,1917,0.013187614
p50,n2o,1918,0.013675637
p50,n2o,1919,0.014092008
p50,n2o,1920,0.014444733
p50,n2o,1921,0.014775758
p50,n2o,1922,0.015101874
p50,n2o,1923,0.015464343
p50,n2o,1924,0.015843553
p50,n2o,1925,0.016172774
p50,n2o,1926,0.016454466
p50,n2o,1927,0.016709652
p50,n2o,1928,0.016958981
p50,n2o,1929,0.017202957
p50,n2o,1930,0.017430195
p50,n2o,1931,0.017676489
p50,n2o,1932,0.017941857
p50,n2o,1933,0.018207284
p50,n2o,1934,0.018472663
p50,n2o,1935,0.018731077
p50,n2o,1936,0.019000769
p50,n2o,1937,0.019295296
p50,n2o,1938,0.019621505
p50,n2o,1939,0.019963335
p50,n2o,1940,0.020314133
p50,n2o,1941,0.020683679
p50,n2o,1942,0.021074718
p50,n2o,1943,0.021571584
p50,n2o,1944,0.022112457
p50,n2o,1945,0.022587662
p50,n2o,1946,0.023032679
p50,n2o,1947,0.02343018
p50,n2o,1948,0.023767122
p50,n2o,1949,0.024061176
p50,n2o,1950,0.024350982
p50,n2o,1951,0.024651686
p50,n2o,1952,0.024959611
p50,n2o,1953,0.025312335
p50,n2o,1954,0.025697593
p50,n2o,1955,0.026097829
p50,n2o,1956,0.026537924
p50,n2o,1957,0.027007055
p50,n2o,1958,0.027476061
p50,n2o,1959,0.027924408
p50,n2o,1960,0.028373835
p50,n2o,1961,0.028848923
p50,n2o,1962,0.02934791
p50,n2o,1963,0.02987379
p50,n2o,1964,0.03041917
p50,n2o,1965,0.030973457
p50,n2o,1966,0.031547754
p50,n2o,1967,0.032145786
p50,n2o,1968,0.032758538
p50,n2o,1969,0.033382437
p50,n2o,1970,0.034016237
p50,n2o,1971,0.034660337
p50,n2o,1972,0.035316269
p50,n2o,1973,0.035985389
p50,n2o,1974,0.03667013
p50,n2o,1975,0.037372191
p50,n2o,1976,0.038092519
p50,n2o,1977,0.038831297
p50,n2o,1978,0.039590344
p50,n2o,1979,0.040372414
p50,n2o,1980,0.041201284
p50,n2o,1981,0.042122156
p50,n2o,1982,0.043206337
p50,n2o,1983,0.044323549
p50,n2o,1984,0.045365331
p50,n2o,1985,0.04637628
p50,n2o,1986,0.047424035
p50,n2o,1987,0.048413729
p50,n2o,1988,0.049333634
p50,n2o,1989,0.050405954
p50,n2o,1990,0.051600672
p50,n2o,1991,0.052787156
p50,n2o,1992,0.053893053
p50,n2o,1993,0.054882121
p50,n2o,1994,0.055816796
p50,n2o,1995,0.056778935
p50,n2o,1996,0.0578173
p50,n2o,1997,0.058944967
p50,n2o,1998,0.060101414
p50,n2o,1999,0.061311825
p50,n2o,2000,0.062603897
p50,n2o,2001,0.063891852
p50,n2o,2002,0.065112754
p50,n2o,2003,0.06629606
p50,n2o,2004,0.067463025
p50,n2o,2005,0.068622704
p50,n2o,2006,0.069817477
p50,n2o,2007,0.071035502
p50,n2o,2008,0.07227946
p50,n2o,2009,0.073529926
p50,n2o,2010,0.074781626
p50,n2o,2011,0.076101194
p50,n2o,2012,0.077455037
p50,n2o,2013,0.078813736
p50,n2o,2014,0.080232053
p50,n2o,2015,0.081683648
p50,n2o,2016,0.083093127
p50,n2o,2017,0.084485214
p50,n2o,2018,0.085940624
p50,n2o,2019,0.087432146
p50,n2o,2020,0.088947697
p50,n2o,2021,0.090546598
p50,n2o,2022,0.092217971
p50,n2o,2023,0.093895018
p50,n2o,2024,0.095536218
p50,n2o,2025,0.097231949
p50,natural,1850,0.020570863
p50,natural,1851,0.027750805
p50,natural,1852,0.033511125
p50,natural,1853,0.030158457
p50,natural,1854,0.013432785
p50,natural,1855,0.00850439
p50,natural,1856,0.016284146
p50,natural,1857,-0.001664087
p50,natural,1858,-0.026952167
p50,natural,1859,-0.012750534
p50,natural,1860,0.00940826
p50,natural,1861,0.025115891
p50,natural,1862,-0.007287182
p50,natural,1863,-0.06644001
p50,natural,1864,-0.065635423
p50,natural,1865,-0.029253567
p50,natural,1866,-0.00441425
p50,natural,1867,0.008651551
p50,natural,1868,0.019684419
p50,natural,1869,0.022167873
p50,natural,1870,0.025484669
p50,natural,1871,0.03634527
p50,natural,1872,0.022420844
p50,natural,1873,-0.007899778
p50,natural,1874,-0.011469592
p50,natural,1875,0.003523293
p50,natural,1876,0.013342591
p50,natural,1877,0.022646179
p50,natural,1878,0.030355014
p50,natural,1879,0.035966809
p50,natural,1880,0.038099768
p50,natural,1881,0.035199936
p50,natural,1882,0.036758856
p50,natural,1883,0.034472015
p50,natural,1884,-0.032716255
p50,natural,1885,-0.110663298
p50,natural,1886,-0.130230099
p50,natural,1887,-0.118881505
p50,natural,1888,-0.076016899
p50,natural,1889,-0.038250303
p50,natural,1890,-0.021582704
p50,natural,1891,-0.010617415
p50,natural,1892,-0.000912379
p50,natural,1893,0.008263182
p50,natural,1894,0.019851461
p50,natural,1895,0.020037648
p50,natural,1896,0.016975341
p50,natural,1897,0.023771915
p50,natural,1898,0.0313191
p50,natural,1899,0.036949564
p50,natural,1900,0.04030244
p50,natural,1901,0.042558687
p50,natural,1902,0.043453269
p50,natural,1903,0.034967502
p50,natural,1904,0.029374753
p50,natural,1905,0.036974772
p50,natural,1906,0.045382303
p50,natural,1907,0.039509817
p50,natural,1908,0.02733939
p50,natural,1909,0.030750971
p50,natural,1910,0.040446397
p50,natural,1911,0.045464771
p50,natural,1912,0.026895893
p50,natural,1913,-0.003579684
p50,natural,1914,-0.006731975
p50,natural,1915,0.013430903
p50,natural,1916,0.031797139
p50,natural,1917,0.044081085
p50,natural,1918,0.050542467
p50,natural,1919,0.045736537
p50,natural,1920,0.042495395
p50,natural,1921,0.047707768
p50,natural,1922,0.051336497
p50,natural,1923,0.053243235
p50,natural,1924,0.04926576
p50,natural,1925,0.046538355
p50,natural,1926,0.043301215
p50,natural,1927,0.041097904
p50,natural,1928,0.04918472
p50,natural,1929,0.056300536
p50,natural,1930,0.059685599
p50,natural,1931,0.060804202
p50,natural,1932,0.057631903
p50,natural,1933,0.043954117
p50,natural,1934,0.036635629
p50,natural,1935,0.045352163
p50,natural,1936,0.055984645
p50,natural,1937,0.064419942
p50,natural,1938,0.069415934
p50,natural,1939,0.072175368
p50,natural,1940,0.073510449
p50,natural,1941,0.073846692
p50,natural,1942,0.073238428
p50,natural,1943,0.066048167
p50,natural,1944,0.057794832
p50,natural,1945,0.059256875
p50,natural,1946,0.065908537
p50,natural,1947,0.069006007
p50,natural,1948,0.070174685
p50,natural,1949,0.073951086
p50,natural,1950,0.076659967
p50,natural,1951,0.075927947
p50,natural,1952,0.073577896
p50,natural,1953,0.071846255
p50,natural,1954,0.07091899
p50,natural,1955,0.071050795
p50,natural,1956,0.06972246
p50,natural,1957,0.068929239
p50,natural,1958,0.07354083
p50,natural,1959,0.07865119
p50,natural,1960,0.080682618
p50,natural,1961,0.080171199
p50,natural,1962,0.078030653
p50,natural,1963,0.048391506
p50,natural,1964,0.010889876
p50,natural,1965,0.010067344
p50,natural,1966,0.029940736
p50,natural,1967,0.045110837
p50,natural,1968,0.051475531
p50,natural,1969,0.050219488
p50,natural,1970,0.052506891
p50,natural,1971,0.058716761
p50,natural,1972,0.063078861
p50,natural,1973,0.065416718
p50,natural,1974,0.065777802
p50,natural,1975,0.065573038
p50,natural,1976,0.065210553
p50,natural,1977,0.066393345
p50,natural,1978,0.070027123
p50,natural,1979,0.074470853
p50,natural,1980,0.076485521
p50,natural,1981,0.075868226
p50,natural,1982,0.063345639
p50,natural,1983,0.032038972
p50,natural,1984,0.013391187
p50,natural,1985,0.01849778
p50,natural,1986,0.027037635
p50,natural,1987,0.033205688
p50,natural,1988,0.041951538
p50,natural,1989,0.052655204
p50,natural,1990,0.061240096
p50,natural,1991,0.042938659
p50,natural,1992,-0.015003382
p50,natural,1993,-0.059665534
p50,natural,1994,-0.038625231
p50,natural,1995,-0.007254619
p50,natural,1996,0.009364557
p50,natural,1997,0.022842883
p50,natural,1998,0.034354142
p50,natural,1999,0.044822888
p50,natural,2000,0.054262776
p50,natural,2001,0.060982205
p50,natural,2002,0.065791231
p50,natural,2003,0.067786411
p50,natural,2004,0.066944043
p50,natural,2005,0.065158132
p50,natural,2006,0.062341725
p50,natural,2007,0.059844957
p50,natural,2008,0.058708378
p50,natural,2009,0.057887186
p50,natural,2010,0.058243272
p50,natural,2011,0.059933962
p50,natural,2012,0.062529737
p50,natural,2013,0.067207194
p50,natural,2014,0.070262461
p50,natural,2015,0.070481284
p50,natural,2016,0.069203002
p50,natural,2017,0.067984406
p50,natural,2018,0.066858422
p50,natural,2019,0.062152807
p50,natural,2020,0.055533635
p50,natural,2021,0.054372803
p50,natural,2022,0.053903502
p50,natural,2023,0.05902583
p50,natural,2024,0.070123083
p50,natural,2025,0.075281449
p50,o3,1850,-0.006502263
p50,o3,1851,-0.006432929
p50,o3,1852,-0.006446871
p50,o3,1853,-0.006412243
p50,o3,1854,-0.00622576
p50,o3,1855,-0.006001062
p50,o3,1856,-0.005892578
p50,o3,1857,-0.005698754
p50,o3,1858,-0.005360302
p50,o3,1859,-0.005097864
p50,o3,1860,-0.004924256
p50,o3,1861,-0.004704248
p50,o3,1862,-0.004482528
p50,o3,1863,-0.0043366
p50,o3,1864,-0.004122573
p50,o3,1865,-0.003761699
p50,o3,1866,-0.003392677
p50,o3,1867,-0.003005468
p50,o3,1868,-0.002493883
p50,o3,1869,-0.002058969
p50,o3,1870,-0.001700205
p50,o3,1871,-0.001370017
p50,o3,1872,-0.001184899
p50,o3,1873,-0.000938241
p50,o3,1874,-0.00054683
p50,o3,1875,-0.000228345
p50,o3,1876,-8.31e-06
p50,o3,1877,0.000287792
p50,o3,1878,0.000674615
p50,o3,1879,0.001042191
p50,o3,1880,0.001327081
p50,o3,1881,0.001637682
p50,o3,1882,0.001933845
p50,o3,1883,0.002105118
p50,o3,1884,0.00236506
p50,o3,1885,0.002730235
p50,o3,1886,0.003076255
p50,o3,1887,0.003465871
p50,o3,1888,0.003940391
p50,o3,1889,0.004400616
p50,o3,1890,0.004834728
p50,o3,1891,0.005211722
p50,o3,1892,0.005493381
p50,o3,1893,0.005820468
p50,o3,1894,0.00630458
p50,o3,1895,0.006824111
p50,o3,1896,0.007138139
p50,o3,1897,0.007486699
p50,o3,1898,0.00797737
p50,o3,1899,0.008432106
p50,o3,1900,0.008850289
p50,o3,1901,0.009266353
p50,o3,1902,0.009687935
p50,o3,1903,0.010072685
p50,o3,1904,0.010604053
p50,o3,1905,0.011316964
p50,o3,1906,0.012015375
p50,o3,1907,0.012804533
p50,o3,1908,0.013683093
p50,o3,1909,0.01447696
p50,o3,1910,0.015295007
p50,o3,1911,0.016080009
p50,o3,1912,0.016716816
p50,o3,1913,0.017391728
p50,o3,1914,0.018148047
p50,o3,1915,0.018807148
p50,o3,1916,0.019419834
p50,o3,1917,0.020229066
p50,o3,1918,0.021163191
p50,o3,1919,0.021990816
p50,o3,1920,0.022853077
p50,o3,1921,0.023714956
p50,o3,1922,0.024464347
p50,o3,1923,0.025505726
p50,o3,1924,0.026528527
p50,o3,1925,0.027286237
p50,o3,1926,0.028012412
p50,o3,1927,0.028801556
p50,o3,1928,0.029679639
p50,o3,1929,0.030606647
p50,o3,1930,0.031581538
p50,o3,1931,0.032166227
p50,o3,1932,0.032538984
p50,o3,1933,0.033037416
p50,o3,1934,0.033760808
p50,o3,1935,0.03467097
p50,o3,1936,0.035697635
p50,o3,1937,0.036797754
p50,o3,1938,0.037556448
p50,o3,1939,0.038336202
p50,o3,1940,0.039312068
p50,o3,1941,0.040189595
p50,o3,1942,0.041050078
p50,o3,1943,0.041957025
p50,o3,1944,0.042919488
p50,o3,1945,0.043720691
p50,o3,1946,0.044280369
p50,o3,1947,0.044996309
p50,o3,1948,0.046119659
p50,o3,1949,0.047174191
p50,o3,1950,0.04831583
p50,o3,1951,0.049445303
p50,o3,1952,0.050358896
p50,o3,1953,0.051585395
p50,o3,1954,0.052984533
p50,o3,1955,0.054574347
p50,o3,1956,0.056579478
p50,o3,1957,0.058843617
p50,o3,1958,0.06061542
p50,o3,1959,0.061908417
p50,o3,1960,0.063354354
p50,o3,1961,0.065083342
p50,o3,1962,0.066874298
p50,o3,1963,0.069106066
p50,o3,1964,0.071453517
p50,o3,1965,0.07353112
p50,o3,1966,0.075683188
p50,o3,1967,0.078022141
p50,o3,1968,0.080546766
p50,o3,1969,0.082907053
p50,o3,1970,0.085589748
p50,o3,1971,0.088558011
p50,o3,1972,0.091823664
p50,o3,1973,0.094891963
p50,o3,1974,0.09708818
p50,o3,1975,0.098756543
p50,o3,1976,0.100695495
p50,o3,1977,0.103123249
p50,o3,1978,0.105566638
p50,o3,1979,0.10797419
p50,o3,1980,0.110021146
p50,o3,1981,0.1115185
p50,o3,1982,0.113350761
p50,o3,1983,0.114692374
p50,o3,1984,0.115510667
p50,o3,1985,0.116965061
p50,o3,1986,0.118618145
p50,o3,1987,0.120555869
p50,o3,1988,0.122647471
p50,o3,1989,0.124558506
p50,o3,1990,0.126260772
p50,o3,1991,0.129134456
p50,o3,1992,0.131177405
p50,o3,1993,0.131778455
p50,o3,1994,0.133802291
p50,o3,1995,0.135821792
p50,o3,1996,0.136964761
p50,o3,1997,0.139984259
p50,o3,1998,0.14352327
p50,o3,1999,0.144681601
p50,o3,2000,0.144932036
p50,o3,2001,0.145569386
p50,o3,2002,0.147125979
p50,o3,2003,0.149110966
p50,o3,2004,0.151085404
p50,o3,2005,0.153221908
p50,o3,2006,0.155377146
p50,o3,2007,0.157516667
p50,o3,2008,0.159087674
p50,o3,2009,0.159731987
p50,o3,2010,0.160585458
p50,o3,2011,0.162035754
p50,o3,2012,0.163571907
p50,o3,2013,0.164644628
p50,o3,2014,0.165663547
p50,o3,2015,0.167475326
p50,o3,2016,0.168556038
p50,o3,2017,0.168980719
p50,o3,2018,0.169752886
p50,o3,2019,0.171102604
p50,o3,2020,0.171795103
p50,o3,2021,0.172349089
p50,o3,2022,0.173426805
p50,o3,2023,0.175552484
p50,o3,2024,0.178580895
p50,o3,2025,0.179488799
p50,other_human_forcing,1850,0.032298081
p50,other_human_forcing,1851,0.031755003
p50,other_human_forcing,1852,0.031634108
p50,other_human_forcing,1853,0.031233049
p50,other_human_forcing,1854,0.029955929
p50,other_human_forcing,1855,0.028666587
p50,other_human_forcing,1856,0.027857192
p50,other_human_forcing,1857,0.026815366
p50,other_human_forcing,1858,0.025646876
p50,other_human_forcing,1859,0.024448493
p50,other_human_forcing,1860,0.023151735
p50,other_human_forcing,1861,0.02202702
p50,other_human_forcing,1862,0.021189748
p50,other_human_forcing,1863,0.020576705
p50,other_human_forcing,1864,0.020047475
p50,other_human_forcing,1865,0.018925158
p50,other_human_forcing,1866,0.017736291
p50,other_human_forcing,1867,0.016626608
p50,other_human_forcing,1868,0.014878731
p50,other_human_forcing,1869,0.013287083
p50,other_human_forcing,1870,0.011828947
p50,other_human_forcing,1871,0.010436995
p50,other_human_forcing,1872,0.009610469
p50,other_human_forcing,1873,0.007819448
p50,other_human_forcing,1874,0.005245538
p50,other_human_forcing,1875,0.003749793
p50,other_human_forcing,1876,0.002560214
p50,other_human_forcing,1877,0.001192303
p50,other_human_forcing,1878,-0.000166434
p50,other_human_forcing,1879,-0.002046617
p50,other_human_forcing,1880,-0.00445569
p50,other_human_forcing,1881,-0.006798259
p50,other_human_forcing,1882,-0.008887293
p50,other_human_forcing,1883,-0.010797578
p50,other_human_forcing,1884,-0.012553657
p50,other_human_forcing,1885,-0.014384113
p50,other_human_forcing,1886,-0.015925056
p50,other_human_forcing,1887,-0.01752546
p50,other_human_forcing,1888,-0.020160194
p50,other_human_forcing,1889,-0.022736947
p50,other_human_forcing,1890,-0.025121916
p50,other_human_forcing,1891,-0.027583819
p50,other_human_forcing,1892,-0.029319266
p50,other_human_forcing,1893,-0.030791518
p50,other_human_forcing,1894,-0.032890929
p50,other_human_forcing,1895,-0.035412416
p50,other_human_forcing,1896,-0.037613377
p50,other_human_forcing,1897,-0.040084058
p50,other_human_forcing,1898,-0.042999508
p50,other_human_forcing,1899,-0.046708153
p50,other_human_forcing,1900,-0.050877455
p50,other_human_forcing,1901,-0.054373834
p50,other_human_forcing,1902,-0.057367603
p50,other_human_forcing,1903,-0.060645161
p50,other_human_forcing,1904,-0.064408167
p50,other_human_forcing,1905,-0.06850585
p50,other_human_forcing,1906,-0.072901503
p50,other_human_forcing,1907,-0.078457768
p50,other_human_forcing,1908,-0.083360795
p50,other_human_forcing,1909,-0.086799072
p50,other_human_forcing,1910,-0.091082368
p50,other_human_forcing,1911,-0.094804318
p50,other_human_forcing,1912,-0.097560404
p50,other_human_forcing,1913,-0.10103548
p50,other_human_forcing,1914,-0.10331335
p50,other_human_forcing,1915,-0.103583326
p50,other_human_forcing,1916,-0.10520971
p50,other_human_forcing,1917,-0.108617165
p50,other_human_forcing,1918,-0.111464689
p50,other_human_forcing,1919,-0.110494429
p50,other_human_forcing,1920,-0.109424597
p50,other_human_forcing,1921,-0.107853518
p50,other_human_forcing,1922,-0.104627568
p50,other_human_forcing,1923,-0.105605782
p50,other_human_forcing,1924,-0.107800212
p50,other_human_forcing,1925,-0.108803495
p50,other_human_forcing,1926,-0.110105005
p50,other_human_forcing,1927,-0.112575802
p50,other_human_forcing,1928,-0.115350712
p50,other_human_forcing,1929,-0.118692143
p50,other_human_forcing,1930,-0.121181832
p50,other_human_forcing,1931,-0.118925594
p50,other_human_forcing,1932,-0.113670003
p50,other_human_forcing,1933,-0.110340685
p50,other_human_forcing,1934,-0.111329219
p50,other_human_forcing,1935,-0.114808966
p50,other_human_forcing,1936,-0.119342208
p50,other_human_forcing,1937,-0.12467238
p50,other_human_forcing,1938,-0.127219866
p50,other_human_forcing,1939,-0.128991118
p50,other_human_forcing,1940,-0.13381504
p50,other_human_forcing,1941,-0.139118499
p50,other_human_forcing,1942,-0.143945708
p50,other_human_forcing,1943,-0.147990012
p50,other_human_forcing,1944,-0.150154089
p50,other_human_forcing,1945,-0.14785943
p50,other_human_forcing,1946,-0.143120681
p50,other_human_forcing,1947,-0.142070475
p50,other_human_forcing,1948,-0.144280884
p50,other_human_forcing,1949,-0.146160665
p50,other_human_forcing,1950,-0.149064087
p50,other_human_forcing,1951,-0.153025151
p50,other_human_forcing,1952,-0.156510352
p50,other_human_forcing,1953,-0.160440976
p50,other_human_forcing,1954,-0.164308865
p50,other_human_forcing,1955,-0.169248754
p50,other_human_forcing,1956,-0.176486082
p50,other_human_forcing,1957,-0.184229441
p50,other_human_forcing,1958,-0.189815665
p50,other_human_forcing,1959,-0.194516479
p50,other_human_forcing,1960,-0.200717573
p50,other_human_forcing,1961,-0.207693618
p50,other_human_forcing,1962,-0.213913257
p50,other_human_forcing,1963,-0.220892503
p50,other_human_forcing,1964,-0.228096871
p50,other_human_forcing,1965,-0.234041353
p50,other_human_forcing,1966,-0.23977608
p50,other_human_forcing,1967,-0.245063313
p50,other_human_forcing,1968,-0.250507207
p50,other_human_forcing,1969,-0.256366131
p50,other_human_forcing,1970,-0.26401189
p50,other_human_forcing,1971,-0.27155743
p50,other_human_forcing,1972,-0.278582204
p50,other_human_forcing,1973,-0.286227159
p50,other_human_forcing,1974,-0.29175571
p50,other_human_forcing,1975,-0.294698633
p50,other_human_forcing,1976,-0.299146507
p50,other_human_forcing,1977,-0.305016782
p50,other_human_forcing,1978,-0.309447077
p50,other_human_forcing,1979,-0.313988411
p50,other_human_forcing,1980,-0.318133119
p50,other_human_forcing,1981,-0.319543656
p50,other_human_forcing,1982,-0.320165629
p50,other_human_forcing,1983,-0.319290077
p50,other_human_forcing,1984,-0.317676607
p50,other_human_forcing,1985,-0.31841734
p50,other_human_forcing,1986,-0.319084177
p50,other_human_forcing,1987,-0.320741376
p50,other_human_forcing,1988,-0.323159641
p50,other_human_forcing,1989,-0.32389896
p50,other_human_forcing,1990,-0.324299061
p50,other_human_forcing,1991,-0.32724413
p50,other_human_forcing,1992,-0.325663156
p50,other_human_forcing,1993,-0.319704175
p50,other_human_forcing,1994,-0.317528813
p50,other_human_forcing,1995,-0.314279458
p50,other_human_forcing,1996,-0.30801293
p50,other_human_forcing,1997,-0.306756785
p50,other_human_forcing,1998,-0.308309322
p50,other_human_forcing,1999,-0.303223127
p50,other_human_forcing,2000,-0.294265435
p50,other_human_forcing,2001,-0.287739205
p50,other_human_forcing,2002,-0.286125164
p50,other_human_forcing,2003,-0.288589999
p50,other_human_forcing,2004,-0.290636284
p50,other_human_forcing,2005,-0.292892633
p50,other_human_forcing,2006,-0.296330505
p50,other_human_forcing,2007,-0.297115757
p50,other_human_forcing,2008,-0.293983596
p50,other_human_forcing,2009,-0.287329033
p50,other_human_forcing,2010,-0.280312472
p50,other_human_forcing,2011,-0.27555416
p50,other_human_forcing,2012,-0.272436948
p50,other_human_forcing,2013,-0.267477671
p50,other_human_forcing,2014,-0.260982089
p50,other_human_forcing,2015,-0.255290442
p50,other_human_forcing,2016,-0.246819997
p50,other_human_forcing,2017,-0.236910146
p50,other_human_forcing,2018,-0.228712041
p50,other_human_forcing,2019,-0.224062457
p50,other_human_forcing,2020,-0.2174192
p50,other_human_forcing,2021,-0.211033622
p50,other_human_forcing,2022,-0.204379206
p50,other_human_forcing,2023,-0.201944984
p50,other_human_forcing,2024,-0.202502897
p50,other_human_forcing,2025,-0.195111952
p50,residual,1850,-0.074637474
p50,residual,1851,0.084860469
p50,residual,1852,0.117877782
p50,residual,1853,0.080489171
p50,residual,1854,0.064955568
p50,residual,1855,0.06974362
p50,residual,1856,0.025681969
p50,residual,1857,-0.088840041
p50,residual,1858,0.002000722
p50,residual,1859,0.094024024
p50,residual,1860,-0.052122649
p50,residual,1861,-0.114768988
p50,residual,1862,-0.176052689
p50,residual,1863,0.05224713
p50,residual,1864,-0.069573193
p50,residual,1865,0.005226841
p50,residual,1866,-0.037354963
p50,residual,1867,-0.045476124
p50,residual,1868,-0.020551895
p50,residual,1869,0.019184
p50,residual,1870,0.012650895
p50,residual,1871,-0.047838746
p50,residual,1872,0.024888982
p50,residual,1873,0.05171003
p50,residual,1874,0.005282116
p50,residual,1875,-0.01434108
p50,residual,1876,-0.064614521
p50,residual,1877,0.255909498
p50,residual,1878,0.335373852
p50,residual,1879,0.029583231
p50,residual,1880,0.011357713
p50,residual,1881,0.109842783
p50,residual,1882,0.043015064
p50,residual,1883,-0.007437542
p50,residual,1884,-0.087023521
p50,residual,1885,0.002657367
p50,residual,1886,0.072485206
p50,residual,1887,-0.022858811
p50,residual,1888,0.050470169
p50,residual,1889,0.13483328
p50,residual,1890,-0.130681044
p50,residual,1891,-0.044613049
p50,residual,1892,-0.166574716
p50,residual,1893,-0.16439235
p50,residual,1894,-0.165341372
p50,residual,1895,-0.1265806
p50,residual,1896,0.036110862
p50,residual,1897,0.060440971
p50,residual,1898,-0.174588277
p50,residual,1899,-0.047416298
p50,residual,1900,0.067834766
p50,residual,1901,0.003245433
p50,residual,1902,-0.149479591
p50,residual,1903,-0.2355913
p50,residual,1904,-0.296158098
p50,residual,1905,-0.111638689
p50,residual,1906,-0.028380208
p50,residual,1907,-0.209321345
p50,residual,1908,-0.202920689
p50,residual,1909,-0.232196216
p50,residual,1910,-0.235454366
p50,residual,1911,-0.257303821
p50,residual,1912,-0.180823314
p50,residual,1913,-0.135688508
p50,residual,1914,0.068548212
p50,residual,1915,0.110003087
p50,residual,1916,-0.140091298
p50,residual,1917,-0.281286967
p50,residual,1918,-0.172748266
p50,residual,1919,-0.078420125
p50,residual,1920,-0.055018962
p50,residual,1921,-0.001111169
p50,residual,1922,-0.115167336
p50,residual,1923,-0.095916606
p50,residual,1924,-0.091597738
p50,residual,1925,-0.062303981
p50,residual,1926,0.096910731
p50,residual,1927,-0.008059589
p50,residual,1928,0.000779216
p50,residual,1929,-0.186196407
p50,residual,1930,0.027896245
p50,residual,1931,0.084884301
p50,residual,1932,0.033712978
p50,residual,1933,-0.140327826
p50,residual,1934,0.016496712
p50,residual,1935,-0.029553455
p50,residual,1936,0.00157203
p50,residual,1937,0.149497316
p50,residual,1938,0.14330656
p50,residual,1939,0.10491601
p50,residual,1940,0.216272903
p50,residual,1941,0.1716101
p50,residual,1942,0.136571545
p50,residual,1943,0.149319187
p50,residual,1944,0.297172974
p50,residual,1945,0.1862543
p50,residual,1946,0.005255263
p50,residual,1947,0.027303838
p50,residual,1948,-0.010398306
p50,residual,1949,-0.038636596
p50,residual,1950,-0.12833343
p50,residual,1951,0.040014212
p50,residual,1952,0.123028039
p50,residual,1953,0.19034321
p50,residual,1954,-0.004232166
p50,residual,1955,-0.087534171
p50,residual,1956,-0.152907405
p50,residual,1957,0.081557
p50,residual,1958,0.093280747
p50,residual,1959,0.057339464
p50,residual,1960,-0.012482586
p50,residual,1961,0.086165855
p50,residual,1962,0.040548711
p50,residual,1963,0.094920721
p50,residual,1964,-0.142289536
p50,residual,1965,-0.04692255
p50,residual,1966,-0.014306824
p50,residual,1967,-0.00483509
p50,residual,1968,-0.063011251
p50,residual,1969,0.067569368
p50,residual,1970,0.003295646
p50,residual,1971,-0.131100191
p50,residual,1972,-0.0283569
p50,residual,1973,0.103578559
p50,residual,1974,-0.131988272
p50,residual,1975,-0.082067077
p50,residual,1976,-0.19843106
p50,residual,1977,0.105149197
p50,residual,1978,-0.013354814
p50,residual,1979,0.050947122
p50,residual,1980,0.135004029
p50,residual,1981,0.172607162
p50,residual,1982,-0.051035923
p50,residual,1983,0.148878599
p50,residual,1984,-0.029265431
p50,residual,1985,-0.055185136
p50,residual,1986,-0.034623099
p50,residual,1987,0.086648354
p50,residual,1988,0.099556202
p50,residual,1989,-0.036068674
p50,residual,1990,0.115682339
p50,residual,1991,0.09464035
p50,residual,1992,-0.07573938
p50,residual,1993,-0.015307409
p50,residual,1994,0.010089091
p50,residual,1995,0.10201795
p50,residual,1996,-0.04303271
p50,residual,1997,0.070973066
p50,residual,1998,0.202535111
p50,residual,1999,-0.085258592
p50,residual,2000,-0.114843681
p50,residual,2001,0.011474993
p50,residual,2002,0.042057239
p50,residual,2003,0.026244277
p50,residual,2004,-0.064858159
p50,residual,2005,0.060922179
p50,residual,2006,0.012093534
p50,residual,2007,0.016583451
p50,residual,2008,-0.131685466
p50,residual,2009,-0.024975425
p50,residual,2010,0.03277924
p50,residual,2011,-0.132466411
p50,residual,2012,-0.1175839
p50,residual,2013,-0.098449945
p50,residual,2014,-0.078843541
p50,residual,2015,0.046187767
p50,residual,2016,0.125983254
p50,residual,2017,0.005958863
p50,residual,2018,-0.104736935
p50,residual,2019,0.00805217
p50,residual,2020,0.017243125
p50,residual,2021,-0.156622289
p50,residual,2022,-0.15115747
p50,residual,2023,0.1303776
p50,residual,2024,0.159810325
p50,residual,2025,0.003516306
p50,solar,1850,0.004002998
p50,solar,1851,0.003545565
p50,solar,1852,0.003057162
p50,solar,1853,0.002175841
p50,solar,1854,0.000586994
p50,solar,1855,-0.001151802
p50,solar,1856,-0.003103276
p50,solar,1857,-0.003867516
p50,solar,1858,-0.002760555
p50,solar,1859,-0.000291556
p50,solar,1860,0.00200562
p50,solar,1861,0.003397961
p50,solar,1862,0.003595257
p50,solar,1863,0.002946253
p50,solar,1864,0.001902054
p50,solar,1865,0.00075023
p50,solar,1866,-0.000538449
p50,solar,1867,-0.002267932
p50,solar,1868,-0.002937482
p50,solar,1869,-0.00163796
p50,solar,1870,0.001043574
p50,solar,1871,0.003814636
p50,solar,1872,0.005108113
p50,solar,1873,0.005176744
p50,solar,1874,0.003964531
p50,solar,1875,0.001784385
p50,solar,1876,-1.19e-05
p50,solar,1877,-0.001391708
p50,solar,1878,-0.002746815
p50,solar,1879,-0.003932032
p50,solar,1880,-0.003580375
p50,solar,1881,-0.001601714
p50,solar,1882,-2.19e-05
p50,solar,1883,0.000540665
p50,solar,1884,0.001064963
p50,solar,1885,0.00131165
p50,solar,1886,0.000228621
p50,solar,1887,-0.001486324
p50,solar,1888,-0.0031296
p50,solar,1889,-0.004332783
p50,solar,1890,-0.005104371
p50,solar,1891,-0.004532367
p50,solar,1892,-0.002036562
p50,solar,1893,0.000273154
p50,solar,1894,0.001875024
p50,solar,1895,0.002442478
p50,solar,1896,0.001857825
p50,solar,1897,0.000252721
p50,solar,1898,-0.001017356
p50,solar,1899,-0.0021268
p50,solar,1900,-0.003373943
p50,solar,1901,-0.004584545
p50,solar,1902,-0.005615055
p50,solar,1903,-0.005426711
p50,solar,1904,-0.003716539
p50,solar,1905,-0.002004691
p50,solar,1906,-0.000883619
p50,solar,1907,-0.000142207
p50,solar,1908,8.12e-05
p50,solar,1909,-3.9e-05
p50,solar,1910,-0.001006657
p50,solar,1911,-0.002882107
p50,solar,1912,-0.004525917
p50,solar,1913,-0.005629043
p50,solar,1914,-0.006117516
p50,solar,1915,-0.004644264
p50,solar,1916,-0.001875422
p50,solar,1917,0.000818553
p50,solar,1918,0.00338148
p50,solar,1919,0.003488045
p50,solar,1920,0.00179299
p50,solar,1921,9.02e-05
p50,solar,1922,-0.001451232
p50,solar,1923,-0.003115185
p50,solar,1924,-0.00393573
p50,solar,1925,-0.003383889
p50,solar,1926,-0.001732225
p50,solar,1927,4.59e-05
p50,solar,1928,0.001279178
p50,solar,1929,0.001418791
p50,solar,1930,0.000780846
p50,solar,1931,-4.39e-05
p50,solar,1932,-0.001341512
p50,solar,1933,-0.002788651
p50,solar,1934,-0.00368278
p50,solar,1935,-0.003125725
p50,solar,1936,-0.000307618
p50,solar,1937,0.002852008
p50,solar,1938,0.005182862
p50,solar,1939,0.005936522
p50,solar,1940,0.005624577
p50,solar,1941,0.004690727
p50,solar,1942,0.003131716
p50,solar,1943,0.001081526
p50,solar,1944,-0.000262529
p50,solar,1945,-0.000254965
p50,solar,1946,0.001303327
p50,solar,1947,0.004161017
p50,solar,1948,0.007122084
p50,solar,1949,0.008777762
p50,solar,1950,0.008289528
p50,solar,1951,0.006372605
p50,solar,1952,0.004067222
p50,solar,1953,0.001847673
p50,solar,1954,0.000266252
p50,solar,1955,-0.000301817
p50,solar,1956,0.001076625
p50,solar,1957,0.005265945
p50,solar,1958,0.009125133
p50,solar,1959,0.010122966
p50,solar,1960,0.009257647
p50,solar,1961,0.007037602
p50,solar,1962,0.003950082
p50,solar,1963,0.001618786
p50,solar,1964,0.000307318
p50,solar,1965,-0.000379545
p50,solar,1966,-0.000302444
p50,solar,1967,0.000595787
p50,solar,1968,0.001796224
p50,solar,1969,0.002850392
p50,solar,1970,0.003682028
p50,solar,1971,0.003134019
p50,solar,1972,0.002263684
p50,solar,1973,0.001440657
p50,solar,1974,0.000208881
p50,solar,1975,-0.000768097
p50,solar,1976,-0.001750078
p50,solar,1977,-0.001922344
p50,solar,1978,-0.00040607
p50,solar,1979,0.00223742
p50,solar,1980,0.005218057
p50,solar,1981,0.007320912
p50,solar,1982,0.007255604
p50,solar,1983,0.005905627
p50,solar,1984,0.003930924
p50,solar,1985,0.001279571
p50,solar,1986,-0.000185612
p50,solar,1987,-0.000703737
p50,solar,1988,3.31e-05
p50,solar,1989,0.00258338
p50,solar,1990,0.005505217
p50,solar,1991,0.0065373
p50,solar,1992,0.006439972
p50,solar,1993,0.00513782
p50,solar,1994,0.002906229
p50,solar,1995,0.001045126
p50,solar,1996,-0.000232058
p50,solar,1997,-0.00091455
p50,solar,1998,-0.000155597
p50,solar,1999,0.001730803
p50,solar,2000,0.004603232
p50,solar,2001,0.006703656
p50,solar,2002,0.007799753
p50,solar,2003,0.007177993
p50,solar,2004,0.004443705
p50,solar,2005,0.001906861
p50,solar,2006,0.000153923
p50,solar,2007,-0.001052526
p50,solar,2008,-0.002127593
p50,solar,2009,-0.002878397
p50,solar,2010,-0.002987086
p50,solar,2011,-0.0017757
p50,solar,2012,-0.00018833
p50,solar,2013,0.001003492
p50,solar,2014,0.002126095
p50,solar,2015,0.003286466
p50,solar,2016,0.002657611
p50,solar,2017,0.000588027
p50,solar,2018,-0.000751202
p50,solar,2019,-0.001704451
p50,solar,2020,-0.002192195
p50,solar,2021,-0.001807934
p50,solar,2022,3.18e-05
p50,solar,2023,0.003713982
p50,solar,2024,0.008059378
p50,solar,2025,0.010624567
p50,total,1850,0.00333257
p50,total,1851,0.011202353
p50,total,1852,0.01800919
p50,total,1853,0.015353745
p50,total,1854,-0.001832134
p50,total,1855,-0.008049859
p50,total,1856,0.000990762
p50,total,1857,-0.020293932
p50,total,1858,-0.042395384
p50,total,1859,-0.029805419
p50,total,1860,-0.006346279
p50,total,1861,0.011484408
p50,total,1862,-0.021976599
p50,total,1863,-0.076556486
p50,total,1864,-0.074141799
p50,total,1865,-0.037352356
p50,total,1866,-0.013110325
p50,total,1867,0.002718307
p50,total,1868,0.013746284
p50,total,1869,0.01661004
p50,total,1870,0.020641845
p50,total,1871,0.032359354
p50,total,1872,0.019766276
p50,total,1873,-0.010075166
p50,total,1874,-0.013864979
p50,total,1875,0.001860754
p50,total,1876,0.012482008
p50,total,1877,0.022357705
p50,total,1878,0.030714836
p50,total,1879,0.036645157
p50,total,1880,0.038856672
p50,total,1881,0.036421608
p50,total,1882,0.038771547
p50,total,1883,0.037825897
p50,total,1884,-0.028713714
p50,total,1885,-0.105234739
p50,total,1886,-0.123162179
p50,total,1887,-0.110182203
p50,total,1888,-0.066869672
p50,total,1889,-0.028366686
p50,total,1890,-0.009876483
p50,total,1891,0.002730462
p50,total,1892,0.016941597
p50,total,1893,0.028888821
p50,total,1894,0.040371124
p50,total,1895,0.04172942
p50,total,1896,0.040631699
p50,total,1897,0.047298979
p50,total,1898,0.054600841
p50,total,1899,0.059799271
p50,total,1900,0.062718091
p50,total,1901,0.065434447
p50,total,1902,0.067444759
p50,total,1903,0.06073149
p50,total,1904,0.056274826
p50,total,1905,0.063136407
p50,total,1906,0.070973901
p50,total,1907,0.06494454
p50,total,1908,0.054258699
p50,total,1909,0.058779769
p50,total,1910,0.068157087
p50,total,1911,0.074318103
p50,total,1912,0.060789882
p50,total,1913,0.030437042
p50,total,1914,0.031092002
p50,total,1915,0.059196095
p50,total,1916,0.079524634
p50,total,1917,0.093023807
p50,total,1918,0.102030117
p50,total,1919,0.104565572
p50,total,1920,0.108457251
p50,total,1921,0.120269382
p50,total,1922,0.132484176
p50,total,1923,0.138695552
p50,total,1924,0.138250262
p50,total,1925,0.139828321
p50,total,1926,0.14008256
p50,total,1927,0.139756252
p50,total,1928,0.148016886
p50,total,1929,0.155081633
p50,total,1930,0.159572178
p50,total,1931,0.166887856
p50,total,1932,0.173493816
p50,total,1933,0.168775199
p50,total,1934,0.165621859
p50,total,1935,0.174355898
p50,total,1936,0.184556974
p50,total,1937,0.193036015
p50,total,1938,0.201596083
p50,total,1939,0.208721263
p50,total,1940,0.21137088
p50,total,1941,0.212541322
p50,total,1942,0.212936379
p50,total,1943,0.207762601
p50,total,1944,0.203020812
p50,total,1945,0.210810381
p50,total,1946,0.225612105
p50,total,1947,0.233721386
p50,total,1948,0.23673202
p50,total,1949,0.242204902
p50,total,1950,0.245506254
p50,total,1951,0.245028831
p50,total,1952,0.244068749
p50,total,1953,0.243403896
p50,total,1954,0.244020908
p50,total,1955,0.245076199
p50,total,1956,0.242759206
p50,total,1957,0.240437587
p50,total,1958,0.245658652
p50,total,1959,0.252809478
p50,total,1960,0.25619445
p50,total,1961,0.256597447
p50,total,1962,0.256674805
p50,total,1963,0.231433362
p50,total,1964,0.198196205
p50,total,1965,0.202794008
p50,total,1966,0.226295506
p50,total,1967,0.244987994
p50,total,1968,0.256694908
p50,total,1969,0.262437311
p50,total,1970,0.270845461
p50,total,1971,0.283371008
p50,total,1972,0.295425754
p50,total,1973,0.308020975
p50,total,1974,0.32165093
p50,total,1975,0.335033313
p50,total,1976,0.345661137
p50,total,1977,0.357673829
p50,total,1978,0.3752087
p50,total,1979,0.39430995
p50,total,1980,0.412753338
p50,total,1981,0.431691554
p50,total,1982,0.438823903
p50,total,1983,0.4302771
p50,total,1984,0.433052195
p50,total,1985,0.458226387
p50,total,1986,0.485529361
p50,total,1987,0.509617349
p50,total,1988,0.536560341
p50,total,1989,0.56827097
p50,total,1990,0.597750946
p50,total,1991,0.5981698
p50,total,1992,0.554356511
p50,total,1993,0.535049746
p50,total,1994,0.576042418
p50,total,1995,0.627489026
p50,total,1996,0.672378822
p50,total,1997,0.70281703
p50,total,1998,0.727926472
p50,total,1999,0.761380451
p50,total,2000,0.798456913
p50,total,2001,0.83016541
p50,total,2002,0.853512676
p50,total,2003,0.869949102
p50,total,2004,0.885656092
p50,total,2005,0.900289688
p50,total,2006,0.912474719
p50,total,2007,0.927717655
p50,total,2008,0.948851577
p50,total,2009,0.973346633
p50,total,2010,0.998253459
p50,total,2011,1.022937374
p50,total,2012,1.046911436
p50,total,2013,1.075329695
p50,total,2014,1.10439111
p50,total,2015,1.12917584
p50,total,2016,1.157514627
p50,total,2017,1.188365502
p50,total,2018,1.216636025
p50,total,2019,1.237071719
p50,total,2020,1.25716798
p50,total,2021,1.28221132
p50,total,2022,1.31026972
p50,total,2023,1.337803411
p50,total,2024,1.367147946
p50,total,2025,1.403426391
p50,volcanic,1850,0.016383705
p50,volcanic,1851,0.023881296
p50,volcanic,1852,0.030034205
p50,volcanic,1853,0.027643817
p50,volcanic,1854,0.012618668
p50,volcanic,1855,0.009664072
p50,volcanic,1856,0.019922059
p50,volcanic,1857,0.000440663
p50,volcanic,1858,-0.02374783
p50,volcanic,1859,-0.012429016
p50,volcanic,1860,0.007448031
p50,volcanic,1861,0.021352106
p50,volcanic,1862,-0.011479579
p50,volcanic,1863,-0.069786419
p50,volcanic,1864,-0.067811997
p50,volcanic,1865,-0.030160348
p50,volcanic,1866,-0.003782165
p50,volcanic,1867,0.011220896
p50,volcanic,1868,0.023019143
p50,volcanic,1869,0.02404708
p50,volcanic,1870,0.024192052
p50,volcanic,1871,0.032167352
p50,volcanic,1872,0.016818016
p50,volcanic,1873,-0.013853385
p50,volcanic,1874,-0.016203011
p50,volcanic,1875,0.001410922
p50,volcanic,1876,0.013531577
p50,volcanic,1877,0.024330598
p50,volcanic,1878,0.033489142
p50,volcanic,1879,0.040401838
p50,volcanic,1880,0.042109988
p50,volcanic,1881,0.037014219
p50,volcanic,1882,0.036661784
p50,volcanic,1883,0.033680683
p50,volcanic,1884,-0.033961821
p50,volcanic,1885,-0.112174735
p50,volcanic,1886,-0.130549631
p50,volcanic,1887,-0.117155501
p50,volcanic,1888,-0.072444313
p50,volcanic,1889,-0.033858567
p50,volcanic,1890,-0.016797756
p50,volcanic,1891,-0.006399739
p50,volcanic,1892,0.000454201
p50,volcanic,1893,0.007988377
p50,volcanic,1894,0.017763286
p50,volcanic,1895,0.017309537
p50,volcanic,1896,0.014896507
p50,volcanic,1897,0.023552771
p50,volcanic,1898,0.03271437
p50,volcanic,1899,0.039512497
p50,volcanic,1900,0.044201335
p50,volcanic,1901,0.047780386
p50,volcanic,1902,0.049814937
p50,volcanic,1903,0.041139905
p50,volcanic,1904,0.033660889
p50,volcanic,1905,0.039427189
p50,volcanic,1906,0.046622762
p50,volcanic,1907,0.039789767
p50,volcanic,1908,0.027349715
p50,volcanic,1909,0.030915398
p50,volcanic,1910,0.041886698
p50,volcanic,1911,0.048962364
p50,volcanic,1912,0.032180863
p50,volcanic,1913,0.001069265
p50,volcanic,1914,-0.001244204
p50,volcanic,1915,0.019076238
p50,volcanic,1916,0.034453017
p50,volcanic,1917,0.043051793
p50,volcanic,1918,0.046485421
p50,volcanic,1919,0.04159151
p50,volcanic,1920,0.040305669
p50,volcanic,1921,0.04774781
p50,volcanic,1922,0.053421149
p50,volcanic,1923,0.057169381
p50,volcanic,1924,0.054093476
p50,volcanic,1925,0.050769902
p50,volcanic,1926,0.045735097
p50,volcanic,1927,0.041214324
p50,volcanic,1928,0.047532137
p50,volcanic,1929,0.054527079
p50,volcanic,1930,0.058736321
p50,volcanic,1931,0.061148121
p50,volcanic,1932,0.059724918
p50,volcanic,1933,0.047664541
p50,volcanic,1934,0.041352625
p50,volcanic,1935,0.049499316
p50,volcanic,1936,0.056760497
p50,volcanic,1937,0.060847024
p50,volcanic,1938,0.063269434
p50,volcanic,1939,0.065271792
p50,volcanic,1940,0.066984121
p50,volcanic,1941,0.068344092
p50,volcanic,1942,0.069457355
p50,volcanic,1943,0.064711658
p50,volcanic,1944,0.058548656
p50,volcanic,1945,0.060036446
p50,volcanic,1946,0.064308972
p50,volcanic,1947,0.063996001
p50,volcanic,1948,0.061910024
p50,volcanic,1949,0.063963866
p50,volcanic,1950,0.067267371
p50,volcanic,1951,0.068608315
p50,volcanic,1952,0.06877474
p50,volcanic,1953,0.069582854
p50,volcanic,1954,0.070886238
p50,volcanic,1955,0.071996205
p50,volcanic,1956,0.068485008
p50,volcanic,1957,0.062685214
p50,volcanic,1958,0.063085765
p50,volcanic,1959,0.067234762
p50,volcanic,1960,0.070252174
p50,volcanic,1961,0.072127192
p50,volcanic,1962,0.073376359
p50,volcanic,1963,0.04643891
p50,volcanic,1964,0.010592379
p50,volcanic,1965,0.010780509
p50,volcanic,1966,0.031225083
p50,volcanic,1967,0.044870509
p50,volcanic,1968,0.049515017
p50,volcanic,1969,0.046945323
p50,volcanic,1970,0.048236329
p50,volcanic,1971,0.055077661
p50,volcanic,1972,0.060488857
p50,volcanic,1973,0.063903349
p50,volcanic,1974,0.066102037
p50,volcanic,1975,0.067475195
p50,volcanic,1976,0.068413874
p50,volcanic,1977,0.069805856
p50,volcanic,1978,0.071402742
p50,volcanic,1979,0.071870362
p50,volcanic,1980,0.070293705
p50,volcanic,1981,0.067365534
p50,volcanic,1982,0.0550562
p50,volcanic,1983,0.025300846
p50,volcanic,1984,0.009182756
p50,volcanic,1985,0.016809562
p50,volcanic,1986,0.02816821
p50,volcanic,1987,0.035234326
p50,volcanic,1988,0.042829967
p50,volcanic,1989,0.049786899
p50,volcanic,1990,0.054874001
p50,volcanic,1991,0.035526655
p50,volcanic,1992,-0.021963184
p50,volcanic,1993,-0.067072053
p50,volcanic,1994,-0.043192089
p50,volcanic,1995,-0.008602091
p50,volcanic,1996,0.009760617
p50,volcanic,1997,0.024750172
p50,volcanic,1998,0.035581103
p50,volcanic,1999,0.043265357
p50,volcanic,2000,0.049077508
p50,volcanic,2001,0.053432501
p50,volcanic,2002,0.057035311
p50,volcanic,2003,0.059704219
p50,volcanic,2004,0.061882467
p50,volcanic,2005,0.063240276
p50,volcanic,2006,0.063070736
p50,volcanic,2007,0.062525034
p50,volcanic,2008,0.062829086
p50,volcanic,2009,0.062937232
p50,volcanic,2010,0.063439583
p50,volcanic,2011,0.063697686
p50,volcanic,2012,0.063954569
p50,volcanic,2013,0.066638107
p50,volcanic,2014,0.068105844
p50,volcanic,2015,0.066816799
p50,volcanic,2016,0.066359413
p50,volcanic,2017,0.068079218
p50,volcanic,2018,0.069189829
p50,volcanic,2019,0.065878851
p50,volcanic,2020,0.059928172
p50,volcanic,2021,0.058342043
p50,volcanic,2022,0.055101649
p50,volcanic,2023,0.054902014
p50,volcanic,2024,0.060821613
p50,volcanic,2025,0.063212067
p83,aerosol_cloud_interactions,1850,0.054935847
p83,aerosol_cloud_interactions,1851,0.05372509
p83,aerosol_cloud_interactions,1852,0.054146656
p83,aerosol_cloud_interactions,1853,0.053726926
p83,aerosol_cloud_interactions,1854,0.05056666
p83,aerosol_cloud_interactions,1855,0.04718751
p83,aerosol_cloud_interactions,1856,0.045750588
p83,aerosol_cloud_interactions,1857,0.043334225
p83,aerosol_cloud_interactions,1858,0.039697619
p83,aerosol_cloud_interactions,1859,0.036759785
p83,aerosol_cloud_interactions,1860,0.034458298
p83,aerosol_cloud_interactions,1861,0.032247047
p83,aerosol_cloud_interactions,1862,0.030577016
p83,aerosol_cloud_interactions,1863,0.030052597
p83,aerosol_cloud_interactions,1864,0.029382915
p83,aerosol_cloud_interactions,1865,0.026670509
p83,aerosol_cloud_interactions,1866,0.023860719
p83,aerosol_cloud_interactions,1867,0.021229025
p83,aerosol_cloud_interactions,1868,0.017121183
p83,aerosol_cloud_interactions,1869,0.014132126
p83,aerosol_cloud_interactions,1870,0.0119131
p83,aerosol_cloud_interactions,1871,0.01001619
p83,aerosol_cloud_interactions,1872,0.008901544
p83,aerosol_cloud_interactions,1873,0.006960354
p83,aerosol_cloud_interactions,1874,0.004878732
p83,aerosol_cloud_interactions,1875,0.003811078
p83,aerosol_cloud_interactions,1876,0.002801393
p83,aerosol_cloud_interactions,1877,0.001775369
p83,aerosol_cloud_interactions,1878,0.000882719
p83,aerosol_cloud_interactions,1879,-3.36e-05
p83,aerosol_cloud_interactions,1880,-0.001274846
p83,aerosol_cloud_interactions,1881,-0.002600635
p83,aerosol_cloud_interactions,1882,-0.003759998
p83,aerosol_cloud_interactions,1883,-0.004793752
p83,aerosol_cloud_interactions,1884,-0.005740026
p83,aerosol_cloud_interactions,1885,-0.006669409
p83,aerosol_cloud_interactions,1886,-0.007429756
p83,aerosol_cloud_interactions,1887,-0.008267637
p83,aerosol_cloud_interactions,1888,-0.009682737
p83,aerosol_cloud_interactions,1889,-0.011071636
p83,aerosol_cloud_interactions,1890,-0.012373593
p83,aerosol_cloud_interactions,1891,-0.013760201
p83,aerosol_cloud_interactions,1892,-0.01471917
p83,aerosol_cloud_interactions,1893,-0.01547968
p83,aerosol_cloud_interactions,1894,-0.01662246
p83,aerosol_cloud_interactions,1895,-0.018047218
p83,aerosol_cloud_interactions,1896,-0.019201311
p83,aerosol_cloud_interactions,1897,-0.020500283
p83,aerosol_cloud_interactions,1898,-0.022167337
p83,aerosol_cloud_interactions,1899,-0.024227549
p83,aerosol_cloud_interactions,1900,-0.026479784
p83,aerosol_cloud_interactions,1901,-0.028355397
p83,aerosol_cloud_interactions,1902,-0.029929361
p83,aerosol_cloud_interactions,1903,-0.031566602
p83,aerosol_cloud_interactions,1904,-0.033588651
p83,aerosol_cloud_interactions,1905,-0.035985635
p83,aerosol_cloud_interactions,1906,-0.038504361
p83,aerosol_cloud_interactions,1907,-0.041750168
p83,aerosol_cloud_interactions,1908,-0.044728495
p83,aerosol_cloud_interactions,1909,-0.046788371
p83,aerosol_cloud_interactions,1910,-0.04935228
p83,aerosol_cloud_interactions,1911,-0.051620438
p83,aerosol_cloud_interactions,1912,-0.053229977
p83,aerosol_cloud_interactions,1913,-0.055318929
p83,aerosol_cloud_interactions,1914,-0.056911706
p83,aerosol_cloud_interactions,1915,-0.057289508
p83,aerosol_cloud_interactions,1916,-0.058325357
p83,aerosol_cloud_interactions,1917,-0.060535208
p83,aerosol_cloud_interactions,1918,-0.062593112
p83,aerosol_cloud_interactions,1919,-0.062394365
p83,aerosol_cloud_interactions,1920,-0.062159259
p83,aerosol_cloud_interactions,1921,-0.061636858
p83,aerosol_cloud_interactions,1922,-0.059988827
p83,aerosol_cloud_interactions,1923,-0.061195205
p83,aerosol_cloud_interactions,1924,-0.063085079
p83,aerosol_cloud_interactions,1925,-0.063878545
p83,aerosol_cloud_interactions,1926,-0.064749969
p83,aerosol_cloud_interactions,1927,-0.066279065
p83,aerosol_cloud_interactions,1928,-0.068015047
p83,aerosol_cloud_interactions,1929,-0.070050678
p83,aerosol_cloud_interactions,1930,-0.071719402
p83,aerosol_cloud_interactions,1931,-0.070354827
p83,aerosol_cloud_interactions,1932,-0.067159887
p83,aerosol_cloud_interactions,1933,-0.065268034
p83,aerosol_cloud_interactions,1934,-0.06605701
p83,aerosol_cloud_interactions,1935,-0.068360047
p83,aerosol_cloud_interactions,1936,-0.071305163
p83,aerosol_cloud_interactions,1937,-0.074692062
p83,aerosol_cloud_interactions,1938,-0.076105666
p83,aerosol_cloud_interactions,1939,-0.07717305
p83,aerosol_cloud_interactions,1940,-0.08009736
p83,aerosol_cloud_interactions,1941,-0.083135242
p83,aerosol_cloud_interactions,1942,-0.086098559
p83,aerosol_cloud_interactions,1943,-0.088781254
p83,aerosol_cloud_interactions,1944,-0.090501332
p83,aerosol_cloud_interactions,1945,-0.089632558
p83,aerosol_cloud_interactions,1946,-0.0871899
p83,aerosol_cloud_interactions,1947,-0.08685364
p83,aerosol_cloud_interactions,1948,-0.088628257
p83,aerosol_cloud_interactions,1949,-0.090241651
p83,aerosol_cloud_interactions,1950,-0.092511441
p83,aerosol_cloud_interactions,1951,-0.094962915
p83,aerosol_cloud_interactions,1952,-0.096632432
p83,aerosol_cloud_interactions,1953,-0.099029397
p83,aerosol_cloud_interactions,1954,-0.101584452
p83,aerosol_cloud_interactions,1955,-0.104712085
p83,aerosol_cloud_interactions,1956,-0.109421375
p83,aerosol_cloud_interactions,1957,-0.114848025
p83,aerosol_cloud_interactions,1958,-0.118676053
p83,aerosol_cloud_interactions,1959,-0.121490456
p83,aerosol_cloud_interactions,1960,-0.12515888
p83,aerosol_cloud_interactions,1961,-0.129462362
p83,aerosol_cloud_interactions,1962,-0.133288875
p83,aerosol_cloud_interactions,1963,-0.137889318
p83,aerosol_cloud_interactions,1964,-0.14230398
p83,aerosol_cloud_interactions,1965,-0.145379783
p83,aerosol_cloud_interactions,1966,-0.148542999
p83,aerosol_cloud_interactions,1967,-0.151931503
p83,aerosol_cloud_interactions,1968,-0.155451009
p83,aerosol_cloud_interactions,1969,-0.158576567
p83,aerosol_cloud_interactions,1970,-0.162738983
p83,aerosol_cloud_interactions,1971,-0.16753058
p83,aerosol_cloud_interactions,1972,-0.173192544
p83,aerosol_cloud_interactions,1973,-0.178596825
p83,aerosol_cloud_interactions,1974,-0.181932426
p83,aerosol_cloud_interactions,1975,-0.184089718
p83,aerosol_cloud_interactions,1976,-0.187475275
p83,aerosol_cloud_interactions,1977,-0.192118573
p83,aerosol_cloud_interactions,1978,-0.196229085
p83,aerosol_cloud_interactions,1979,-0.200314488
p83,aerosol_cloud_interactions,1980,-0.20349448
p83,aerosol_cloud_interactions,1981,-0.204770883
p83,aerosol_cloud_interactions,1982,-0.206632733
p83,aerosol_cloud_interactions,1983,-0.207263967
p83,aerosol_cloud_interactions,1984,-0.20679106
p83,aerosol_cloud_interactions,1985,-0.208278641
p83,aerosol_cloud_interactions,1986,-0.209938422
p83,aerosol_cloud_interactions,1987,-0.21240829
p83,aerosol_cloud_interactions,1988,-0.215391171
p83,aerosol_cloud_interactions,1989,-0.217237851
p83,aerosol_cloud_interactions,1990,-0.21872041
p83,aerosol_cloud_interactions,1991,-0.222718361
p83,aerosol_cloud_interactions,1992,-0.223597471
p83,aerosol_cloud_interactions,1993,-0.221329876
p83,aerosol_cloud_interactions,1994,-0.222344686
p83,aerosol_cloud_interactions,1995,-0.222949186
p83,aerosol_cloud_interactions,1996,-0.221255521
p83,aerosol_cloud_interactions,1997,-0.22277373
p83,aerosol_cloud_interactions,1998,-0.225745958
p83,aerosol_cloud_interactions,1999,-0.22401274
p83,aerosol_cloud_interactions,2000,-0.219486632
p83,aerosol_cloud_interactions,2001,-0.216378685
p83,aerosol_cloud_interactions,2002,-0.216544981
p83,aerosol_cloud_interactions,2003,-0.218966212
p83,aerosol_cloud_interactions,2004,-0.221383533
p83,aerosol_cloud_interactions,2005,-0.224188069
p83,aerosol_cloud_interactions,2006,-0.227294806
p83,aerosol_cloud_interactions,2007,-0.229183863
p83,aerosol_cloud_interactions,2008,-0.228963197
p83,aerosol_cloud_interactions,2009,-0.226197017
p83,aerosol_cloud_interactions,2010,-0.22368155
p83,aerosol_cloud_interactions,2011,-0.222612815
p83,aerosol_cloud_interactions,2012,-0.222103876
p83,aerosol_cloud_interactions,2013,-0.220364414
p83,aerosol_cloud_interactions,2014,-0.217684701
p83,aerosol_cloud_interactions,2015,-0.215678541
p83,aerosol_cloud_interactions,2016,-0.211839966
p83,aerosol_cloud_interactions,2017,-0.207066498
p83,aerosol_cloud_interactions,2018,-0.20324851
p83,aerosol_cloud_interactions,2019,-0.20143322
p83,aerosol_cloud_interactions,2020,-0.197258167
p83,aerosol_cloud_interactions,2021,-0.1927546
p83,aerosol_cloud_interactions,2022,-0.18962187
p83,aerosol_cloud_interactions,2023,-0.189454166
p83,aerosol_cloud_interactions,2024,-0.191158206
p83,aerosol_cloud_interactions,2025,-0.1882406
p83,aerosol_radiation_interactions,1850,0.007756779
p83,aerosol_radiation_interactions,1851,0.00774358
p83,aerosol_radiation_interactions,1852,0.007883967
p83,aerosol_radiation_interactions,1853,0.007942409
p83,aerosol_radiation_interactions,1854,0.007712325
p83,aerosol_radiation_interactions,1855,0.007492801
p83,aerosol_radiation_interactions,1856,0.007418335
p83,aerosol_radiation_interactions,1857,0.007267571
p83,aerosol_radiation_interactions,1858,0.007086978
p83,aerosol_radiation_interactions,1859,0.006881683
p83,aerosol_radiation_interactions,1860,0.006620725
p83,aerosol_radiation_interactions,1861,0.006408078
p83,aerosol_radiation_interactions,1862,0.006267014
p83,aerosol_radiation_interactions,1863,0.006150726
p83,aerosol_radiation_interactions,1864,0.006077436
p83,aerosol_radiation_interactions,1865,0.005820837
p83,aerosol_radiation_interactions,1866,0.005526591
p83,aerosol_radiation_interactions,1867,0.005256678
p83,aerosol_radiation_interactions,1868,0.004815975
p83,aerosol_radiation_interactions,1869,0.00442908
p83,aerosol_radiation_interactions,1870,0.004085187
p83,aerosol_radiation_interactions,1871,0.003769465
p83,aerosol_radiation_interactions,1872,0.003515516
p83,aerosol_radiation_interactions,1873,0.003083893
p83,aerosol_radiation_interactions,1874,0.002541889
p83,aerosol_radiation_interactions,1875,0.002180195
p83,aerosol_radiation_interactions,1876,0.001814526
p83,aerosol_radiation_interactions,1877,0.001435264
p83,aerosol_radiation_interactions,1878,0.001195188
p83,aerosol_radiation_interactions,1879,0.000936146
p83,aerosol_radiation_interactions,1880,0.000568013
p83,aerosol_radiation_interactions,1881,0.000311345
p83,aerosol_radiation_interactions,1882,0.00013577
p83,aerosol_radiation_interactions,1883,-2.93e-05
p83,aerosol_radiation_interactions,1884,-0.000131591
p83,aerosol_radiation_interactions,1885,-0.000232032
p83,aerosol_radiation_interactions,1886,-0.000314317
p83,aerosol_radiation_interactions,1887,-0.00037989
p83,aerosol_radiation_interactions,1888,-0.000530475
p83,aerosol_radiation_interactions,1889,-0.000707487
p83,aerosol_radiation_interactions,1890,-0.000894147
p83,aerosol_radiation_interactions,1891,-0.001093473
p83,aerosol_radiation_interactions,1892,-0.001250993
p83,aerosol_radiation_interactions,1893,-0.001387341
p83,aerosol_radiation_interactions,1894,-0.001566917
p83,aerosol_radiation_interactions,1895,-0.001769756
p83,aerosol_radiation_interactions,1896,-0.002000339
p83,aerosol_radiation_interactions,1897,-0.002255119
p83,aerosol_radiation_interactions,1898,-0.002497695
p83,aerosol_radiation_interactions,1899,-0.002872662
p83,aerosol_radiation_interactions,1900,-0.00335013
p83,aerosol_radiation_interactions,1901,-0.003734805
p83,aerosol_radiation_interactions,1902,-0.004050843
p83,aerosol_radiation_interactions,1903,-0.004429424
p83,aerosol_radiation_interactions,1904,-0.004867198
p83,aerosol_radiation_interactions,1905,-0.005327873
p83,aerosol_radiation_interactions,1906,-0.005821003
p83,aerosol_radiation_interactions,1907,-0.006446664
p83,aerosol_radiation_interactions,1908,-0.006994423
p83,aerosol_radiation_interactions,1909,-0.007393714
p83,aerosol_radiation_interactions,1910,-0.007906721
p83,aerosol_radiation_interactions,1911,-0.008354461
p83,aerosol_radiation_interactions,1912,-0.008693791
p83,aerosol_radiation_interactions,1913,-0.009102574
p83,aerosol_radiation_interactions,1914,-0.009372606
p83,aerosol_radiation_interactions,1915,-0.009408483
p83,aerosol_radiation_interactions,1916,-0.009640704
p83,aerosol_radiation_interactions,1917,-0.010087868
p83,aerosol_radiation_interactions,1918,-0.010436263
p83,aerosol_radiation_interactions,1919,-0.010395491
p83,aerosol_radiation_interactions,1920,-0.010340198
p83,aerosol_radiation_interactions,1921,-0.010156104
p83,aerosol_radiation_interactions,1922,-0.009793285
p83,aerosol_radiation_interactions,1923,-0.009745719
p83,aerosol_radiation_interactions,1924,-0.009794698
p83,aerosol_radiation_interactions,1925,-0.009867711
p83,aerosol_radiation_interactions,1926,-0.01006224
p83,aerosol_radiation_interactions,1927,-0.010490436
p83,aerosol_radiation_interactions,1928,-0.011016325
p83,aerosol_radiation_interactions,1929,-0.011720334
p83,aerosol_radiation_interactions,1930,-0.01229399
p83,aerosol_radiation_interactions,1931,-0.012217569
p83,aerosol_radiation_interactions,1932,-0.011645558
p83,aerosol_radiation_interactions,1933,-0.011306751
p83,aerosol_radiation_interactions,1934,-0.011580694
p83,aerosol_radiation_interactions,1935,-0.012195391
p83,aerosol_radiation_interactions,1936,-0.012928113
p83,aerosol_radiation_interactions,1937,-0.013786502
p83,aerosol_radiation_interactions,1938,-0.014341617
p83,aerosol_radiation_interactions,1939,-0.014748318
p83,aerosol_radiation_interactions,1940,-0.015631307
p83,aerosol_radiation_interactions,1941,-0.016610323
p83,aerosol_radiation_interactions,1942,-0.017427731
p83,aerosol_radiation_interactions,1943,-0.018084462
p83,aerosol_radiation_interactions,1944,-0.018452887
p83,aerosol_radiation_interactions,1945,-0.018228429
p83,aerosol_radiation_interactions,1946,-0.017656677
p83,aerosol_radiation_interactions,1947,-0.017707884
p83,aerosol_radiation_interactions,1948,-0.018297173
p83,aerosol_radiation_interactions,1949,-0.018855577
p83,aerosol_radiation_interactions,1950,-0.019593033
p83,aerosol_radiation_interactions,1951,-0.02055649
p83,aerosol_radiation_interactions,1952,-0.02153481
p83,aerosol_radiation_interactions,1953,-0.022508266
p83,aerosol_radiation_interactions,1954,-0.023413888
p83,aerosol_radiation_interactions,1955,-0.024514351
p83,aerosol_radiation_interactions,1956,-0.025964937
p83,aerosol_radiation_interactions,1957,-0.027376376
p83,aerosol_radiation_interactions,1958,-0.028348326
p83,aerosol_radiation_interactions,1959,-0.029158086
p83,aerosol_radiation_interactions,1960,-0.030260771
p83,aerosol_radiation_interactions,1961,-0.031698875
p83,aerosol_radiation_interactions,1962,-0.03316354
p83,aerosol_radiation_interactions,1963,-0.03480921
p83,aerosol_radiation_interactions,1964,-0.036682388
p83,aerosol_radiation_interactions,1965,-0.038473938
p83,aerosol_radiation_interactions,1966,-0.040227895
p83,aerosol_radiation_interactions,1967,-0.041831541
p83,aerosol_radiation_interactions,1968,-0.04345732
p83,aerosol_radiation_interactions,1969,-0.045142397
p83,aerosol_radiation_interactions,1970,-0.047228366
p83,aerosol_radiation_interactions,1971,-0.049227731
p83,aerosol_radiation_interactions,1972,-0.050908004
p83,aerosol_radiation_interactions,1973,-0.052741899
p83,aerosol_radiation_interactions,1974,-0.054086056
p83,aerosol_radiation_interactions,1975,-0.054715621
p83,aerosol_radiation_interactions,1976,-0.055569886
p83,aerosol_radiation_interactions,1977,-0.056635717
p83,aerosol_radiation_interactions,1978,-0.057261635
p83,aerosol_radiation_interactions,1979,-0.057955676
p83,aerosol_radiation_interactions,1980,-0.058920734
p83,aerosol_radiation_interactions,1981,-0.059482866
p83,aerosol_radiation_interactions,1982,-0.059706319
p83,aerosol_radiation_interactions,1983,-0.059526417
p83,aerosol_radiation_interactions,1984,-0.059151968
p83,aerosol_radiation_interactions,1985,-0.059208613
p83,aerosol_radiation_interactions,1986,-0.059236959
p83,aerosol_radiation_interactions,1987,-0.059456337
p83,aerosol_radiation_interactions,1988,-0.059772613
p83,aerosol_radiation_interactions,1989,-0.059788813
p83,aerosol_radiation_interactions,1990,-0.059828308
p83,aerosol_radiation_interactions,1991,-0.060424317
p83,aerosol_radiation_interactions,1992,-0.060164025
p83,aerosol_radiation_interactions,1993,-0.058843452
p83,aerosol_radiation_interactions,1994,-0.058169988
p83,aerosol_radiation_interactions,1995,-0.056990312
p83,aerosol_radiation_interactions,1996,-0.055217353
p83,aerosol_radiation_interactions,1997,-0.05516428
p83,aerosol_radiation_interactions,1998,-0.055685652
p83,aerosol_radiation_interactions,1999,-0.054764553
p83,aerosol_radiation_interactions,2000,-0.053535612
p83,aerosol_radiation_interactions,2001,-0.052793982
p83,aerosol_radiation_interactions,2002,-0.052785904
p83,aerosol_radiation_interactions,2003,-0.053608364
p83,aerosol_radiation_interactions,2004,-0.054134299
p83,aerosol_radiation_interactions,2005,-0.054492217
p83,aerosol_radiation_interactions,2006,-0.055465139
p83,aerosol_radiation_interactions,2007,-0.05586207
p83,aerosol_radiation_interactions,2008,-0.055182163
p83,aerosol_radiation_interactions,2009,-0.053812045
p83,aerosol_radiation_interactions,2010,-0.052007774
p83,aerosol_radiation_interactions,2011,-0.051077313
p83,aerosol_radiation_interactions,2012,-0.050932147
p83,aerosol_radiation_interactions,2013,-0.050181216
p83,aerosol_radiation_interactions,2014,-0.049187349
p83,aerosol_radiation_interactions,2015,-0.048558575
p83,aerosol_radiation_interactions,2016,-0.047391194
p83,aerosol_radiation_interactions,2017,-0.045756622
p83,aerosol_radiation_interactions,2018,-0.044581102
p83,aerosol_radiation_interactions,2019,-0.044339111
p83,aerosol_radiation_interactions,2020,-0.043094692
p83,aerosol_radiation_interactions,2021,-0.041804461
p83,aerosol_radiation_interactions,2022,-0.040967115
p83,aerosol_radiation_interactions,2023,-0.041423567
p83,aerosol_radiation_interactions,2024,-0.042454099
p83,aerosol_radiation_interactions,2025,-0.041368705
p83,anthropogenic,1850,0.002907658
p83,anthropogenic,1851,0.00263927
p83,anthropogenic,1852,0.003939816
p83,anthropogenic,1853,0.004572938
p83,anthropogenic,1854,0.002734478
p83,anthropogenic,1855,0.00080234
p83,anthropogenic,1856,0.000552113
p83,anthropogenic,1857,-0.000420168
p83,anthropogenic,1858,-0.002101329
p83,anthropogenic,1859,-0.003190206
p83,anthropogenic,1860,-0.003780055
p83,anthropogenic,1861,-0.003965645
p83,anthropogenic,1862,-0.00349377
p83,anthropogenic,1863,-0.002077628
p83,anthropogenic,1864,-0.000472103
p83,anthropogenic,1865,-0.000466012
p83,anthropogenic,1866,-0.000507782
p83,anthropogenic,1867,-0.000261724
p83,anthropogenic,1868,-0.001260871
p83,anthropogenic,1869,-0.001501133
p83,anthropogenic,1870,-0.001289324
p83,anthropogenic,1871,-0.000975945
p83,anthropogenic,1872,-0.000233694
p83,anthropogenic,1873,-0.000271449
p83,anthropogenic,1874,-0.000441884
p83,anthropogenic,1875,0.000391393
p83,anthropogenic,1876,0.001274893
p83,anthropogenic,1877,0.002347965
p83,anthropogenic,1878,0.003748341
p83,anthropogenic,1879,0.005093202
p83,anthropogenic,1880,0.006009329
p83,anthropogenic,1881,0.007041157
p83,anthropogenic,1882,0.008348179
p83,anthropogenic,1883,0.009647928
p83,anthropogenic,1884,0.011149657
p83,anthropogenic,1885,0.012890452
p83,anthropogenic,1886,0.014950423
p83,anthropogenic,1887,0.017096107
p83,anthropogenic,1888,0.018700499
p83,anthropogenic,1889,0.020428268
p83,anthropogenic,1890,0.022312392
p83,anthropogenic,1891,0.024070258
p83,anthropogenic,1892,0.026329637
p83,anthropogenic,1893,0.0289664
p83,anthropogenic,1894,0.031287693
p83,anthropogenic,1895,0.033205693
p83,anthropogenic,1896,0.035028618
p83,anthropogenic,1897,0.036566913
p83,anthropogenic,1898,0.037832857
p83,anthropogenic,1899,0.038589919
p83,anthropogenic,1900,0.039137821
p83,anthropogenic,1901,0.040216617
p83,anthropogenic,1902,0.041708114
p83,anthropogenic,1903,0.043025369
p83,anthropogenic,1904,0.044116819
p83,anthropogenic,1905,0.045110151
p83,anthropogenic,1906,0.04597449
p83,anthropogenic,1907,0.046147376
p83,anthropogenic,1908,0.047128269
p83,anthropogenic,1909,0.049345731
p83,anthropogenic,1910,0.050969868
p83,anthropogenic,1911,0.053130877
p83,anthropogenic,1912,0.056103644
p83,anthropogenic,1913,0.05866745
p83,anthropogenic,1914,0.062371162
p83,anthropogenic,1915,0.067754637
p83,anthropogenic,1916,0.072057051
p83,anthropogenic,1917,0.075060657
p83,anthropogenic,1918,0.078558419
p83,anthropogenic,1919,0.085153636
p83,anthropogenic,1920,0.091764605
p83,anthropogenic,1921,0.098774644
p83,anthropogenic,1922,0.107144358
p83,anthropogenic,1923,0.111752174
p83,anthropogenic,1924,0.115221399
p83,anthropogenic,1925,0.119314952
p83,anthropogenic,1926,0.122517639
p83,anthropogenic,1927,0.124333823
p83,anthropogenic,1928,0.125794182
p83,anthropogenic,1929,0.126688585
p83,anthropogenic,1930,0.128296589
p83,anthropogenic,1931,0.134163441
p83,anthropogenic,1932,0.142930345
p83,anthropogenic,1933,0.150111242
p83,anthropogenic,1934,0.153535946
p83,anthropogenic,1935,0.155031259
p83,anthropogenic,1936,0.156272654
p83,anthropogenic,1937,0.15752607
p83,anthropogenic,1938,0.161386316
p83,anthropogenic,1939,0.165924633
p83,anthropogenic,1940,0.167609797
p83,anthropogenic,1941,0.168710304
p83,anthropogenic,1942,0.170067284
p83,anthropogenic,1943,0.171900575
p83,anthropogenic,1944,0.174871411
p83,anthropogenic,1945,0.181122002
p83,anthropogenic,1946,0.189318014
p83,anthropogenic,1947,0.194167952
p83,anthropogenic,1948,0.195947118
p83,anthropogenic,1949,0.197811824
p83,anthropogenic,1950,0.198719217
p83,anthropogenic,1951,0.199064052
p83,anthropogenic,1952,0.200330405
p83,anthropogenic,1953,0.201542731
p83,anthropogenic,1954,0.203336734
p83,anthropogenic,1955,0.204606364
p83,anthropogenic,1956,0.204079771
p83,anthropogenic,1957,0.203339565
p83,anthropogenic,1958,0.204790671
p83,anthropogenic,1959,0.207338662
p83,anthropogenic,1960,0.209238645
p83,anthropogenic,1961,0.21073191
p83,anthropogenic,1962,0.21337417
p83,anthropogenic,1963,0.216030158
p83,anthropogenic,1964,0.219254605
p83,anthropogenic,1965,0.224095129
p83,anthropogenic,1966,0.229615944
p83,anthropogenic,1967,0.23582066
p83,anthropogenic,1968,0.242369019
p83,anthropogenic,1969,0.249881317
p83,anthropogenic,1970,0.257313365
p83,anthropogenic,1971,0.265201484
p83,anthropogenic,1972,0.273826518
p83,anthropogenic,1973,0.285036279
p83,anthropogenic,1974,0.298924666
p83,anthropogenic,1975,0.312698464
p83,anthropogenic,1976,0.323918764
p83,anthropogenic,1977,0.335216577
p83,anthropogenic,1978,0.349626309
p83,anthropogenic,1979,0.364789431
p83,anthropogenic,1980,0.38148674
p83,anthropogenic,1981,0.400888896
p83,anthropogenic,1982,0.418913305
p83,anthropogenic,1983,0.438582488
p83,anthropogenic,1984,0.460413042
p83,anthropogenic,1985,0.479593169
p83,anthropogenic,1986,0.499027321
p83,anthropogenic,1987,0.517674135
p83,anthropogenic,1988,0.537054662
p83,anthropogenic,1989,0.559568137
p83,anthropogenic,1990,0.581229196
p83,anthropogenic,1991,0.597369124
p83,anthropogenic,1992,0.617622214
p83,anthropogenic,1993,0.64133051
p83,anthropogenic,1994,0.658919721
p83,anthropogenic,1995,0.678887883
p83,anthropogenic,1996,0.703307783
p83,anthropogenic,1997,0.720677823
p83,anthropogenic,1998,0.737488799
p83,anthropogenic,1999,0.761389612
p83,anthropogenic,2000,0.788047628
p83,anthropogenic,2001,0.812576288
p83,anthropogenic,2002,0.830969769
p83,anthropogenic,2003,0.845789132
p83,anthropogenic,2004,0.862450426
p83,anthropogenic,2005,0.878785274
p83,anthropogenic,2006,0.893906753
p83,anthropogenic,2007,0.91183091
p83,anthropogenic,2008,0.934327162
p83,anthropogenic,2009,0.960168861
p83,anthropogenic,2010,0.985292347
p83,anthropogenic,2011,1.009070692
p83,anthropogenic,2012,1.031127929
p83,anthropogenic,2013,1.055902576
p83,anthropogenic,2014,1.082975725
p83,anthropogenic,2015,1.107868407
p83,anthropogenic,2016,1.138816908
p83,anthropogenic,2017,1.173197165
p83,anthropogenic,2018,1.204678862
p83,anthropogenic,2019,1.230539173
p83,anthropogenic,2020,1.258660436
p83,anthropogenic,2021,1.28692297
p83,anthropogenic,2022,1.317606735
p83,anthropogenic,2023,1.341941739
p83,anthropogenic,2024,1.36291955
p83,anthropogenic,2025,1.395797737
p83,bc_snow,1850,-0.000937692
p83,bc_snow,1851,-0.000915357
p83,bc_snow,1852,-0.000911508
p83,bc_snow,1853,-0.000897848
p83,bc_snow,1854,-0.000850378
p83,bc_snow,1855,-0.000797616
p83,bc_snow,1856,-0.000771206
p83,bc_snow,1857,-0.000731568
p83,bc_snow,1858,-0.000672462
p83,bc_snow,1859,-0.000626314
p83,bc_snow,1860,-0.000592388
p83,bc_snow,1861,-0.00055541
p83,bc_snow,1862,-0.000525494
p83,bc_snow,1863,-0.000514389
p83,bc_snow,1864,-0.00049456
p83,bc_snow,1865,-0.000446823
p83,bc_snow,1866,-0.000399995
p83,bc_snow,1867,-0.000353134
p83,bc_snow,1868,-0.000282432
p83,bc_snow,1869,-0.000227248
p83,bc_snow,1870,-0.000184159
p83,bc_snow,1871,-0.00014555
p83,bc_snow,1872,-0.000128742
p83,bc_snow,1873,-9.02e-05
p83,bc_snow,1874,-2.7e-05
p83,bc_snow,1875,2.81e-05
p83,bc_snow,1876,0.000144756
p83,bc_snow,1877,0.000344941
p83,bc_snow,1878,0.000603439
p83,bc_snow,1879,0.000877344
p83,bc_snow,1880,0.001116897
p83,bc_snow,1881,0.00135786
p83,bc_snow,1882,0.001576686
p83,bc_snow,1883,0.001674295
p83,bc_snow,1884,0.001833673
p83,bc_snow,1885,0.002069488
p83,bc_snow,1886,0.002261178
p83,bc_snow,1887,0.002495451
p83,bc_snow,1888,0.00287957
p83,bc_snow,1889,0.003225542
p83,bc_snow,1890,0.003520317
p83,bc_snow,1891,0.003786396
p83,bc_snow,1892,0.003910563
p83,bc_snow,1893,0.004036553
p83,bc_snow,1894,0.004301882
p83,bc_snow,1895,0.00464171
p83,bc_snow,1896,0.004813563
p83,bc_snow,1897,0.005028033
p83,bc_snow,1898,0.005391224
p83,bc_snow,1899,0.00577862
p83,bc_snow,1900,0.006148516
p83,bc_snow,1901,0.006448965
p83,bc_snow,1902,0.006702025
p83,bc_snow,1903,0.006928023
p83,bc_snow,1904,0.007255099
p83,bc_snow,1905,0.007704687
p83,bc_snow,1906,0.008171637
p83,bc_snow,1907,0.008789373
p83,bc_snow,1908,0.009398281
p83,bc_snow,1909,0.009811713
p83,bc_snow,1910,0.010308979
p83,bc_snow,1911,0.010754935
p83,bc_snow,1912,0.01104711
p83,bc_snow,1913,0.01146285
p83,bc_snow,1914,0.011830393
p83,bc_snow,1915,0.011969855
p83,bc_snow,1916,0.012163433
p83,bc_snow,1917,0.012599698
p83,bc_snow,1918,0.013075396
p83,bc_snow,1919,0.013088325
p83,bc_snow,1920,0.01309563
p83,bc_snow,1921,0.013104246
p83,bc_snow,1922,0.012872038
p83,bc_snow,1923,0.013353933
p83,bc_snow,1924,0.014002901
p83,bc_snow,1925,0.014263693
p83,bc_snow,1926,0.014463182
p83,bc_snow,1927,0.014705932
p83,bc_snow,1928,0.014942005
p83,bc_snow,1929,0.01513791
p83,bc_snow,1930,0.015308964
p83,bc_snow,1931,0.014950025
p83,bc_snow,1932,0.014358361
p83,bc_snow,1933,0.014010149
p83,bc_snow,1934,0.014068762
p83,bc_snow,1935,0.014385605
p83,bc_snow,1936,0.014862378
p83,bc_snow,1937,0.015416519
p83,bc_snow,1938,0.015513663
p83,bc_snow,1939,0.015609323
p83,bc_snow,1940,0.015978311
p83,bc_snow,1941,0.016329507
p83,bc_snow,1942,0.016793518
p83,bc_snow,1943,0.017293514
p83,bc_snow,1944,0.017690132
p83,bc_snow,1945,0.017627393
p83,bc_snow,1946,0.017272936
p83,bc_snow,1947,0.017170114
p83,bc_snow,1948,0.017393487
p83,bc_snow,1949,0.017576114
p83,bc_snow,1950,0.017864616
p83,bc_snow,1951,0.018074131
p83,bc_snow,1952,0.018012654
p83,bc_snow,1953,0.018198253
p83,bc_snow,1954,0.018510998
p83,bc_snow,1955,0.018914686
p83,bc_snow,1956,0.019660959
p83,bc_snow,1957,0.020749302
p83,bc_snow,1958,0.021610774
p83,bc_snow,1959,0.02223992
p83,bc_snow,1960,0.023011331
p83,bc_snow,1961,0.023730192
p83,bc_snow,1962,0.024249816
p83,bc_snow,1963,0.02496898
p83,bc_snow,1964,0.025505423
p83,bc_snow,1965,0.025667643
p83,bc_snow,1966,0.025924509
p83,bc_snow,1967,0.026356845
p83,bc_snow,1968,0.026863293
p83,bc_snow,1969,0.02730491
p83,bc_snow,1970,0.02794308
p83,bc_snow,1971,0.028845129
p83,bc_snow,1972,0.03017601
p83,bc_snow,1973,0.031429087
p83,bc_snow,1974,0.032281735
p83,bc_snow,1975,0.033071158
p83,bc_snow,1976,0.034189337
p83,bc_snow,1977,0.035694606
p83,bc_snow,1978,0.037329254
p83,bc_snow,1979,0.038929129
p83,bc_snow,1980,0.039920078
p83,bc_snow,1981,0.04029417
p83,bc_snow,1982,0.041021758
p83,bc_snow,1983,0.041574073
p83,bc_snow,1984,0.041892563
p83,bc_snow,1985,0.042730929
p83,bc_snow,1986,0.043696942
p83,bc_snow,1987,0.044912524
p83,bc_snow,1988,0.046359229
p83,bc_snow,1989,0.047558083
p83,bc_snow,1990,0.0485235
p83,bc_snow,1991,0.050329679
p83,bc_snow,1992,0.051292526
p83,bc_snow,1993,0.051315978
p83,bc_snow,1994,0.052635833
p83,bc_snow,1995,0.05421741
p83,bc_snow,1996,0.054911496
p83,bc_snow,1997,0.056205497
p83,bc_snow,1998,0.058154541
p83,bc_snow,1999,0.058132814
p83,bc_snow,2000,0.056480796
p83,bc_snow,2001,0.055299003
p83,bc_snow,2002,0.05545304
p83,bc_snow,2003,0.05628409
p83,bc_snow,2004,0.057186606
p83,bc_snow,2005,0.058361002
p83,bc_snow,2006,0.05931362
p83,bc_snow,2007,0.060135391
p83,bc_snow,2008,0.060621235
p83,bc_snow,2009,0.060342632
p83,bc_snow,2010,0.060716305
p83,bc_snow,2011,0.061084239
p83,bc_snow,2012,0.06110222
p83,bc_snow,2013,0.061026874
p83,bc_snow,2014,0.060697468
p83,bc_snow,2015,0.060714871
p83,bc_snow,2016,0.06007522
p83,bc_snow,2017,0.059126019
p83,bc_snow,2018,0.058391
p83,bc_snow,2019,0.058180116
p83,bc_snow,2020,0.057834333
p83,bc_snow,2021,0.057369663
p83,bc_snow,2022,0.056688876
p83,bc_snow,2023,0.056942965
p83,bc_snow,2024,0.058380567
p83,bc_snow,2025,0.057666755
p83,ch4,1850,-0.011388947
p83,ch4,1851,-0.011192142
p83,ch4,1852,-0.011006423
p83,ch4,1853,-0.010791146
p83,ch4,1854,-0.010542728
p83,ch4,1855,-0.010264645
p83,ch4,1856,-0.009964425
p83,ch4,1857,-0.00964798
p83,ch4,1858,-0.009305248
p83,ch4,1859,-0.008933127
p83,ch4,1860,-0.008542054
p83,ch4,1861,-0.008135795
p83,ch4,1862,-0.007693905
p83,ch4,1863,-0.007194727
p83,ch4,1864,-0.006634302
p83,ch4,1865,-0.006030762
p83,ch4,1866,-0.005395933
p83,ch4,1867,-0.0047248
p83,ch4,1868,-0.004034486
p83,ch4,1869,-0.003352788
p83,ch4,1870,-0.002703153
p83,ch4,1871,-0.002114317
p83,ch4,1872,-0.001593669
p83,ch4,1873,-0.001130708
p83,ch4,1874,-0.00068046
p83,ch4,1875,-0.000200376
p83,ch4,1876,0.00031259
p83,ch4,1877,0.000875885
p83,ch4,1878,0.00148424
p83,ch4,1879,0.00213015
p83,ch4,1880,0.002820183
p83,ch4,1881,0.003539723
p83,ch4,1882,0.004270815
p83,ch4,1883,0.00501395
p83,ch4,1884,0.00577806
p83,ch4,1885,0.006578205
p83,ch4,1886,0.007411554
p83,ch4,1887,0.008275522
p83,ch4,1888,0.009167593
p83,ch4,1889,0.010084767
p83,ch4,1890,0.011029823
p83,ch4,1891,0.01199624
p83,ch4,1892,0.013006207
p83,ch4,1893,0.014062865
p83,ch4,1894,0.015120292
p83,ch4,1895,0.016141757
p83,ch4,1896,0.017077895
p83,ch4,1897,0.017918708
p83,ch4,1898,0.018758498
p83,ch4,1899,0.019665352
p83,ch4,1900,0.02062486
p83,ch4,1901,0.021612036
p83,ch4,1902,0.022644798
p83,ch4,1903,0.023738416
p83,ch4,1904,0.024927017
p83,ch4,1905,0.026224852
p83,ch4,1906,0.02760181
p83,ch4,1907,0.02906244
p83,ch4,1908,0.030547776
p83,ch4,1909,0.032026819
p83,ch4,1910,0.033531694
p83,ch4,1911,0.035029661
p83,ch4,1912,0.036478799
p83,ch4,1913,0.037823227
p83,ch4,1914,0.03904183
p83,ch4,1915,0.040200268
p83,ch4,1916,0.041507721
p83,ch4,1917,0.042974816
p83,ch4,1918,0.04450884
p83,ch4,1919,0.046184292
p83,ch4,1920,0.047977087
p83,ch4,1921,0.04982878
p83,ch4,1922,0.05170353
p83,ch4,1923,0.053558818
p83,ch4,1924,0.055311158
p83,ch4,1925,0.056885219
p83,ch4,1926,0.05825386
p83,ch4,1927,0.059487087
p83,ch4,1928,0.060768807
p83,ch4,1929,0.062208519
p83,ch4,1930,0.063764432
p83,ch4,1931,0.065337166
p83,ch4,1932,0.066867241
p83,ch4,1933,0.068369921
p83,ch4,1934,0.069888339
p83,ch4,1935,0.071441872
p83,ch4,1936,0.07299569
p83,ch4,1937,0.074519992
p83,ch4,1938,0.076014092
p83,ch4,1939,0.077559659
p83,ch4,1940,0.07908785
p83,ch4,1941,0.080489365
p83,ch4,1942,0.081891541
p83,ch4,1943,0.083336832
p83,ch4,1944,0.084750257
p83,ch4,1945,0.086094594
p83,ch4,1946,0.087428296
p83,ch4,1947,0.088859287
p83,ch4,1948,0.090397793
p83,ch4,1949,0.091948529
p83,ch4,1950,0.093419902
p83,ch4,1951,0.094864823
p83,ch4,1952,0.096368807
p83,ch4,1953,0.098048234
p83,ch4,1954,0.100022973
p83,ch4,1955,0.102275955
p83,ch4,1956,0.104815937
p83,ch4,1957,0.107619885
p83,ch4,1958,0.110492098
p83,ch4,1959,0.113264268
p83,ch4,1960,0.115839621
p83,ch4,1961,0.118165743
p83,ch4,1962,0.120584374
p83,ch4,1963,0.123487724
p83,ch4,1964,0.126756583
p83,ch4,1965,0.130081632
p83,ch4,1966,0.133282864
p83,ch4,1967,0.136387288
p83,ch4,1968,0.139661111
p83,ch4,1969,0.143213317
p83,ch4,1970,0.147063523
p83,ch4,1971,0.151162556
p83,ch4,1972,0.155297426
p83,ch4,1973,0.15926805
p83,ch4,1974,0.163016114
p83,ch4,1975,0.166722088
p83,ch4,1976,0.170530024
p83,ch4,1977,0.174478816
p83,ch4,1978,0.178557109
p83,ch4,1979,0.182730471
p83,ch4,1980,0.186948753
p83,ch4,1981,0.191149823
p83,ch4,1982,0.195265559
p83,ch4,1983,0.199225344
p83,ch4,1984,0.202982263
p83,ch4,1985,0.206587077
p83,ch4,1986,0.210120786
p83,ch4,1987,0.21352435
p83,ch4,1988,0.216842898
p83,ch4,1989,0.220210345
p83,ch4,1990,0.223433316
p83,ch4,1991,0.226564636
p83,ch4,1992,0.229634819
p83,ch4,1993,0.232324208
p83,ch4,1994,0.234745055
p83,ch4,1995,0.237083111
p83,ch4,1996,0.239242606
p83,ch4,1997,0.241239529
p83,ch4,1998,0.243357582
p83,ch4,1999,0.245633816
p83,ch4,2000,0.247718509
p83,ch4,2001,0.249438008
p83,ch4,2002,0.25094601
p83,ch4,2003,0.252475214
p83,ch4,2004,0.253938697
p83,ch4,2005,0.255174642
p83,ch4,2006,0.256296052
p83,ch4,2007,0.257582491
p83,ch4,2008,0.259105115
p83,ch4,2009,0.260687041
p83,ch4,2010,0.262271629
p83,ch4,2011,0.26387723
p83,ch4,2012,0.265488909
p83,ch4,2013,0.267104739
p83,ch4,2014,0.268836602
p83,ch4,2015,0.270785791
p83,ch4,2016,0.272828348
p83,ch4,2017,0.274825337
p83,ch4,2018,0.276821736
p83,ch4,2019,0.278858129
p83,ch4,2020,0.281016525
p83,ch4,2021,0.283471476
p83,ch4,2022,0.286204848
p83,ch4,2023,0.288932043
p83,ch4,2024,0.291446679
p83,ch4,2025,0.293774838
p83,co2,1850,-0.0324341
p83,co2,1851,-0.031711842
p83,co2,1852,-0.030884527
p83,co2,1853,-0.029998555
p83,co2,1854,-0.029111419
p83,co2,1855,-0.028258162
p83,co2,1856,-0.027423698
p83,co2,1857,-0.026527607
p83,co2,1858,-0.025535048
p83,co2,1859,-0.024465142
p83,co2,1860,-0.023314313
p83,co2,1861,-0.022091359
p83,co2,1862,-0.020851748
p83,co2,1863,-0.019618372
p83,co2,1864,-0.018374076
p83,co2,1865,-0.017116891
p83,co2,1866,-0.015852217
p83,co2,1867,-0.014576507
p83,co2,1868,-0.013310261
p83,co2,1869,-0.012106078
p83,co2,1870,-0.010951094
p83,co2,1871,-0.009798898
p83,co2,1872,-0.00860565
p83,co2,1873,-0.007330416
p83,co2,1874,-0.005977688
p83,co2,1875,-0.004541965
p83,co2,1876,-0.003023464
p83,co2,1877,-0.00144087
p83,co2,1878,0.000279269
p83,co2,1879,0.002276496
p83,co2,1880,0.004372187
p83,co2,1881,0.00656103
p83,co2,1882,0.008853008
p83,co2,1883,0.011180976
p83,co2,1884,0.013497623
p83,co2,1885,0.015875799
p83,co2,1886,0.018367057
p83,co2,1887,0.020966115
p83,co2,1888,0.023697134
p83,co2,1889,0.026561034
p83,co2,1890,0.029506696
p83,co2,1891,0.032525309
p83,co2,1892,0.035608163
p83,co2,1893,0.038676064
p83,co2,1894,0.041702744
p83,co2,1895,0.044689864
p83,co2,1896,0.047626193
p83,co2,1897,0.050531026
p83,co2,1898,0.053450083
p83,co2,1899,0.056463303
p83,co2,1900,0.059615623
p83,co2,1901,0.062828167
p83,co2,1902,0.066009666
p83,co2,1903,0.069183779
p83,co2,1904,0.072337455
p83,co2,1905,0.075493584
p83,co2,1906,0.078749934
p83,co2,1907,0.082193236
p83,co2,1908,0.08580378
p83,co2,1909,0.089493804
p83,co2,1910,0.093273224
p83,co2,1911,0.097161195
p83,co2,1912,0.101231734
p83,co2,1913,0.10555233
p83,co2,1914,0.110005921
p83,co2,1915,0.11450808
p83,co2,1916,0.119113559
p83,co2,1917,0.123804778
p83,co2,1918,0.128419838
p83,co2,1919,0.132808081
p83,co2,1920,0.137083355
p83,co2,1921,0.141282187
p83,co2,1922,0.145325422
p83,co2,1923,0.149246015
p83,co2,1924,0.153109573
p83,co2,1925,0.156749276
p83,co2,1926,0.159987983
p83,co2,1927,0.163051132
p83,co2,1928,0.166001352
p83,co2,1929,0.168791345
p83,co2,1930,0.171436878
p83,co2,1931,0.174025686
p83,co2,1932,0.176737653
p83,co2,1933,0.179624849
p83,co2,1934,0.182733776
p83,co2,1935,0.186126455
p83,co2,1936,0.19017537
p83,co2,1937,0.194976538
p83,co2,1938,0.199912335
p83,co2,1939,0.204753407
p83,co2,1940,0.209566755
p83,co2,1941,0.214271181
p83,co2,1942,0.21876191
p83,co2,1943,0.222863121
p83,co2,1944,0.226345682
p83,co2,1945,0.229184002
p83,co2,1946,0.231620269
p83,co2,1947,0.233932487
p83,co2,1948,0.23615306
p83,co2,1949,0.238296463
p83,co2,1950,0.240545478
p83,co2,1951,0.24291586
p83,co2,1952,0.245500668
p83,co2,1953,0.248424442
p83,co2,1954,0.251578631
p83,co2,1955,0.254796903
p83,co2,1956,0.257975908
p83,co2,1957,0.261121614
p83,co2,1958,0.264341752
p83,co2,1959,0.26780547
p83,co2,1960,0.271956499
p83,co2,1961,0.276744054
p83,co2,1962,0.281837508
p83,co2,1963,0.287081491
p83,co2,1964,0.292392824
p83,co2,1965,0.297641723
p83,co2,1966,0.303344985
p83,co2,1967,0.30944924
p83,co2,1968,0.315630035
p83,co2,1969,0.322209334
p83,co2,1970,0.329771204
p83,co2,1971,0.337620323
p83,co2,1972,0.346192354
p83,co2,1973,0.357503861
p83,co2,1974,0.369059704
p83,co2,1975,0.378029583
p83,co2,1976,0.385639094
p83,co2,1977,0.394511831
p83,co2,1978,0.405052695
p83,co2,1979,0.41638349
p83,co2,1980,0.428694118
p83,co2,1981,0.4410368
p83,co2,1982,0.452006576
p83,co2,1983,0.462894392
p83,co2,1984,0.47463563
p83,co2,1985,0.486572326
p83,co2,1986,0.49853191
p83,co2,1987,0.510815405
p83,co2,1988,0.524473817
p83,co2,1989,0.538793735
p83,co2,1990,0.552197894
p83,co2,1991,0.56490632
p83,co2,1992,0.576627955
p83,co2,1993,0.587156718
p83,co2,1994,0.597897153
p83,co2,1995,0.60986186
p83,co2,1996,0.622679661
p83,co2,1997,0.635171845
p83,co2,1998,0.648537797
p83,co2,1999,0.663431503
p83,co2,2000,0.677572515
p83,co2,2001,0.69093142
p83,co2,2002,0.704812121
p83,co2,2003,0.719944807
p83,co2,2004,0.735535543
p83,co2,2005,0.750884782
p83,co2,2006,0.766569142
p83,co2,2007,0.782158235
p83,co2,2008,0.797674413
p83,co2,2009,0.812911142
p83,co2,2010,0.828144822
p83,co2,2011,0.843769233
p83,co2,2012,0.859366474
p83,co2,2013,0.875855572
p83,co2,2014,0.892724449
p83,co2,2015,0.909397509
p83,co2,2016,0.927489519
p83,co2,2017,0.946167647
p83,co2,2018,0.964236707
p83,co2,2019,0.982380901
p83,co2,2020,1.000541688
p83,co2,2021,1.018546269
p83,co2,2022,1.036490217
p83,co2,2023,1.054435342
p83,co2,2024,1.073368615
p83,co2,2025,1.09332223
p83,contrails,1850,0.0
p83,contrails,1851,0.0
p83,contrails,1852,0.0
p83,contrails,1853,0.0
p83,contrails,1854,0.0
p83,contrails,1855,0.0
p83,contrails,1856,0.0
p83,contrails,1857,0.0
p83,contrails,1858,0.0
p83,contrails,1859,0.0
p83,contrails,1860,0.0
p83,contrails,1861,0.0
p83,contrails,1862,0.0
p83,contrails,1863,0.0
p83,contrails,1864,0.0
p83,contrails,1865,0.0
p83,contrails,1866,0.0
p83,contrails,1867,0.0
p83,contrails,1868,0.0
p83,contrails,1869,0.0
p83,contrails,1870,0.0
p83,contrails,1871,0.0
p83,contrails,1872,0.0
p83,contrails,1873,0.0
p83,contrails,1874,0.0
p83,contrails,1875,0.0
p83,contrails,1876,0.0
p83,contrails,1877,0.0
p83,contrails,1878,0.0
p83,contrails,1879,0.0
p83,contrails,1880,0.0
p83,contrails,1881,0.0
p83,contrails,1882,0.0
p83,contrails,1883,0.0
p83,contrails,1884,0.0
p83,contrails,1885,0.0
p83,contrails,1886,0.0
p83,contrails,1887,0.0
p83,contrails,1888,0.0
p83,contrails,1889,0.0
p83,contrails,1890,0.0
p83,contrails,1891,0.0
p83,contrails,1892,0.0
p83,contrails,1893,0.0
p83,contrails,1894,0.0
p83,contrails,1895,0.0
p83,contrails,1896,0.0
p83,contrails,1897,0.0
p83,contrails,1898,0.0
p83,contrails,1899,0.0
p83,contrails,1900,0.0
p83,contrails,1901,0.0
p83,contrails,1902,0.0
p83,contrails,1903,0.0
p83,contrails,1904,0.0
p83,contrails,1905,0.0
p83,contrails,1906,0.0
p83,contrails,1907,0.0
p83,contrails,1908,0.0
p83,contrails,1909,0.0
p83,contrails,1910,0.0
p83,contrails,1911,0.0
p83,contrails,1912,0.0
p83,contrails,1913,0.0
p83,contrails,1914,0.0
p83,contrails,1915,0.0
p83,contrails,1916,0.0
p83,contrails,1917,0.0
p83,contrails,1918,0.0
p83,contrails,1919,0.0
p83,contrails,1920,0.0
p83,contrails,1921,0.0
p83,contrails,1922,0.0
p83,contrails,1923,0.0
p83,contrails,1924,0.0
p83,contrails,1925,0.0
p83,contrails,1926,0.0
p83,contrails,1927,0.0
p83,contrails,1928,0.0
p83,contrails,1929,0.0
p83,contrails,1930,0.0
p83,contrails,1931,2.66e-06
p83,contrails,1932,9.35e-06
p83,contrails,1933,1.83e-05
p83,contrails,1934,2.86e-05
p83,contrails,1935,4.01e-05
p83,contrails,1936,5.24e-05
p83,contrails,1937,6.54e-05
p83,contrails,1938,7.89e-05
p83,contrails,1939,9.31e-05
p83,contrails,1940,0.000107611
p83,contrails,1941,0.000121977
p83,contrails,1942,0.000136159
p83,contrails,1943,0.000150695
p83,contrails,1944,0.000165828
p83,contrails,1945,0.000181701
p83,contrails,1946,0.000198746
p83,contrails,1947,0.000216856
p83,contrails,1948,0.000236012
p83,contrails,1949,0.000256565
p83,contrails,1950,0.000278711
p83,contrails,1951,0.00030257
p83,contrails,1952,0.000327897
p83,contrails,1953,0.000355282
p83,contrails,1954,0.000385027
p83,contrails,1955,0.000416983
p83,contrails,1956,0.000451461
p83,contrails,1957,0.000488647
p83,contrails,1958,0.000528663
p83,contrails,1959,0.000571612
p83,contrails,1960,0.000617916
p83,contrails,1961,0.000678154
p83,contrails,1962,0.000760071
p83,contrails,1963,0.000852728
p83,contrails,1964,0.000947742
p83,contrails,1965,0.001051788
p83,contrails,1966,0.001174069
p83,contrails,1967,0.001342642
p83,contrails,1968,0.001563879
p83,contrails,1969,0.00178986
p83,contrails,1970,0.001983599
p83,contrails,1971,0.002226597
p83,contrails,1972,0.002525957
p83,contrails,1973,0.002802348
p83,contrails,1974,0.003025893
p83,contrails,1975,0.003206281
p83,contrails,1976,0.00338355
p83,contrails,1977,0.003595627
p83,contrails,1978,0.003848513
p83,contrails,1979,0.004114441
p83,contrails,1980,0.004372649
p83,contrails,1981,0.004582187
p83,contrails,1982,0.004777059
p83,contrails,1983,0.004998132
p83,contrails,1984,0.005278481
p83,contrails,1985,0.005606742
p83,contrails,1986,0.005965737
p83,contrails,1987,0.006368258
p83,contrails,1988,0.006801238
p83,contrails,1989,0.007261199
p83,contrails,1990,0.007691931
p83,contrails,1991,0.008020144
p83,contrails,1992,0.008405444
p83,contrails,1993,0.00897128
p83,contrails,1994,0.009594542
p83,contrails,1995,0.010236121
p83,contrails,1996,0.010900135
p83,contrails,1997,0.011565242
p83,contrails,1998,0.01221182
p83,contrails,1999,0.012885981
p83,contrails,2000,0.013677216
p83,contrails,2001,0.014455911
p83,contrails,2002,0.015002005
p83,contrails,2003,0.015467631
p83,contrails,2004,0.016298251
p83,contrails,2005,0.017366463
p83,contrails,2006,0.018339665
p83,contrails,2007,0.019308438
p83,contrails,2008,0.020220529
p83,contrails,2009,0.020840389
p83,contrails,2010,0.021617257
p83,contrails,2011,0.022740724
p83,contrails,2012,0.023700479
p83,contrails,2013,0.024538346
p83,contrails,2014,0.025459918
p83,contrails,2015,0.026524208
p83,contrails,2016,0.027723897
p83,contrails,2017,0.028996891
p83,contrails,2018,0.030139083
p83,contrails,2019,0.031471998
p83,contrails,2020,0.030068018
p83,contrails,2021,0.027378418
p83,contrails,2022,0.027548184
p83,contrails,2023,0.029554831
p83,contrails,2024,0.032206101
p83,contrails,2025,0.034463051
p83,ghg,1850,-0.049222764
p83,ghg,1851,-0.048237658
p83,ghg,1852,-0.047138825
p83,ghg,1853,-0.045933855
p83,ghg,1854,-0.044677171
p83,ghg,1855,-0.04341069
p83,ghg,1856,-0.042129595
p83,ghg,1857,-0.040764845
p83,ghg,1858,-0.039276278
p83,ghg,1859,-0.037668424
p83,ghg,1860,-0.035934906
p83,ghg,1861,-0.034089024
p83,ghg,1862,-0.032169917
p83,ghg,1863,-0.030190425
p83,ghg,1864,-0.028135217
p83,ghg,1865,-0.026018625
p83,ghg,1866,-0.023854443
p83,ghg,1867,-0.021635711
p83,ghg,1868,-0.019402073
p83,ghg,1869,-0.017239511
p83,ghg,1870,-0.015164918
p83,ghg,1871,-0.013151574
p83,ghg,1872,-0.011155788
p83,ghg,1873,-0.00912836
p83,ghg,1874,-0.007036436
p83,ghg,1875,-0.004842753
p83,ghg,1876,-0.00256017
p83,ghg,1877,-0.000171563
p83,ghg,1878,0.002565891
p83,ghg,1879,0.005501198
p83,ghg,1880,0.008538139
p83,ghg,1881,0.011687152
p83,ghg,1882,0.014939501
p83,ghg,1883,0.018231871
p83,ghg,1884,0.021527426
p83,ghg,1885,0.024914253
p83,ghg,1886,0.028438402
p83,ghg,1887,0.032097077
p83,ghg,1888,0.035910516
p83,ghg,1889,0.039877957
p83,ghg,1890,0.043951176
p83,ghg,1891,0.048106399
p83,ghg,1892,0.052365026
p83,ghg,1893,0.056662335
p83,ghg,1894,0.06093313
p83,ghg,1895,0.065144892
p83,ghg,1896,0.069225099
p83,ghg,1897,0.073175863
p83,ghg,1898,0.077139026
p83,ghg,1899,0.081268256
p83,ghg,1900,0.08559891
p83,ghg,1901,0.090027801
p83,ghg,1902,0.094503013
p83,ghg,1903,0.099082668
p83,ghg,1904,0.103770379
p83,ghg,1905,0.108584328
p83,ghg,1906,0.113588589
p83,ghg,1907,0.118877661
p83,ghg,1908,0.124385672
p83,ghg,1909,0.129997154
p83,ghg,1910,0.135749601
p83,ghg,1911,0.141640179
p83,ghg,1912,0.147673203
p83,ghg,1913,0.153846811
p83,ghg,1914,0.160046362
p83,ghg,1915,0.166244027
p83,ghg,1916,0.172674166
p83,ghg,1917,0.179334353
p83,ghg,1918,0.185960593
p83,ghg,1919,0.192420301
p83,ghg,1920,0.198810794
p83,ghg,1921,0.205157427
p83,ghg,1922,0.211365402
p83,ghg,1923,0.21747338
p83,ghg,1924,0.223447438
p83,ghg,1925,0.228975774
p83,ghg,1926,0.23386187
p83,ghg,1927,0.238415473
p83,ghg,1928,0.242898383
p83,ghg,1929,0.247370337
p83,ghg,1930,0.251796229
p83,ghg,1931,0.256205234
p83,ghg,1932,0.260723881
p83,ghg,1933,0.265394075
p83,ghg,1934,0.270306532
p83,ghg,1935,0.27553308
p83,ghg,1936,0.281436054
p83,ghg,1937,0.288095831
p83,ghg,1938,0.294901706
p83,ghg,1939,0.301682658
p83,ghg,1940,0.308439468
p83,ghg,1941,0.315001534
p83,ghg,1942,0.321390637
p83,ghg,1943,0.327566951
p83,ghg,1944,0.333173182
p83,ghg,1945,0.338028346
p83,ghg,1946,0.342467866
p83,ghg,1947,0.346858988
p83,ghg,1948,0.35122962
p83,ghg,1949,0.355515567
p83,ghg,1950,0.359852082
p83,ghg,1951,0.36431925
p83,ghg,1952,0.369083332
p83,ghg,1953,0.374422452
p83,ghg,1954,0.380342479
p83,ghg,1955,0.386654301
p83,ghg,1956,0.393300499
p83,ghg,1957,0.400264459
p83,ghg,1958,0.407444162
p83,ghg,1959,0.414819032
p83,ghg,1960,0.422773454
p83,ghg,1961,0.431254203
p83,ghg,1962,0.440267023
p83,ghg,1963,0.450056547
p83,ghg,1964,0.460454307
p83,ghg,1965,0.471050851
p83,ghg,1966,0.482218706
p83,ghg,1967,0.493949612
p83,ghg,1968,0.506178658
p83,ghg,1969,0.519363844
p83,ghg,1970,0.534138718
p83,ghg,1971,0.549753832
p83,ghg,1972,0.566467848
p83,ghg,1973,0.586162693
p83,ghg,1974,0.606308106
p83,ghg,1975,0.624181285
p83,ghg,1976,0.641060597
p83,ghg,1977,0.659568107
p83,ghg,1978,0.680053444
p83,ghg,1979,0.701494133
p83,ghg,1980,0.724016023
p83,ghg,1981,0.746666463
p83,ghg,1982,0.768026908
p83,ghg,1983,0.789220973
p83,ghg,1984,0.811045138
p83,ghg,1985,0.833024536
p83,ghg,1986,0.855272695
p83,ghg,1987,0.877951813
p83,ghg,1988,0.902167299
p83,ghg,1989,0.927402979
p83,ghg,1990,0.951548232
p83,ghg,1991,0.974558093
p83,ghg,1992,0.996009232
p83,ghg,1993,1.015229644
p83,ghg,1994,1.033749348
p83,ghg,1995,1.053005869
p83,ghg,1996,1.072685114
p83,ghg,1997,1.09165488
p83,ghg,1998,1.111363281
p83,ghg,1999,1.132587073
p83,ghg,2000,1.152788117
p83,ghg,2001,1.171693237
p83,ghg,2002,1.190689935
p83,ghg,2003,1.210762789
p83,ghg,2004,1.231093108
p83,ghg,2005,1.250876557
p83,ghg,2006,1.270841573
p83,ghg,2007,1.290847478
p83,ghg,2008,1.311017867
p83,ghg,2009,1.330934346
p83,ghg,2010,1.35079772
p83,ghg,2011,1.371107044
p83,ghg,2012,1.391388467
p83,ghg,2013,1.412518955
p83,ghg,2014,1.434186723
p83,ghg,2015,1.455881588
p83,ghg,2016,1.4789996
p83,ghg,2017,1.502641143
p83,ghg,2018,1.525763764
p83,ghg,2019,1.549010531
p83,ghg,2020,1.572307529
p83,ghg,2021,1.595729023
p83,ghg,2022,1.619395866
p83,ghg,2023,1.642991841
p83,ghg,2024,1.667245722
p83,ghg,2025,1.69237029
p83,h2o_strat,1850,-0.000287198
p83,h2o_strat,1851,-0.000282379
p83,h2o_strat,1852,-0.000277835
p83,h2o_strat,1853,-0.000272546
p83,h2o_strat,1854,-0.000266425
p83,h2o_strat,1855,-0.000259558
p83,h2o_strat,1856,-0.000252138
p83,h2o_strat,1857,-0.000244305
p83,h2o_strat,1858,-0.00023581
p83,h2o_strat,1859,-0.00022657
p83,h2o_strat,1860,-0.000216847
p83,h2o_strat,1861,-0.000206736
p83,h2o_strat,1862,-0.000195716
p83,h2o_strat,1863,-0.000183245
p83,h2o_strat,1864,-0.000169231
p83,h2o_strat,1865,-0.000154128
p83,h2o_strat,1866,-0.000138247
p83,h2o_strat,1867,-0.000121451
p83,h2o_strat,1868,-0.000104179
p83,h2o_strat,1869,-8.71e-05
p83,h2o_strat,1870,-7.09e-05
p83,h2o_strat,1871,-5.61e-05
p83,h2o_strat,1872,-4.29e-05
p83,h2o_strat,1873,-3.12e-05
p83,h2o_strat,1874,-1.99e-05
p83,h2o_strat,1875,-7.94e-06
p83,h2o_strat,1876,1.51e-05
p83,h2o_strat,1877,7.54e-05
p83,h2o_strat,1878,0.000138721
p83,h2o_strat,1879,0.000205098
p83,h2o_strat,1880,0.00027591
p83,h2o_strat,1881,0.000349769
p83,h2o_strat,1882,0.000424813
p83,h2o_strat,1883,0.000501124
p83,h2o_strat,1884,0.000579706
p83,h2o_strat,1885,0.00066215
p83,h2o_strat,1886,0.000748176
p83,h2o_strat,1887,0.000837519
p83,h2o_strat,1888,0.000929917
p83,h2o_strat,1889,0.001025087
p83,h2o_strat,1890,0.00112333
p83,h2o_strat,1891,0.001223953
p83,h2o_strat,1892,0.001329347
p83,h2o_strat,1893,0.001439858
p83,h2o_strat,1894,0.001550617
p83,h2o_strat,1895,0.001657696
p83,h2o_strat,1896,0.001755786
p83,h2o_strat,1897,0.001843736
p83,h2o_strat,1898,0.00193171
p83,h2o_strat,1899,0.002027092
p83,h2o_strat,1900,0.002128319
p83,h2o_strat,1901,0.002232695
p83,h2o_strat,1902,0.002342162
p83,h2o_strat,1903,0.002458449
p83,h2o_strat,1904,0.002585327
p83,h2o_strat,1905,0.002724351
p83,h2o_strat,1906,0.002872251
p83,h2o_strat,1907,0.00302956
p83,h2o_strat,1908,0.003189956
p83,h2o_strat,1909,0.00335002
p83,h2o_strat,1910,0.003513304
p83,h2o_strat,1911,0.003676203
p83,h2o_strat,1912,0.00383406
p83,h2o_strat,1913,0.003980537
p83,h2o_strat,1914,0.004113235
p83,h2o_strat,1915,0.004239445
p83,h2o_strat,1916,0.004382752
p83,h2o_strat,1917,0.004544391
p83,h2o_strat,1918,0.00471394
p83,h2o_strat,1919,0.004899878
p83,h2o_strat,1920,0.005099605
p83,h2o_strat,1921,0.005306424
p83,h2o_strat,1922,0.005516563
p83,h2o_strat,1923,0.005725019
p83,h2o_strat,1924,0.005922144
p83,h2o_strat,1925,0.006099128
p83,h2o_strat,1926,0.006252467
p83,h2o_strat,1927,0.006390354
p83,h2o_strat,1928,0.006534247
p83,h2o_strat,1929,0.006697108
p83,h2o_strat,1930,0.006873946
p83,h2o_strat,1931,0.007053042
p83,h2o_strat,1932,0.007227481
p83,h2o_strat,1933,0.007398985
p83,h2o_strat,1934,0.007572821
p83,h2o_strat,1935,0.007751266
p83,h2o_strat,1936,0.007930049
p83,h2o_strat,1937,0.00810577
p83,h2o_strat,1938,0.008278196
p83,h2o_strat,1939,0.008457274
p83,h2o_strat,1940,0.008634612
p83,h2o_strat,1941,0.008796882
p83,h2o_strat,1942,0.008959643
p83,h2o_strat,1943,0.009128123
p83,h2o_strat,1944,0.009292942
p83,h2o_strat,1945,0.009449519
p83,h2o_strat,1946,0.009605067
p83,h2o_strat,1947,0.00977309
p83,h2o_strat,1948,0.009954764
p83,h2o_strat,1949,0.010138199
p83,h2o_strat,1950,0.010311931
p83,h2o_strat,1951,0.010482804
p83,h2o_strat,1952,0.010661453
p83,h2o_strat,1953,0.010862705
p83,h2o_strat,1954,0.011101725
p83,h2o_strat,1955,0.011376458
p83,h2o_strat,1956,0.011688287
p83,h2o_strat,1957,0.012034857
p83,h2o_strat,1958,0.012391008
p83,h2o_strat,1959,0.012735215
p83,h2o_strat,1960,0.013055231
p83,h2o_strat,1961,0.013343802
p83,h2o_strat,1962,0.013645801
p83,h2o_strat,1963,0.014013037
p83,h2o_strat,1964,0.014429915
p83,h2o_strat,1965,0.014855635
p83,h2o_strat,1966,0.015266375
p83,h2o_strat,1967,0.015665872
p83,h2o_strat,1968,0.016090366
p83,h2o_strat,1969,0.016554957
p83,h2o_strat,1970,0.017062664
p83,h2o_strat,1971,0.017607572
p83,h2o_strat,1972,0.018160053
p83,h2o_strat,1973,0.018692463
p83,h2o_strat,1974,0.019196393
p83,h2o_strat,1975,0.019697113
p83,h2o_strat,1976,0.020215185
p83,h2o_strat,1977,0.020756301
p83,h2o_strat,1978,0.02131917
p83,h2o_strat,1979,0.021899213
p83,h2o_strat,1980,0.02248908
p83,h2o_strat,1981,0.023080052
p83,h2o_strat,1982,0.023661888
p83,h2o_strat,1983,0.024223645
p83,h2o_strat,1984,0.024757488
p83,h2o_strat,1985,0.025270968
p83,h2o_strat,1986,0.025776231
p83,h2o_strat,1987,0.026263662
p83,h2o_strat,1988,0.026740712
p83,h2o_strat,1989,0.027227803
p83,h2o_strat,1990,0.027694831
p83,h2o_strat,1991,0.028149811
p83,h2o_strat,1992,0.028596322
p83,h2o_strat,1993,0.028984429
p83,h2o_strat,1994,0.029331905
p83,h2o_strat,1995,0.029667795
p83,h2o_strat,1996,0.029977172
p83,h2o_strat,1997,0.03026149
p83,h2o_strat,1998,0.030566881
p83,h2o_strat,1999,0.030899138
p83,h2o_strat,2000,0.031201432
p83,h2o_strat,2001,0.031445551
p83,h2o_strat,2002,0.031656692
p83,h2o_strat,2003,0.031872098
p83,h2o_strat,2004,0.032078069
p83,h2o_strat,2005,0.032247223
p83,h2o_strat,2006,0.032399152
p83,h2o_strat,2007,0.032579004
p83,h2o_strat,2008,0.032798008
p83,h2o_strat,2009,0.033026858
p83,h2o_strat,2010,0.033256459
p83,h2o_strat,2011,0.033489751
p83,h2o_strat,2012,0.033724828
p83,h2o_strat,2013,0.033961055
p83,h2o_strat,2014,0.034217226
p83,h2o_strat,2015,0.034510303
p83,h2o_strat,2016,0.034818707
p83,h2o_strat,2017,0.035119437
p83,h2o_strat,2018,0.035421116
p83,h2o_strat,2019,0.035729906
p83,h2o_strat,2020,0.036060194
p83,h2o_strat,2021,0.036441958
p83,h2o_strat,2022,0.036871468
p83,h2o_strat,2023,0.037300091
p83,h2o_strat,2024,0.037692886
p83,h2o_strat,2025,0.038054738
p83,halogen,1850,-4.77e-08
p83,halogen,1851,-4.72e-08
p83,halogen,1852,-4.65e-08
p83,halogen,1853,-4.58e-08
p83,halogen,1854,-4.49e-08
p83,halogen,1855,-4.4e-08
p83,halogen,1856,-4.31e-08
p83,halogen,1857,-4.21e-08
p83,halogen,1858,-4.11e-08
p83,halogen,1859,-4.01e-08
p83,halogen,1860,-3.9e-08
p83,halogen,1861,-3.79e-08
p83,halogen,1862,-3.63e-08
p83,halogen,1863,-3.45e-08
p83,halogen,1864,-3.29e-08
p83,halogen,1865,-3.14e-08
p83,halogen,1866,-3e-08
p83,halogen,1867,-2.82e-08
p83,halogen,1868,-2.61e-08
p83,halogen,1869,-2.43e-08
p83,halogen,1870,-2.26e-08
p83,halogen,1871,-2.05e-08
p83,halogen,1872,-1.82e-08
p83,halogen,1873,-1.63e-08
p83,halogen,1874,-1.4e-08
p83,halogen,1875,-1.15e-08
p83,halogen,1876,-8.79e-09
p83,halogen,1877,-6e-09
p83,halogen,1878,-3.1e-09
p83,halogen,1879,-3.46e-11
p83,halogen,1880,3.41e-09
p83,halogen,1881,7.32e-09
p83,halogen,1882,1.15e-08
p83,halogen,1883,1.67e-08
p83,halogen,1884,2.24e-08
p83,halogen,1885,2.78e-08
p83,halogen,1886,3.29e-08
p83,halogen,1887,3.89e-08
p83,halogen,1888,4.52e-08
p83,halogen,1889,5.18e-08
p83,halogen,1890,5.87e-08
p83,halogen,1891,6.57e-08
p83,halogen,1892,7.28e-08
p83,halogen,1893,8.02e-08
p83,halogen,1894,8.76e-08
p83,halogen,1895,9.6e-08
p83,halogen,1896,1.05e-07
p83,halogen,1897,1.14e-07
p83,halogen,1898,1.23e-07
p83,halogen,1899,1.32e-07
p83,halogen,1900,1.42e-07
p83,halogen,1901,1.53e-07
p83,halogen,1902,1.84e-07
p83,halogen,1903,2.54e-07
p83,halogen,1904,3.48e-07
p83,halogen,1905,4.67e-07
p83,halogen,1906,6.2e-07
p83,halogen,1907,8.21e-07
p83,halogen,1908,1.09e-06
p83,halogen,1909,1.38e-06
p83,halogen,1910,1.74e-06
p83,halogen,1911,2.98e-06
p83,halogen,1912,4.99e-06
p83,halogen,1913,6.96e-06
p83,halogen,1914,9.84e-06
p83,halogen,1915,1.47e-05
p83,halogen,1916,2.26e-05
p83,halogen,1917,3.38e-05
p83,halogen,1918,4.66e-05
p83,halogen,1919,5.95e-05
p83,halogen,1920,7.16e-05
p83,halogen,1921,8.23e-05
p83,halogen,1922,9.31e-05
p83,halogen,1923,0.000106192
p83,halogen,1924,0.000121976
p83,halogen,1925,0.000140086
p83,halogen,1926,0.000161469
p83,halogen,1927,0.000184355
p83,halogen,1928,0.00020835
p83,halogen,1929,0.00023705
p83,halogen,1930,0.000271624
p83,halogen,1931,0.000312065
p83,halogen,1932,0.000357603
p83,halogen,1933,0.000406849
p83,halogen,1934,0.000460639
p83,halogen,1935,0.000521713
p83,halogen,1936,0.000594462
p83,halogen,1937,0.00068011
p83,halogen,1938,0.000775148
p83,halogen,1939,0.000877636
p83,halogen,1940,0.000990002
p83,halogen,1941,0.00111685
p83,halogen,1942,0.001264938
p83,halogen,1943,0.001440942
p83,halogen,1944,0.001649404
p83,halogen,1945,0.001880896
p83,halogen,1946,0.00213883
p83,halogen,1947,0.002432979
p83,halogen,1948,0.00275888
p83,halogen,1949,0.003114927
p83,halogen,1950,0.003496248
p83,halogen,1951,0.003901696
p83,halogen,1952,0.004327137
p83,halogen,1953,0.004776733
p83,halogen,1954,0.005267674
p83,halogen,1955,0.005812854
p83,halogen,1956,0.006423843
p83,halogen,1957,0.007112247
p83,halogen,1958,0.007877951
p83,halogen,1959,0.008711126
p83,halogen,1960,0.00962205
p83,halogen,1961,0.010641768
p83,halogen,1962,0.011797361
p83,halogen,1963,0.013116329
p83,halogen,1964,0.014630503
p83,halogen,1965,0.016363559
p83,halogen,1966,0.018328942
p83,halogen,1967,0.020543739
p83,halogen,1968,0.023036764
p83,halogen,1969,0.025839745
p83,halogen,1970,0.028974825
p83,halogen,1971,0.032448094
p83,halogen,1972,0.036269745
p83,halogen,1973,0.040486703
p83,halogen,1974,0.045157259
p83,halogen,1975,0.050235674
p83,halogen,1976,0.055581326
p83,halogen,1977,0.061100278
p83,halogen,1978,0.066748786
p83,halogen,1979,0.072423429
p83,halogen,1980,0.078089156
p83,halogen,1981,0.083770982
p83,halogen,1982,0.089452125
p83,halogen,1983,0.095155834
p83,halogen,1984,0.10090155
p83,halogen,1985,0.106794731
p83,halogen,1986,0.112983945
p83,halogen,1987,0.119492911
p83,halogen,1988,0.126338106
p83,halogen,1989,0.133333583
p83,halogen,1990,0.140141532
p83,halogen,1991,0.146549187
p83,halogen,1992,0.15248973
p83,halogen,1993,0.157831475
p83,halogen,1994,0.162520671
p83,halogen,1995,0.166742502
p83,halogen,1996,0.170610682
p83,halogen,1997,0.174142341
p83,halogen,1998,0.177372112
p83,halogen,1999,0.180372426
p83,halogen,2000,0.183181115
p83,halogen,2001,0.185815281
p83,halogen,2002,0.188280525
p83,halogen,2003,0.190583981
p83,halogen,2004,0.1927605
p83,halogen,2005,0.194846927
p83,halogen,2006,0.196844232
p83,halogen,2007,0.198776964
p83,halogen,2008,0.200674495
p83,halogen,2009,0.20251223
p83,halogen,2010,0.204289507
p83,halogen,2011,0.206026108
p83,halogen,2012,0.207703015
p83,halogen,2013,0.20933371
p83,halogen,2014,0.210939897
p83,halogen,2015,0.212511497
p83,halogen,2016,0.214056184
p83,halogen,2017,0.215597516
p83,halogen,2018,0.217148886
p83,halogen,2019,0.218662295
p83,halogen,2020,0.220050932
p83,halogen,2021,0.22133464
p83,halogen,2022,0.222576334
p83,halogen,2023,0.223735552
p83,halogen,2024,0.224811518
p83,halogen,2025,0.22587172
p83,land_use,1850,0.020434461
p83,land_use,1851,0.019851401
p83,land_use,1852,0.019202342
p83,land_use,1853,0.018513868
p83,land_use,1854,0.017797659
p83,land_use,1855,0.017059603
p83,land_use,1856,0.016304152
p83,land_use,1857,0.015533716
p83,land_use,1858,0.014750211
p83,land_use,1859,0.013955428
p83,land_use,1860,0.013170635
p83,land_use,1861,0.012427707
p83,land_use,1862,0.011724215
p83,land_use,1863,0.011041607
p83,land_use,1864,0.010372134
p83,land_use,1865,0.009711272
p83,land_use,1866,0.009056893
p83,land_use,1867,0.0084072
p83,land_use,1868,0.007761098
p83,land_use,1869,0.00711796
p83,land_use,1870,0.006429879
p83,land_use,1871,0.00562416
p83,land_use,1872,0.004708673
p83,land_use,1873,0.003728221
p83,land_use,1874,0.002703726
p83,land_use,1875,0.001647658
p83,land_use,1876,0.000577707
p83,land_use,1877,-0.000146997
p83,land_use,1878,-0.000476757
p83,land_use,1879,-0.000803172
p83,land_use,1880,-0.001125145
p83,land_use,1881,-0.001432926
p83,land_use,1882,-0.00172744
p83,land_use,1883,-0.002015231
p83,land_use,1884,-0.002299032
p83,land_use,1885,-0.002580116
p83,land_use,1886,-0.002859417
p83,land_use,1887,-0.003137344
p83,land_use,1888,-0.003414248
p83,land_use,1889,-0.003690441
p83,land_use,1890,-0.003965461
p83,land_use,1891,-0.004238206
p83,land_use,1892,-0.004508989
p83,land_use,1893,-0.004778678
p83,land_use,1894,-0.005047559
p83,land_use,1895,-0.00531591
p83,land_use,1896,-0.005583817
p83,land_use,1897,-0.005851483
p83,land_use,1898,-0.006118925
p83,land_use,1899,-0.006386063
p83,land_use,1900,-0.006659541
p83,land_use,1901,-0.006948845
p83,land_use,1902,-0.007252794
p83,land_use,1903,-0.007565305
p83,land_use,1904,-0.007883821
p83,land_use,1905,-0.00820687
p83,land_use,1906,-0.008533722
p83,land_use,1907,-0.008863844
p83,land_use,1908,-0.009196831
p83,land_use,1909,-0.009532392
p83,land_use,1910,-0.009853962
p83,land_use,1911,-0.010136658
p83,land_use,1912,-0.010383437
p83,land_use,1913,-0.010610108
p83,land_use,1914,-0.010823339
p83,land_use,1915,-0.011026848
p83,land_use,1916,-0.01122278
p83,land_use,1917,-0.011412824
p83,land_use,1918,-0.01159794
p83,land_use,1919,-0.011779047
p83,land_use,1920,-0.011964505
p83,land_use,1921,-0.012166559
p83,land_use,1922,-0.01238396
p83,land_use,1923,-0.012609981
p83,land_use,1924,-0.012841455
p83,land_use,1925,-0.013077283
p83,land_use,1926,-0.013316742
p83,land_use,1927,-0.013559225
p83,land_use,1928,-0.013804415
p83,land_use,1929,-0.014052426
p83,land_use,1930,-0.01429992
p83,land_use,1931,-0.014543238
p83,land_use,1932,-0.01478326
p83,land_use,1933,-0.01502188
p83,land_use,1934,-0.015260261
p83,land_use,1935,-0.01549896
p83,land_use,1936,-0.015738595
p83,land_use,1937,-0.015978847
p83,land_use,1938,-0.016220383
p83,land_use,1939,-0.016463029
p83,land_use,1940,-0.016684944
p83,land_use,1941,-0.016852907
p83,land_use,1942,-0.01697161
p83,land_use,1943,-0.017062661
p83,land_use,1944,-0.017135065
p83,land_use,1945,-0.017194481
p83,land_use,1946,-0.017242881
p83,land_use,1947,-0.017282728
p83,land_use,1948,-0.01731622
p83,land_use,1949,-0.017343936
p83,land_use,1950,-0.017393649
p83,land_use,1951,-0.017506436
p83,land_use,1952,-0.017676719
p83,land_use,1953,-0.017872873
p83,land_use,1954,-0.018085892
p83,land_use,1955,-0.018318641
p83,land_use,1956,-0.018561594
p83,land_use,1957,-0.018805886
p83,land_use,1958,-0.019035064
p83,land_use,1959,-0.019234771
p83,land_use,1960,-0.019416382
p83,land_use,1961,-0.019587269
p83,land_use,1962,-0.019759377
p83,land_use,1963,-0.019941873
p83,land_use,1964,-0.020119883
p83,land_use,1965,-0.02028546
p83,land_use,1966,-0.020440667
p83,land_use,1967,-0.020612192
p83,land_use,1968,-0.020861153
p83,land_use,1969,-0.021170133
p83,land_use,1970,-0.021468691
p83,land_use,1971,-0.02172933
p83,land_use,1972,-0.021950093
p83,land_use,1973,-0.022163561
p83,land_use,1974,-0.022383307
p83,land_use,1975,-0.022585108
p83,land_use,1976,-0.02276816
p83,land_use,1977,-0.022964914
p83,land_use,1978,-0.023198924
p83,land_use,1979,-0.023433547
p83,land_use,1980,-0.023645886
p83,land_use,1981,-0.023860485
p83,land_use,1982,-0.024076879
p83,land_use,1983,-0.02429055
p83,land_use,1984,-0.02450732
p83,land_use,1985,-0.024719714
p83,land_use,1986,-0.024921133
p83,land_use,1987,-0.025110866
p83,land_use,1988,-0.025290205
p83,land_use,1989,-0.025448837
p83,land_use,1990,-0.025579116
p83,land_use,1991,-0.025669595
p83,land_use,1992,-0.025713974
p83,land_use,1993,-0.02574981
p83,land_use,1994,-0.025794182
p83,land_use,1995,-0.025829984
p83,land_use,1996,-0.025870538
p83,land_use,1997,-0.025936269
p83,land_use,1998,-0.026019427
p83,land_use,1999,-0.026112102
p83,land_use,2000,-0.02621111
p83,land_use,2001,-0.026282956
p83,land_use,2002,-0.026307337
p83,land_use,2003,-0.026322103
p83,land_use,2004,-0.026362251
p83,land_use,2005,-0.026428423
p83,land_use,2006,-0.026431608
p83,land_use,2007,-0.02632614
p83,land_use,2008,-0.026225021
p83,land_use,2009,-0.026186823
p83,land_use,2010,-0.026170109
p83,land_use,2011,-0.026111613
p83,land_use,2012,-0.0259938
p83,land_use,2013,-0.025901908
p83,land_use,2014,-0.025866459
p83,land_use,2015,-0.025843335
p83,land_use,2016,-0.025835082
p83,land_use,2017,-0.025849024
p83,land_use,2018,-0.025865945
p83,land_use,2019,-0.025888537
p83,land_use,2020,-0.025922942
p83,land_use,2021,-0.025962742
p83,land_use,2022,-0.02600459
p83,land_use,2023,-0.026053002
p83,land_use,2024,-0.0261092
p83,land_use,2025,-0.026166055
p83,n2o,1850,-0.004278733
p83,n2o,1851,-0.004232138
p83,n2o,1852,-0.004166951
p83,n2o,1853,-0.004086884
p83,n2o,1854,-0.003992487
p83,n2o,1855,-0.003886527
p83,n2o,1856,-0.003770704
p83,n2o,1857,-0.003649765
p83,n2o,1858,-0.00352973
p83,n2o,1859,-0.003399936
p83,n2o,1860,-0.003247563
p83,n2o,1861,-0.003072729
p83,n2o,1862,-0.002880676
p83,n2o,1863,-0.002682819
p83,n2o,1864,-0.002484685
p83,n2o,1865,-0.002283024
p83,n2o,1866,-0.002073699
p83,n2o,1867,-0.001857723
p83,n2o,1868,-0.001634274
p83,n2o,1869,-0.001403965
p83,n2o,1870,-0.0011723
p83,n2o,1871,-0.000934396
p83,n2o,1872,-0.000687035
p83,n2o,1873,-0.000436373
p83,n2o,1874,-0.000187587
p83,n2o,1875,8.45e-05
p83,n2o,1876,0.000379388
p83,n2o,1877,0.000670708
p83,n2o,1878,0.000957789
p83,n2o,1879,0.001245387
p83,n2o,1880,0.001531969
p83,n2o,1881,0.001812015
p83,n2o,1882,0.002083312
p83,n2o,1883,0.002348927
p83,n2o,1884,0.002608814
p83,n2o,1885,0.002863728
p83,n2o,1886,0.003111513
p83,n2o,1887,0.00335772
p83,n2o,1888,0.003600822
p83,n2o,1889,0.00384198
p83,n2o,1890,0.004080807
p83,n2o,1891,0.004308118
p83,n2o,1892,0.004532508
p83,n2o,1893,0.004764483
p83,n2o,1894,0.005010079
p83,n2o,1895,0.005270621
p83,n2o,1896,0.005532524
p83,n2o,1897,0.005788584
p83,n2o,1898,0.006043521
p83,n2o,1899,0.006306714
p83,n2o,1900,0.006583232
p83,n2o,1901,0.00687104
p83,n2o,1902,0.007192708
p83,n2o,1903,0.007569278
p83,n2o,1904,0.007984805
p83,n2o,1905,0.008419707
p83,n2o,1906,0.008869689
p83,n2o,1907,0.009338237
p83,n2o,1908,0.009836517
p83,n2o,1909,0.010365678
p83,n2o,1910,0.010922922
p83,n2o,1911,0.011517857
p83,n2o,1912,0.012119433
p83,n2o,1913,0.012712997
p83,n2o,1914,0.013322019
p83,n2o,1915,0.013938398
p83,n2o,1916,0.014537353
p83,n2o,1917,0.015122574
p83,n2o,1918,0.015681809
p83,n2o,1919,0.016159689
p83,n2o,1920,0.016565623
p83,n2o,1921,0.016947203
p83,n2o,1922,0.017323624
p83,n2o,1923,0.017741006
p83,n2o,1924,0.018177518
p83,n2o,1925,0.018558606
p83,n2o,1926,0.01888671
p83,n2o,1927,0.019185074
p83,n2o,1928,0.019476592
p83,n2o,1929,0.019762063
p83,n2o,1930,0.020029042
p83,n2o,1931,0.02031669
p83,n2o,1932,0.020625224
p83,n2o,1933,0.020933987
p83,n2o,1934,0.021242715
p83,n2o,1935,0.021543795
p83,n2o,1936,0.021857123
p83,n2o,1937,0.022197524
p83,n2o,1938,0.022572963
p83,n2o,1939,0.022966118
p83,n2o,1940,0.023369638
p83,n2o,1941,0.023794157
p83,n2o,1942,0.02424264
p83,n2o,1943,0.024807885
p83,n2o,1944,0.025423962
p83,n2o,1945,0.025969269
p83,n2o,1946,0.026481294
p83,n2o,1947,0.026940519
p83,n2o,1948,0.027332521
p83,n2o,1949,0.027676679
p83,n2o,1950,0.028015431
p83,n2o,1951,0.028365485
p83,n2o,1952,0.02872341
p83,n2o,1953,0.029130462
p83,n2o,1954,0.02957373
p83,n2o,1955,0.030034217
p83,n2o,1956,0.030538801
p83,n2o,1957,0.0310762
p83,n2o,1958,0.031614518
p83,n2o,1959,0.032130824
p83,n2o,1960,0.032648261
p83,n2o,1961,0.033193934
p83,n2o,1962,0.03376625
p83,n2o,1963,0.034368833
p83,n2o,1964,0.034993803
p83,n2o,1965,0.035629364
p83,n2o,1966,0.036287415
p83,n2o,1967,0.036972604
p83,n2o,1968,0.037674665
p83,n2o,1969,0.038389883
p83,n2o,1970,0.039116604
p83,n2o,1971,0.039855322
p83,n2o,1972,0.040607689
p83,n2o,1973,0.041375162
p83,n2o,1974,0.042160518
p83,n2o,1975,0.042965734
p83,n2o,1976,0.043791766
p83,n2o,1977,0.044638867
p83,n2o,1978,0.045509096
p83,n2o,1979,0.046405365
p83,n2o,1980,0.047354145
p83,n2o,1981,0.048405989
p83,n2o,1982,0.04964043
p83,n2o,1983,0.050915308
p83,n2o,1984,0.052108854
p83,n2o,1985,0.053268308
p83,n2o,1986,0.054468836
p83,n2o,1987,0.055605608
p83,n2o,1988,0.056664686
p83,n2o,1989,0.057892153
p83,n2o,1990,0.059257212
p83,n2o,1991,0.06061565
p83,n2o,1992,0.06188573
p83,n2o,1993,0.063026277
p83,n2o,1994,0.064105053
p83,n2o,1995,0.065213392
p83,n2o,1996,0.066406253
p83,n2o,1997,0.0676991
p83,n2o,1998,0.069025405
p83,n2o,1999,0.070412569
p83,n2o,2000,0.071891942
p83,n2o,2001,0.073368611
p83,n2o,2002,0.074771786
p83,n2o,2003,0.076133545
p83,n2o,2004,0.077476872
p83,n2o,2005,0.078811766
p83,n2o,2006,0.08018581
p83,n2o,2007,0.081586235
p83,n2o,2008,0.083015896
p83,n2o,2009,0.08445356
p83,n2o,2010,0.085893141
p83,n2o,2011,0.087408353
p83,n2o,2012,0.088962685
p83,n2o,2013,0.090523514
p83,n2o,2014,0.09215126
p83,n2o,2015,0.093817051
p83,n2o,2016,0.095437699
p83,n2o,2017,0.097039147
p83,n2o,2018,0.098711039
p83,n2o,2019,0.100423912
p83,n2o,2020,0.102164569
p83,n2o,2021,0.103998628
p83,n2o,2022,0.105914322
p83,n2o,2023,0.107838779
p83,n2o,2024,0.109724495
p83,n2o,2025,0.111671258
p83,natural,1850,0.039545734
p83,natural,1851,0.048078787
p83,natural,1852,0.05464161
p83,natural,1853,0.049470739
p83,natural,1854,0.02794254
p83,natural,1855,0.019943026
p83,natural,1856,0.030196824
p83,natural,1857,0.003578517
p83,natural,1858,-0.013520112
p83,natural,1859,-0.00591698
p83,natural,1860,0.017246505
p83,natural,1861,0.038990113
p83,natural,1862,-0.002916951
p83,natural,1863,-0.034516665
p83,natural,1864,-0.03443502
p83,natural,1865,-0.014874168
p83,natural,1866,0.000173936
p83,natural,1867,0.016510106
p83,natural,1868,0.029718883
p83,natural,1869,0.032169791
p83,natural,1870,0.036644068
p83,natural,1871,0.052350807
p83,natural,1872,0.033491742
p83,natural,1873,-0.002485546
p83,natural,1874,-0.005215041
p83,natural,1875,0.007939223
p83,natural,1876,0.019972191
p83,natural,1877,0.032733813
p83,natural,1878,0.043603173
p83,natural,1879,0.051639651
p83,natural,1880,0.054815628
p83,natural,1881,0.051096502
p83,natural,1882,0.053432754
p83,natural,1883,0.050592088
p83,natural,1884,-0.015732764
p83,natural,1885,-0.057034981
p83,natural,1886,-0.067853962
p83,natural,1887,-0.062352152
p83,natural,1888,-0.039768261
p83,natural,1889,-0.016328694
p83,natural,1890,-0.005132125
p83,natural,1891,0.000679759
p83,natural,1892,0.011257
p83,natural,1893,0.021725051
p83,natural,1894,0.034471113
p83,natural,1895,0.032828197
p83,natural,1896,0.027319022
p83,natural,1897,0.03531109
p83,natural,1898,0.045417381
p83,natural,1899,0.053215759
p83,natural,1900,0.057970256
p83,natural,1901,0.06128271
p83,natural,1902,0.062747338
p83,natural,1903,0.051552153
p83,natural,1904,0.043977385
p83,natural,1905,0.053766385
p83,natural,1906,0.065484444
p83,natural,1907,0.05786304
p83,natural,1908,0.04196796
p83,natural,1909,0.045956525
p83,natural,1910,0.05887944
p83,natural,1911,0.065996875
p83,natural,1912,0.042065653
p83,natural,1913,0.004292404
p83,natural,1914,0.00122519
p83,natural,1915,0.02379891
p83,natural,1916,0.047370108
p83,natural,1917,0.064270707
p83,natural,1918,0.073475404
p83,natural,1919,0.067257094
p83,natural,1920,0.062907698
p83,natural,1921,0.069714029
p83,natural,1922,0.07480837
p83,natural,1923,0.077665663
p83,natural,1924,0.072684393
p83,natural,1925,0.069135898
p83,natural,1926,0.064873344
p83,natural,1927,0.0619333
p83,natural,1928,0.072442149
p83,natural,1929,0.082252174
p83,natural,1930,0.087167357
p83,natural,1931,0.08898361
p83,natural,1932,0.085045135
p83,natural,1933,0.067397579
p83,natural,1934,0.057587974
p83,natural,1935,0.068065308
p83,natural,1936,0.082178765
p83,natural,1937,0.094086682
p83,natural,1938,0.101451317
p83,natural,1939,0.105647321
p83,natural,1940,0.107785673
p83,natural,1941,0.108483861
p83,natural,1942,0.107829953
p83,natural,1943,0.098478842
p83,natural,1944,0.087537515
p83,natural,1945,0.088959984
p83,natural,1946,0.097569979
p83,natural,1947,0.102072076
p83,natural,1948,0.104120605
p83,natural,1949,0.109464757
p83,natural,1950,0.113297429
p83,natural,1951,0.112485992
p83,natural,1952,0.109425528
p83,natural,1953,0.107080926
p83,natural,1954,0.105778711
p83,natural,1955,0.105910902
p83,natural,1956,0.104263134
p83,natural,1957,0.103448642
p83,natural,1958,0.109760985
p83,natural,1959,0.116776557
p83,natural,1960,0.119712161
p83,natural,1961,0.119156209
p83,natural,1962,0.116331656
p83,natural,1963,0.078449638
p83,natural,1964,0.032122909
p83,natural,1965,0.029750979
p83,natural,1966,0.051076512
p83,natural,1967,0.069751842
p83,natural,1968,0.078501373
p83,natural,1969,0.077396723
p83,natural,1970,0.080409467
p83,natural,1971,0.088390728
p83,natural,1972,0.094274772
p83,natural,1973,0.09759069
p83,natural,1974,0.098280501
p83,natural,1975,0.098167063
p83,natural,1976,0.097799501
p83,natural,1977,0.099395101
p83,natural,1978,0.104237257
p83,natural,1979,0.110412472
p83,natural,1980,0.1136034
p83,natural,1981,0.113282595
p83,natural,1982,0.097371186
p83,natural,1983,0.057972946
p83,natural,1984,0.033719956
p83,natural,1985,0.038501468
p83,natural,1986,0.047584571
p83,natural,1987,0.054920301
p83,natural,1988,0.065920662
p83,natural,1989,0.07998679
p83,natural,1990,0.091823402
p83,natural,1991,0.06943395
p83,natural,1992,-0.000269755
p83,natural,1993,-0.02860407
p83,natural,1994,-0.017355246
p83,natural,1995,0.001798602
p83,natural,1996,0.024514427
p83,natural,1997,0.042002615
p83,natural,1998,0.056279333
p83,natural,1999,0.06947542
p83,natural,2000,0.081930093
p83,natural,2001,0.091150473
p83,natural,2002,0.097910645
p83,natural,2003,0.100852998
p83,natural,2004,0.099886371
p83,natural,2005,0.097626853
p83,natural,2006,0.094017791
p83,natural,2007,0.090755154
p83,natural,2008,0.08920646
p83,natural,2009,0.08810875
p83,natural,2010,0.088539127
p83,natural,2011,0.090743381
p83,natural,2012,0.094244226
p83,natural,2013,0.100565945
p83,natural,2014,0.104965479
p83,natural,2015,0.105706424
p83,natural,2016,0.104289844
p83,natural,2017,0.102758967
p83,natural,2018,0.10133035
p83,natural,2019,0.095333063
p83,natural,2020,0.086761882
p83,natural,2021,0.084911364
p83,natural,2022,0.084097495
p83,natural,2023,0.090610905
p83,natural,2024,0.105397263
p83,natural,2025,0.112937261
p83,o3,1850,-0.003520072
p83,o3,1851,-0.00348313
p83,o3,1852,-0.003491451
p83,o3,1853,-0.003472949
p83,o3,1854,-0.003371508
p83,o3,1855,-0.003249516
p83,o3,1856,-0.003191148
p83,o3,1857,-0.003086039
p83,o3,1858,-0.002902022
p83,o3,1859,-0.002759824
p83,o3,1860,-0.002666269
p83,o3,1861,-0.002547127
p83,o3,1862,-0.002427138
p83,o3,1863,-0.002348585
p83,o3,1864,-0.002232657
p83,o3,1865,-0.002036424
p83,o3,1866,-0.001835801
p83,o3,1867,-0.001625361
p83,o3,1868,-0.001345823
p83,o3,1869,-0.001108956
p83,o3,1870,-0.000914576
p83,o3,1871,-0.000735889
p83,o3,1872,-0.000638343
p83,o3,1873,-0.00050544
p83,o3,1874,-0.000290444
p83,o3,1875,-0.000113319
p83,o3,1876,4.13e-05
p83,o3,1877,0.000538866
p83,o3,1878,0.001249021
p83,o3,1879,0.001927974
p83,o3,1880,0.002455107
p83,o3,1881,0.003030534
p83,o3,1882,0.003579596
p83,o3,1883,0.003900931
p83,o3,1884,0.004383511
p83,o3,1885,0.005058247
p83,o3,1886,0.00569901
p83,o3,1887,0.006419677
p83,o3,1888,0.007296533
p83,o3,1889,0.008148067
p83,o3,1890,0.008951956
p83,o3,1891,0.009651161
p83,o3,1892,0.010175269
p83,o3,1893,0.010782214
p83,o3,1894,0.011676838
p83,o3,1895,0.012637463
p83,o3,1896,0.01322209
p83,o3,1897,0.013869024
p83,o3,1898,0.01477621
p83,o3,1899,0.015618417
p83,o3,1900,0.01639403
p83,o3,1901,0.017165362
p83,o3,1902,0.017947041
p83,o3,1903,0.018661318
p83,o3,1904,0.019643558
p83,o3,1905,0.020959847
p83,o3,1906,0.022251211
p83,o3,1907,0.023709383
p83,o3,1908,0.025333456
p83,o3,1909,0.026802312
p83,o3,1910,0.028315479
p83,o3,1911,0.029767985
p83,o3,1912,0.030948427
p83,o3,1913,0.032198632
p83,o3,1914,0.03359796
p83,o3,1915,0.034819676
p83,o3,1916,0.035956674
p83,o3,1917,0.037453315
p83,o3,1918,0.039180724
p83,o3,1919,0.040713573
p83,o3,1920,0.042310017
p83,o3,1921,0.043906174
p83,o3,1922,0.045296661
p83,o3,1923,0.047221218
p83,o3,1924,0.04911423
p83,o3,1925,0.050521098
p83,o3,1926,0.051869702
p83,o3,1927,0.053333948
p83,o3,1928,0.054960107
p83,o3,1929,0.056677003
p83,o3,1930,0.058482367
p83,o3,1931,0.059573208
p83,o3,1932,0.060272923
p83,o3,1933,0.061201772
p83,o3,1934,0.062542561
p83,o3,1935,0.064226367
p83,o3,1936,0.066125627
p83,o3,1937,0.068160881
p83,o3,1938,0.069572489
p83,o3,1939,0.071019261
p83,o3,1940,0.072825987
p83,o3,1941,0.074453141
p83,o3,1942,0.07604987
p83,o3,1943,0.077731083
p83,o3,1944,0.079514322
p83,o3,1945,0.081002013
p83,o3,1946,0.082049631
p83,o3,1947,0.083380962
p83,o3,1948,0.085454721
p83,o3,1949,0.087407149
p83,o3,1950,0.089519733
p83,o3,1951,0.091610795
p83,o3,1952,0.093307682
p83,o3,1953,0.095575863
p83,o3,1954,0.098162936
p83,o3,1955,0.10109991
p83,o3,1956,0.104799709
p83,o3,1957,0.108980325
p83,o3,1958,0.112261742
p83,o3,1959,0.114661863
p83,o3,1960,0.11733991
p83,o3,1961,0.120538352
p83,o3,1962,0.123853107
p83,o3,1963,0.127976032
p83,o3,1964,0.132315675
p83,o3,1965,0.136161663
p83,o3,1966,0.14014507
p83,o3,1967,0.144469978
p83,o3,1968,0.14913804
p83,o3,1969,0.153507253
p83,o3,1970,0.158469358
p83,o3,1971,0.163954824
p83,o3,1972,0.169989567
p83,o3,1973,0.175667169
p83,o3,1974,0.179744875
p83,o3,1975,0.182847901
p83,o3,1976,0.186445714
p83,o3,1977,0.19094145
p83,o3,1978,0.195467622
p83,o3,1979,0.199933921
p83,o3,1980,0.203737457
p83,o3,1981,0.206531038
p83,o3,1982,0.209933483
p83,o3,1983,0.212434068
p83,o3,1984,0.21398019
p83,o3,1985,0.216685781
p83,o3,1986,0.219756168
p83,o3,1987,0.223350122
p83,o3,1988,0.227226593
p83,o3,1989,0.230775873
p83,o3,1990,0.233942034
p83,o3,1991,0.239248226
p83,o3,1992,0.243043545
p83,o3,1993,0.244202918
p83,o3,1994,0.24794687
p83,o3,1995,0.251689423
p83,o3,1996,0.253838157
p83,o3,1997,0.259399047
p83,o3,1998,0.265930398
p83,o3,1999,0.268115344
p83,o3,2000,0.268634058
p83,o3,2001,0.269843507
p83,o3,2002,0.272728417
p83,o3,2003,0.276402356
p83,o3,2004,0.280061629
p83,o3,2005,0.284018539
p83,o3,2006,0.288011968
p83,o3,2007,0.291977664
p83,o3,2008,0.294909393
p83,o3,2009,0.296147808
p83,o3,2010,0.297756416
p83,o3,2011,0.300446427
p83,o3,2012,0.30330117
p83,o3,2013,0.305312947
p83,o3,2014,0.307221497
p83,o3,2015,0.310571622
p83,o3,2016,0.312598999
p83,o3,2017,0.313433084
p83,o3,2018,0.314888687
p83,o3,2019,0.317388683
p83,o3,2020,0.31870275
p83,o3,2021,0.31976295
p83,o3,2022,0.321766153
p83,o3,2023,0.325672924
p83,o3,2024,0.331235356
p83,o3,2025,0.332964935
p83,other_human_forcing,1850,0.060601075
p83,other_human_forcing,1851,0.059173934
p83,other_human_forcing,1852,0.059187803
p83,other_human_forcing,1853,0.058401006
p83,other_human_forcing,1854,0.055080626
p83,other_human_forcing,1855,0.051641141
p83,other_human_forcing,1856,0.049887529
p83,other_human_forcing,1857,0.04730413
p83,other_human_forcing,1858,0.043829061
p83,other_human_forcing,1859,0.0408198
p83,other_human_forcing,1860,0.038193931
p83,other_human_forcing,1861,0.035835367
p83,other_human_forcing,1862,0.03406625
p83,other_human_forcing,1863,0.033234615
p83,other_human_forcing,1864,0.032468417
p83,other_human_forcing,1865,0.029948045
p83,other_human_forcing,1866,0.02730957
p83,other_human_forcing,1867,0.024895836
p83,other_human_forcing,1868,0.021126833
p83,other_human_forcing,1869,0.018232294
p83,other_human_forcing,1870,0.015910545
p83,other_human_forcing,1871,0.01382064
p83,other_human_forcing,1872,0.012490408
p83,other_human_forcing,1873,0.010053279
p83,other_human_forcing,1874,0.007136385
p83,other_human_forcing,1875,0.005591674
p83,other_human_forcing,1876,0.004099428
p83,other_human_forcing,1877,0.002696793
p83,other_human_forcing,1878,0.001551118
p83,other_human_forcing,1879,0.000276463
p83,other_human_forcing,1880,-0.001424449
p83,other_human_forcing,1881,-0.003113329
p83,other_human_forcing,1882,-0.0046311
p83,other_human_forcing,1883,-0.006197762
p83,other_human_forcing,1884,-0.007543414
p83,other_human_forcing,1885,-0.008737433
p83,other_human_forcing,1886,-0.009742443
p83,other_human_forcing,1887,-0.010767888
p83,other_human_forcing,1888,-0.01244832
p83,other_human_forcing,1889,-0.014141841
p83,other_human_forcing,1890,-0.015769632
p83,other_human_forcing,1891,-0.017586748
p83,other_human_forcing,1892,-0.019027425
p83,other_human_forcing,1893,-0.020147406
p83,other_human_forcing,1894,-0.021492651
p83,other_human_forcing,1895,-0.023168327
p83,other_human_forcing,1896,-0.024884758
p83,other_human_forcing,1897,-0.026759506
p83,other_human_forcing,1898,-0.028851827
p83,other_human_forcing,1899,-0.031601833
p83,other_human_forcing,1900,-0.034752273
p83,other_human_forcing,1901,-0.037483944
p83,other_human_forcing,1902,-0.039873445
p83,other_human_forcing,1903,-0.042586676
p83,other_human_forcing,1904,-0.045530024
p83,other_human_forcing,1905,-0.048544319
p83,other_human_forcing,1906,-0.051891856
p83,other_human_forcing,1907,-0.056105833
p83,other_human_forcing,1908,-0.059650993
p83,other_human_forcing,1909,-0.062145186
p83,other_human_forcing,1910,-0.065325951
p83,other_human_forcing,1911,-0.068110004
p83,other_human_forcing,1912,-0.070326935
p83,other_human_forcing,1913,-0.073024016
p83,other_human_forcing,1914,-0.074508687
p83,other_human_forcing,1915,-0.074425642
p83,other_human_forcing,1916,-0.075694624
p83,other_human_forcing,1917,-0.078321105
p83,other_human_forcing,1918,-0.080317998
p83,other_human_forcing,1919,-0.079205407
p83,other_human_forcing,1920,-0.078019564
p83,other_human_forcing,1921,-0.07644988
p83,other_human_forcing,1922,-0.073611997
p83,other_human_forcing,1923,-0.073980253
p83,other_human_forcing,1924,-0.075287174
p83,other_human_forcing,1925,-0.075882661
p83,other_human_forcing,1926,-0.076789698
p83,other_human_forcing,1927,-0.078716253
p83,other_human_forcing,1928,-0.080860612
p83,other_human_forcing,1929,-0.083516712
p83,other_human_forcing,1930,-0.085285771
p83,other_human_forcing,1931,-0.083197299
p83,other_human_forcing,1932,-0.078606433
p83,other_human_forcing,1933,-0.075610471
p83,other_human_forcing,1934,-0.076324545
p83,other_human_forcing,1935,-0.079076488
p83,other_human_forcing,1936,-0.08261051
p83,other_human_forcing,1937,-0.08680109
p83,other_human_forcing,1938,-0.088887182
p83,other_human_forcing,1939,-0.090203446
p83,other_human_forcing,1940,-0.094152281
p83,other_human_forcing,1941,-0.098615783
p83,other_human_forcing,1942,-0.102455791
p83,other_human_forcing,1943,-0.10550958
p83,other_human_forcing,1944,-0.106907252
p83,other_human_forcing,1945,-0.104517721
p83,other_human_forcing,1946,-0.100161741
p83,other_human_forcing,1947,-0.09916992
p83,other_human_forcing,1948,-0.100850021
p83,other_human_forcing,1949,-0.102109028
p83,other_human_forcing,1950,-0.104148497
p83,other_human_forcing,1951,-0.107387438
p83,other_human_forcing,1952,-0.11047839
p83,other_human_forcing,1953,-0.113577662
p83,other_human_forcing,1954,-0.116463426
p83,other_human_forcing,1955,-0.120291848
p83,other_human_forcing,1956,-0.125863852
p83,other_human_forcing,1957,-0.131501152
p83,other_human_forcing,1958,-0.135525938
p83,other_human_forcing,1959,-0.139141745
p83,other_human_forcing,1960,-0.143993284
p83,other_human_forcing,1961,-0.149367417
p83,other_human_forcing,1962,-0.154090664
p83,other_human_forcing,1963,-0.159238885
p83,other_human_forcing,1964,-0.164669175
p83,other_human_forcing,1965,-0.169295311
p83,other_human_forcing,1966,-0.173603686
p83,other_human_forcing,1967,-0.17733392
p83,other_human_forcing,1968,-0.181125171
p83,other_human_forcing,1969,-0.18545332
p83,other_human_forcing,1970,-0.191162817
p83,other_human_forcing,1971,-0.196517765
p83,other_human_forcing,1972,-0.201052931
p83,other_human_forcing,1973,-0.206266206
p83,other_human_forcing,1974,-0.210150439
p83,other_human_forcing,1975,-0.211930908
p83,other_human_forcing,1976,-0.214808848
p83,other_human_forcing,1977,-0.218602082
p83,other_human_forcing,1978,-0.221074365
p83,other_human_forcing,1979,-0.223655017
p83,other_human_forcing,1980,-0.226223393
p83,other_human_forcing,1981,-0.226793608
p83,other_human_forcing,1982,-0.226256732
p83,other_human_forcing,1983,-0.224721882
p83,other_human_forcing,1984,-0.223022203
p83,other_human_forcing,1985,-0.222877968
p83,other_human_forcing,1986,-0.222511163
p83,other_human_forcing,1987,-0.222777075
p83,other_human_forcing,1988,-0.22355308
p83,other_human_forcing,1989,-0.223072528
p83,other_human_forcing,1990,-0.222422234
p83,other_human_forcing,1991,-0.222859061
p83,other_human_forcing,1992,-0.220009443
p83,other_human_forcing,1993,-0.214536474
p83,other_human_forcing,1994,-0.210982632
p83,other_human_forcing,1995,-0.20638239
p83,other_human_forcing,1996,-0.200061276
p83,other_human_forcing,1997,-0.196899598
p83,other_human_forcing,1998,-0.195435391
p83,other_human_forcing,1999,-0.190280963
p83,other_human_forcing,2000,-0.182999156
p83,other_human_forcing,2001,-0.177483882
p83,other_human_forcing,2002,-0.175211066
p83,other_human_forcing,2003,-0.176060715
p83,other_human_forcing,2004,-0.176762702
p83,other_human_forcing,2005,-0.1776103
p83,other_human_forcing,2006,-0.179472628
p83,other_human_forcing,2007,-0.178810012
p83,other_human_forcing,2008,-0.174926763
p83,other_human_forcing,2009,-0.168364126
p83,other_human_forcing,2010,-0.160951401
p83,other_human_forcing,2011,-0.155553902
p83,other_human_forcing,2012,-0.151828621
p83,other_human_forcing,2013,-0.146424536
p83,other_human_forcing,2014,-0.13961068
p83,other_human_forcing,2015,-0.132921579
p83,other_human_forcing,2016,-0.124193002
p83,other_human_forcing,2017,-0.11452956
p83,other_human_forcing,2018,-0.106303492
p83,other_human_forcing,2019,-0.101018003
p83,other_human_forcing,2020,-0.094410755
p83,other_human_forcing,2021,-0.088535226
p83,other_human_forcing,2022,-0.08206496
p83,other_human_forcing,2023,-0.078294929
p83,other_human_forcing,2024,-0.076015625
p83,other_human_forcing,2025,-0.068285999
p83,residual,1850,-0.004937692
p83,residual,1851,0.156526025
p83,residual,1852,0.188518113
p83,residual,1853,0.142589109
p83,residual,1854,0.123784367
p83,residual,1855,0.127288935
p83,residual,1856,0.082626169
p83,residual,1857,-0.027123414
p83,residual,1858,0.063918249
p83,residual,1859,0.152039044
p83,residual,1860,0.014631224
p83,residual,1861,-0.054752973
p83,residual,1862,-0.108781608
p83,residual,1863,0.13588885
p83,residual,1864,0.015894227
p83,residual,1865,0.085988965
p83,residual,1866,0.049372808
p83,residual,1867,0.036030396
p83,residual,1868,0.053155416
p83,residual,1869,0.089662255
p83,residual,1870,0.070443109
p83,residual,1871,0.011652413
p83,residual,1872,0.078299697
p83,residual,1873,0.109723507
p83,residual,1874,0.061754282
p83,residual,1875,0.039359444
p83,residual,1876,-0.010152829
p83,residual,1877,0.303512973
p83,residual,1878,0.389277543
p83,residual,1879,0.082776216
p83,residual,1880,0.064664875
p83,residual,1881,0.160585135
p83,residual,1882,0.099316074
p83,residual,1883,0.036407872
p83,residual,1884,-0.037577722
p83,residual,1885,0.077629445
p83,residual,1886,0.149863181
p83,residual,1887,0.053728698
p83,residual,1888,0.12024138
p83,residual,1889,0.192756022
p83,residual,1890,-0.070443881
p83,residual,1891,0.020859713
p83,residual,1892,-0.107341146
p83,residual,1893,-0.104894241
p83,residual,1894,-0.10468937
p83,residual,1895,-0.06808694
p83,residual,1896,0.09359428
p83,residual,1897,0.11629755
p83,residual,1898,-0.117137759
p83,residual,1899,0.011179806
p83,residual,1900,0.118103729
p83,residual,1901,0.062772697
p83,residual,1902,-0.09065191
p83,residual,1903,-0.184939699
p83,residual,1904,-0.240994639
p83,residual,1905,-0.06140092
p83,residual,1906,0.021231016
p83,residual,1907,-0.157493227
p83,residual,1908,-0.153607795
p83,residual,1909,-0.187526777
p83,residual,1910,-0.18621058
p83,residual,1911,-0.205780321
p83,residual,1912,-0.131151692
p83,residual,1913,-0.082887585
p83,residual,1914,0.120027729
p83,residual,1915,0.160803666
p83,residual,1916,-0.09573383
p83,residual,1917,-0.226656499
p83,residual,1918,-0.126121613
p83,residual,1919,-0.026708613
p83,residual,1920,-0.00384475
p83,residual,1921,0.045876326
p83,residual,1922,-0.072652764
p83,residual,1923,-0.052955598
p83,residual,1924,-0.045456632
p83,residual,1925,-0.017059573
p83,residual,1926,0.141363741
p83,residual,1927,0.034435493
p83,residual,1928,0.04450657
p83,residual,1929,-0.144053603
p83,residual,1930,0.070167497
p83,residual,1931,0.127880675
p83,residual,1932,0.07390984
p83,residual,1933,-0.103104192
p83,residual,1934,0.054106981
p83,residual,1935,0.007247699
p83,residual,1936,0.040503365
p83,residual,1937,0.188453639
p83,residual,1938,0.183684635
p83,residual,1939,0.144716915
p83,residual,1940,0.270107795
p83,residual,1941,0.277522718
p83,residual,1942,0.238518329
p83,residual,1943,0.249628998
p83,residual,1944,0.389610969
p83,residual,1945,0.275338255
p83,residual,1946,0.068736575
p83,residual,1947,0.087086652
p83,residual,1948,0.044179533
p83,residual,1949,0.008996329
p83,residual,1950,-0.080614822
p83,residual,1951,0.084124266
p83,residual,1952,0.168077325
p83,residual,1953,0.236637921
p83,residual,1954,0.0387486
p83,residual,1955,-0.043872321
p83,residual,1956,-0.10872673
p83,residual,1957,0.124390948
p83,residual,1958,0.135645432
p83,residual,1959,0.099182485
p83,residual,1960,0.028787736
p83,residual,1961,0.126298805
p83,residual,1962,0.081599468
p83,residual,1963,0.136183358
p83,residual,1964,-0.099542012
p83,residual,1965,-0.003970073
p83,residual,1966,0.026845875
p83,residual,1967,0.034724323
p83,residual,1968,-0.021827628
p83,residual,1969,0.10886062
p83,residual,1970,0.044065416
p83,residual,1971,-0.088020636
p83,residual,1972,0.01479131
p83,residual,1973,0.148895593
p83,residual,1974,-0.087432162
p83,residual,1975,-0.036852504
p83,residual,1976,-0.152769416
p83,residual,1977,0.153065032
p83,residual,1978,0.033652065
p83,residual,1979,0.097319575
p83,residual,1980,0.18264014
p83,residual,1981,0.219923945
p83,residual,1982,-0.005289182
p83,residual,1983,0.194039805
p83,residual,1984,0.017686571
p83,residual,1985,-0.009604082
p83,residual,1986,0.010041779
p83,residual,1987,0.13071739
p83,residual,1988,0.14298467
p83,residual,1989,0.007634349
p83,residual,1990,0.159570849
p83,residual,1991,0.138168098
p83,residual,1992,-0.020182453
p83,residual,1993,0.052532832
p83,residual,1994,0.07084732
p83,residual,1995,0.154777927
p83,residual,1996,0.004276847
p83,residual,1997,0.11573376
p83,residual,1998,0.24954695
p83,residual,1999,-0.040330132
p83,residual,2000,-0.074198878
p83,residual,2001,0.050459815
p83,residual,2002,0.080864052
p83,residual,2003,0.066104765
p83,residual,2004,-0.025341354
p83,residual,2005,0.100942082
p83,residual,2006,0.052509522
p83,residual,2007,0.057590122
p83,residual,2008,-0.090892968
p83,residual,2009,0.015946638
p83,residual,2010,0.073770478
p83,residual,2011,-0.091034423
p83,residual,2012,-0.07562953
p83,residual,2013,-0.05531918
p83,residual,2014,-0.035445205
p83,residual,2015,0.089967168
p83,residual,2016,0.170110406
p83,residual,2017,0.050953006
p83,residual,2018,-0.058813498
p83,residual,2019,0.054803382
p83,residual,2020,0.065300208
p83,residual,2021,-0.106923337
p83,residual,2022,-0.0999048
p83,residual,2023,0.183415285
p83,residual,2024,0.217267981
p83,residual,2025,0.062291682
p83,solar,1850,0.007152644
p83,solar,1851,0.006375053
p83,solar,1852,0.005593253
p83,solar,1853,0.004248652
p83,solar,1854,0.001990796
p83,solar,1855,-0.000113782
p83,solar,1856,-0.001234755
p83,solar,1857,-0.00165511
p83,solar,1858,-0.00113521
p83,solar,1859,0.00045708
p83,solar,1860,0.0038682
p83,solar,1861,0.0059594
p83,solar,1862,0.006203768
p83,solar,1863,0.005099504
p83,solar,1864,0.003416058
p83,solar,1865,0.001683269
p83,solar,1866,-3.07e-05
p83,solar,1867,-0.000979691
p83,solar,1868,-0.001325545
p83,solar,1869,-0.000718883
p83,solar,1870,0.002112951
p83,solar,1871,0.006591191
p83,solar,1872,0.008703857
p83,solar,1873,0.008785562
p83,solar,1874,0.006760079
p83,solar,1875,0.003301057
p83,solar,1876,0.000300994
p83,solar,1877,-0.000578729
p83,solar,1878,-0.001241842
p83,solar,1879,-0.001805287
p83,solar,1880,-0.001649356
p83,solar,1881,-0.000681072
p83,solar,1882,0.000536939
p83,solar,1883,0.001341129
p83,solar,1884,0.002098324
p83,solar,1885,0.002456704
p83,solar,1886,0.000834935
p83,solar,1887,-0.000554238
p83,solar,1888,-0.001381781
p83,solar,1889,-0.001961037
p83,solar,1890,-0.002328057
p83,solar,1891,-0.002055872
p83,solar,1892,-0.00071882
p83,solar,1893,0.001492487
p83,solar,1894,0.003874441
p83,solar,1895,0.00466442
p83,solar,1896,0.003694165
p83,solar,1897,0.001321369
p83,solar,1898,-7.57e-05
p83,solar,1899,-0.000709781
p83,solar,1900,-0.001364674
p83,solar,1901,-0.001971243
p83,solar,1902,-0.002476263
p83,solar,1903,-0.00238142
p83,solar,1904,-0.001496927
p83,solar,1905,-0.00048104
p83,solar,1906,0.000212413
p83,solar,1907,0.001037672
p83,solar,1908,0.001399208
p83,solar,1909,0.001178098
p83,solar,1910,0.000118747
p83,solar,1911,-0.000914927
p83,solar,1912,-0.001788811
p83,solar,1913,-0.002350732
p83,solar,1914,-0.002593803
p83,solar,1915,-0.001828136
p83,solar,1916,-0.000174636
p83,solar,1917,0.00316922
p83,solar,1918,0.007069963
p83,solar,1919,0.007097074
p83,solar,1920,0.004502281
p83,solar,1921,0.001914734
p83,solar,1922,0.000141522
p83,solar,1923,-0.000788731
p83,solar,1924,-0.001257346
p83,solar,1925,-0.000958182
p83,solar,1926,-1.51e-05
p83,solar,1927,0.001969392
p83,solar,1928,0.004053803
p83,solar,1929,0.004251542
p83,solar,1930,0.003314706
p83,solar,1931,0.001930991
p83,solar,1932,0.000411542
p83,solar,1933,-0.000427504
p83,solar,1934,-0.000921512
p83,solar,1935,-0.000622921
p83,solar,1936,0.001680531
p83,solar,1937,0.006880437
p83,solar,1938,0.010396789
p83,solar,1939,0.011503455
p83,solar,1940,0.011026232
p83,solar,1941,0.009669045
p83,solar,1942,0.007444146
p83,solar,1943,0.004535423
p83,solar,1944,0.002306344
p83,solar,1945,0.002230771
p83,solar,1946,0.004798796
p83,solar,1947,0.009127798
p83,solar,1948,0.013676192
p83,solar,1949,0.016254966
p83,solar,1950,0.015517326
p83,solar,1951,0.012692048
p83,solar,1952,0.00938155
p83,solar,1953,0.006274492
p83,solar,1954,0.003759195
p83,solar,1955,0.002684214
p83,solar,1956,0.004941939
p83,solar,1957,0.011224144
p83,solar,1958,0.017166816
p83,solar,1959,0.01870112
p83,solar,1960,0.017405838
p83,solar,1961,0.014158582
p83,solar,1962,0.009751788
p83,solar,1963,0.006445751
p83,solar,1964,0.004269541
p83,solar,1965,0.002998616
p83,solar,1966,0.003012356
p83,solar,1967,0.004536493
p83,solar,1968,0.006473369
p83,solar,1969,0.008102538
p83,solar,1970,0.009372542
p83,solar,1971,0.00864773
p83,solar,1972,0.007419346
p83,solar,1973,0.006190429
p83,solar,1974,0.004213044
p83,solar,1975,0.002631452
p83,solar,1976,0.001465115
p83,solar,1977,0.001265074
p83,solar,1978,0.003046078
p83,solar,1979,0.007496456
p83,solar,1980,0.012056308
p83,solar,1981,0.015228789
p83,solar,1982,0.01516907
p83,solar,1983,0.01325243
p83,solar,1984,0.010512717
p83,solar,1985,0.006630335
p83,solar,1986,0.0041099
p83,solar,1987,0.003221279
p83,solar,1988,0.004315732
p83,solar,1989,0.008485343
p83,solar,1990,0.012907673
p83,solar,1991,0.014462197
p83,solar,1992,0.014386812
p83,solar,1993,0.012592103
p83,solar,1994,0.009483726
p83,solar,1995,0.006608635
p83,solar,1996,0.00439601
p83,solar,1997,0.00328941
p83,solar,1998,0.004365673
p83,solar,1999,0.007567585
p83,solar,2000,0.012011115
p83,solar,2001,0.015142976
p83,solar,2002,0.016818454
p83,solar,2003,0.015983993
p83,solar,2004,0.012198792
p83,solar,2005,0.008480305
p83,solar,2006,0.005571934
p83,solar,2007,0.003570577
p83,solar,2008,0.002228171
p83,solar,2009,0.00145775
p83,solar,2010,0.001317291
p83,solar,2011,0.002421792
p83,solar,2012,0.00469588
p83,solar,2013,0.006921268
p83,solar,2014,0.008771389
p83,solar,2015,0.010602598
p83,solar,2016,0.009735066
p83,solar,2017,0.006566122
p83,solar,2018,0.004265845
p83,solar,2019,0.002923637
p83,solar,2020,0.002337923
p83,solar,2021,0.002704459
p83,solar,2022,0.005465135
p83,solar,2023,0.011533405
p83,solar,2024,0.018127333
p83,solar,2025,0.021969978
p83,total,1850,0.032976473
p83,total,1851,0.041908289
p83,total,1852,0.050081174
p83,total,1853,0.046056725
p83,total,1854,0.023635707
p83,total,1855,0.014418417
p83,total,1856,0.024289514
p83,total,1857,-0.002437721
p83,total,1858,-0.026565985
p83,total,1859,-0.017063285
p83,total,1860,0.009290517
p83,total,1861,0.030869488
p83,total,1862,-0.011609445
p83,total,1863,-0.04690288
p83,total,1864,-0.044990118
p83,total,1865,-0.023419426
p83,total,1866,-0.002797435
p83,total,1867,0.014361544
p83,total,1868,0.026599521
p83,total,1869,0.029006304
p83,total,1870,0.033785725
p83,total,1871,0.049862777
p83,total,1872,0.032105046
p83,total,1873,-0.005039791
p83,total,1874,-0.007587773
p83,total,1875,0.006751766
p83,total,1876,0.019507299
p83,total,1877,0.032608996
p83,total,1878,0.043974745
p83,total,1879,0.052268309
p83,total,1880,0.055456688
p83,total,1881,0.052163126
p83,total,1882,0.055149795
p83,total,1883,0.053392066
p83,total,1884,-0.00810981
p83,total,1885,-0.048510561
p83,total,1886,-0.057576054
p83,total,1887,-0.050161911
p83,total,1888,-0.026335997
p83,total,1889,-0.001710674
p83,total,1890,0.011090438
p83,total,1891,0.019789678
p83,total,1892,0.03055754
p83,total,1893,0.041705032
p83,total,1894,0.055387257
p83,total,1895,0.055691886
p83,total,1896,0.052871354
p83,total,1897,0.060817842
p83,total,1898,0.070260955
p83,total,1899,0.077302454
p83,total,1900,0.081511685
p83,total,1901,0.085112344
p83,total,1902,0.087555267
p83,total,1903,0.078671657
p83,total,1904,0.073097656
p83,total,1905,0.082157166
p83,total,1906,0.092685625
p83,total,1907,0.085760067
p83,total,1908,0.073367063
p83,total,1909,0.078716694
p83,total,1910,0.09057918
p83,total,1911,0.098307784
p83,total,1912,0.081457691
p83,total,1913,0.055374918
p83,total,1914,0.056661583
p83,total,1915,0.0804713
p83,total,1916,0.101506267
p83,total,1917,0.117529755
p83,total,1918,0.128274464
p83,total,1919,0.129343146
p83,total,1920,0.132172042
p83,total,1921,0.144821576
p83,total,1922,0.15742584
p83,total,1923,0.164266782
p83,total,1924,0.163148707
p83,total,1925,0.164085756
p83,total,1926,0.163651245
p83,total,1927,0.163044114
p83,total,1928,0.173223831
p83,total,1929,0.182253505
p83,total,1930,0.187842209
p83,total,1931,0.195117773
p83,total,1932,0.20030177
p83,total,1933,0.192142207
p83,total,1934,0.187783778
p83,total,1935,0.198240784
p83,total,1936,0.211207299
p83,total,1937,0.222331058
p83,total,1938,0.232329621
p83,total,1939,0.240310681
p83,total,1940,0.243676387
p83,total,1941,0.245237101
p83,total,1942,0.245809833
p83,total,1943,0.239156561
p83,total,1944,0.232568779
p83,total,1945,0.240026334
p83,total,1946,0.255697243
p83,total,1947,0.264508783
p83,total,1948,0.268129001
p83,total,1949,0.274796897
p83,total,1950,0.279141033
p83,total,1951,0.278788435
p83,total,1952,0.277395478
p83,total,1953,0.276537978
p83,total,1954,0.277130656
p83,total,1955,0.278502913
p83,total,1956,0.276476731
p83,total,1957,0.274799643
p83,total,1958,0.281526694
p83,total,1959,0.290096148
p83,total,1960,0.29445341
p83,total,1961,0.295320378
p83,total,1962,0.295338669
p83,total,1963,0.265484176
p83,total,1964,0.232928087
p83,total,1965,0.236882448
p83,total,1966,0.259333261
p83,total,1967,0.279662011
p83,total,1968,0.292790663
p83,total,1969,0.299169605
p83,total,1970,0.308956931
p83,total,1971,0.323306704
p83,total,1972,0.336600531
p83,total,1973,0.350286589
p83,total,1974,0.36444585
p83,total,1975,0.377829974
p83,total,1976,0.388578096
p83,total,1977,0.401083159
p83,total,1978,0.419348284
p83,total,1979,0.439485564
p83,total,1980,0.458501902
p83,total,1981,0.477020343
p83,total,1982,0.480402389
p83,total,1983,0.467208835
p83,total,1984,0.470250334
p83,total,1985,0.495099825
p83,total,1986,0.522545829
p83,total,1987,0.546815297
p83,total,1988,0.574304129
p83,total,1989,0.607168327
p83,total,1990,0.637643847
p83,total,1991,0.63522225
p83,total,1992,0.598708486
p83,total,1993,0.593087697
p83,total,1994,0.626598601
p83,total,1995,0.67022333
p83,total,1996,0.711294527
p83,total,1997,0.740560803
p83,total,1998,0.767279687
p83,total,1999,0.800223517
p83,total,2000,0.835326425
p83,total,2001,0.866204941
p83,total,2002,0.889284121
p83,total,2003,0.906071017
p83,total,2004,0.921700929
p83,total,2005,0.936206435
p83,total,2006,0.948659292
p83,total,2007,0.964202255
p83,total,2008,0.985463041
p83,total,2009,1.010419539
p83,total,2010,1.035897014
p83,total,2011,1.061484718
p83,total,2012,1.086337641
p83,total,2013,1.115932586
p83,total,2014,1.146273406
p83,total,2015,1.171743714
p83,total,2016,1.201497887
p83,total,2017,1.234720619
p83,total,2018,1.265398073
p83,total,2019,1.287182332
p83,total,2020,1.309434602
p83,total,2021,1.33676004
p83,total,2022,1.367191438
p83,total,2023,1.396503607
p83,total,2024,1.428063536
p83,total,2025,1.466481146
p83,volcanic,1850,0.033471556
p83,volcanic,1851,0.042594435
p83,volcanic,1852,0.049735533
p83,volcanic,1853,0.045782772
p83,volcanic,1854,0.026447124
p83,volcanic,1855,0.021351426
p83,volcanic,1856,0.034522524
p83,volcanic,1857,0.007812595
p83,volcanic,1858,-0.011779144
p83,volcanic,1859,-0.005689326
p83,volcanic,1860,0.013890416
p83,volcanic,1861,0.033626946
p83,volcanic,1862,-0.005494968
p83,volcanic,1863,-0.036246012
p83,volcanic,1864,-0.03557004
p83,volcanic,1865,-0.015285709
p83,volcanic,1866,0.000931852
p83,volcanic,1867,0.020026881
p83,volcanic,1868,0.034388202
p83,volcanic,1869,0.034831334
p83,volcanic,1870,0.034752241
p83,volcanic,1871,0.046135737
p83,volcanic,1872,0.025509685
p83,volcanic,1873,-0.006537662
p83,volcanic,1874,-0.008066813
p83,volcanic,1875,0.005551869
p83,volcanic,1876,0.020359596
p83,volcanic,1877,0.035156817
p83,volcanic,1878,0.048054953
p83,volcanic,1879,0.057915444
p83,volcanic,1880,0.060522072
p83,volcanic,1881,0.053846562
p83,volcanic,1882,0.053530367
p83,volcanic,1883,0.049699096
p83,volcanic,1884,-0.016412222
p83,volcanic,1885,-0.057824758
p83,volcanic,1886,-0.068039571
p83,volcanic,1887,-0.061491023
p83,volcanic,1888,-0.037893633
p83,volcanic,1889,-0.013083383
p83,volcanic,1890,-0.000795651
p83,volcanic,1891,0.004147748
p83,volcanic,1892,0.013242901
p83,volcanic,1893,0.020559067
p83,volcanic,1894,0.030922051
p83,volcanic,1895,0.028498824
p83,volcanic,1896,0.023972232
p83,volcanic,1897,0.034740006
p83,volcanic,1898,0.047303065
p83,volcanic,1899,0.056823482
p83,volcanic,1900,0.063486638
p83,volcanic,1901,0.068662719
p83,volcanic,1902,0.071718482
p83,volcanic,1903,0.06021497
p83,volcanic,1904,0.050237129
p83,volcanic,1905,0.057557227
p83,volcanic,1906,0.067491298
p83,volcanic,1907,0.05858346
p83,volcanic,1908,0.042171334
p83,volcanic,1909,0.046349069
p83,volcanic,1910,0.060979815
p83,volcanic,1911,0.070933015
p83,volcanic,1912,0.049061196
p83,volcanic,1913,0.010279966
p83,volcanic,1914,0.00740027
p83,volcanic,1915,0.030538175
p83,volcanic,1916,0.050747684
p83,volcanic,1917,0.062689068
p83,volcanic,1918,0.067636867
p83,volcanic,1919,0.061379593
p83,volcanic,1920,0.059694984
p83,volcanic,1921,0.069605221
p83,volcanic,1922,0.077593557
p83,volcanic,1923,0.083033438
p83,volcanic,1924,0.079269123
p83,volcanic,1925,0.075002802
p83,volcanic,1926,0.068406386
p83,volcanic,1927,0.06235476
p83,volcanic,1928,0.070283234
p83,volcanic,1929,0.079759604
p83,volcanic,1930,0.085764452
p83,volcanic,1931,0.089355295
p83,volcanic,1932,0.087779529
p83,volcanic,1933,0.072193234
p83,volcanic,1934,0.063635337
p83,volcanic,1935,0.073628502
p83,volcanic,1936,0.083366461
p83,volcanic,1937,0.089177525
p83,volcanic,1938,0.092760621
p83,volcanic,1939,0.095729888
p83,volcanic,1940,0.098281325
p83,volcanic,1941,0.100344121
p83,volcanic,1942,0.102055077
p83,volcanic,1943,0.096032924
p83,volcanic,1944,0.087949632
p83,volcanic,1945,0.089579181
p83,volcanic,1946,0.095123497
p83,volcanic,1947,0.094918656
p83,volcanic,1948,0.092303551
p83,volcanic,1949,0.094961046
p83,volcanic,1950,0.099404694
p83,volcanic,1951,0.101397995
p83,volcanic,1952,0.101817675
p83,volcanic,1953,0.10301503
p83,volcanic,1954,0.104863444
p83,volcanic,1955,0.106483389
p83,volcanic,1956,0.102064398
p83,volcanic,1957,0.094491067
p83,volcanic,1958,0.094715238
p83,volcanic,1959,0.099993165
p83,volcanic,1960,0.104100483
p83,volcanic,1961,0.10679087
p83,volcanic,1962,0.108649715
p83,volcanic,1963,0.07432087
p83,volcanic,1964,0.03050862
p83,volcanic,1965,0.029422598
p83,volcanic,1966,0.05105034
p83,volcanic,1967,0.068180679
p83,volcanic,1968,0.074744373
p83,volcanic,1969,0.07180432
p83,volcanic,1970,0.073448357
p83,volcanic,1971,0.082264011
p83,volcanic,1972,0.089631831
p83,volcanic,1973,0.094485701
p83,volcanic,1974,0.097715965
p83,volcanic,1975,0.099812898
p83,volcanic,1976,0.101291873
p83,volcanic,1977,0.103321901
p83,volcanic,1978,0.105626557
p83,volcanic,1979,0.106464707
p83,volcanic,1980,0.104591976
p83,volcanic,1981,0.100850135
p83,volcanic,1982,0.084910681
p83,volcanic,1983,0.047801992
p83,volcanic,1984,0.026696946
p83,volcanic,1985,0.034920027
p83,volcanic,1986,0.046891569
p83,volcanic,1987,0.055639377
p83,volcanic,1988,0.065508093
p83,volcanic,1989,0.074814309
p83,volcanic,1990,0.081830079
p83,volcanic,1991,0.058004207
p83,volcanic,1992,-0.006885437
p83,volcanic,1993,-0.033502093
p83,volcanic,1994,-0.021299314
p83,volcanic,1995,0.000828809
p83,volcanic,1996,0.024005456
p83,volcanic,1997,0.042934497
p83,volcanic,1998,0.055808065
p83,volcanic,1999,0.065296844
p83,volcanic,2000,0.072928022
p83,volcanic,2001,0.078896745
p83,volcanic,2002,0.083962979
p83,volcanic,2003,0.087839042
p83,volcanic,2004,0.091060021
p83,volcanic,2005,0.093184999
p83,volcanic,2006,0.093265484
p83,volcanic,2007,0.09276217
p83,volcanic,2008,0.093290117
p83,volcanic,2009,0.093566729
p83,volcanic,2010,0.094343208
p83,volcanic,2011,0.094812554
p83,volcanic,2012,0.095271451
p83,volcanic,2013,0.098882454
p83,volcanic,2014,0.101036604
p83,volcanic,2015,0.099598555
p83,volcanic,2016,0.099102121
p83,volcanic,2017,0.101399146
p83,volcanic,2018,0.103002979
p83,volcanic,2019,0.098883051
p83,volcanic,2020,0.091143957
p83,volcanic,2021,0.088798764
p83,volcanic,2022,0.084385727
p83,volcanic,2023,0.083846642
p83,volcanic,2024,0.091295205
p83,volcanic,2025,0.094614771
p95,aerosol_cloud_interactions,1850,0.078965173
p95,aerosol_cloud_interactions,1851,0.077072426
p95,aerosol_cloud_interactions,1852,0.077617074
p95,aerosol_cloud_interactions,1853,0.077056428
p95,aerosol_cloud_interactions,1854,0.07236719
p95,aerosol_cloud_interactions,1855,0.067380013
p95,aerosol_cloud_interactions,1856,0.065228252
p95,aerosol_cloud_interactions,1857,0.061656824
p95,aerosol_cloud_interactions,1858,0.056275645
p95,aerosol_cloud_interactions,1859,0.051920257
p95,aerosol_cloud_interactions,1860,0.048556049
p95,aerosol_cloud_interactions,1861,0.045302023
p95,aerosol_cloud_interactions,1862,0.042782063
p95,aerosol_cloud_interactions,1863,0.041977584
p95,aerosol_cloud_interactions,1864,0.041073437
p95,aerosol_cloud_interactions,1865,0.037115255
p95,aerosol_cloud_interactions,1866,0.032947723
p95,aerosol_cloud_interactions,1867,0.029045379
p95,aerosol_cloud_interactions,1868,0.022966089
p95,aerosol_cloud_interactions,1869,0.018677555
p95,aerosol_cloud_interactions,1870,0.015584721
p95,aerosol_cloud_interactions,1871,0.01301992
p95,aerosol_cloud_interactions,1872,0.011367172
p95,aerosol_cloud_interactions,1873,0.00890694
p95,aerosol_cloud_interactions,1874,0.00656691
p95,aerosol_cloud_interactions,1875,0.005132876
p95,aerosol_cloud_interactions,1876,0.003736756
p95,aerosol_cloud_interactions,1877,0.002388423
p95,aerosol_cloud_interactions,1878,0.001281042
p95,aerosol_cloud_interactions,1879,0.000300501
p95,aerosol_cloud_interactions,1880,-0.000712359
p95,aerosol_cloud_interactions,1881,-0.001674416
p95,aerosol_cloud_interactions,1882,-0.002516941
p95,aerosol_cloud_interactions,1883,-0.003293173
p95,aerosol_cloud_interactions,1884,-0.003999504
p95,aerosol_cloud_interactions,1885,-0.004659064
p95,aerosol_cloud_interactions,1886,-0.005199777
p95,aerosol_cloud_interactions,1887,-0.00579655
p95,aerosol_cloud_interactions,1888,-0.006788673
p95,aerosol_cloud_interactions,1889,-0.007766962
p95,aerosol_cloud_interactions,1890,-0.008693085
p95,aerosol_cloud_interactions,1891,-0.009697785
p95,aerosol_cloud_interactions,1892,-0.010416552
p95,aerosol_cloud_interactions,1893,-0.010974657
p95,aerosol_cloud_interactions,1894,-0.011776623
p95,aerosol_cloud_interactions,1895,-0.012785592
p95,aerosol_cloud_interactions,1896,-0.013626801
p95,aerosol_cloud_interactions,1897,-0.014566336
p95,aerosol_cloud_interactions,1898,-0.015766826
p95,aerosol_cloud_interactions,1899,-0.017250376
p95,aerosol_cloud_interactions,1900,-0.01887146
p95,aerosol_cloud_interactions,1901,-0.020238346
p95,aerosol_cloud_interactions,1902,-0.021392765
p95,aerosol_cloud_interactions,1903,-0.022592099
p95,aerosol_cloud_interactions,1904,-0.024062712
p95,aerosol_cloud_interactions,1905,-0.025810683
p95,aerosol_cloud_interactions,1906,-0.02764631
p95,aerosol_cloud_interactions,1907,-0.03002199
p95,aerosol_cloud_interactions,1908,-0.032203143
p95,aerosol_cloud_interactions,1909,-0.033707572
p95,aerosol_cloud_interactions,1910,-0.035589962
p95,aerosol_cloud_interactions,1911,-0.037255201
p95,aerosol_cloud_interactions,1912,-0.038421674
p95,aerosol_cloud_interactions,1913,-0.039950268
p95,aerosol_cloud_interactions,1914,-0.041130786
p95,aerosol_cloud_interactions,1915,-0.041394011
p95,aerosol_cloud_interactions,1916,-0.042140229
p95,aerosol_cloud_interactions,1917,-0.043770553
p95,aerosol_cloud_interactions,1918,-0.045293996
p95,aerosol_cloud_interactions,1919,-0.045121064
p95,aerosol_cloud_interactions,1920,-0.044919143
p95,aerosol_cloud_interactions,1921,-0.044498565
p95,aerosol_cloud_interactions,1922,-0.043204814
p95,aerosol_cloud_interactions,1923,-0.044131211
p95,aerosol_cloud_interactions,1924,-0.045557939
p95,aerosol_cloud_interactions,1925,-0.046113134
p95,aerosol_cloud_interactions,1926,-0.046727481
p95,aerosol_cloud_interactions,1927,-0.047847405
p95,aerosol_cloud_interactions,1928,-0.04912869
p95,aerosol_cloud_interactions,1929,-0.050640516
p95,aerosol_cloud_interactions,1930,-0.051897241
p95,aerosol_cloud_interactions,1931,-0.050809622
p95,aerosol_cloud_interactions,1932,-0.048324849
p95,aerosol_cloud_interactions,1933,-0.046888296
p95,aerosol_cloud_interactions,1934,-0.047527883
p95,aerosol_cloud_interactions,1935,-0.049287763
p95,aerosol_cloud_interactions,1936,-0.051509388
p95,aerosol_cloud_interactions,1937,-0.054047622
p95,aerosol_cloud_interactions,1938,-0.055045941
p95,aerosol_cloud_interactions,1939,-0.055807351
p95,aerosol_cloud_interactions,1940,-0.057999383
p95,aerosol_cloud_interactions,1941,-0.060230362
p95,aerosol_cloud_interactions,1942,-0.06243029
p95,aerosol_cloud_interactions,1943,-0.064429376
p95,aerosol_cloud_interactions,1944,-0.065690771
p95,aerosol_cloud_interactions,1945,-0.064975676
p95,aerosol_cloud_interactions,1946,-0.063034201
p95,aerosol_cloud_interactions,1947,-0.062723707
p95,aerosol_cloud_interactions,1948,-0.064062811
p95,aerosol_cloud_interactions,1949,-0.065310769
p95,aerosol_cloud_interactions,1950,-0.067082673
p95,aerosol_cloud_interactions,1951,-0.068894111
p95,aerosol_cloud_interactions,1952,-0.07001938
p95,aerosol_cloud_interactions,1953,-0.07181998
p95,aerosol_cloud_interactions,1954,-0.073747316
p95,aerosol_cloud_interactions,1955,-0.076072753
p95,aerosol_cloud_interactions,1956,-0.07964063
p95,aerosol_cloud_interactions,1957,-0.083823406
p95,aerosol_cloud_interactions,1958,-0.086691045
p95,aerosol_cloud_interactions,1959,-0.0886791
p95,aerosol_cloud_interactions,1960,-0.091321051
p95,aerosol_cloud_interactions,1961,-0.094569583
p95,aerosol_cloud_interactions,1962,-0.097441899
p95,aerosol_cloud_interactions,1963,-0.100962452
p95,aerosol_cloud_interactions,1964,-0.104249619
p95,aerosol_cloud_interactions,1965,-0.106335006
p95,aerosol_cloud_interactions,1966,-0.108552008
p95,aerosol_cloud_interactions,1967,-0.111056958
p95,aerosol_cloud_interactions,1968,-0.113659006
p95,aerosol_cloud_interactions,1969,-0.115744283
p95,aerosol_cloud_interactions,1970,-0.118646834
p95,aerosol_cloud_interactions,1971,-0.122231972
p95,aerosol_cloud_interactions,1972,-0.126795042
p95,aerosol_cloud_interactions,1973,-0.130953625
p95,aerosol_cloud_interactions,1974,-0.133266347
p95,aerosol_cloud_interactions,1975,-0.134741719
p95,aerosol_cloud_interactions,1976,-0.137322196
p95,aerosol_cloud_interactions,1977,-0.140987777
p95,aerosol_cloud_interactions,1978,-0.144227236
p95,aerosol_cloud_interactions,1979,-0.147440736
p95,aerosol_cloud_interactions,1980,-0.149857714
p95,aerosol_cloud_interactions,1981,-0.150751935
p95,aerosol_cloud_interactions,1982,-0.152367756
p95,aerosol_cloud_interactions,1983,-0.152879412
p95,aerosol_cloud_interactions,1984,-0.152314982
p95,aerosol_cloud_interactions,1985,-0.153473706
p95,aerosol_cloud_interactions,1986,-0.154787172
p95,aerosol_cloud_interactions,1987,-0.156772865
p95,aerosol_cloud_interactions,1988,-0.159150265
p95,aerosol_cloud_interactions,1989,-0.16052326
p95,aerosol_cloud_interactions,1990,-0.161623154
p95,aerosol_cloud_interactions,1991,-0.164984673
p95,aerosol_cloud_interactions,1992,-0.165694217
p95,aerosol_cloud_interactions,1993,-0.16374449
p95,aerosol_cloud_interactions,1994,-0.164657186
p95,aerosol_cloud_interactions,1995,-0.165154935
p95,aerosol_cloud_interactions,1996,-0.163741423
p95,aerosol_cloud_interactions,1997,-0.164999305
p95,aerosol_cloud_interactions,1998,-0.167312227
p95,aerosol_cloud_interactions,1999,-0.165871156
p95,aerosol_cloud_interactions,2000,-0.162256106
p95,aerosol_cloud_interactions,2001,-0.159764262
p95,aerosol_cloud_interactions,2002,-0.159953861
p95,aerosol_cloud_interactions,2003,-0.161893258
p95,aerosol_cloud_interactions,2004,-0.163746516
p95,aerosol_cloud_interactions,2005,-0.165872204
p95,aerosol_cloud_interactions,2006,-0.168229076
p95,aerosol_cloud_interactions,2007,-0.169609506
p95,aerosol_cloud_interactions,2008,-0.169317433
p95,aerosol_cloud_interactions,2009,-0.167048278
p95,aerosol_cloud_interactions,2010,-0.165025334
p95,aerosol_cloud_interactions,2011,-0.1641789
p95,aerosol_cloud_interactions,2012,-0.163779646
p95,aerosol_cloud_interactions,2013,-0.162370657
p95,aerosol_cloud_interactions,2014,-0.160219808
p95,aerosol_cloud_interactions,2015,-0.158590202
p95,aerosol_cloud_interactions,2016,-0.155503466
p95,aerosol_cloud_interactions,2017,-0.151709328
p95,aerosol_cloud_interactions,2018,-0.148704126
p95,aerosol_cloud_interactions,2019,-0.147274774
p95,aerosol_cloud_interactions,2020,-0.143812374
p95,aerosol_cloud_interactions,2021,-0.140105167
p95,aerosol_cloud_interactions,2022,-0.137721526
p95,aerosol_cloud_interactions,2023,-0.137585597
p95,aerosol_cloud_interactions,2024,-0.138687655
p95,aerosol_cloud_interactions,2025,-0.136369611
p95,aerosol_radiation_interactions,1850,0.011741097
p95,aerosol_radiation_interactions,1851,0.011693095
p95,aerosol_radiation_interactions,1852,0.011891508
p95,aerosol_radiation_interactions,1853,0.011959966
p95,aerosol_radiation_interactions,1854,0.011572806
p95,aerosol_radiation_interactions,1855,0.011191969
p95,aerosol_radiation_interactions,1856,0.011054816
p95,aerosol_radiation_interactions,1857,0.010789012
p95,aerosol_radiation_interactions,1858,0.010446307
p95,aerosol_radiation_interactions,1859,0.010090293
p95,aerosol_radiation_interactions,1860,0.009680529
p95,aerosol_radiation_interactions,1861,0.009336005
p95,aerosol_radiation_interactions,1862,0.00910093
p95,aerosol_radiation_interactions,1863,0.008936969
p95,aerosol_radiation_interactions,1864,0.008820937
p95,aerosol_radiation_interactions,1865,0.008397541
p95,aerosol_radiation_interactions,1866,0.007923222
p95,aerosol_radiation_interactions,1867,0.00748553
p95,aerosol_radiation_interactions,1868,0.006787117
p95,aerosol_radiation_interactions,1869,0.006196972
p95,aerosol_radiation_interactions,1870,0.005687987
p95,aerosol_radiation_interactions,1871,0.005227914
p95,aerosol_radiation_interactions,1872,0.004864296
p95,aerosol_radiation_interactions,1873,0.004235139
p95,aerosol_radiation_interactions,1874,0.003474152
p95,aerosol_radiation_interactions,1875,0.002982093
p95,aerosol_radiation_interactions,1876,0.00248896
p95,aerosol_radiation_interactions,1877,0.002017462
p95,aerosol_radiation_interactions,1878,0.001800636
p95,aerosol_radiation_interactions,1879,0.0015932
p95,aerosol_radiation_interactions,1880,0.001310596
p95,aerosol_radiation_interactions,1881,0.001250574
p95,aerosol_radiation_interactions,1882,0.001271129
p95,aerosol_radiation_interactions,1883,0.001217334
p95,aerosol_radiation_interactions,1884,0.001316746
p95,aerosol_radiation_interactions,1885,0.001407347
p95,aerosol_radiation_interactions,1886,0.001483319
p95,aerosol_radiation_interactions,1887,0.001611252
p95,aerosol_radiation_interactions,1888,0.001720346
p95,aerosol_radiation_interactions,1889,0.00180181
p95,aerosol_radiation_interactions,1890,0.001875223
p95,aerosol_radiation_interactions,1891,0.001989749
p95,aerosol_radiation_interactions,1892,0.002140937
p95,aerosol_radiation_interactions,1893,0.002249641
p95,aerosol_radiation_interactions,1894,0.002256268
p95,aerosol_radiation_interactions,1895,0.002332779
p95,aerosol_radiation_interactions,1896,0.002444435
p95,aerosol_radiation_interactions,1897,0.002535508
p95,aerosol_radiation_interactions,1898,0.002705923
p95,aerosol_radiation_interactions,1899,0.002837608
p95,aerosol_radiation_interactions,1900,0.002922629
p95,aerosol_radiation_interactions,1901,0.003091305
p95,aerosol_radiation_interactions,1902,0.003310136
p95,aerosol_radiation_interactions,1903,0.003588639
p95,aerosol_radiation_interactions,1904,0.003765629
p95,aerosol_radiation_interactions,1905,0.003862629
p95,aerosol_radiation_interactions,1906,0.00408258
p95,aerosol_radiation_interactions,1907,0.004331434
p95,aerosol_radiation_interactions,1908,0.004436616
p95,aerosol_radiation_interactions,1909,0.004533451
p95,aerosol_radiation_interactions,1910,0.004657404
p95,aerosol_radiation_interactions,1911,0.00484201
p95,aerosol_radiation_interactions,1912,0.005189
p95,aerosol_radiation_interactions,1913,0.005496236
p95,aerosol_radiation_interactions,1914,0.005479632
p95,aerosol_radiation_interactions,1915,0.00540031
p95,aerosol_radiation_interactions,1916,0.005613615
p95,aerosol_radiation_interactions,1917,0.005879091
p95,aerosol_radiation_interactions,1918,0.006068136
p95,aerosol_radiation_interactions,1919,0.005886437
p95,aerosol_radiation_interactions,1920,0.005750453
p95,aerosol_radiation_interactions,1921,0.005841422
p95,aerosol_radiation_interactions,1922,0.005931124
p95,aerosol_radiation_interactions,1923,0.006323685
p95,aerosol_radiation_interactions,1924,0.006769937
p95,aerosol_radiation_interactions,1925,0.007059873
p95,aerosol_radiation_interactions,1926,0.007209284
p95,aerosol_radiation_interactions,1927,0.007278774
p95,aerosol_radiation_interactions,1928,0.00723075
p95,aerosol_radiation_interactions,1929,0.007013134
p95,aerosol_radiation_interactions,1930,0.00657349
p95,aerosol_radiation_interactions,1931,0.006111618
p95,aerosol_radiation_interactions,1932,0.005801819
p95,aerosol_radiation_interactions,1933,0.005486469
p95,aerosol_radiation_interactions,1934,0.005268121
p95,aerosol_radiation_interactions,1935,0.005116006
p95,aerosol_radiation_interactions,1936,0.005053224
p95,aerosol_radiation_interactions,1937,0.00501228
p95,aerosol_radiation_interactions,1938,0.004928806
p95,aerosol_radiation_interactions,1939,0.00477519
p95,aerosol_radiation_interactions,1940,0.004644238
p95,aerosol_radiation_interactions,1941,0.004672018
p95,aerosol_radiation_interactions,1942,0.004676695
p95,aerosol_radiation_interactions,1943,0.00473026
p95,aerosol_radiation_interactions,1944,0.00487228
p95,aerosol_radiation_interactions,1945,0.004811101
p95,aerosol_radiation_interactions,1946,0.004783416
p95,aerosol_radiation_interactions,1947,0.004794246
p95,aerosol_radiation_interactions,1948,0.004685793
p95,aerosol_radiation_interactions,1949,0.004239858
p95,aerosol_radiation_interactions,1950,0.003499696
p95,aerosol_radiation_interactions,1951,0.003053417
p95,aerosol_radiation_interactions,1952,0.002611618
p95,aerosol_radiation_interactions,1953,0.001987236
p95,aerosol_radiation_interactions,1954,0.001475341
p95,aerosol_radiation_interactions,1955,0.001204975
p95,aerosol_radiation_interactions,1956,0.000966969
p95,aerosol_radiation_interactions,1957,0.000684034
p95,aerosol_radiation_interactions,1958,0.00087122
p95,aerosol_radiation_interactions,1959,0.001465724
p95,aerosol_radiation_interactions,1960,0.001913337
p95,aerosol_radiation_interactions,1961,0.001734145
p95,aerosol_radiation_interactions,1962,0.001294794
p95,aerosol_radiation_interactions,1963,0.00074544
p95,aerosol_radiation_interactions,1964,7.71e-05
p95,aerosol_radiation_interactions,1965,-0.00046756
p95,aerosol_radiation_interactions,1966,-0.001043596
p95,aerosol_radiation_interactions,1967,-0.001655257
p95,aerosol_radiation_interactions,1968,-0.002212571
p95,aerosol_radiation_interactions,1969,-0.002487159
p95,aerosol_radiation_interactions,1970,-0.002866218
p95,aerosol_radiation_interactions,1971,-0.003241033
p95,aerosol_radiation_interactions,1972,-0.003504926
p95,aerosol_radiation_interactions,1973,-0.003687515
p95,aerosol_radiation_interactions,1974,-0.00356973
p95,aerosol_radiation_interactions,1975,-0.003274261
p95,aerosol_radiation_interactions,1976,-0.002957714
p95,aerosol_radiation_interactions,1977,-0.00251299
p95,aerosol_radiation_interactions,1978,-0.001573011
p95,aerosol_radiation_interactions,1979,-0.000837809
p95,aerosol_radiation_interactions,1980,-0.000796304
p95,aerosol_radiation_interactions,1981,-0.000980775
p95,aerosol_radiation_interactions,1982,-0.001387922
p95,aerosol_radiation_interactions,1983,-0.001323567
p95,aerosol_radiation_interactions,1984,-0.00061983
p95,aerosol_radiation_interactions,1985,-0.000210557
p95,aerosol_radiation_interactions,1986,0.000215944
p95,aerosol_radiation_interactions,1987,0.000558491
p95,aerosol_radiation_interactions,1988,0.000983083
p95,aerosol_radiation_interactions,1989,0.001781994
p95,aerosol_radiation_interactions,1990,0.002338731
p95,aerosol_radiation_interactions,1991,0.001684987
p95,aerosol_radiation_interactions,1992,0.001936485
p95,aerosol_radiation_interactions,1993,0.003581125
p95,aerosol_radiation_interactions,1994,0.004308571
p95,aerosol_radiation_interactions,1995,0.005974923
p95,aerosol_radiation_interactions,1996,0.008275505
p95,aerosol_radiation_interactions,1997,0.007670477
p95,aerosol_radiation_interactions,1998,0.005655273
p95,aerosol_radiation_interactions,1999,0.006184452
p95,aerosol_radiation_interactions,2000,0.007270844
p95,aerosol_radiation_interactions,2001,0.007841296
p95,aerosol_radiation_interactions,2002,0.007421064
p95,aerosol_radiation_interactions,2003,0.006152516
p95,aerosol_radiation_interactions,2004,0.006486208
p95,aerosol_radiation_interactions,2005,0.007850617
p95,aerosol_radiation_interactions,2006,0.007999793
p95,aerosol_radiation_interactions,2007,0.008343103
p95,aerosol_radiation_interactions,2008,0.009524194
p95,aerosol_radiation_interactions,2009,0.010232633
p95,aerosol_radiation_interactions,2010,0.010861038
p95,aerosol_radiation_interactions,2011,0.011198085
p95,aerosol_radiation_interactions,2012,0.010846974
p95,aerosol_radiation_interactions,2013,0.010608878
p95,aerosol_radiation_interactions,2014,0.010224529
p95,aerosol_radiation_interactions,2015,0.008769271
p95,aerosol_radiation_interactions,2016,0.008102307
p95,aerosol_radiation_interactions,2017,0.008370144
p95,aerosol_radiation_interactions,2018,0.008074807
p95,aerosol_radiation_interactions,2019,0.006534848
p95,aerosol_radiation_interactions,2020,0.005511044
p95,aerosol_radiation_interactions,2021,0.004619173
p95,aerosol_radiation_interactions,2022,0.004421088
p95,aerosol_radiation_interactions,2023,0.00276098
p95,aerosol_radiation_interactions,2024,0.000898955
p95,aerosol_radiation_interactions,2025,0.001256522
p95,anthropogenic,1850,0.026034958
p95,anthropogenic,1851,0.025050987
p95,anthropogenic,1852,0.026517346
p95,anthropogenic,1853,0.02697647
p95,anthropogenic,1854,0.023447434
p95,anthropogenic,1855,0.019814257
p95,anthropogenic,1856,0.018805008
p95,anthropogenic,1857,0.016589308
p95,anthropogenic,1858,0.013086997
p95,anthropogenic,1859,0.010436471
p95,anthropogenic,1860,0.008600216
p95,anthropogenic,1861,0.007320538
p95,anthropogenic,1862,0.006951904
p95,anthropogenic,1863,0.008150086
p95,anthropogenic,1864,0.009812663
p95,anthropogenic,1865,0.00867286
p95,anthropogenic,1866,0.00729016
p95,anthropogenic,1867,0.00640287
p95,anthropogenic,1868,0.003673116
p95,anthropogenic,1869,0.002670314
p95,anthropogenic,1870,0.002464258
p95,anthropogenic,1871,0.002419834
p95,anthropogenic,1872,0.002635736
p95,anthropogenic,1873,0.002111572
p95,anthropogenic,1874,0.001618316
p95,anthropogenic,1875,0.001953906
p95,anthropogenic,1876,0.002397115
p95,anthropogenic,1877,0.003211198
p95,anthropogenic,1878,0.004602687
p95,anthropogenic,1879,0.006048692
p95,anthropogenic,1880,0.007129958
p95,anthropogenic,1881,0.008428594
p95,anthropogenic,1882,0.009968114
p95,anthropogenic,1883,0.011469632
p95,anthropogenic,1884,0.013190746
p95,anthropogenic,1885,0.015184389
p95,anthropogenic,1886,0.017461322
p95,anthropogenic,1887,0.019841676
p95,anthropogenic,1888,0.021814642
p95,anthropogenic,1889,0.023889408
p95,anthropogenic,1890,0.026085639
p95,anthropogenic,1891,0.028142256
p95,anthropogenic,1892,0.030569473
p95,anthropogenic,1893,0.033357238
p95,anthropogenic,1894,0.035990171
p95,anthropogenic,1895,0.038258027
p95,anthropogenic,1896,0.040313992
p95,anthropogenic,1897,0.042130759
p95,anthropogenic,1898,0.043766981
p95,anthropogenic,1899,0.044983464
p95,anthropogenic,1900,0.046031821
p95,anthropogenic,1901,0.047484158
p95,anthropogenic,1902,0.049260114
p95,anthropogenic,1903,0.050855036
p95,anthropogenic,1904,0.052345747
p95,anthropogenic,1905,0.053860134
p95,anthropogenic,1906,0.055228798
p95,anthropogenic,1907,0.056069741
p95,anthropogenic,1908,0.05768089
p95,anthropogenic,1909,0.060294722
p95,anthropogenic,1910,0.062418754
p95,anthropogenic,1911,0.06497896
p95,anthropogenic,1912,0.068140841
p95,anthropogenic,1913,0.071014124
p95,anthropogenic,1914,0.07499788
p95,anthropogenic,1915,0.080412717
p95,anthropogenic,1916,0.084799212
p95,anthropogenic,1917,0.088100768
p95,anthropogenic,1918,0.091896837
p95,anthropogenic,1919,0.09839167
p95,anthropogenic,1920,0.104890118
p95,anthropogenic,1921,0.111712749
p95,anthropogenic,1922,0.119713248
p95,anthropogenic,1923,0.124436988
p95,anthropogenic,1924,0.128193622
p95,anthropogenic,1925,0.132360973
p95,anthropogenic,1926,0.135661507
p95,anthropogenic,1927,0.137689508
p95,anthropogenic,1928,0.139413165
p95,anthropogenic,1929,0.140623138
p95,anthropogenic,1930,0.142547601
p95,anthropogenic,1931,0.148161675
p95,anthropogenic,1932,0.15645389
p95,anthropogenic,1933,0.163448116
p95,anthropogenic,1934,0.167025596
p95,anthropogenic,1935,0.16888876
p95,anthropogenic,1936,0.170589223
p95,anthropogenic,1937,0.172335435
p95,anthropogenic,1938,0.176302533
p95,anthropogenic,1939,0.180959513
p95,anthropogenic,1940,0.183024115
p95,anthropogenic,1941,0.184461747
p95,anthropogenic,1942,0.186186685
p95,anthropogenic,1943,0.188358664
p95,anthropogenic,1944,0.19150412
p95,anthropogenic,1945,0.197541798
p95,anthropogenic,1946,0.205364199
p95,anthropogenic,1947,0.210176142
p95,anthropogenic,1948,0.21216457
p95,anthropogenic,1949,0.214211989
p95,anthropogenic,1950,0.215457676
p95,anthropogenic,1951,0.216121814
p95,anthropogenic,1952,0.217577994
p95,anthropogenic,1953,0.219107255
p95,anthropogenic,1954,0.22121839
p95,anthropogenic,1955,0.222861705
p95,anthropogenic,1956,0.222939312
p95,anthropogenic,1957,0.222919753
p95,anthropogenic,1958,0.224759917
p95,anthropogenic,1959,0.227500799
p95,anthropogenic,1960,0.229789214
p95,anthropogenic,1961,0.231817379
p95,anthropogenic,1962,0.234912273
p95,anthropogenic,1963,0.238143343
p95,anthropogenic,1964,0.241988575
p95,anthropogenic,1965,0.247455034
p95,anthropogenic,1966,0.253694108
p95,anthropogenic,1967,0.260551618
p95,anthropogenic,1968,0.267838454
p95,anthropogenic,1969,0.276431592
p95,anthropogenic,1970,0.285294584
p95,anthropogenic,1971,0.294348293
p95,anthropogenic,1972,0.303423505
p95,anthropogenic,1973,0.31549782
p95,anthropogenic,1974,0.33047376
p95,anthropogenic,1975,0.344838033
p95,anthropogenic,1976,0.35646661
p95,anthropogenic,1977,0.368102153
p95,anthropogenic,1978,0.382801889
p95,anthropogenic,1979,0.398261829
p95,anthropogenic,1980,0.415321762
p95,anthropogenic,1981,0.434829511
p95,anthropogenic,1982,0.451927971
p95,anthropogenic,1983,0.47100481
p95,anthropogenic,1984,0.493063734
p95,anthropogenic,1985,0.511996292
p95,anthropogenic,1986,0.531173204
p95,anthropogenic,1987,0.549329351
p95,anthropogenic,1988,0.568384443
p95,anthropogenic,1989,0.591117185
p95,anthropogenic,1990,0.612752659
p95,anthropogenic,1991,0.627372223
p95,anthropogenic,1992,0.647094261
p95,anthropogenic,1993,0.670302513
p95,anthropogenic,1994,0.686844325
p95,anthropogenic,1995,0.706534087
p95,anthropogenic,1996,0.730481041
p95,anthropogenic,1997,0.747840921
p95,anthropogenic,1998,0.765561556
p95,anthropogenic,1999,0.789158742
p95,anthropogenic,2000,0.8145343
p95,anthropogenic,2001,0.838481493
p95,anthropogenic,2002,0.856492633
p95,anthropogenic,2003,0.871760089
p95,anthropogenic,2004,0.888648532
p95,anthropogenic,2005,0.905049024
p95,anthropogenic,2006,0.920460177
p95,anthropogenic,2007,0.938700707
p95,anthropogenic,2008,0.961451934
p95,anthropogenic,2009,0.988037324
p95,anthropogenic,2010,1.013929071
p95,anthropogenic,2011,1.038500348
p95,anthropogenic,2012,1.061172557
p95,anthropogenic,2013,1.086777981
p95,anthropogenic,2014,1.114894754
p95,anthropogenic,2015,1.140360008
p95,anthropogenic,2016,1.172704577
p95,anthropogenic,2017,1.209388199
p95,anthropogenic,2018,1.242947237
p95,anthropogenic,2019,1.269555137
p95,anthropogenic,2020,1.299161542
p95,anthropogenic,2021,1.329218877
p95,anthropogenic,2022,1.361899727
p95,anthropogenic,2023,1.387573121
p95,anthropogenic,2024,1.410133904
p95,anthropogenic,2025,1.444800655
p95,bc_snow,1850,-4.78e-05
p95,bc_snow,1851,-4.66e-05
p95,bc_snow,1852,-4.64e-05
p95,bc_snow,1853,-4.57e-05
p95,bc_snow,1854,-4.33e-05
p95,bc_snow,1855,-4.06e-05
p95,bc_snow,1856,-3.93e-05
p95,bc_snow,1857,-3.73e-05
p95,bc_snow,1858,-3.43e-05
p95,bc_snow,1859,-3.19e-05
p95,bc_snow,1860,-3.02e-05
p95,bc_snow,1861,-2.83e-05
p95,bc_snow,1862,-2.68e-05
p95,bc_snow,1863,-2.62e-05
p95,bc_snow,1864,-2.52e-05
p95,bc_snow,1865,-2.28e-05
p95,bc_snow,1866,-2.04e-05
p95,bc_snow,1867,-1.8e-05
p95,bc_snow,1868,-1.44e-05
p95,bc_snow,1869,-1.16e-05
p95,bc_snow,1870,-9.39e-06
p95,bc_snow,1871,-7.42e-06
p95,bc_snow,1872,-6.54e-06
p95,bc_snow,1873,-4.59e-06
p95,bc_snow,1874,-9.64e-07
p95,bc_snow,1875,6.37e-05
p95,bc_snow,1876,0.000255349
p95,bc_snow,1877,0.00060719
p95,bc_snow,1878,0.001061274
p95,bc_snow,1879,0.001542585
p95,bc_snow,1880,0.001963887
p95,bc_snow,1881,0.002387711
p95,bc_snow,1882,0.002772838
p95,bc_snow,1883,0.002946237
p95,bc_snow,1884,0.003227354
p95,bc_snow,1885,0.00364163
p95,bc_snow,1886,0.003979134
p95,bc_snow,1887,0.004390876
p95,bc_snow,1888,0.005064569
p95,bc_snow,1889,0.005672187
p95,bc_snow,1890,0.006190647
p95,bc_snow,1891,0.00665886
p95,bc_snow,1892,0.006878713
p95,bc_snow,1893,0.007101579
p95,bc_snow,1894,0.007567718
p95,bc_snow,1895,0.008164434
p95,bc_snow,1896,0.00846786
p95,bc_snow,1897,0.008845438
p95,bc_snow,1898,0.009482865
p95,bc_snow,1899,0.010163285
p95,bc_snow,1900,0.010813315
p95,bc_snow,1901,0.011341656
p95,bc_snow,1902,0.011787386
p95,bc_snow,1903,0.012185751
p95,bc_snow,1904,0.01276002
p95,bc_snow,1905,0.013549925
p95,bc_snow,1906,0.014370295
p95,bc_snow,1907,0.015454931
p95,bc_snow,1908,0.016524409
p95,bc_snow,1909,0.017252109
p95,bc_snow,1910,0.018126446
p95,bc_snow,1911,0.018910753
p95,bc_snow,1912,0.019425455
p95,bc_snow,1913,0.020156968
p95,bc_snow,1914,0.020803624
p95,bc_snow,1915,0.021050449
p95,bc_snow,1916,0.021392077
p95,bc_snow,1917,0.022158722
p95,bc_snow,1918,0.022994893
p95,bc_snow,1919,0.023020531
p95,bc_snow,1920,0.023037553
p95,bc_snow,1921,0.023055514
p95,bc_snow,1922,0.022653173
p95,bc_snow,1923,0.023496261
p95,bc_snow,1924,0.024632778
p95,bc_snow,1925,0.025092671
p95,bc_snow,1926,0.025444477
p95,bc_snow,1927,0.025872401
p95,bc_snow,1928,0.026288313
p95,bc_snow,1929,0.026633927
p95,bc_snow,1930,0.026935742
p95,bc_snow,1931,0.02631294
p95,bc_snow,1932,0.025284599
p95,bc_snow,1933,0.024677661
p95,bc_snow,1934,0.024778578
p95,bc_snow,1935,0.025330685
p95,bc_snow,1936,0.026163136
p95,bc_snow,1937,0.027132587
p95,bc_snow,1938,0.027305867
p95,bc_snow,1939,0.027475496
p95,bc_snow,1940,0.028122647
p95,bc_snow,1941,0.028738577
p95,bc_snow,1942,0.029551949
p95,bc_snow,1943,0.030428961
p95,bc_snow,1944,0.031125091
p95,bc_snow,1945,0.031019775
p95,bc_snow,1946,0.03040603
p95,bc_snow,1947,0.03022929
p95,bc_snow,1948,0.030620398
p95,bc_snow,1949,0.030941337
p95,bc_snow,1950,0.03144614
p95,bc_snow,1951,0.031814899
p95,bc_snow,1952,0.03171191
p95,bc_snow,1953,0.032037978
p95,bc_snow,1954,0.032585534
p95,bc_snow,1955,0.033293193
p95,bc_snow,1956,0.03459859
p95,bc_snow,1957,0.036503477
p95,bc_snow,1958,0.038015939
p95,bc_snow,1959,0.039121532
p95,bc_snow,1960,0.04047507
p95,bc_snow,1961,0.041738075
p95,bc_snow,1962,0.042652638
p95,bc_snow,1963,0.043917465
p95,bc_snow,1964,0.044860231
p95,bc_snow,1965,0.045151531
p95,bc_snow,1966,0.045606055
p95,bc_snow,1967,0.046367386
p95,bc_snow,1968,0.047258257
p95,bc_snow,1969,0.048035566
p95,bc_snow,1970,0.04915686
p95,bc_snow,1971,0.050739709
p95,bc_snow,1972,0.05307189
p95,bc_snow,1973,0.055272947
p95,bc_snow,1974,0.056772841
p95,bc_snow,1975,0.058161698
p95,bc_snow,1976,0.060126026
p95,bc_snow,1977,0.062771529
p95,bc_snow,1978,0.065642657
p95,bc_snow,1979,0.068451582
p95,bc_snow,1980,0.070196208
p95,bc_snow,1981,0.070858536
p95,bc_snow,1982,0.072139147
p95,bc_snow,1983,0.073113291
p95,bc_snow,1984,0.073679676
p95,bc_snow,1985,0.075153581
p95,bc_snow,1986,0.076851351
p95,bc_snow,1987,0.078988251
p95,bc_snow,1988,0.081527649
p95,bc_snow,1989,0.083634925
p95,bc_snow,1990,0.085334135
p95,bc_snow,1991,0.088507117
p95,bc_snow,1992,0.090199668
p95,bc_snow,1993,0.090250538
p95,bc_snow,1994,0.092570194
p95,bc_snow,1995,0.095346922
p95,bc_snow,1996,0.096572883
p95,bc_snow,1997,0.098846621
p95,bc_snow,1998,0.102268663
p95,bc_snow,1999,0.102240088
p95,bc_snow,2000,0.099359094
p95,bc_snow,2001,0.097301422
p95,bc_snow,2002,0.097574084
p95,bc_snow,2003,0.099027857
p95,bc_snow,2004,0.100608655
p95,bc_snow,2005,0.102668313
p95,bc_snow,2006,0.104341808
p95,bc_snow,2007,0.105786833
p95,bc_snow,2008,0.106642788
p95,bc_snow,2009,0.106163638
p95,bc_snow,2010,0.106822118
p95,bc_snow,2011,0.107471392
p95,bc_snow,2012,0.107509524
p95,bc_snow,2013,0.107383487
p95,bc_snow,2014,0.106814908
p95,bc_snow,2015,0.106850015
p95,bc_snow,2016,0.105735773
p95,bc_snow,2017,0.104080281
p95,bc_snow,2018,0.102800411
p95,bc_snow,2019,0.10242949
p95,bc_snow,2020,0.101827744
p95,bc_snow,2021,0.10101432
p95,bc_snow,2022,0.099827408
p95,bc_snow,2023,0.100264689
p95,bc_snow,2024,0.102771729
p95,bc_snow,2025,0.101532121
p95,ch4,1850,-0.009864021
p95,ch4,1851,-0.009693825
p95,ch4,1852,-0.009533206
p95,ch4,1853,-0.009346797
p95,ch4,1854,-0.009131762
p95,ch4,1855,-0.008890985
p95,ch4,1856,-0.008631104
p95,ch4,1857,-0.008357087
p95,ch4,1858,-0.008060391
p95,ch4,1859,-0.007738201
p95,ch4,1860,-0.007399569
p95,ch4,1861,-0.007047619
p95,ch4,1862,-0.006664431
p95,ch4,1863,-0.00623075
p95,ch4,1864,-0.005742624
p95,ch4,1865,-0.005215891
p95,ch4,1866,-0.004660981
p95,ch4,1867,-0.00407335
p95,ch4,1868,-0.003468153
p95,ch4,1869,-0.002871165
p95,ch4,1870,-0.002304365
p95,ch4,1871,-0.001794246
p95,ch4,1872,-0.001347101
p95,ch4,1873,-0.00095183
p95,ch4,1874,-0.000564074
p95,ch4,1875,-0.00013453
p95,ch4,1876,0.000384194
p95,ch4,1877,0.001000626
p95,ch4,1878,0.001672538
p95,ch4,1879,0.002392707
p95,ch4,1880,0.003163579
p95,ch4,1881,0.003967758
p95,ch4,1882,0.004785638
p95,ch4,1883,0.005617332
p95,ch4,1884,0.006472522
p95,ch4,1885,0.007367498
p95,ch4,1886,0.008299342
p95,ch4,1887,0.009265139
p95,ch4,1888,0.010262532
p95,ch4,1889,0.011287964
p95,ch4,1890,0.012344609
p95,ch4,1891,0.013425434
p95,ch4,1892,0.014554506
p95,ch4,1893,0.015735466
p95,ch4,1894,0.016918033
p95,ch4,1895,0.018061691
p95,ch4,1896,0.019112191
p95,ch4,1897,0.020058289
p95,ch4,1898,0.021002895
p95,ch4,1899,0.02202009
p95,ch4,1900,0.023095098
p95,ch4,1901,0.024200675
p95,ch4,1902,0.025356491
p95,ch4,1903,0.026579376
p95,ch4,1904,0.027906753
p95,ch4,1905,0.029354961
p95,ch4,1906,0.030891398
p95,ch4,1907,0.032521242
p95,ch4,1908,0.034180254
p95,ch4,1909,0.035833561
p95,ch4,1910,0.037516006
p95,ch4,1911,0.039191426
p95,ch4,1912,0.040813917
p95,ch4,1913,0.042321197
p95,ch4,1914,0.043690776
p95,ch4,1915,0.044993842
p95,ch4,1916,0.046458439
p95,ch4,1917,0.04809858
p95,ch4,1918,0.049813626
p95,ch4,1919,0.051684441
p95,ch4,1920,0.053686175
p95,ch4,1921,0.055754089
p95,ch4,1922,0.057849149
p95,ch4,1923,0.059923851
p95,ch4,1924,0.061886457
p95,ch4,1925,0.063654021
p95,ch4,1926,0.065195734
p95,ch4,1927,0.066587997
p95,ch4,1928,0.068031926
p95,ch4,1929,0.06964737
p95,ch4,1930,0.071390089
p95,ch4,1931,0.073152802
p95,ch4,1932,0.074869967
p95,ch4,1933,0.076557172
p95,ch4,1934,0.078261795
p95,ch4,1935,0.080005039
p95,ch4,1936,0.081749056
p95,ch4,1937,0.083461841
p95,ch4,1938,0.08514118
p95,ch4,1939,0.086876211
p95,ch4,1940,0.088593605
p95,ch4,1941,0.090173644
p95,ch4,1942,0.09175331
p95,ch4,1943,0.093378769
p95,ch4,1944,0.094969984
p95,ch4,1945,0.096486131
p95,ch4,1946,0.097989525
p95,ch4,1947,0.099598297
p95,ch4,1948,0.101324219
p95,ch4,1949,0.103064776
p95,ch4,1950,0.104720513
p95,ch4,1951,0.106348002
p95,ch4,1952,0.108038293
p95,ch4,1953,0.109919057
p95,ch4,1954,0.112120477
p95,ch4,1955,0.114628593
p95,ch4,1956,0.11745232
p95,ch4,1957,0.120569439
p95,ch4,1958,0.123769118
p95,ch4,1959,0.126864156
p95,ch4,1960,0.129748071
p95,ch4,1961,0.132360136
p95,ch4,1962,0.135071578
p95,ch4,1963,0.13830897
p95,ch4,1964,0.14195149
p95,ch4,1965,0.145659346
p95,ch4,1966,0.149238561
p95,ch4,1967,0.152713388
p95,ch4,1968,0.156372346
p95,ch4,1969,0.160337324
p95,ch4,1970,0.164631208
p95,ch4,1971,0.16920477
p95,ch4,1972,0.173822338
p95,ch4,1973,0.178263459
p95,ch4,1974,0.182461806
p95,ch4,1975,0.186612049
p95,ch4,1976,0.19087487
p95,ch4,1977,0.195291903
p95,ch4,1978,0.199853244
p95,ch4,1979,0.204520981
p95,ch4,1980,0.20923965
p95,ch4,1981,0.213941994
p95,ch4,1982,0.218552603
p95,ch4,1983,0.222992798
p95,ch4,1984,0.227211125
p95,ch4,1985,0.231262322
p95,ch4,1986,0.235233799
p95,ch4,1987,0.239061117
p95,ch4,1988,0.242797044
p95,ch4,1989,0.246582857
p95,ch4,1990,0.250212616
p95,ch4,1991,0.253741406
p95,ch4,1992,0.257200896
p95,ch4,1993,0.260250966
p95,ch4,1994,0.263002054
p95,ch4,1995,0.26566111
p95,ch4,1996,0.268121998
p95,ch4,1997,0.270400624
p95,ch4,1998,0.27280736
p95,ch4,1999,0.275385062
p95,ch4,2000,0.277755969
p95,ch4,2001,0.279730798
p95,ch4,2002,0.281472066
p95,ch4,2003,0.283227725
p95,ch4,2004,0.284910981
p95,ch4,2005,0.286345211
p95,ch4,2006,0.287655158
p95,ch4,2007,0.289137108
p95,ch4,2008,0.290868383
p95,ch4,2009,0.292667119
p95,ch4,2010,0.294470017
p95,ch4,2011,0.296292856
p95,ch4,2012,0.298124711
p95,ch4,2013,0.299960853
p95,ch4,2014,0.301920864
p95,ch4,2015,0.304116949
p95,ch4,2016,0.306416601
p95,ch4,2017,0.308669938
p95,ch4,2018,0.310924772
p95,ch4,2019,0.31322284
p95,ch4,2020,0.315655711
p95,ch4,2021,0.31840889
p95,ch4,2022,0.32146414
p95,ch4,2023,0.32452076
p95,ch4,2024,0.327354651
p95,ch4,2025,0.329987048
p95,co2,1850,-0.027679513
p95,co2,1851,-0.027062272
p95,co2,1852,-0.026356392
p95,co2,1853,-0.025600115
p95,co2,1854,-0.024842539
p95,co2,1855,-0.024113262
p95,co2,1856,-0.023399843
p95,co2,1857,-0.022634889
p95,co2,1858,-0.021787914
p95,co2,1859,-0.020875279
p95,co2,1860,-0.019893928
p95,co2,1861,-0.018851581
p95,co2,1862,-0.017794245
p95,co2,1863,-0.016741769
p95,co2,1864,-0.01567987
p95,co2,1865,-0.014606939
p95,co2,1866,-0.013527441
p95,co2,1867,-0.012438474
p95,co2,1868,-0.011357393
p95,co2,1869,-0.010328384
p95,co2,1870,-0.009341383
p95,co2,1871,-0.008357595
p95,co2,1872,-0.007339313
p95,co2,1873,-0.006251719
p95,co2,1874,-0.00509809
p95,co2,1875,-0.003873645
p95,co2,1876,-0.002578886
p95,co2,1877,-0.001230057
p95,co2,1878,0.00033056
p95,co2,1879,0.002487207
p95,co2,1880,0.004757664
p95,co2,1881,0.00713021
p95,co2,1882,0.009614668
p95,co2,1883,0.012139349
p95,co2,1884,0.014653555
p95,co2,1885,0.017234047
p95,co2,1886,0.019935818
p95,co2,1887,0.022754001
p95,co2,1888,0.025714538
p95,co2,1889,0.028818489
p95,co2,1890,0.032011637
p95,co2,1891,0.035284629
p95,co2,1892,0.038627601
p95,co2,1893,0.041955986
p95,co2,1894,0.045241248
p95,co2,1895,0.048484878
p95,co2,1896,0.051675191
p95,co2,1897,0.054832603
p95,co2,1898,0.058005672
p95,co2,1899,0.061279174
p95,co2,1900,0.064700788
p95,co2,1901,0.068188273
p95,co2,1902,0.071644232
p95,co2,1903,0.075093597
p95,co2,1904,0.078521814
p95,co2,1905,0.081953284
p95,co2,1906,0.085491297
p95,co2,1907,0.089229109
p95,co2,1908,0.093145462
p95,co2,1909,0.09714928
p95,co2,1910,0.101249755
p95,co2,1911,0.105468301
p95,co2,1912,0.109881772
p95,co2,1913,0.114563778
p95,co2,1914,0.119390716
p95,co2,1915,0.12427243
p95,co2,1916,0.129266978
p95,co2,1917,0.134355734
p95,co2,1918,0.139365303
p95,co2,1919,0.14413648
p95,co2,1920,0.148787211
p95,co2,1921,0.153357761
p95,co2,1922,0.157761322
p95,co2,1923,0.162035015
p95,co2,1924,0.166247615
p95,co2,1925,0.170222286
p95,co2,1926,0.173772602
p95,co2,1927,0.177136205
p95,co2,1928,0.180377807
p95,co2,1929,0.183447226
p95,co2,1930,0.18636261
p95,co2,1931,0.189214929
p95,co2,1932,0.192195198
p95,co2,1933,0.195356437
p95,co2,1934,0.19875001
p95,co2,1935,0.202442218
p95,co2,1936,0.206824622
p95,co2,1937,0.212003342
p95,co2,1938,0.217333151
p95,co2,1939,0.222572349
p95,co2,1940,0.227792432
p95,co2,1941,0.232900647
p95,co2,1942,0.237787078
p95,co2,1943,0.24226357
p95,co2,1944,0.24608905
p95,co2,1945,0.249234191
p95,co2,1946,0.2519508
p95,co2,1947,0.254527631
p95,co2,1948,0.257004081
p95,co2,1949,0.259394365
p95,co2,1950,0.261891349
p95,co2,1951,0.264513134
p95,co2,1952,0.267354656
p95,co2,1953,0.270549477
p95,co2,1954,0.2739876
p95,co2,1955,0.277493154
p95,co2,1956,0.28096059
p95,co2,1957,0.284395965
p95,co2,1958,0.287911199
p95,co2,1959,0.291681517
p95,co2,1960,0.296172332
p95,co2,1961,0.301339812
p95,co2,1962,0.306836611
p95,co2,1963,0.312502169
p95,co2,1964,0.318249137
p95,co2,1965,0.323938804
p95,co2,1966,0.33011209
p95,co2,1967,0.336717083
p95,co2,1968,0.343410342
p95,co2,1969,0.350531048
p95,co2,1970,0.358692265
p95,co2,1971,0.367170986
p95,co2,1972,0.37642692
p95,co2,1973,0.388585679
p95,co2,1974,0.401039187
p95,co2,1975,0.41078707
p95,co2,1976,0.419097887
p95,co2,1977,0.428733611
p95,co2,1978,0.440132829
p95,co2,1979,0.452385648
p95,co2,1980,0.465693897
p95,co2,1981,0.479052907
p95,co2,1982,0.490971015
p95,co2,1983,0.502803729
p95,co2,1984,0.515536396
p95,co2,1985,0.528483878
p95,co2,1986,0.541463762
p95,co2,1987,0.554788918
p95,co2,1988,0.569579569
p95,co2,1989,0.585084132
p95,co2,1990,0.599635001
p95,co2,1991,0.613448456
p95,co2,1992,0.626219574
p95,co2,1993,0.63772412
p95,co2,1994,0.649444853
p95,co2,1995,0.662451887
p95,co2,1996,0.67636471
p95,co2,1997,0.689940846
p95,co2,1998,0.704447703
p95,co2,1999,0.720574226
p95,co2,2000,0.735924305
p95,co2,2001,0.750454045
p95,co2,2002,0.765535026
p95,co2,2003,0.781945789
p95,co2,2004,0.798855196
p95,co2,2005,0.815516498
p95,co2,2006,0.832540889
p95,co2,2007,0.849473758
p95,co2,2008,0.866334689
p95,co2,2009,0.882902689
p95,co2,2010,0.899470124
p95,co2,2011,0.91645466
p95,co2,2012,0.933417174
p95,co2,2013,0.951325262
p95,co2,2014,0.969640592
p95,co2,2015,0.987760714
p95,co2,2016,1.007380723
p95,co2,2017,1.027639626
p95,co2,2018,1.047269296
p95,co2,2019,1.066982902
p95,co2,2020,1.086721854
p95,co2,2021,1.106301038
p95,co2,2022,1.125822779
p95,co2,2023,1.145343012
p95,co2,2024,1.16591608
p95,co2,2025,1.187571417
p95,contrails,1850,0.0
p95,contrails,1851,0.0
p95,contrails,1852,0.0
p95,contrails,1853,0.0
p95,contrails,1854,0.0
p95,contrails,1855,0.0
p95,contrails,1856,0.0
p95,contrails,1857,0.0
p95,contrails,1858,0.0
p95,contrails,1859,0.0
p95,contrails,1860,0.0
p95,contrails,1861,0.0
p95,contrails,1862,0.0
p95,contrails,1863,0.0
p95,contrails,1864,0.0
p95,contrails,1865,0.0
p95,contrails,1866,0.0
p95,contrails,1867,0.0
p95,contrails,1868,0.0
p95,contrails,1869,0.0
p95,contrails,1870,0.0
p95,contrails,1871,0.0
p95,contrails,1872,0.0
p95,contrails,1873,0.0
p95,contrails,1874,0.0
p95,contrails,1875,0.0
p95,contrails,1876,0.0
p95,contrails,1877,0.0
p95,contrails,1878,0.0
p95,contrails,1879,0.0
p95,contrails,1880,0.0
p95,contrails,1881,0.0
p95,contrails,1882,0.0
p95,contrails,1883,0.0
p95,contrails,1884,0.0
p95,contrails,1885,0.0
p95,contrails,1886,0.0
p95,contrails,1887,0.0
p95,contrails,1888,0.0
p95,contrails,1889,0.0
p95,contrails,1890,0.0
p95,contrails,1891,0.0
p95,contrails,1892,0.0
p95,contrails,1893,0.0
p95,contrails,1894,0.0
p95,contrails,1895,0.0
p95,contrails,1896,0.0
p95,contrails,1897,0.0
p95,contrails,1898,0.0
p95,contrails,1899,0.0
p95,contrails,1900,0.0
p95,contrails,1901,0.0
p95,contrails,1902,0.0
p95,contrails,1903,0.0
p95,contrails,1904,0.0
p95,contrails,1905,0.0
p95,contrails,1906,0.0
p95,contrails,1907,0.0
p95,contrails,1908,0.0
p95,contrails,1909,0.0
p95,contrails,1910,0.0
p95,contrails,1911,0.0
p95,contrails,1912,0.0
p95,contrails,1913,0.0
p95,contrails,1914,0.0
p95,contrails,1915,0.0
p95,contrails,1916,0.0
p95,contrails,1917,0.0
p95,contrails,1918,0.0
p95,contrails,1919,0.0
p95,contrails,1920,0.0
p95,contrails,1921,0.0
p95,contrails,1922,0.0
p95,contrails,1923,0.0
p95,contrails,1924,0.0
p95,contrails,1925,0.0
p95,contrails,1926,0.0
p95,contrails,1927,0.0
p95,contrails,1928,0.0
p95,contrails,1929,0.0
p95,contrails,1930,0.0
p95,contrails,1931,4.1e-06
p95,contrails,1932,1.43e-05
p95,contrails,1933,2.76e-05
p95,contrails,1934,4.31e-05
p95,contrails,1935,6e-05
p95,contrails,1936,7.81e-05
p95,contrails,1937,9.71e-05
p95,contrails,1938,0.000117013
p95,contrails,1939,0.000137631
p95,contrails,1940,0.000158883
p95,contrails,1941,0.000179822
p95,contrails,1942,0.000200461
p95,contrails,1943,0.000221621
p95,contrails,1944,0.000243678
p95,contrails,1945,0.000266829
p95,contrails,1946,0.00029172
p95,contrails,1947,0.000318187
p95,contrails,1948,0.000346188
p95,contrails,1949,0.000376241
p95,contrails,1950,0.000408635
p95,contrails,1951,0.000443552
p95,contrails,1952,0.000480612
p95,contrails,1953,0.000520684
p95,contrails,1954,0.000564225
p95,contrails,1955,0.000611018
p95,contrails,1956,0.00066151
p95,contrails,1957,0.000715964
p95,contrails,1958,0.000774573
p95,contrails,1959,0.000837474
p95,contrails,1960,0.000905289
p95,contrails,1961,0.000993742
p95,contrails,1962,0.001114336
p95,contrails,1963,0.001250724
p95,contrails,1964,0.001390301
p95,contrails,1965,0.001543005
p95,contrails,1966,0.001722643
p95,contrails,1967,0.00197105
p95,contrails,1968,0.002297731
p95,contrails,1969,0.002630219
p95,contrails,1970,0.002913465
p95,contrails,1971,0.003270102
p95,contrails,1972,0.003710267
p95,contrails,1973,0.004114865
p95,contrails,1974,0.004439919
p95,contrails,1975,0.004700898
p95,contrails,1976,0.004958094
p95,contrails,1977,0.005267224
p95,contrails,1978,0.005636951
p95,contrails,1979,0.006025745
p95,contrails,1980,0.006402964
p95,contrails,1981,0.006708144
p95,contrails,1982,0.006992006
p95,contrails,1983,0.007314931
p95,contrails,1984,0.007725426
p95,contrails,1985,0.008206188
p95,contrails,1986,0.008732131
p95,contrails,1987,0.009321914
p95,contrails,1988,0.009956385
p95,contrails,1989,0.010630249
p95,contrails,1990,0.011260652
p95,contrails,1991,0.011739255
p95,contrails,1992,0.012302283
p95,contrails,1993,0.013131886
p95,contrails,1994,0.014045415
p95,contrails,1995,0.014985027
p95,contrails,1996,0.015957615
p95,contrails,1997,0.016931013
p95,contrails,1998,0.017876433
p95,contrails,1999,0.018862506
p95,contrails,2000,0.020020869
p95,contrails,2001,0.021160485
p95,contrails,2002,0.021956994
p95,contrails,2003,0.022636367
p95,contrails,2004,0.023851891
p95,contrails,2005,0.025417907
p95,contrails,2006,0.026842697
p95,contrails,2007,0.028260364
p95,contrails,2008,0.029594646
p95,contrails,2009,0.030499846
p95,contrails,2010,0.03163593
p95,contrails,2011,0.033280155
p95,contrails,2012,0.034685217
p95,contrails,2013,0.035910851
p95,contrails,2014,0.037260177
p95,contrails,2015,0.038817818
p95,contrails,2016,0.040574016
p95,contrails,2017,0.042437795
p95,contrails,2018,0.044110528
p95,contrails,2019,0.046061596
p95,contrails,2020,0.044028522
p95,contrails,2021,0.040176468
p95,contrails,2022,0.040403223
p95,contrails,2023,0.043296039
p95,contrails,2024,0.047156169
p95,contrails,2025,0.05045975
p95,ghg,1850,-0.042502932
p95,ghg,1851,-0.041652399
p95,ghg,1852,-0.040705213
p95,ghg,1853,-0.039666925
p95,ghg,1854,-0.038582787
p95,ghg,1855,-0.037488852
p95,ghg,1856,-0.036381744
p95,ghg,1857,-0.035202649
p95,ghg,1858,-0.033918023
p95,ghg,1859,-0.032530563
p95,ghg,1860,-0.031034963
p95,ghg,1861,-0.029442529
p95,ghg,1862,-0.027786451
p95,ghg,1863,-0.026076551
p95,ghg,1864,-0.024299933
p95,ghg,1865,-0.022469545
p95,ghg,1866,-0.020597253
p95,ghg,1867,-0.018677421
p95,ghg,1868,-0.016743012
p95,ghg,1869,-0.014869236
p95,ghg,1870,-0.01307069
p95,ghg,1871,-0.01132548
p95,ghg,1872,-0.009597031
p95,ghg,1873,-0.007844221
p95,ghg,1874,-0.006037938
p95,ghg,1875,-0.004145745
p95,ghg,1876,-0.002175863
p95,ghg,1877,-3.72e-05
p95,ghg,1878,0.002852259
p95,ghg,1879,0.00602738
p95,ghg,1880,0.009323375
p95,ghg,1881,0.012742913
p95,ghg,1882,0.0162752
p95,ghg,1883,0.019853044
p95,ghg,1884,0.023437339
p95,ghg,1885,0.027120496
p95,ghg,1886,0.030950853
p95,ghg,1887,0.034926061
p95,ghg,1888,0.039068118
p95,ghg,1889,0.043376717
p95,ghg,1890,0.047800749
p95,ghg,1891,0.05231531
p95,ghg,1892,0.056942927
p95,ghg,1893,0.061614953
p95,ghg,1894,0.066261145
p95,ghg,1895,0.070845543
p95,ghg,1896,0.075290346
p95,ghg,1897,0.079597611
p95,ghg,1898,0.083917824
p95,ghg,1899,0.088413229
p95,ghg,1900,0.093124247
p95,ghg,1901,0.097942105
p95,ghg,1902,0.102812037
p95,ghg,1903,0.107795414
p95,ghg,1904,0.112897103
p95,ghg,1905,0.118136371
p95,ghg,1906,0.123580667
p95,ghg,1907,0.129331116
p95,ghg,1908,0.135317048
p95,ghg,1909,0.141417592
p95,ghg,1910,0.147670442
p95,ghg,1911,0.154074825
p95,ghg,1912,0.160631929
p95,ghg,1913,0.167338844
p95,ghg,1914,0.174075035
p95,ghg,1915,0.180810162
p95,ghg,1916,0.187796565
p95,ghg,1917,0.195033427
p95,ghg,1918,0.202239882
p95,ghg,1919,0.209276669
p95,ghg,1920,0.216244323
p95,ghg,1921,0.223168029
p95,ghg,1922,0.229945751
p95,ghg,1923,0.236617894
p95,ghg,1924,0.243147773
p95,ghg,1925,0.249207048
p95,ghg,1926,0.254580754
p95,ghg,1927,0.25959978
p95,ghg,1928,0.264539388
p95,ghg,1929,0.269464371
p95,ghg,1930,0.274340135
p95,ghg,1931,0.2791972
p95,ghg,1932,0.28416486
p95,ghg,1933,0.289291019
p95,ghg,1934,0.294668705
p95,ghg,1935,0.300376646
p95,ghg,1936,0.306797439
p95,ghg,1937,0.31401528
p95,ghg,1938,0.321397175
p95,ghg,1939,0.32876546
p95,ghg,1940,0.336113012
p95,ghg,1941,0.343259782
p95,ghg,1942,0.350227812
p95,ghg,1943,0.35697642
p95,ghg,1944,0.363129611
p95,ghg,1945,0.36848913
p95,ghg,1946,0.373405598
p95,ghg,1947,0.378268713
p95,ghg,1948,0.383101436
p95,ghg,1949,0.387843456
p95,ghg,1950,0.392632511
p95,ghg,1951,0.397554328
p95,ghg,1952,0.40278616
p95,ghg,1953,0.408622227
p95,ghg,1954,0.415075
p95,ghg,1955,0.421954405
p95,ghg,1956,0.429194024
p95,ghg,1957,0.436784493
p95,ghg,1958,0.44461287
p95,ghg,1959,0.452651664
p95,ghg,1960,0.461299549
p95,ghg,1961,0.470506815
p95,ghg,1962,0.480285603
p95,ghg,1963,0.490908656
p95,ghg,1964,0.502193396
p95,ghg,1965,0.51370904
p95,ghg,1966,0.525835767
p95,ghg,1967,0.538567465
p95,ghg,1968,0.551842485
p95,ghg,1969,0.566153273
p95,ghg,1970,0.582163307
p95,ghg,1971,0.599096765
p95,ghg,1972,0.617216983
p95,ghg,1973,0.638508103
p95,ghg,1974,0.66031068
p95,ghg,1975,0.679755222
p95,ghg,1976,0.698161017
p95,ghg,1977,0.718295498
p95,ghg,1978,0.740526497
p95,ghg,1979,0.763799091
p95,ghg,1980,0.788240636
p95,ghg,1981,0.812842838
p95,ghg,1982,0.836097466
p95,ghg,1983,0.859174274
p95,ghg,1984,0.882908073
p95,ghg,1985,0.90682122
p95,ghg,1986,0.931016532
p95,ghg,1987,0.955677117
p95,ghg,1988,0.981971488
p95,ghg,1989,1.009362853
p95,ghg,1990,1.035621804
p95,ghg,1991,1.060674841
p95,ghg,1992,1.084076297
p95,ghg,1993,1.10509549
p95,ghg,1994,1.12534303
p95,ghg,1995,1.146348256
p95,ghg,1996,1.16779779
p95,ghg,1997,1.188478917
p95,ghg,1998,1.20993012
p95,ghg,1999,1.232983171
p95,ghg,2000,1.254952108
p95,ghg,2001,1.275555034
p95,ghg,2002,1.296245748
p95,ghg,2003,1.318064374
p95,ghg,2004,1.340152538
p95,ghg,2005,1.361673786
p95,ghg,2006,1.383382245
p95,ghg,2007,1.405135188
p95,ghg,2008,1.427061125
p95,ghg,2009,1.448726999
p95,ghg,2010,1.470342245
p95,ghg,2011,1.492435784
p95,ghg,2012,1.514494263
p95,ghg,2013,1.537452527
p95,ghg,2014,1.560988169
p95,ghg,2015,1.584568841
p95,ghg,2016,1.609652117
p95,ghg,2017,1.63530177
p95,ghg,2018,1.660432817
p95,ghg,2019,1.685699774
p95,ghg,2020,1.711025062
p95,ghg,2021,1.736501117
p95,ghg,2022,1.762255468
p95,ghg,2023,1.787935435
p95,ghg,2024,1.814317435
p95,ghg,2025,1.841610444
p95,h2o_strat,1850,-3.1e-05
p95,h2o_strat,1851,-3.04e-05
p95,h2o_strat,1852,-2.99e-05
p95,h2o_strat,1853,-2.94e-05
p95,h2o_strat,1854,-2.87e-05
p95,h2o_strat,1855,-2.8e-05
p95,h2o_strat,1856,-2.72e-05
p95,h2o_strat,1857,-2.63e-05
p95,h2o_strat,1858,-2.54e-05
p95,h2o_strat,1859,-2.44e-05
p95,h2o_strat,1860,-2.34e-05
p95,h2o_strat,1861,-2.23e-05
p95,h2o_strat,1862,-2.11e-05
p95,h2o_strat,1863,-1.98e-05
p95,h2o_strat,1864,-1.83e-05
p95,h2o_strat,1865,-1.67e-05
p95,h2o_strat,1866,-1.5e-05
p95,h2o_strat,1867,-1.32e-05
p95,h2o_strat,1868,-1.13e-05
p95,h2o_strat,1869,-9.48e-06
p95,h2o_strat,1870,-7.73e-06
p95,h2o_strat,1871,-6.13e-06
p95,h2o_strat,1872,-4.71e-06
p95,h2o_strat,1873,-3.43e-06
p95,h2o_strat,1874,-2.19e-06
p95,h2o_strat,1875,-8.94e-07
p95,h2o_strat,1876,2.9e-05
p95,h2o_strat,1877,0.000119826
p95,h2o_strat,1878,0.000218684
p95,h2o_strat,1879,0.000322935
p95,h2o_strat,1880,0.000434272
p95,h2o_strat,1881,0.000550439
p95,h2o_strat,1882,0.000668545
p95,h2o_strat,1883,0.000788685
p95,h2o_strat,1884,0.000912377
p95,h2o_strat,1885,0.001042107
p95,h2o_strat,1886,0.001177461
p95,h2o_strat,1887,0.001318013
p95,h2o_strat,1888,0.001463325
p95,h2o_strat,1889,0.001612976
p95,h2o_strat,1890,0.001767482
p95,h2o_strat,1891,0.001925743
p95,h2o_strat,1892,0.002091446
p95,h2o_strat,1893,0.002265186
p95,h2o_strat,1894,0.002439378
p95,h2o_strat,1895,0.002607923
p95,h2o_strat,1896,0.002762505
p95,h2o_strat,1897,0.002901353
p95,h2o_strat,1898,0.003040098
p95,h2o_strat,1899,0.003190387
p95,h2o_strat,1900,0.003349738
p95,h2o_strat,1901,0.003514058
p95,h2o_strat,1902,0.003686349
p95,h2o_strat,1903,0.0038692
p95,h2o_strat,1904,0.004068576
p95,h2o_strat,1905,0.004286967
p95,h2o_strat,1906,0.004519273
p95,h2o_strat,1907,0.004766505
p95,h2o_strat,1908,0.005018529
p95,h2o_strat,1909,0.005270109
p95,h2o_strat,1910,0.005526765
p95,h2o_strat,1911,0.005782939
p95,h2o_strat,1912,0.006031326
p95,h2o_strat,1913,0.006262012
p95,h2o_strat,1914,0.006471183
p95,h2o_strat,1915,0.0066703
p95,h2o_strat,1916,0.006895918
p95,h2o_strat,1917,0.007149972
p95,h2o_strat,1918,0.007416505
p95,h2o_strat,1919,0.007708757
p95,h2o_strat,1920,0.008022601
p95,h2o_strat,1921,0.008347855
p95,h2o_strat,1922,0.008678167
p95,h2o_strat,1923,0.009005941
p95,h2o_strat,1924,0.009316297
p95,h2o_strat,1925,0.009595101
p95,h2o_strat,1926,0.009837206
p95,h2o_strat,1927,0.010055137
p95,h2o_strat,1928,0.010282409
p95,h2o_strat,1929,0.010538901
p95,h2o_strat,1930,0.010817274
p95,h2o_strat,1931,0.011099395
p95,h2o_strat,1932,0.011374418
p95,h2o_strat,1933,0.011644829
p95,h2o_strat,1934,0.011918956
p95,h2o_strat,1935,0.012200228
p95,h2o_strat,1936,0.012482058
p95,h2o_strat,1937,0.012759132
p95,h2o_strat,1938,0.013031095
p95,h2o_strat,1939,0.013313336
p95,h2o_strat,1940,0.013592931
p95,h2o_strat,1941,0.013849159
p95,h2o_strat,1942,0.014106226
p95,h2o_strat,1943,0.014371914
p95,h2o_strat,1944,0.014632232
p95,h2o_strat,1945,0.014879743
p95,h2o_strat,1946,0.015125797
p95,h2o_strat,1947,0.015390796
p95,h2o_strat,1948,0.015677032
p95,h2o_strat,1949,0.015966027
p95,h2o_strat,1950,0.016240415
p95,h2o_strat,1951,0.016510106
p95,h2o_strat,1952,0.016791807
p95,h2o_strat,1953,0.017108546
p95,h2o_strat,1954,0.01748399
p95,h2o_strat,1955,0.017914749
p95,h2o_strat,1956,0.018403653
p95,h2o_strat,1957,0.018946439
p95,h2o_strat,1958,0.019505366
p95,h2o_strat,1959,0.02004611
p95,h2o_strat,1960,0.020549295
p95,h2o_strat,1961,0.021003857
p95,h2o_strat,1962,0.021478979
p95,h2o_strat,1963,0.022054875
p95,h2o_strat,1964,0.022708873
p95,h2o_strat,1965,0.023377233
p95,h2o_strat,1966,0.024023056
p95,h2o_strat,1967,0.024651635
p95,h2o_strat,1968,0.025318563
p95,h2o_strat,1969,0.026048028
p95,h2o_strat,1970,0.026844905
p95,h2o_strat,1971,0.027700078
p95,h2o_strat,1972,0.028567763
p95,h2o_strat,1973,0.029404671
p95,h2o_strat,1974,0.030197593
p95,h2o_strat,1975,0.030985383
p95,h2o_strat,1976,0.031800237
p95,h2o_strat,1977,0.03265103
p95,h2o_strat,1978,0.033536135
p95,h2o_strat,1979,0.034447875
p95,h2o_strat,1980,0.035375396
p95,h2o_strat,1981,0.036304793
p95,h2o_strat,1982,0.037220371
p95,h2o_strat,1983,0.038104626
p95,h2o_strat,1984,0.038944838
p95,h2o_strat,1985,0.039754174
p95,h2o_strat,1986,0.040551159
p95,h2o_strat,1987,0.041319925
p95,h2o_strat,1988,0.042072338
p95,h2o_strat,1989,0.042840236
p95,h2o_strat,1990,0.04357748
p95,h2o_strat,1991,0.04429555
p95,h2o_strat,1992,0.045000825
p95,h2o_strat,1993,0.045615692
p95,h2o_strat,1994,0.046167364
p95,h2o_strat,1995,0.04670062
p95,h2o_strat,1996,0.047190802
p95,h2o_strat,1997,0.047642938
p95,h2o_strat,1998,0.048127587
p95,h2o_strat,1999,0.048653553
p95,h2o_strat,2000,0.049134235
p95,h2o_strat,2001,0.049523945
p95,h2o_strat,2002,0.049861479
p95,h2o_strat,2003,0.050205803
p95,h2o_strat,2004,0.050533394
p95,h2o_strat,2005,0.050806163
p95,h2o_strat,2006,0.051050604
p95,h2o_strat,2007,0.051338256
p95,h2o_strat,2008,0.051685191
p95,h2o_strat,2009,0.05204816
p95,h2o_strat,2010,0.052413062
p95,h2o_strat,2011,0.052784152
p95,h2o_strat,2012,0.053156596
p95,h2o_strat,2013,0.053531259
p95,h2o_strat,2014,0.053935989
p95,h2o_strat,2015,0.05439823
p95,h2o_strat,2016,0.054884353
p95,h2o_strat,2017,0.055359468
p95,h2o_strat,2018,0.055835422
p95,h2o_strat,2019,0.056323136
p95,h2o_strat,2020,0.05684381
p95,h2o_strat,2021,0.057443607
p95,h2o_strat,2022,0.058118083
p95,h2o_strat,2023,0.058792571
p95,h2o_strat,2024,0.059411691
p95,h2o_strat,2025,0.059982726
p95,halogen,1850,-4.01e-08
p95,halogen,1851,-3.96e-08
p95,halogen,1852,-3.91e-08
p95,halogen,1853,-3.84e-08
p95,halogen,1854,-3.77e-08
p95,halogen,1855,-3.69e-08
p95,halogen,1856,-3.61e-08
p95,halogen,1857,-3.53e-08
p95,halogen,1858,-3.45e-08
p95,halogen,1859,-3.36e-08
p95,halogen,1860,-3.26e-08
p95,halogen,1861,-3.17e-08
p95,halogen,1862,-3.04e-08
p95,halogen,1863,-2.88e-08
p95,halogen,1864,-2.74e-08
p95,halogen,1865,-2.62e-08
p95,halogen,1866,-2.5e-08
p95,halogen,1867,-2.34e-08
p95,halogen,1868,-2.16e-08
p95,halogen,1869,-2.01e-08
p95,halogen,1870,-1.86e-08
p95,halogen,1871,-1.69e-08
p95,halogen,1872,-1.49e-08
p95,halogen,1873,-1.33e-08
p95,halogen,1874,-1.13e-08
p95,halogen,1875,-9.21e-09
p95,halogen,1876,-6.99e-09
p95,halogen,1877,-4.62e-09
p95,halogen,1878,-2.01e-09
p95,halogen,1879,9.8e-10
p95,halogen,1880,4.5e-09
p95,halogen,1881,8.59e-09
p95,halogen,1882,1.32e-08
p95,halogen,1883,1.9e-08
p95,halogen,1884,2.54e-08
p95,halogen,1885,3.13e-08
p95,halogen,1886,3.72e-08
p95,halogen,1887,4.39e-08
p95,halogen,1888,5.11e-08
p95,halogen,1889,5.86e-08
p95,halogen,1890,6.63e-08
p95,halogen,1891,7.43e-08
p95,halogen,1892,8.25e-08
p95,halogen,1893,9.08e-08
p95,halogen,1894,9.93e-08
p95,halogen,1895,1.09e-07
p95,halogen,1896,1.19e-07
p95,halogen,1897,1.29e-07
p95,halogen,1898,1.39e-07
p95,halogen,1899,1.5e-07
p95,halogen,1900,1.62e-07
p95,halogen,1901,1.73e-07
p95,halogen,1902,2.12e-07
p95,halogen,1903,2.96e-07
p95,halogen,1904,4.12e-07
p95,halogen,1905,5.55e-07
p95,halogen,1906,7.38e-07
p95,halogen,1907,9.8e-07
p95,halogen,1908,1.3e-06
p95,halogen,1909,1.65e-06
p95,halogen,1910,2.07e-06
p95,halogen,1911,3.55e-06
p95,halogen,1912,5.97e-06
p95,halogen,1913,8.23e-06
p95,halogen,1914,1.16e-05
p95,halogen,1915,1.75e-05
p95,halogen,1916,2.69e-05
p95,halogen,1917,4.03e-05
p95,halogen,1918,5.54e-05
p95,halogen,1919,7.03e-05
p95,halogen,1920,8.4e-05
p95,halogen,1921,9.6e-05
p95,halogen,1922,0.000108015
p95,halogen,1923,0.000123051
p95,halogen,1924,0.000141248
p95,halogen,1925,0.000162118
p95,halogen,1926,0.000186823
p95,halogen,1927,0.000213124
p95,halogen,1928,0.000240575
p95,halogen,1929,0.000273646
p95,halogen,1930,0.000313656
p95,halogen,1931,0.000360476
p95,halogen,1932,0.00041304
p95,halogen,1933,0.000469655
p95,halogen,1934,0.000531448
p95,halogen,1935,0.00060174
p95,halogen,1936,0.00068574
p95,halogen,1937,0.000784704
p95,halogen,1938,0.000894198
p95,halogen,1939,0.001011861
p95,halogen,1940,0.001140747
p95,halogen,1941,0.001286371
p95,halogen,1942,0.001456752
p95,halogen,1943,0.001659674
p95,halogen,1944,0.001900098
p95,halogen,1945,0.002164905
p95,halogen,1946,0.00245586
p95,halogen,1947,0.002784864
p95,halogen,1948,0.003148668
p95,halogen,1949,0.003546594
p95,halogen,1950,0.003972801
p95,halogen,1951,0.004425787
p95,halogen,1952,0.004899931
p95,halogen,1953,0.005400287
p95,halogen,1954,0.005947804
p95,halogen,1955,0.00655685
p95,halogen,1956,0.00724096
p95,halogen,1957,0.008012875
p95,halogen,1958,0.008871997
p95,halogen,1959,0.009805848
p95,halogen,1960,0.010827349
p95,halogen,1961,0.011972744
p95,halogen,1962,0.013272728
p95,halogen,1963,0.014758747
p95,halogen,1964,0.016467189
p95,halogen,1965,0.018424303
p95,halogen,1966,0.020643529
p95,halogen,1967,0.023144536
p95,halogen,1968,0.025959297
p95,halogen,1969,0.029124413
p95,halogen,1970,0.032664074
p95,halogen,1971,0.036583176
p95,halogen,1972,0.04089254
p95,halogen,1973,0.045645301
p95,halogen,1974,0.050910513
p95,halogen,1975,0.056627388
p95,halogen,1976,0.062624298
p95,halogen,1977,0.068794559
p95,halogen,1978,0.075088907
p95,halogen,1979,0.081389035
p95,halogen,1980,0.087659441
p95,halogen,1981,0.093939021
p95,halogen,1982,0.100205344
p95,halogen,1983,0.106491669
p95,halogen,1984,0.112821792
p95,halogen,1985,0.119316586
p95,halogen,1986,0.126148076
p95,halogen,1987,0.133340627
p95,halogen,1988,0.140908806
p95,halogen,1989,0.148632543
p95,halogen,1990,0.156118728
p95,halogen,1991,0.16313007
p95,halogen,1992,0.169602292
p95,halogen,1993,0.175398141
p95,halogen,1994,0.18046836
p95,halogen,1995,0.185028402
p95,halogen,1996,0.189211328
p95,halogen,1997,0.19303064
p95,halogen,1998,0.196524196
p95,halogen,1999,0.199774578
p95,halogen,2000,0.202825248
p95,halogen,2001,0.20569188
p95,halogen,2002,0.208379128
p95,halogen,2003,0.210887903
p95,halogen,2004,0.213261223
p95,halogen,2005,0.215542453
p95,halogen,2006,0.217728642
p95,halogen,2007,0.219845942
p95,halogen,2008,0.221928289
p95,halogen,2009,0.223945454
p95,halogen,2010,0.225898592
p95,halogen,2011,0.227809375
p95,halogen,2012,0.229654279
p95,halogen,2013,0.231449749
p95,halogen,2014,0.233217134
p95,halogen,2015,0.234950287
p95,halogen,2016,0.23664965
p95,halogen,2017,0.238345047
p95,halogen,2018,0.240048354
p95,halogen,2019,0.241708066
p95,halogen,2020,0.24323166
p95,halogen,2021,0.244642555
p95,halogen,2022,0.246001007
p95,halogen,2023,0.247272159
p95,halogen,2024,0.24845094
p95,halogen,2025,0.249609471
p95,land_use,1850,0.032953542
p95,land_use,1851,0.032021862
p95,land_use,1852,0.030982176
p95,land_use,1853,0.029877595
p95,land_use,1854,0.028726924
p95,land_use,1855,0.027540888
p95,land_use,1856,0.026325626
p95,land_use,1857,0.025085914
p95,land_use,1858,0.023824528
p95,land_use,1859,0.022544545
p95,land_use,1860,0.021281523
p95,land_use,1861,0.020086807
p95,land_use,1862,0.018957169
p95,land_use,1863,0.017862106
p95,land_use,1864,0.016787498
p95,land_use,1865,0.015727752
p95,land_use,1866,0.014678694
p95,land_use,1867,0.013637936
p95,land_use,1868,0.01260333
p95,land_use,1869,0.011573837
p95,land_use,1870,0.010469991
p95,land_use,1871,0.009172357
p95,land_use,1872,0.007692789
p95,land_use,1873,0.006106485
p95,land_use,1874,0.004447122
p95,land_use,1875,0.002733546
p95,land_use,1876,0.000985715
p95,land_use,1877,-7.12e-05
p95,land_use,1878,-0.00027113
p95,land_use,1879,-0.000452899
p95,land_use,1880,-0.000631744
p95,land_use,1881,-0.000802995
p95,land_use,1882,-0.000966991
p95,land_use,1883,-0.001127286
p95,land_use,1884,-0.00128545
p95,land_use,1885,-0.001442187
p95,land_use,1886,-0.00159784
p95,land_use,1887,-0.001752751
p95,land_use,1888,-0.001907027
p95,land_use,1889,-0.002060829
p95,land_use,1890,-0.002214024
p95,land_use,1891,-0.002365882
p95,land_use,1892,-0.002516679
p95,land_use,1893,-0.002666792
p95,land_use,1894,-0.002816447
p95,land_use,1895,-0.002965766
p95,land_use,1896,-0.003114766
p95,land_use,1897,-0.003263621
p95,land_use,1898,-0.003412267
p95,land_use,1899,-0.003560697
p95,land_use,1900,-0.003712658
p95,land_use,1901,-0.003873286
p95,land_use,1902,-0.004041998
p95,land_use,1903,-0.004215308
p95,land_use,1904,-0.004391796
p95,land_use,1905,-0.004570776
p95,land_use,1906,-0.004751621
p95,land_use,1907,-0.004934417
p95,land_use,1908,-0.005118668
p95,land_use,1909,-0.005304417
p95,land_use,1910,-0.005482302
p95,land_use,1911,-0.005638874
p95,land_use,1912,-0.005775736
p95,land_use,1913,-0.00590153
p95,land_use,1914,-0.006020012
p95,land_use,1915,-0.006133315
p95,land_use,1916,-0.006242764
p95,land_use,1917,-0.006348862
p95,land_use,1918,-0.006452477
p95,land_use,1919,-0.006554088
p95,land_use,1920,-0.006658044
p95,land_use,1921,-0.006771426
p95,land_use,1922,-0.00689357
p95,land_use,1923,-0.007020682
p95,land_use,1924,-0.007150854
p95,land_use,1925,-0.00728337
p95,land_use,1926,-0.007418273
p95,land_use,1927,-0.00755491
p95,land_use,1928,-0.007693371
p95,land_use,1929,-0.007833219
p95,land_use,1930,-0.007973013
p95,land_use,1931,-0.008111021
p95,land_use,1932,-0.00824701
p95,land_use,1933,-0.00838301
p95,land_use,1934,-0.008519112
p95,land_use,1935,-0.008655893
p95,land_use,1936,-0.008793246
p95,land_use,1937,-0.008931898
p95,land_use,1938,-0.009071644
p95,land_use,1939,-0.009212656
p95,land_use,1940,-0.009342479
p95,land_use,1941,-0.009442524
p95,land_use,1942,-0.009516223
p95,land_use,1943,-0.009575734
p95,land_use,1944,-0.00962659
p95,land_use,1945,-0.0096711
p95,land_use,1946,-0.009711604
p95,land_use,1947,-0.009748884
p95,land_use,1948,-0.009782765
p95,land_use,1949,-0.009813156
p95,land_use,1950,-0.009855085
p95,land_use,1951,-0.009930034
p95,land_use,1952,-0.010035973
p95,land_use,1953,-0.010154667
p95,land_use,1954,-0.010280806
p95,land_use,1955,-0.010415024
p95,land_use,1956,-0.010553025
p95,land_use,1957,-0.010689265
p95,land_use,1958,-0.010813407
p95,land_use,1959,-0.010915979
p95,land_use,1960,-0.011004491
p95,land_use,1961,-0.011083514
p95,land_use,1962,-0.011161943
p95,land_use,1963,-0.011248314
p95,land_use,1964,-0.011332233
p95,land_use,1965,-0.01140757
p95,land_use,1966,-0.011474987
p95,land_use,1967,-0.011551206
p95,land_use,1968,-0.011674853
p95,land_use,1969,-0.011834635
p95,land_use,1970,-0.011987641
p95,land_use,1971,-0.012112909
p95,land_use,1972,-0.012209102
p95,land_use,1973,-0.012294643
p95,land_use,1974,-0.012383095
p95,land_use,1975,-0.012459323
p95,land_use,1976,-0.012520631
p95,land_use,1977,-0.012588251
p95,land_use,1978,-0.012680023
p95,land_use,1979,-0.012769246
p95,land_use,1980,-0.012842239
p95,land_use,1981,-0.012909282
p95,land_use,1982,-0.0129709
p95,land_use,1983,-0.013032866
p95,land_use,1984,-0.013099529
p95,land_use,1985,-0.013162659
p95,land_use,1986,-0.01321667
p95,land_use,1987,-0.013262862
p95,land_use,1988,-0.013303993
p95,land_use,1989,-0.013328526
p95,land_use,1990,-0.013328118
p95,land_use,1991,-0.013296087
p95,land_use,1992,-0.013229632
p95,land_use,1993,-0.01315777
p95,land_use,1994,-0.013092905
p95,land_use,1995,-0.013016689
p95,land_use,1996,-0.01293601
p95,land_use,1997,-0.012872734
p95,land_use,1998,-0.012826183
p95,land_use,1999,-0.012788263
p95,land_use,2000,-0.012751369
p95,land_use,2001,-0.012681912
p95,land_use,2002,-0.012561305
p95,land_use,2003,-0.01242027
p95,land_use,2004,-0.012300978
p95,land_use,2005,-0.012213024
p95,land_use,2006,-0.012087201
p95,land_use,2007,-0.011883754
p95,land_use,2008,-0.011693133
p95,land_use,2009,-0.011556001
p95,land_use,2010,-0.011432397
p95,land_use,2011,-0.011274751
p95,land_use,2012,-0.01106525
p95,land_use,2013,-0.010870408
p95,land_use,2014,-0.010720792
p95,land_use,2015,-0.01058178
p95,land_use,2016,-0.010456088
p95,land_use,2017,-0.010351645
p95,land_use,2018,-0.01025298
p95,land_use,2019,-0.010144929
p95,land_use,2020,-0.010027105
p95,land_use,2021,-0.009928147
p95,land_use,2022,-0.00985315
p95,land_use,2023,-0.009774927
p95,land_use,2024,-0.009692708
p95,land_use,2025,-0.009610778
p95,n2o,1850,-0.003680755
p95,n2o,1851,-0.003640671
p95,n2o,1852,-0.003584811
p95,n2o,1853,-0.00351632
p95,n2o,1854,-0.003435567
p95,n2o,1855,-0.003344882
p95,n2o,1856,-0.003245621
p95,n2o,1857,-0.003141802
p95,n2o,1858,-0.003038608
p95,n2o,1859,-0.00292704
p95,n2o,1860,-0.00279618
p95,n2o,1861,-0.00264597
p95,n2o,1862,-0.002480561
p95,n2o,1863,-0.002309832
p95,n2o,1864,-0.002138725
p95,n2o,1865,-0.001964445
p95,n2o,1866,-0.001783456
p95,n2o,1867,-0.001596595
p95,n2o,1868,-0.001403053
p95,n2o,1869,-0.001203353
p95,n2o,1870,-0.001002307
p95,n2o,1871,-0.00079472
p95,n2o,1872,-0.000575296
p95,n2o,1873,-0.000342026
p95,n2o,1874,-8.31e-05
p95,n2o,1875,0.000184318
p95,n2o,1876,0.000466906
p95,n2o,1877,0.000772099
p95,n2o,1878,0.001079439
p95,n2o,1879,0.001390869
p95,n2o,1880,0.001703343
p95,n2o,1881,0.002009868
p95,n2o,1882,0.002307651
p95,n2o,1883,0.002599937
p95,n2o,1884,0.002886524
p95,n2o,1885,0.003168103
p95,n2o,1886,0.003442348
p95,n2o,1887,0.003715223
p95,n2o,1888,0.003984941
p95,n2o,1889,0.004252755
p95,n2o,1890,0.004518158
p95,n2o,1891,0.004771148
p95,n2o,1892,0.005021129
p95,n2o,1893,0.005279154
p95,n2o,1894,0.005551885
p95,n2o,1895,0.005840738
p95,n2o,1896,0.006131191
p95,n2o,1897,0.006415573
p95,n2o,1898,0.006698723
p95,n2o,1899,0.006990799
p95,n2o,1900,0.007297244
p95,n2o,1901,0.007616014
p95,n2o,1902,0.007971256
p95,n2o,1903,0.008385856
p95,n2o,1904,0.008843441
p95,n2o,1905,0.009322796
p95,n2o,1906,0.009819283
p95,n2o,1907,0.010336419
p95,n2o,1908,0.010886293
p95,n2o,1909,0.011470289
p95,n2o,1910,0.012085452
p95,n2o,1911,0.012742113
p95,n2o,1912,0.013406722
p95,n2o,1913,0.014062818
p95,n2o,1914,0.014735892
p95,n2o,1915,0.01541712
p95,n2o,1916,0.016079552
p95,n2o,1917,0.016726793
p95,n2o,1918,0.017345965
p95,n2o,1919,0.017876267
p95,n2o,1920,0.018328324
p95,n2o,1921,0.018753639
p95,n2o,1922,0.019173218
p95,n2o,1923,0.019637198
p95,n2o,1924,0.020121989
p95,n2o,1925,0.020547342
p95,n2o,1926,0.020915218
p95,n2o,1927,0.021250656
p95,n2o,1928,0.021578481
p95,n2o,1929,0.021899436
p95,n2o,1930,0.022200591
p95,n2o,1931,0.022523438
p95,n2o,1932,0.022868194
p95,n2o,1933,0.023213663
p95,n2o,1934,0.023559019
p95,n2o,1935,0.023896037
p95,n2o,1936,0.024246005
p95,n2o,1937,0.024624774
p95,n2o,1938,0.025041123
p95,n2o,1939,0.025476941
p95,n2o,1940,0.025924201
p95,n2o,1941,0.026394223
p95,n2o,1942,0.026890446
p95,n2o,1943,0.027512099
p95,n2o,1944,0.028189686
p95,n2o,1945,0.028793353
p95,n2o,1946,0.029361015
p95,n2o,1947,0.029872298
p95,n2o,1948,0.030311345
p95,n2o,1949,0.030698304
p95,n2o,1950,0.0310784
p95,n2o,1951,0.031470433
p95,n2o,1952,0.03187084
p95,n2o,1953,0.032323319
p95,n2o,1954,0.032815019
p95,n2o,1955,0.033325715
p95,n2o,1956,0.033884024
p95,n2o,1957,0.034478103
p95,n2o,1958,0.035074025
p95,n2o,1959,0.035646904
p95,n2o,1960,0.036221127
p95,n2o,1961,0.036825688
p95,n2o,1962,0.037459329
p95,n2o,1963,0.038125897
p95,n2o,1964,0.038816964
p95,n2o,1965,0.039520282
p95,n2o,1966,0.040248201
p95,n2o,1967,0.041005603
p95,n2o,1968,0.041782231
p95,n2o,1969,0.042573311
p95,n2o,1970,0.043377568
p95,n2o,1971,0.044195226
p95,n2o,1972,0.045028136
p95,n2o,1973,0.045877775
p95,n2o,1974,0.04674712
p95,n2o,1975,0.047638393
p95,n2o,1976,0.048552465
p95,n2o,1977,0.049489742
p95,n2o,1978,0.050452408
p95,n2o,1979,0.051444284
p95,n2o,1980,0.052492848
p95,n2o,1981,0.053652797
p95,n2o,1982,0.055011232
p95,n2o,1983,0.056415964
p95,n2o,1984,0.057735403
p95,n2o,1985,0.059018845
p95,n2o,1986,0.060346559
p95,n2o,1987,0.061606398
p95,n2o,1988,0.062782634
p95,n2o,1989,0.064139278
p95,n2o,1990,0.065645574
p95,n2o,1991,0.06714693
p95,n2o,1992,0.068554388
p95,n2o,1993,0.069822345
p95,n2o,1994,0.071023103
p95,n2o,1995,0.072254695
p95,n2o,1996,0.073577145
p95,n2o,1997,0.075007514
p95,n2o,1998,0.076475298
p95,n2o,1999,0.078009513
p95,n2o,2000,0.079644098
p95,n2o,2001,0.081277928
p95,n2o,2002,0.082833613
p95,n2o,2003,0.084344759
p95,n2o,2004,0.085836082
p95,n2o,2005,0.087318774
p95,n2o,2006,0.088842825
p95,n2o,2007,0.090396015
p95,n2o,2008,0.091980658
p95,n2o,2009,0.093574742
p95,n2o,2010,0.095171481
p95,n2o,2011,0.09684979
p95,n2o,2012,0.098571507
p95,n2o,2013,0.100301269
p95,n2o,2014,0.102103719
p95,n2o,2015,0.103948185
p95,n2o,2016,0.105745204
p95,n2o,2017,0.107522225
p95,n2o,2018,0.109375016
p95,n2o,2019,0.111272723
p95,n2o,2020,0.113201215
p95,n2o,2021,0.115231185
p95,n2o,2022,0.117350517
p95,n2o,2023,0.119480886
p95,n2o,2024,0.121571073
p95,n2o,2025,0.123727145
p95,natural,1850,0.051843901
p95,natural,1851,0.06187881
p95,natural,1852,0.069647238
p95,natural,1853,0.063480181
p95,natural,1854,0.03781346
p95,natural,1855,0.028256802
p95,natural,1856,0.039849418
p95,natural,1857,0.007986082
p95,natural,1858,-0.004766738
p95,natural,1859,-0.002138395
p95,natural,1860,0.023158977
p95,natural,1861,0.048577172
p95,natural,1862,-0.000623176
p95,natural,1863,-0.011984146
p95,natural,1864,-0.011979308
p95,natural,1865,-0.0053408
p95,natural,1866,0.009339728
p95,natural,1867,0.025176988
p95,natural,1868,0.037567682
p95,natural,1869,0.039005914
p95,natural,1870,0.043902701
p95,natural,1871,0.062793837
p95,natural,1872,0.041359799
p95,natural,1873,-0.000299447
p95,natural,1874,-0.001792763
p95,natural,1875,0.011362695
p95,natural,1876,0.025139434
p95,natural,1877,0.039839369
p95,natural,1878,0.052601099
p95,natural,1879,0.062208294
p95,natural,1880,0.066164952
p95,natural,1881,0.062173597
p95,natural,1882,0.065133193
p95,natural,1883,0.062225093
p95,natural,1884,-0.005420671
p95,natural,1885,-0.019716625
p95,natural,1886,-0.023498548
p95,natural,1887,-0.021631766
p95,natural,1888,-0.013933095
p95,natural,1889,-0.005877247
p95,natural,1890,0.000713472
p95,natural,1891,0.009239002
p95,natural,1892,0.021472905
p95,natural,1893,0.033242679
p95,natural,1894,0.047129533
p95,natural,1895,0.044555743
p95,natural,1896,0.037650564
p95,natural,1897,0.044434632
p95,natural,1898,0.055287387
p95,natural,1899,0.064177111
p95,natural,1900,0.069802901
p95,natural,1901,0.073870181
p95,natural,1902,0.075858535
p95,natural,1903,0.063263223
p95,natural,1904,0.054553397
p95,natural,1905,0.065681307
p95,natural,1906,0.079383946
p95,natural,1907,0.071114159
p95,natural,1908,0.053517261
p95,natural,1909,0.057997283
p95,natural,1910,0.07262069
p95,natural,1911,0.081039359
p95,natural,1912,0.054809836
p95,natural,1913,0.01048954
p95,natural,1914,0.005559318
p95,natural,1915,0.033147385
p95,natural,1916,0.059973712
p95,natural,1917,0.079474172
p95,natural,1918,0.090423639
p95,natural,1919,0.083795276
p95,natural,1920,0.078853877
p95,natural,1921,0.0862938
p95,natural,1922,0.092218275
p95,natural,1923,0.095736177
p95,natural,1924,0.090444671
p95,natural,1925,0.08660028
p95,natural,1926,0.081962086
p95,natural,1927,0.078810622
p95,natural,1928,0.090603034
p95,natural,1929,0.101900362
p95,natural,1930,0.107777879
p95,natural,1931,0.110124293
p95,natural,1932,0.105955288
p95,natural,1933,0.08648768
p95,natural,1934,0.075489153
p95,natural,1935,0.086876589
p95,natural,1936,0.102688195
p95,natural,1937,0.11655112
p95,natural,1938,0.12544664
p95,natural,1939,0.130650712
p95,natural,1940,0.133387497
p95,natural,1941,0.134404332
p95,natural,1942,0.133822072
p95,natural,1943,0.123439035
p95,natural,1944,0.111230349
p95,natural,1945,0.112739968
p95,natural,1946,0.122436684
p95,natural,1947,0.127852214
p95,natural,1948,0.130621653
p95,natural,1949,0.136987064
p95,natural,1950,0.141514203
p95,natural,1951,0.140703601
p95,natural,1952,0.137288656
p95,natural,1953,0.134639548
p95,natural,1954,0.133174325
p95,natural,1955,0.133366479
p95,natural,1956,0.131685477
p95,natural,1957,0.131078024
p95,natural,1958,0.138500315
p95,natural,1959,0.146641329
p95,natural,1960,0.150110747
p95,natural,1961,0.149520628
p95,natural,1962,0.146278395
p95,natural,1963,0.103903104
p95,natural,1964,0.049818593
p95,natural,1965,0.047128884
p95,natural,1966,0.071598217
p95,natural,1967,0.091914735
p95,natural,1968,0.101777629
p95,natural,1969,0.100850475
p95,natural,1970,0.1041541
p95,natural,1971,0.112895568
p95,natural,1972,0.119473609
p95,natural,1973,0.123243101
p95,natural,1974,0.124048226
p95,natural,1975,0.123917963
p95,natural,1976,0.123507725
p95,natural,1977,0.125316121
p95,natural,1978,0.130858553
p95,natural,1979,0.138106701
p95,natural,1980,0.14216849
p95,natural,1981,0.142244825
p95,natural,1982,0.124535897
p95,natural,1983,0.079532664
p95,natural,1984,0.050841695
p95,natural,1985,0.056381244
p95,natural,1986,0.066588731
p95,natural,1987,0.074690001
p95,natural,1988,0.08692753
p95,natural,1989,0.102825295
p95,natural,1990,0.116553247
p95,natural,1991,0.092035126
p95,natural,1992,0.006330452
p95,natural,1993,-0.009743923
p95,natural,1994,-0.005482316
p95,natural,1995,0.009391485
p95,natural,1996,0.037956339
p95,natural,1997,0.059119056
p95,natural,1998,0.075858123
p95,natural,1999,0.090764854
p95,natural,2000,0.104743719
p95,natural,2001,0.115200238
p95,natural,2002,0.122913761
p95,natural,2003,0.126258014
p95,natural,2004,0.124997809
p95,natural,2005,0.122273026
p95,natural,2006,0.118096701
p95,natural,2007,0.114382479
p95,natural,2008,0.112671717
p95,natural,2009,0.111528171
p95,natural,2010,0.112144978
p95,natural,2011,0.114808344
p95,natural,2012,0.119001143
p95,natural,2013,0.126432108
p95,natural,2014,0.131766141
p95,natural,2015,0.132990997
p95,natural,2016,0.13160013
p95,natural,2017,0.129910534
p95,natural,2018,0.128362821
p95,natural,2019,0.121686053
p95,natural,2020,0.112055586
p95,natural,2021,0.109956308
p95,natural,2022,0.10907988
p95,natural,2023,0.116609159
p95,natural,2024,0.133678833
p95,natural,2025,0.142760451
p95,o3,1850,-0.002279726
p95,o3,1851,-0.002256391
p95,o3,1852,-0.002262412
p95,o3,1853,-0.002250585
p95,o3,1854,-0.00218446
p95,o3,1855,-0.002105119
p95,o3,1856,-0.002067704
p95,o3,1857,-0.00199945
p95,o3,1858,-0.001879287
p95,o3,1859,-0.001787138
p95,o3,1860,-0.00172709
p95,o3,1861,-0.001649911
p95,o3,1862,-0.00157217
p95,o3,1863,-0.001521743
p95,o3,1864,-0.001446569
p95,o3,1865,-0.001318569
p95,o3,1866,-0.001187918
p95,o3,1867,-0.001050814
p95,o3,1868,-0.000867421
p95,o3,1869,-0.000712876
p95,o3,1870,-0.000587139
p95,o3,1871,-0.000471686
p95,o3,1872,-0.000411216
p95,o3,1873,-0.000325534
p95,o3,1874,-0.000183196
p95,o3,1875,-6.59e-05
p95,o3,1876,8.84e-05
p95,o3,1877,0.000881728
p95,o3,1878,0.002021595
p95,o3,1879,0.003113831
p95,o3,1880,0.00396383
p95,o3,1881,0.004893369
p95,o3,1882,0.005781412
p95,o3,1883,0.006308006
p95,o3,1884,0.007089984
p95,o3,1885,0.008176807
p95,o3,1886,0.009211487
p95,o3,1887,0.010374239
p95,o3,1888,0.011786998
p95,o3,1889,0.013160894
p95,o3,1890,0.014459773
p95,o3,1891,0.015591315
p95,o3,1892,0.016443213
p95,o3,1893,0.017426578
p95,o3,1894,0.018867711
p95,o3,1895,0.02041649
p95,o3,1896,0.021367274
p95,o3,1897,0.022415809
p95,o3,1898,0.023878472
p95,o3,1899,0.025239554
p95,o3,1900,0.026494658
p95,o3,1901,0.027742679
p95,o3,1902,0.029007628
p95,o3,1903,0.030165341
p95,o3,1904,0.031748887
p95,o3,1905,0.033866296
p95,o3,1906,0.035948456
p95,o3,1907,0.03829927
p95,o3,1908,0.040917384
p95,o3,1909,0.043289673
p95,o3,1910,0.045731227
p95,o3,1911,0.048077411
p95,o3,1912,0.049986909
p95,o3,1913,0.052006066
p95,o3,1914,0.054265234
p95,o3,1915,0.056242652
p95,o3,1916,0.058083708
p95,o3,1917,0.060497541
p95,o3,1918,0.063282709
p95,o3,1919,0.065759163
p95,o3,1920,0.068337979
p95,o3,1921,0.070916463
p95,o3,1922,0.073166934
p95,o3,1923,0.076270944
p95,o3,1924,0.079326436
p95,o3,1925,0.08160588
p95,o3,1926,0.083789824
p95,o3,1927,0.086158133
p95,o3,1928,0.088785452
p95,o3,1929,0.091558456
p95,o3,1930,0.094474528
p95,o3,1931,0.096251029
p95,o3,1932,0.09740211
p95,o3,1933,0.098914673
p95,o3,1934,0.101083838
p95,o3,1935,0.10380158
p95,o3,1936,0.106861771
p95,o3,1937,0.110142706
p95,o3,1938,0.112436901
p95,o3,1939,0.114783851
p95,o3,1940,0.117700872
p95,o3,1941,0.120334949
p95,o3,1942,0.122919958
p95,o3,1943,0.125640441
p95,o3,1944,0.128522785
p95,o3,1945,0.130935752
p95,o3,1946,0.13264644
p95,o3,1947,0.134802165
p95,o3,1948,0.138147448
p95,o3,1949,0.141300089
p95,o3,1950,0.144710075
p95,o3,1951,0.148089591
p95,o3,1952,0.15084156
p95,o3,1953,0.154499601
p95,o3,1954,0.158665232
p95,o3,1955,0.163397876
p95,o3,1956,0.169350418
p95,o3,1957,0.176083609
p95,o3,1958,0.18138569
p95,o3,1959,0.185278437
p95,o3,1960,0.189608433
p95,o3,1961,0.194766573
p95,o3,1962,0.200117635
p95,o3,1963,0.206755559
p95,o3,1964,0.213752673
p95,o3,1965,0.21996643
p95,o3,1966,0.226396611
p95,o3,1967,0.233373433
p95,o3,1968,0.240904338
p95,o3,1969,0.247959319
p95,o3,1970,0.255965122
p95,o3,1971,0.264811732
p95,o3,1972,0.274550245
p95,o3,1973,0.283718139
p95,o3,1974,0.290316237
p95,o3,1975,0.295361168
p95,o3,1976,0.301190606
p95,o3,1977,0.308447805
p95,o3,1978,0.315764018
p95,o3,1979,0.322982189
p95,o3,1980,0.32913508
p95,o3,1981,0.333686375
p95,o3,1982,0.339203763
p95,o3,1983,0.343281591
p95,o3,1984,0.34583733
p95,o3,1985,0.350228942
p95,o3,1986,0.355208488
p95,o3,1987,0.361020294
p95,o3,1988,0.367286558
p95,o3,1989,0.373037491
p95,o3,1990,0.378178895
p95,o3,1991,0.386723242
p95,o3,1992,0.392879169
p95,o3,1993,0.39482928
p95,o3,1994,0.40086705
p95,o3,1995,0.406923691
p95,o3,1996,0.410442671
p95,o3,1997,0.419388372
p95,o3,1998,0.429893048
p95,o3,1999,0.433502692
p95,o3,2000,0.434425799
p95,o3,2001,0.436448954
p95,o3,2002,0.441116292
p95,o3,2003,0.447037509
p95,o3,2004,0.452952023
p95,o3,2005,0.459355175
p95,o3,2006,0.465814622
p95,o3,2007,0.472229662
p95,o3,2008,0.477003932
p95,o3,2009,0.47908358
p95,o3,2010,0.481737635
p95,o3,2011,0.486102418
p95,o3,2012,0.490734321
p95,o3,2013,0.494029055
p95,o3,2014,0.497156713
p95,o3,2015,0.502564098
p95,o3,2016,0.505894047
p95,o3,2017,0.507309256
p95,o3,2018,0.509710183
p95,o3,2019,0.513758219
p95,o3,2020,0.515930641
p95,o3,2021,0.517689399
p95,o3,2022,0.520942735
p95,o3,2023,0.527211376
p95,o3,2024,0.536139287
p95,o3,2025,0.539008687
p95,other_human_forcing,1850,0.084955927
p95,other_human_forcing,1851,0.082842583
p95,other_human_forcing,1852,0.083102441
p95,other_human_forcing,1853,0.082203502
p95,other_human_forcing,1854,0.077206427
p95,other_human_forcing,1855,0.072032384
p95,other_human_forcing,1856,0.069549633
p95,other_human_forcing,1857,0.065717575
p95,other_human_forcing,1858,0.060335925
p95,other_human_forcing,1859,0.055737817
p95,other_human_forcing,1860,0.051893833
p95,other_human_forcing,1861,0.048415584
p95,other_human_forcing,1862,0.045772994
p95,other_human_forcing,1863,0.044730655
p95,other_human_forcing,1864,0.043918659
p95,other_human_forcing,1865,0.040141573
p95,other_human_forcing,1866,0.036081548
p95,other_human_forcing,1867,0.032404473
p95,other_human_forcing,1868,0.026487536
p95,other_human_forcing,1869,0.022248729
p95,other_human_forcing,1870,0.01913033
p95,other_human_forcing,1871,0.016462442
p95,other_human_forcing,1872,0.01468872
p95,other_human_forcing,1873,0.011836951
p95,other_human_forcing,1874,0.008744579
p95,other_human_forcing,1875,0.006994928
p95,other_human_forcing,1876,0.005150128
p95,other_human_forcing,1877,0.003525252
p95,other_human_forcing,1878,0.002390197
p95,other_human_forcing,1879,0.001320483
p95,other_human_forcing,1880,-0.000180842
p95,other_human_forcing,1881,-0.001594711
p95,other_human_forcing,1882,-0.002807153
p95,other_human_forcing,1883,-0.004095119
p95,other_human_forcing,1884,-0.005165055
p95,other_human_forcing,1885,-0.006039727
p95,other_human_forcing,1886,-0.006772659
p95,other_human_forcing,1887,-0.007506621
p95,other_human_forcing,1888,-0.008727222
p95,other_human_forcing,1889,-0.009982302
p95,other_human_forcing,1890,-0.011218697
p95,other_human_forcing,1891,-0.012668972
p95,other_human_forcing,1892,-0.013895485
p95,other_human_forcing,1893,-0.014801724
p95,other_human_forcing,1894,-0.015778853
p95,other_human_forcing,1895,-0.017024689
p95,other_human_forcing,1896,-0.018434764
p95,other_human_forcing,1897,-0.019946483
p95,other_human_forcing,1898,-0.021572242
p95,other_human_forcing,1899,-0.023751298
p95,other_human_forcing,1900,-0.026272414
p95,other_human_forcing,1901,-0.028482663
p95,other_human_forcing,1902,-0.030425782
p95,other_human_forcing,1903,-0.03265879
p95,other_human_forcing,1904,-0.035025913
p95,other_human_forcing,1905,-0.037386336
p95,other_human_forcing,1906,-0.040044247
p95,other_human_forcing,1907,-0.043380909
p95,other_human_forcing,1908,-0.046124555
p95,other_human_forcing,1909,-0.048046786
p95,other_human_forcing,1910,-0.05052563
p95,other_human_forcing,1911,-0.052683504
p95,other_human_forcing,1912,-0.054431202
p95,other_human_forcing,1913,-0.056532844
p95,other_human_forcing,1914,-0.057558054
p95,other_human_forcing,1915,-0.057309956
p95,other_human_forcing,1916,-0.058242813
p95,other_human_forcing,1917,-0.060218958
p95,other_human_forcing,1918,-0.061573801
p95,other_human_forcing,1919,-0.060405989
p95,other_human_forcing,1920,-0.059181966
p95,other_human_forcing,1921,-0.057614147
p95,other_human_forcing,1922,-0.055013848
p95,other_human_forcing,1923,-0.054858494
p95,other_human_forcing,1924,-0.055429878
p95,other_human_forcing,1925,-0.055617997
p95,other_human_forcing,1926,-0.056152059
p95,other_human_forcing,1927,-0.057599759
p95,other_human_forcing,1928,-0.059245037
p95,other_human_forcing,1929,-0.061400191
p95,other_human_forcing,1930,-0.062757099
p95,other_human_forcing,1931,-0.060907385
p95,other_human_forcing,1932,-0.056809722
p95,other_human_forcing,1933,-0.05403907
p95,other_human_forcing,1934,-0.054567745
p95,other_human_forcing,1935,-0.056806509
p95,other_human_forcing,1936,-0.059624952
p95,other_human_forcing,1937,-0.062962029
p95,other_human_forcing,1938,-0.064612133
p95,other_human_forcing,1939,-0.065551502
p95,other_human_forcing,1940,-0.068783218
p95,other_human_forcing,1941,-0.072446737
p95,other_human_forcing,1942,-0.075461142
p95,other_human_forcing,1943,-0.077667532
p95,other_human_forcing,1944,-0.078295406
p95,other_human_forcing,1945,-0.075650049
p95,other_human_forcing,1946,-0.071282293
p95,other_human_forcing,1947,-0.06988125
p95,other_human_forcing,1948,-0.070695636
p95,other_human_forcing,1949,-0.071289734
p95,other_human_forcing,1950,-0.072742091
p95,other_human_forcing,1951,-0.075218077
p95,other_human_forcing,1952,-0.077778424
p95,other_human_forcing,1953,-0.080263393
p95,other_human_forcing,1954,-0.082344582
p95,other_human_forcing,1955,-0.085126402
p95,other_human_forcing,1956,-0.089246915
p95,other_human_forcing,1957,-0.093148741
p95,other_human_forcing,1958,-0.095569854
p95,other_human_forcing,1959,-0.097690605
p95,other_human_forcing,1960,-0.100906686
p95,other_human_forcing,1961,-0.104949257
p95,other_human_forcing,1962,-0.108557081
p95,other_human_forcing,1963,-0.112303374
p95,other_human_forcing,1964,-0.116272723
p95,other_human_forcing,1965,-0.119438893
p95,other_human_forcing,1966,-0.122257329
p95,other_human_forcing,1967,-0.124423027
p95,other_human_forcing,1968,-0.126478345
p95,other_human_forcing,1969,-0.128692258
p95,other_human_forcing,1970,-0.131957747
p95,other_human_forcing,1971,-0.134650856
p95,other_human_forcing,1972,-0.136466915
p95,other_human_forcing,1973,-0.138752192
p95,other_human_forcing,1974,-0.139758332
p95,other_human_forcing,1975,-0.139066136
p95,other_human_forcing,1976,-0.139325854
p95,other_human_forcing,1977,-0.140064933
p95,other_human_forcing,1978,-0.139123545
p95,other_human_forcing,1979,-0.138413642
p95,other_human_forcing,1980,-0.138566195
p95,other_human_forcing,1981,-0.137560152
p95,other_human_forcing,1982,-0.135808123
p95,other_human_forcing,1983,-0.132821417
p95,other_human_forcing,1984,-0.128999878
p95,other_human_forcing,1985,-0.126625473
p95,other_human_forcing,1986,-0.123781762
p95,other_human_forcing,1987,-0.121387771
p95,other_human_forcing,1988,-0.119346137
p95,other_human_forcing,1989,-0.115912052
p95,other_human_forcing,1990,-0.113010846
p95,other_human_forcing,1991,-0.114159196
p95,other_human_forcing,1992,-0.110583812
p95,other_human_forcing,1993,-0.102257982
p95,other_human_forcing,1994,-0.097751826
p95,other_human_forcing,1995,-0.091202365
p95,other_human_forcing,1996,-0.081764092
p95,other_human_forcing,1997,-0.077627496
p95,other_human_forcing,1998,-0.077851892
p95,other_human_forcing,1999,-0.071019228
p95,other_human_forcing,2000,-0.059875451
p95,other_human_forcing,2001,-0.051658781
p95,other_human_forcing,2002,-0.048166988
p95,other_human_forcing,2003,-0.049324031
p95,other_human_forcing,2004,-0.047925236
p95,other_human_forcing,2005,-0.045159428
p95,other_human_forcing,2006,-0.044838399
p95,other_human_forcing,2007,-0.041412359
p95,other_human_forcing,2008,-0.03441439
p95,other_human_forcing,2009,-0.026014102
p95,other_human_forcing,2010,-0.016691023
p95,other_human_forcing,2011,-0.009037669
p95,other_human_forcing,2012,-0.003771874
p95,other_human_forcing,2013,0.003114222
p95,other_human_forcing,2014,0.011612102
p95,other_human_forcing,2015,0.020722413
p95,other_human_forcing,2016,0.031965204
p95,other_human_forcing,2017,0.0433933
p95,other_human_forcing,2018,0.053517206
p95,other_human_forcing,2019,0.060914575
p95,other_human_forcing,2020,0.068815787
p95,other_human_forcing,2021,0.075740316
p95,other_human_forcing,2022,0.08478046
p95,other_human_forcing,2023,0.091054488
p95,other_human_forcing,2024,0.094679524
p95,other_human_forcing,2025,0.106286845
p95,residual,1850,0.040830551
p95,residual,1851,0.203097285
p95,residual,1852,0.239434505
p95,residual,1853,0.194380131
p95,residual,1854,0.163804365
p95,residual,1855,0.190968484
p95,residual,1856,0.118857066
p95,residual,1857,0.019501571
p95,residual,1858,0.115336726
p95,residual,1859,0.206804683
p95,residual,1860,0.056151814
p95,residual,1861,-0.01639456
p95,residual,1862,-0.063094534
p95,residual,1863,0.190505725
p95,residual,1864,0.077803072
p95,residual,1865,0.13778575
p95,residual,1866,0.105540561
p95,residual,1867,0.087745275
p95,residual,1868,0.104188962
p95,residual,1869,0.131854405
p95,residual,1870,0.113621132
p95,residual,1871,0.071689827
p95,residual,1872,0.126573983
p95,residual,1873,0.150444615
p95,residual,1874,0.112582109
p95,residual,1875,0.096223827
p95,residual,1876,0.034841081
p95,residual,1877,0.354272985
p95,residual,1878,0.431973915
p95,residual,1879,0.134325839
p95,residual,1880,0.098621399
p95,residual,1881,0.195852487
p95,residual,1882,0.149579013
p95,residual,1883,0.078478755
p95,residual,1884,0.003437152
p95,residual,1885,0.133862408
p95,residual,1886,0.204659269
p95,residual,1887,0.105803483
p95,residual,1888,0.173543105
p95,residual,1889,0.242685676
p95,residual,1890,-0.029525834
p95,residual,1891,0.068956193
p95,residual,1892,-0.058907686
p95,residual,1893,-0.056844872
p95,residual,1894,-0.05490741
p95,residual,1895,-0.025869272
p95,residual,1896,0.137445973
p95,residual,1897,0.151521258
p95,residual,1898,-0.074730131
p95,residual,1899,0.052018439
p95,residual,1900,0.156351893
p95,residual,1901,0.105814379
p95,residual,1902,-0.051822021
p95,residual,1903,-0.152866991
p95,residual,1904,-0.196609375
p95,residual,1905,-0.023713389
p95,residual,1906,0.052703657
p95,residual,1907,-0.116632134
p95,residual,1908,-0.118460141
p95,residual,1909,-0.151179395
p95,residual,1910,-0.146254871
p95,residual,1911,-0.168614159
p95,residual,1912,-0.100010386
p95,residual,1913,-0.038668407
p95,residual,1914,0.159903315
p95,residual,1915,0.194808624
p95,residual,1916,-0.062787667
p95,residual,1917,-0.191642536
p95,residual,1918,-0.086220837
p95,residual,1919,0.009693513
p95,residual,1920,0.033795607
p95,residual,1921,0.081545852
p95,residual,1922,-0.040110826
p95,residual,1923,-0.020424534
p95,residual,1924,-0.010926826
p95,residual,1925,0.019629018
p95,residual,1926,0.175518285
p95,residual,1927,0.068753468
p95,residual,1928,0.080427964
p95,residual,1929,-0.113873594
p95,residual,1930,0.103153499
p95,residual,1931,0.161055756
p95,residual,1932,0.104851302
p95,residual,1933,-0.073159523
p95,residual,1934,0.082424371
p95,residual,1935,0.035899344
p95,residual,1936,0.072323015
p95,residual,1937,0.215643863
p95,residual,1938,0.213271024
p95,residual,1939,0.174879696
p95,residual,1940,0.307078024
p95,residual,1941,0.326354053
p95,residual,1942,0.295390647
p95,residual,1943,0.303419086
p95,residual,1944,0.438581413
p95,residual,1945,0.315076124
p95,residual,1946,0.112337461
p95,residual,1947,0.125732863
p95,residual,1948,0.082508669
p95,residual,1949,0.044466915
p95,residual,1950,-0.044388926
p95,residual,1951,0.115823176
p95,residual,1952,0.202048835
p95,residual,1953,0.272355843
p95,residual,1954,0.069567306
p95,residual,1955,-0.010982489
p95,residual,1956,-0.077782944
p95,residual,1957,0.153637567
p95,residual,1958,0.165684969
p95,residual,1959,0.128993045
p95,residual,1960,0.056659566
p95,residual,1961,0.153089903
p95,residual,1962,0.108489046
p95,residual,1963,0.165143172
p95,residual,1964,-0.06889385
p95,residual,1965,0.026239418
p95,residual,1966,0.0554289
p95,residual,1967,0.062045941
p95,residual,1968,0.006355304
p95,residual,1969,0.136676633
p95,residual,1970,0.071504743
p95,residual,1971,-0.059655038
p95,residual,1972,0.043846388
p95,residual,1973,0.178614565
p95,residual,1974,-0.057925144
p95,residual,1975,-0.007401899
p95,residual,1976,-0.122749872
p95,residual,1977,0.184978219
p95,residual,1978,0.064748615
p95,residual,1979,0.127315023
p95,residual,1980,0.214609499
p95,residual,1981,0.25051763
p95,residual,1982,0.025447716
p95,residual,1983,0.223087114
p95,residual,1984,0.046652233
p95,residual,1985,0.018619699
p95,residual,1986,0.038836955
p95,residual,1987,0.159684296
p95,residual,1988,0.172739285
p95,residual,1989,0.037891052
p95,residual,1990,0.189991355
p95,residual,1991,0.168567581
p95,residual,1992,0.011382168
p95,residual,1993,0.091208661
p95,residual,1994,0.106536055
p95,residual,1995,0.187418918
p95,residual,1996,0.035417221
p95,residual,1997,0.147036325
p95,residual,1998,0.286117257
p95,residual,1999,-0.005297906
p95,residual,2000,-0.044651922
p95,residual,2001,0.077851645
p95,residual,2002,0.107142044
p95,residual,2003,0.093263947
p95,residual,2004,0.000992623
p95,residual,2005,0.12777589
p95,residual,2006,0.079457053
p95,residual,2007,0.085175056
p95,residual,2008,-0.063727249
p95,residual,2009,0.043238939
p95,residual,2010,0.101260579
p95,residual,2011,-0.063308468
p95,residual,2012,-0.04748104
p95,residual,2013,-0.026602021
p95,residual,2014,-0.006623496
p95,residual,2015,0.118407738
p95,residual,2016,0.199243111
p95,residual,2017,0.082063806
p95,residual,2018,-0.026016967
p95,residual,2019,0.089602765
p95,residual,2020,0.10369596
p95,residual,2021,-0.065329906
p95,residual,2022,-0.056039081
p95,residual,2023,0.229035827
p95,residual,2024,0.2694278
p95,residual,2025,0.113324407
p95,solar,1850,0.009932864
p95,solar,1851,0.008917348
p95,solar,1852,0.007928582
p95,solar,1853,0.006236715
p95,solar,1854,0.003394429
p95,solar,1855,0.000575493
p95,solar,1856,-0.000267663
p95,solar,1857,-0.000475232
p95,solar,1858,-0.000265483
p95,solar,1859,0.001231075
p95,solar,1860,0.005634513
p95,solar,1861,0.008209522
p95,solar,1862,0.008437099
p95,solar,1863,0.006965873
p95,solar,1864,0.004803302
p95,solar,1865,0.002588966
p95,solar,1866,0.00032564
p95,solar,1867,-0.000301074
p95,solar,1868,-0.000448442
p95,solar,1869,-0.0002265
p95,solar,1870,0.003233452
p95,solar,1871,0.009042151
p95,solar,1872,0.011758087
p95,solar,1873,0.011829686
p95,solar,1874,0.009159373
p95,solar,1875,0.004646968
p95,solar,1876,0.000675011
p95,solar,1877,-0.000182944
p95,solar,1878,-0.000411351
p95,solar,1879,-0.000605043
p95,solar,1880,-0.000544109
p95,solar,1881,-0.000187221
p95,solar,1882,0.00128897
p95,solar,1883,0.002182249
p95,solar,1884,0.003111694
p95,solar,1885,0.003560755
p95,solar,1886,0.001483624
p95,solar,1887,-8.08e-05
p95,solar,1888,-0.000359166
p95,solar,1889,-0.000545143
p95,solar,1890,-0.000664514
p95,solar,1891,-0.000557522
p95,solar,1892,-0.000103863
p95,solar,1893,0.002847619
p95,solar,1894,0.005846997
p95,solar,1895,0.006795399
p95,solar,1896,0.00551184
p95,solar,1897,0.002488687
p95,solar,1898,0.000541157
p95,solar,1899,-7.13e-06
p95,solar,1900,-0.000249107
p95,solar,1901,-0.000452468
p95,solar,1902,-0.000610451
p95,solar,1903,-0.00057479
p95,solar,1904,-0.000281298
p95,solar,1905,0.000184224
p95,solar,1906,0.001193389
p95,solar,1907,0.002359193
p95,solar,1908,0.002850582
p95,solar,1909,0.002603712
p95,solar,1910,0.001213131
p95,solar,1911,4.64e-05
p95,solar,1912,-0.000289516
p95,solar,1913,-0.00048461
p95,solar,1914,-0.000564374
p95,solar,1915,-0.000295594
p95,solar,1916,0.00080159
p95,solar,1917,0.005576596
p95,solar,1918,0.010689793
p95,solar,1919,0.01066222
p95,solar,1920,0.007334703
p95,solar,1921,0.004050492
p95,solar,1922,0.001705176
p95,solar,1923,0.000394848
p95,solar,1924,0.000103344
p95,solar,1925,0.000256104
p95,solar,1926,0.0014267
p95,solar,1927,0.004192123
p95,solar,1928,0.006914488
p95,solar,1929,0.007213313
p95,solar,1930,0.006045936
p95,solar,1931,0.004346227
p95,solar,1932,0.002443827
p95,solar,1933,0.001065644
p95,solar,1934,0.000489135
p95,solar,1935,0.000802198
p95,solar,1936,0.004143041
p95,solar,1937,0.01096343
p95,solar,1938,0.015577196
p95,solar,1939,0.017051463
p95,solar,1940,0.016497008
p95,solar,1941,0.014819799
p95,solar,1942,0.012047222
p95,solar,1943,0.008362794
p95,solar,1944,0.005496132
p95,solar,1945,0.00539377
p95,solar,1946,0.008649855
p95,solar,1947,0.014272457
p95,solar,1948,0.020227754
p95,solar,1949,0.023647187
p95,solar,1950,0.022773951
p95,solar,1951,0.019225047
p95,solar,1952,0.015073592
p95,solar,1953,0.011136351
p95,solar,1954,0.007918969
p95,solar,1955,0.006519291
p95,solar,1956,0.009322462
p95,solar,1957,0.017399288
p95,solar,1958,0.025159185
p95,solar,1959,0.027218779
p95,solar,1960,0.025639465
p95,solar,1961,0.021559837
p95,solar,1962,0.016016996
p95,solar,1963,0.011808339
p95,solar,1964,0.009022795
p95,solar,1965,0.007358147
p95,solar,1966,0.007329357
p95,solar,1967,0.009196811
p95,solar,1968,0.011636765
p95,solar,1969,0.01376394
p95,solar,1970,0.015449426
p95,solar,1971,0.014591012
p95,solar,1972,0.013071516
p95,solar,1973,0.011526374
p95,solar,1974,0.009019416
p95,solar,1975,0.00701862
p95,solar,1976,0.005496712
p95,solar,1977,0.005213663
p95,solar,1978,0.007513514
p95,solar,1979,0.013166638
p95,solar,1980,0.019160003
p95,solar,1981,0.023344823
p95,solar,1982,0.023369003
p95,solar,1983,0.021026756
p95,solar,1984,0.017613141
p95,solar,1985,0.012675872
p95,solar,1986,0.009430932
p95,solar,1987,0.008286157
p95,solar,1988,0.009637924
p95,solar,1989,0.014934656
p95,solar,1990,0.020687141
p95,solar,1991,0.022770625
p95,solar,1992,0.022780515
p95,solar,1993,0.020594068
p95,solar,1994,0.016693617
p95,solar,1995,0.013019991
p95,solar,1996,0.010184194
p95,solar,1997,0.008762415
p95,solar,1998,0.010092106
p95,solar,1999,0.014102637
p95,solar,2000,0.019885833
p95,solar,2001,0.023996138
p95,solar,2002,0.026248801
p95,solar,2003,0.025304844
p95,solar,2004,0.020591354
p95,solar,2005,0.01587885
p95,solar,2006,0.012138449
p95,solar,2007,0.009566879
p95,solar,2008,0.007795768
p95,solar,2009,0.006690958
p95,solar,2010,0.006468827
p95,solar,2011,0.007989338
p95,solar,2012,0.010822889
p95,solar,2013,0.013605083
p95,solar,2014,0.016053378
p95,solar,2015,0.018531868
p95,solar,2016,0.017512615
p95,solar,2017,0.013509544
p95,solar,2018,0.01066714
p95,solar,2019,0.009006841
p95,solar,2020,0.008252134
p95,solar,2021,0.008723952
p95,solar,2022,0.012120164
p95,solar,2023,0.019916511
p95,solar,2024,0.028554828
p95,solar,2025,0.033617892
p95,total,1850,0.057338091
p95,total,1851,0.066385342
p95,total,1852,0.075443584
p95,total,1853,0.070925943
p95,total,1854,0.045538777
p95,total,1855,0.034170028
p95,total,1856,0.04382457
p95,total,1857,0.014358577
p95,total,1858,-0.013265044
p95,total,1859,-0.004480857
p95,total,1860,0.022573105
p95,total,1861,0.045580073
p95,total,1862,-0.001380158
p95,total,1863,-0.026264868
p95,total,1864,-0.024268836
p95,total,1865,-0.013820033
p95,total,1866,0.006509936
p95,total,1867,0.024288346
p95,total,1868,0.036232638
p95,total,1869,0.037851294
p95,total,1870,0.042902014
p95,total,1871,0.061690946
p95,total,1872,0.041112033
p95,total,1873,-0.002390589
p95,total,1874,-0.004274507
p95,total,1875,0.010809015
p95,total,1876,0.024936638
p95,total,1877,0.039895513
p95,total,1878,0.053086186
p95,total,1879,0.062894076
p95,total,1880,0.066754667
p95,total,1881,0.063064854
p95,total,1882,0.066539979
p95,total,1883,0.064456164
p95,total,1884,0.004458247
p95,total,1885,-0.009135967
p95,total,1886,-0.011054295
p95,total,1887,-0.007132617
p95,total,1888,0.002202675
p95,total,1889,0.012854791
p95,total,1890,0.021747541
p95,total,1891,0.028584243
p95,total,1892,0.039695262
p95,total,1893,0.052627247
p95,total,1894,0.067219745
p95,total,1895,0.066218406
p95,total,1896,0.06178743
p95,total,1897,0.070037343
p95,total,1898,0.080649169
p95,total,1899,0.088788015
p95,total,1900,0.093812247
p95,total,1901,0.098028506
p95,total,1902,0.100836652
p95,total,1903,0.090700259
p95,total,1904,0.084378302
p95,total,1905,0.09485912
p95,total,1906,0.107191608
p95,total,1907,0.099789655
p95,total,1908,0.086053907
p95,total,1909,0.092000131
p95,total,1910,0.105699693
p95,total,1911,0.114529881
p95,total,1912,0.095090221
p95,total,1913,0.069472518
p95,total,1914,0.071370994
p95,total,1915,0.092646284
p95,total,1916,0.116224756
p95,total,1917,0.13435612
p95,total,1918,0.146211982
p95,total,1919,0.146148478
p95,total,1920,0.148088829
p95,total,1921,0.161151245
p95,total,1922,0.173813685
p95,total,1923,0.181010264
p95,total,1924,0.179533252
p95,total,1925,0.18006108
p95,total,1926,0.179203486
p95,total,1927,0.178465619
p95,total,1928,0.189973737
p95,total,1929,0.200364563
p95,total,1930,0.206752404
p95,total,1931,0.213906005
p95,total,1932,0.218037349
p95,total,1933,0.207970165
p95,total,1934,0.20283495
p95,total,1935,0.214348948
p95,total,1936,0.22895341
p95,total,1937,0.241786008
p95,total,1938,0.252724351
p95,total,1939,0.261254133
p95,total,1940,0.265248686
p95,total,1941,0.267265305
p95,total,1942,0.268156874
p95,total,1943,0.260944719
p95,total,1944,0.253458725
p95,total,1945,0.260587188
p95,total,1946,0.276325734
p95,total,1947,0.285457026
p95,total,1948,0.289653693
p95,total,1949,0.297123907
p95,total,1950,0.30219166
p95,total,1951,0.302083493
p95,total,1952,0.300574054
p95,total,1953,0.299776384
p95,total,1954,0.300508024
p95,total,1955,0.302205234
p95,total,1956,0.300587564
p95,total,1957,0.299541608
p95,total,1958,0.307319485
p95,total,1959,0.316800099
p95,total,1960,0.321815399
p95,total,1961,0.323101455
p95,total,1962,0.323208193
p95,total,1963,0.289888277
p95,total,1964,0.25564672
p95,total,1965,0.259905075
p95,total,1966,0.282527388
p95,total,1967,0.304886668
p95,total,1968,0.319743303
p95,total,1969,0.327280617
p95,total,1970,0.339147224
p95,total,1971,0.355723002
p95,total,1972,0.369916887
p95,total,1973,0.384697273
p95,total,1974,0.400046845
p95,total,1975,0.414028523
p95,total,1976,0.425192134
p95,total,1977,0.438070965
p95,total,1978,0.45672536
p95,total,1979,0.477281126
p95,total,1980,0.496539183
p95,total,1981,0.514706413
p95,total,1982,0.514861179
p95,total,1983,0.49576088
p95,total,1984,0.499513502
p95,total,1985,0.523705479
p95,total,1986,0.550876644
p95,total,1987,0.574869481
p95,total,1988,0.602847298
p95,total,1989,0.637596705
p95,total,1990,0.669256649
p95,total,1991,0.661761727
p95,total,1992,0.629445026
p95,total,1993,0.636657447
p95,total,1994,0.66212861
p95,total,1995,0.698858
p95,total,1996,0.737941445
p95,total,1997,0.766548835
p95,total,1998,0.794165756
p95,total,1999,0.827190245
p95,total,2000,0.861711687
p95,total,2001,0.89268879
p95,total,2002,0.915777392
p95,total,2003,0.932850797
p95,total,2004,0.94844969
p95,total,2005,0.962892132
p95,total,2006,0.975345069
p95,total,2007,0.990921402
p95,total,2008,1.012287614
p95,total,2009,1.037437567
p95,total,2010,1.063167503
p95,total,2011,1.08932132
p95,total,2012,1.11468443
p95,total,2013,1.145110011
p95,total,2014,1.17646245
p95,total,2015,1.202090009
p95,total,2016,1.233192875
p95,total,2017,1.268787298
p95,total,2018,1.301481818
p95,total,2019,1.32369584
p95,total,2020,1.346800372
p95,total,2021,1.375711005
p95,total,2022,1.408199124
p95,total,2023,1.439037516
p95,total,2024,1.473118295
p95,total,2025,1.513346119
p95,volcanic,1850,0.044029784
p95,volcanic,1851,0.054884085
p95,volcanic,1852,0.06345465
p95,volcanic,1853,0.058725328
p95,volcanic,1854,0.035694297
p95,volcanic,1855,0.029546554
p95,volcanic,1856,0.044788286
p95,volcanic,1857,0.012789967
p95,volcanic,1858,-0.004165047
p95,volcanic,1859,-0.002052065
p95,volcanic,1860,0.018771784
p95,volcanic,1861,0.041705029
p95,volcanic,1862,-0.001907727
p95,volcanic,1863,-0.01256879
p95,volcanic,1864,-0.012363556
p95,volcanic,1865,-0.005489368
p95,volcanic,1866,0.01115445
p95,volcanic,1867,0.029477052
p95,volcanic,1868,0.04298043
p95,volcanic,1869,0.04211376
p95,volcanic,1870,0.041634833
p95,volcanic,1871,0.055089493
p95,volcanic,1872,0.031541238
p95,volcanic,1873,-0.002269004
p95,volcanic,1874,-0.002796479
p95,volcanic,1875,0.008334489
p95,volcanic,1876,0.025623633
p95,volcanic,1877,0.042678495
p95,volcanic,1878,0.057752511
p95,volcanic,1879,0.069445821
p95,volcanic,1880,0.072800723
p95,volcanic,1881,0.065495446
p95,volcanic,1882,0.065402915
p95,volcanic,1883,0.061327788
p95,volcanic,1884,-0.005656744
p95,volcanic,1885,-0.019989444
p95,volcanic,1886,-0.023567118
p95,volcanic,1887,-0.021343544
p95,volcanic,1888,-0.013309164
p95,volcanic,1889,-0.004384981
p95,volcanic,1890,0.002594359
p95,volcanic,1891,0.014193945
p95,volcanic,1892,0.023632312
p95,volcanic,1893,0.031644382
p95,volcanic,1894,0.042631271
p95,volcanic,1895,0.039425495
p95,volcanic,1896,0.033652539
p95,volcanic,1897,0.043361667
p95,volcanic,1898,0.057290212
p95,volcanic,1899,0.068300156
p95,volcanic,1900,0.076181414
p95,volcanic,1901,0.082431576
p95,volcanic,1902,0.086280532
p95,volcanic,1903,0.073341566
p95,volcanic,1904,0.061971048
p95,volcanic,1905,0.070389632
p95,volcanic,1906,0.082011919
p95,volcanic,1907,0.072208579
p95,volcanic,1908,0.054053377
p95,volcanic,1909,0.058748298
p95,volcanic,1910,0.075230212
p95,volcanic,1911,0.086851357
p95,volcanic,1912,0.062822947
p95,volcanic,1913,0.01841609
p95,volcanic,1914,0.013789963
p95,volcanic,1915,0.041363928
p95,volcanic,1916,0.064035688
p95,volcanic,1917,0.077725625
p95,volcanic,1918,0.083618579
p95,volcanic,1919,0.07695013
p95,volcanic,1920,0.075054871
p95,volcanic,1921,0.086079019
p95,volcanic,1922,0.095363389
p95,volcanic,1923,0.101869058
p95,volcanic,1924,0.097983388
p95,volcanic,1925,0.093371031
p95,volcanic,1926,0.086126032
p95,volcanic,1927,0.079470225
p95,volcanic,1928,0.088235819
p95,volcanic,1929,0.099018014
p95,volcanic,1930,0.106082582
p95,volcanic,1931,0.110448536
p95,volcanic,1932,0.108983501
p95,volcanic,1933,0.09185
p95,volcanic,1934,0.08229577
p95,volcanic,1935,0.093161326
p95,volcanic,1936,0.104122238
p95,volcanic,1937,0.110896861
p95,volcanic,1938,0.115191333
p95,volcanic,1939,0.118776858
p95,volcanic,1940,0.121882238
p95,volcanic,1941,0.124437592
p95,volcanic,1942,0.126590817
p95,volcanic,1943,0.120077604
p95,volcanic,1944,0.111164124
p95,volcanic,1945,0.112937115
p95,volcanic,1946,0.119166758
p95,volcanic,1947,0.11912532
p95,volcanic,1948,0.116357634
p95,volcanic,1949,0.119353771
p95,volcanic,1950,0.124409588
p95,volcanic,1951,0.126808843
p95,volcanic,1952,0.127443029
p95,volcanic,1953,0.128908936
p95,volcanic,1954,0.131105152
p95,volcanic,1955,0.133064028
p95,volcanic,1956,0.1282962
p95,volcanic,1957,0.119931015
p95,volcanic,1958,0.120092218
p95,volcanic,1959,0.125931123
p95,volcanic,1960,0.130608508
p95,volcanic,1961,0.13375682
p95,volcanic,1962,0.135980723
p95,volcanic,1963,0.097893991
p95,volcanic,1964,0.046485003
p95,volcanic,1965,0.045596112
p95,volcanic,1966,0.070488658
p95,volcanic,1967,0.089050279
p95,volcanic,1968,0.096488924
p95,volcanic,1969,0.093524372
p95,volcanic,1970,0.095158786
p95,volcanic,1971,0.10464959
p95,volcanic,1972,0.112864416
p95,volcanic,1973,0.118403805
p95,volcanic,1974,0.122134214
p95,volcanic,1975,0.124598436
p95,volcanic,1976,0.126366651
p95,volcanic,1977,0.12875485
p95,volcanic,1978,0.131485002
p95,volcanic,1979,0.132600694
p95,volcanic,1980,0.130659123
p95,volcanic,1981,0.126560203
p95,volcanic,1982,0.108714948
p95,volcanic,1983,0.066163324
p95,volcanic,1984,0.040826159
p95,volcanic,1985,0.051016262
p95,volcanic,1986,0.0648109
p95,volcanic,1987,0.074453575
p95,volcanic,1988,0.085344655
p95,volcanic,1989,0.095730045
p95,volcanic,1990,0.103665414
p95,volcanic,1991,0.077370653
p95,volcanic,1992,-0.001972416
p95,volcanic,1993,-0.011533625
p95,volcanic,1994,-0.007324989
p95,volcanic,1995,0.004398612
p95,volcanic,1996,0.036500221
p95,volcanic,1997,0.059549374
p95,volcanic,1998,0.074736875
p95,volcanic,1999,0.085027713
p95,volcanic,2000,0.092801913
p95,volcanic,2001,0.098892715
p95,volcanic,2002,0.104274479
p95,volcanic,2003,0.108562823
p95,volcanic,2004,0.112243656
p95,volcanic,2005,0.114774899
p95,volcanic,2006,0.115021813
p95,volcanic,2007,0.114595412
p95,volcanic,2008,0.115357049
p95,volcanic,2009,0.115860467
p95,volcanic,2010,0.116942087
p95,volcanic,2011,0.117681994
p95,volcanic,2012,0.118407805
p95,volcanic,2013,0.122714646
p95,volcanic,2014,0.125398362
p95,volcanic,2015,0.124003536
p95,volcanic,2016,0.123626534
p95,volcanic,2017,0.126391456
p95,volcanic,2018,0.12839224
p95,volcanic,2019,0.123918073
p95,volcanic,2020,0.115277996
p95,volcanic,2021,0.112644398
p95,volcanic,2022,0.10767034
p95,volcanic,2023,0.10701639
p95,volcanic,2024,0.11532172
p95,volcanic,2025,0.119119292
