percentile,component,time,GMST
p05,anthropogenic,1850,-0.076
p05,anthropogenic,1851,-0.073
p05,anthropogenic,1852,-0.069
p05,anthropogenic,1853,-0.065
p05,anthropogenic,1854,-0.062
p05,anthropogenic,1855,-0.059
p05,anthropogenic,1856,-0.055
p05,anthropogenic,1857,-0.052
p05,anthropogenic,1858,-0.049
p05,anthropogenic,1859,-0.045
p05,anthropogenic,1860,-0.041
p05,anthropogenic,1861,-0.038
p05,anthropogenic,1862,-0.034
p05,anthropogenic,1863,-0.031
p05,anthropogenic,1864,-0.028
p05,anthropogenic,1865,-0.025
p05,anthropogenic,1866,-0.022
p05,anthropogenic,1867,-0.02
p05,anthropogenic,1868,-0.017
p05,anthropogenic,1869,-0.015
p05,anthropogenic,1870,-0.013
p05,anthropogenic,1871,-0.012
p05,anthropogenic,1872,-0.011
p05,anthropogenic,1873,-0.011
p05,anthropogenic,1874,-0.011
p05,anthropogenic,1875,-0.011
p05,anthropogenic,1876,-0.012
p05,anthropogenic,1877,-0.013
p05,anthropogenic,1878,-0.015
p05,anthropogenic,1879,-0.016
p05,anthropogenic,1880,-0.017
p05,anthropogenic,1881,-0.018
p05,anthropogenic,1882,-0.019
p05,anthropogenic,1883,-0.02
p05,anthropogenic,1884,-0.021
p05,anthropogenic,1885,-0.021
p05,anthropogenic,1886,-0.022
p05,anthropogenic,1887,-0.024
p05,anthropogenic,1888,-0.024
p05,anthropogenic,1889,-0.025
p05,anthropogenic,1890,-0.025
p05,anthropogenic,1891,-0.025
p05,anthropogenic,1892,-0.026
p05,anthropogenic,1893,-0.027
p05,anthropogenic,1894,-0.027
p05,anthropogenic,1895,-0.028
p05,anthropogenic,1896,-0.028
p05,anthropogenic,1897,-0.029
p05,anthropogenic,1898,-0.029
p05,anthropogenic,1899,-0.029
p05,anthropogenic,1900,-0.03
p05,anthropogenic,1901,-0.03
p05,anthropogenic,1902,-0.03
p05,anthropogenic,1903,-0.029
p05,anthropogenic,1904,-0.029
p05,anthropogenic,1905,-0.029
p05,anthropogenic,1906,-0.029
p05,anthropogenic,1907,-0.028
p05,anthropogenic,1908,-0.028
p05,anthropogenic,1909,-0.027
p05,anthropogenic,1910,-0.027
p05,anthropogenic,1911,-0.026
p05,anthropogenic,1912,-0.025
p05,anthropogenic,1913,-0.024
p05,anthropogenic,1914,-0.023
p05,anthropogenic,1915,-0.022
p05,anthropogenic,1916,-0.021
p05,anthropogenic,1917,-0.021
p05,anthropogenic,1918,-0.019
p05,anthropogenic,1919,-0.018
p05,anthropogenic,1920,-0.016
p05,anthropogenic,1921,-0.014
p05,anthropogenic,1922,-0.013
p05,anthropogenic,1923,-0.012
p05,anthropogenic,1924,-0.01
p05,anthropogenic,1925,-0.009
p05,anthropogenic,1926,-0.008
p05,anthropogenic,1927,-0.006
p05,anthropogenic,1928,-0.004
p05,anthropogenic,1929,-0.003
p05,anthropogenic,1930,0.0
p05,anthropogenic,1931,0.0
p05,anthropogenic,1932,0.001
p05,anthropogenic,1933,0.003
p05,anthropogenic,1934,0.005
p05,anthropogenic,1935,0.007
p05,anthropogenic,1936,0.008
p05,anthropogenic,1937,0.009
p05,anthropogenic,1938,0.012
p05,anthropogenic,1939,0.014
p05,anthropogenic,1940,0.017
p05,anthropogenic,1941,0.018
p05,anthropogenic,1942,0.02
p05,anthropogenic,1943,0.022
p05,anthropogenic,1944,0.024
p05,anthropogenic,1945,0.025
p05,anthropogenic,1946,0.027
p05,anthropogenic,1947,0.03
p05,anthropogenic,1948,0.033
p05,anthropogenic,1949,0.035
p05,anthropogenic,1950,0.038
p05,anthropogenic,1951,0.041
p05,anthropogenic,1952,0.045
p05,anthropogenic,1953,0.049
p05,anthropogenic,1954,0.053
p05,anthropogenic,1955,0.057
p05,anthropogenic,1956,0.06
p05,anthropogenic,1957,0.063
p05,anthropogenic,1958,0.067
p05,anthropogenic,1959,0.072
p05,anthropogenic,1960,0.077
p05,anthropogenic,1961,0.082
p05,anthropogenic,1962,0.088
p05,anthropogenic,1963,0.094
p05,anthropogenic,1964,0.102
p05,anthropogenic,1965,0.11
p05,anthropogenic,1966,0.116
p05,anthropogenic,1967,0.122
p05,anthropogenic,1968,0.129
p05,anthropogenic,1969,0.138
p05,anthropogenic,1970,0.148
p05,anthropogenic,1971,0.158
p05,anthropogenic,1972,0.168
p05,anthropogenic,1973,0.177
p05,anthropogenic,1974,0.188
p05,anthropogenic,1975,0.197
p05,anthropogenic,1976,0.208
p05,anthropogenic,1977,0.219
p05,anthropogenic,1978,0.231
p05,anthropogenic,1979,0.243
p05,anthropogenic,1980,0.255
p05,anthropogenic,1981,0.268
p05,anthropogenic,1982,0.282
p05,anthropogenic,1983,0.296
p05,anthropogenic,1984,0.309
p05,anthropogenic,1985,0.324
p05,anthropogenic,1986,0.34
p05,anthropogenic,1987,0.356
p05,anthropogenic,1988,0.372
p05,anthropogenic,1989,0.389
p05,anthropogenic,1990,0.406
p05,anthropogenic,1991,0.424
p05,anthropogenic,1992,0.442
p05,anthropogenic,1993,0.459
p05,anthropogenic,1994,0.477
p05,anthropogenic,1995,0.496
p05,anthropogenic,1996,0.515
p05,anthropogenic,1997,0.535
p05,anthropogenic,1998,0.555
p05,anthropogenic,1999,0.576
p05,anthropogenic,2000,0.598
p05,anthropogenic,2001,0.617
p05,anthropogenic,2002,0.636
p05,anthropogenic,2003,0.657
p05,anthropogenic,2004,0.681
p05,anthropogenic,2005,0.704
p05,anthropogenic,2006,0.725
p05,anthropogenic,2007,0.746
p05,anthropogenic,2008,0.771
p05,anthropogenic,2009,0.796
p05,anthropogenic,2010,0.819
p05,anthropogenic,2011,0.842
p05,anthropogenic,2012,0.864
p05,anthropogenic,2013,0.887
p05,anthropogenic,2014,0.91
p05,anthropogenic,2015,0.936
p05,anthropogenic,2016,0.96
p05,anthropogenic,2017,0.985
p05,anthropogenic,2018,1.007
p05,anthropogenic,2019,1.032
p05,anthropogenic,2020,1.055
p05,anthropogenic,2021,1.079
p05,anthropogenic,2022,1.104
p05,anthropogenic,2023,1.129
p05,anthropogenic,2024,1.152
p05,anthropogenic,2025,1.176
p05,ghg,1850,-0.17
p05,ghg,1851,-0.162
p05,ghg,1852,-0.155
p05,ghg,1853,-0.147
p05,ghg,1854,-0.14
p05,ghg,1855,-0.132
p05,ghg,1856,-0.125
p05,ghg,1857,-0.117
p05,ghg,1858,-0.11
p05,ghg,1859,-0.102
p05,ghg,1860,-0.095
p05,ghg,1861,-0.088
p05,ghg,1862,-0.08
p05,ghg,1863,-0.073
p05,ghg,1864,-0.066
p05,ghg,1865,-0.06
p05,ghg,1866,-0.053
p05,ghg,1867,-0.046
p05,ghg,1868,-0.04
p05,ghg,1869,-0.035
p05,ghg,1870,-0.03
p05,ghg,1871,-0.027
p05,ghg,1872,-0.023
p05,ghg,1873,-0.02
p05,ghg,1874,-0.017
p05,ghg,1875,-0.014
p05,ghg,1876,-0.011
p05,ghg,1877,-0.007
p05,ghg,1878,-0.004
p05,ghg,1879,-0.001
p05,ghg,1880,0.003
p05,ghg,1881,0.006
p05,ghg,1882,0.009
p05,ghg,1883,0.013
p05,ghg,1884,0.017
p05,ghg,1885,0.022
p05,ghg,1886,0.026
p05,ghg,1887,0.029
p05,ghg,1888,0.034
p05,ghg,1889,0.038
p05,ghg,1890,0.042
p05,ghg,1891,0.047
p05,ghg,1892,0.051
p05,ghg,1893,0.056
p05,ghg,1894,0.06
p05,ghg,1895,0.064
p05,ghg,1896,0.068
p05,ghg,1897,0.073
p05,ghg,1898,0.077
p05,ghg,1899,0.082
p05,ghg,1900,0.086
p05,ghg,1901,0.09
p05,ghg,1902,0.094
p05,ghg,1903,0.098
p05,ghg,1904,0.102
p05,ghg,1905,0.106
p05,ghg,1906,0.109
p05,ghg,1907,0.112
p05,ghg,1908,0.116
p05,ghg,1909,0.119
p05,ghg,1910,0.121
p05,ghg,1911,0.124
p05,ghg,1912,0.127
p05,ghg,1913,0.129
p05,ghg,1914,0.132
p05,ghg,1915,0.134
p05,ghg,1916,0.137
p05,ghg,1917,0.139
p05,ghg,1918,0.141
p05,ghg,1919,0.143
p05,ghg,1920,0.145
p05,ghg,1921,0.147
p05,ghg,1922,0.15
p05,ghg,1923,0.152
p05,ghg,1924,0.155
p05,ghg,1925,0.157
p05,ghg,1926,0.16
p05,ghg,1927,0.162
p05,ghg,1928,0.165
p05,ghg,1929,0.167
p05,ghg,1930,0.169
p05,ghg,1931,0.171
p05,ghg,1932,0.173
p05,ghg,1933,0.176
p05,ghg,1934,0.178
p05,ghg,1935,0.182
p05,ghg,1936,0.185
p05,ghg,1937,0.186
p05,ghg,1938,0.189
p05,ghg,1939,0.192
p05,ghg,1940,0.195
p05,ghg,1941,0.198
p05,ghg,1942,0.202
p05,ghg,1943,0.205
p05,ghg,1944,0.209
p05,ghg,1945,0.213
p05,ghg,1946,0.217
p05,ghg,1947,0.221
p05,ghg,1948,0.225
p05,ghg,1949,0.23
p05,ghg,1950,0.234
p05,ghg,1951,0.24
p05,ghg,1952,0.245
p05,ghg,1953,0.252
p05,ghg,1954,0.259
p05,ghg,1955,0.265
p05,ghg,1956,0.272
p05,ghg,1957,0.28
p05,ghg,1958,0.287
p05,ghg,1959,0.295
p05,ghg,1960,0.303
p05,ghg,1961,0.311
p05,ghg,1962,0.319
p05,ghg,1963,0.327
p05,ghg,1964,0.337
p05,ghg,1965,0.349
p05,ghg,1966,0.359
p05,ghg,1967,0.37
p05,ghg,1968,0.381
p05,ghg,1969,0.392
p05,ghg,1970,0.404
p05,ghg,1971,0.417
p05,ghg,1972,0.43
p05,ghg,1973,0.444
p05,ghg,1974,0.459
p05,ghg,1975,0.473
p05,ghg,1976,0.488
p05,ghg,1977,0.504
p05,ghg,1978,0.521
p05,ghg,1979,0.537
p05,ghg,1980,0.552
p05,ghg,1981,0.569
p05,ghg,1982,0.585
p05,ghg,1983,0.603
p05,ghg,1984,0.62
p05,ghg,1985,0.638
p05,ghg,1986,0.654
p05,ghg,1987,0.673
p05,ghg,1988,0.69
p05,ghg,1989,0.708
p05,ghg,1990,0.726
p05,ghg,1991,0.744
p05,ghg,1992,0.762
p05,ghg,1993,0.781
p05,ghg,1994,0.797
p05,ghg,1995,0.814
p05,ghg,1996,0.833
p05,ghg,1997,0.853
p05,ghg,1998,0.871
p05,ghg,1999,0.892
p05,ghg,2000,0.91
p05,ghg,2001,0.93
p05,ghg,2002,0.946
p05,ghg,2003,0.963
p05,ghg,2004,0.979
p05,ghg,2005,0.996
p05,ghg,2006,1.013
p05,ghg,2007,1.031
p05,ghg,2008,1.049
p05,ghg,2009,1.064
p05,ghg,2010,1.082
p05,ghg,2011,1.1
p05,ghg,2012,1.117
p05,ghg,2013,1.135
p05,ghg,2014,1.153
p05,ghg,2015,1.17
p05,ghg,2016,1.186
p05,ghg,2017,1.203
p05,ghg,2018,1.219
p05,ghg,2019,1.236
p05,ghg,2020,1.252
p05,ghg,2021,1.269
p05,ghg,2022,1.286
p05,ghg,2023,1.303
p05,ghg,2024,1.321
p05,ghg,2025,1.338
p05,natural,1850,0.017
p05,natural,1851,0.023
p05,natural,1852,0.027
p05,natural,1853,0.019
p05,natural,1854,0.01
p05,natural,1855,0.011
p05,natural,1856,0.012
p05,natural,1857,0.002
p05,natural,1858,0.005
p05,natural,1859,0.012
p05,natural,1860,0.02
p05,natural,1861,0.022
p05,natural,1862,-0.05
p05,natural,1863,-0.076
p05,natural,1864,-0.058
p05,natural,1865,-0.033
p05,natural,1866,-0.009
p05,natural,1867,0.005
p05,natural,1868,0.013
p05,natural,1869,0.02
p05,natural,1870,0.026
p05,natural,1871,0.032
p05,natural,1872,0.036
p05,natural,1873,0.024
p05,natural,1874,0.023
p05,natural,1875,0.022
p05,natural,1876,0.022
p05,natural,1877,0.024
p05,natural,1878,0.026
p05,natural,1879,0.029
p05,natural,1880,0.029
p05,natural,1881,0.03
p05,natural,1882,0.033
p05,natural,1883,0.002
p05,natural,1884,-0.228
p05,natural,1885,-0.258
p05,natural,1886,-0.214
p05,natural,1887,-0.174
p05,natural,1888,-0.124
p05,natural,1889,-0.08
p05,natural,1890,-0.061
p05,natural,1891,-0.064
p05,natural,1892,-0.042
p05,natural,1893,-0.009
p05,natural,1894,0.01
p05,natural,1895,0.021
p05,natural,1896,0.027
p05,natural,1897,0.031
p05,natural,1898,0.033
p05,natural,1899,0.035
p05,natural,1900,0.035
p05,natural,1901,0.036
p05,natural,1902,0.029
p05,natural,1903,-0.052
p05,natural,1904,-0.074
p05,natural,1905,-0.05
p05,natural,1906,-0.016
p05,natural,1907,-0.006
p05,natural,1908,0.006
p05,natural,1909,0.015
p05,natural,1910,0.022
p05,natural,1911,0.026
p05,natural,1912,0.0
p05,natural,1913,-0.046
p05,natural,1914,-0.038
p05,natural,1915,-0.008
p05,natural,1916,0.011
p05,natural,1917,0.024
p05,natural,1918,0.035
p05,natural,1919,0.041
p05,natural,1920,0.043
p05,natural,1921,0.044
p05,natural,1922,0.037
p05,natural,1923,0.033
p05,natural,1924,0.036
p05,natural,1925,0.039
p05,natural,1926,0.043
p05,natural,1927,0.048
p05,natural,1928,0.049
p05,natural,1929,0.04
p05,natural,1930,0.044
p05,natural,1931,0.046
p05,natural,1932,0.037
p05,natural,1933,0.036
p05,natural,1934,0.039
p05,natural,1935,0.043
p05,natural,1936,0.05
p05,natural,1937,0.055
p05,natural,1938,0.059
p05,natural,1939,0.061
p05,natural,1940,0.062
p05,natural,1941,0.062
p05,natural,1942,0.06
p05,natural,1943,0.058
p05,natural,1944,0.057
p05,natural,1945,0.058
p05,natural,1946,0.06
p05,natural,1947,0.065
p05,natural,1948,0.069
p05,natural,1949,0.072
p05,natural,1950,0.072
p05,natural,1951,0.069
p05,natural,1952,0.066
p05,natural,1953,0.064
p05,natural,1954,0.062
p05,natural,1955,0.062
p05,natural,1956,0.066
p05,natural,1957,0.073
p05,natural,1958,0.079
p05,natural,1959,0.081
p05,natural,1960,0.082
p05,natural,1961,0.079
p05,natural,1962,0.064
p05,natural,1963,0.004
p05,natural,1964,-0.069
p05,natural,1965,-0.086
p05,natural,1966,-0.045
p05,natural,1967,-0.034
p05,natural,1968,-0.014
p05,natural,1969,0.006
p05,natural,1970,0.016
p05,natural,1971,0.015
p05,natural,1972,0.019
p05,natural,1973,0.027
p05,natural,1974,0.029
p05,natural,1975,0.011
p05,natural,1976,0.012
p05,natural,1977,0.021
p05,natural,1978,0.033
p05,natural,1979,0.044
p05,natural,1980,0.049
p05,natural,1981,0.051
p05,natural,1982,0.034
p05,natural,1983,-0.021
p05,natural,1984,-0.042
p05,natural,1985,-0.031
p05,natural,1986,-0.022
p05,natural,1987,-0.006
p05,natural,1988,0.009
p05,natural,1989,0.025
p05,natural,1990,0.036
p05,natural,1991,0.002
p05,natural,1992,-0.186
p05,natural,1993,-0.225
p05,natural,1994,-0.178
p05,natural,1995,-0.124
p05,natural,1996,-0.077
p05,natural,1997,-0.037
p05,natural,1998,-0.001
p05,natural,1999,0.017
p05,natural,2000,0.031
p05,natural,2001,0.042
p05,natural,2002,0.051
p05,natural,2003,0.052
p05,natural,2004,0.053
p05,natural,2005,0.05
p05,natural,2006,0.046
p05,natural,2007,0.042
p05,natural,2008,0.04
p05,natural,2009,0.037
p05,natural,2010,0.038
p05,natural,2011,0.038
p05,natural,2012,0.042
p05,natural,2013,0.047
p05,natural,2014,0.05
p05,natural,2015,0.049
p05,natural,2016,0.046
p05,natural,2017,0.042
p05,natural,2018,0.038
p05,natural,2019,0.033
p05,natural,2020,0.03
p05,natural,2021,0.029
p05,natural,2022,0.029
p05,natural,2023,0.031
p05,natural,2024,0.031
p05,natural,2025,0.03
p05,other_human_forcing,1850,0.018
p05,other_human_forcing,1851,0.018
p05,other_human_forcing,1852,0.018
p05,other_human_forcing,1853,0.018
p05,other_human_forcing,1854,0.018
p05,other_human_forcing,1855,0.019
p05,other_human_forcing,1856,0.019
p05,other_human_forcing,1857,0.019
p05,other_human_forcing,1858,0.019
p05,other_human_forcing,1859,0.018
p05,other_human_forcing,1860,0.018
p05,other_human_forcing,1861,0.017
p05,other_human_forcing,1862,0.017
p05,other_human_forcing,1863,0.016
p05,other_human_forcing,1864,0.015
p05,other_human_forcing,1865,0.015
p05,other_human_forcing,1866,0.014
p05,other_human_forcing,1867,0.013
p05,other_human_forcing,1868,0.012
p05,other_human_forcing,1869,0.011
p05,other_human_forcing,1870,0.008
p05,other_human_forcing,1871,0.006
p05,other_human_forcing,1872,0.002
p05,other_human_forcing,1873,-0.003
p05,other_human_forcing,1874,-0.009
p05,other_human_forcing,1875,-0.016
p05,other_human_forcing,1876,-0.021
p05,other_human_forcing,1877,-0.028
p05,other_human_forcing,1878,-0.035
p05,other_human_forcing,1879,-0.041
p05,other_human_forcing,1880,-0.048
p05,other_human_forcing,1881,-0.053
p05,other_human_forcing,1882,-0.059
p05,other_human_forcing,1883,-0.064
p05,other_human_forcing,1884,-0.071
p05,other_human_forcing,1885,-0.075
p05,other_human_forcing,1886,-0.081
p05,other_human_forcing,1887,-0.086
p05,other_human_forcing,1888,-0.091
p05,other_human_forcing,1889,-0.097
p05,other_human_forcing,1890,-0.101
p05,other_human_forcing,1891,-0.106
p05,other_human_forcing,1892,-0.112
p05,other_human_forcing,1893,-0.118
p05,other_human_forcing,1894,-0.123
p05,other_human_forcing,1895,-0.126
p05,other_human_forcing,1896,-0.13
p05,other_human_forcing,1897,-0.134
p05,other_human_forcing,1898,-0.138
p05,other_human_forcing,1899,-0.142
p05,other_human_forcing,1900,-0.146
p05,other_human_forcing,1901,-0.149
p05,other_human_forcing,1902,-0.153
p05,other_human_forcing,1903,-0.157
p05,other_human_forcing,1904,-0.16
p05,other_human_forcing,1905,-0.164
p05,other_human_forcing,1906,-0.168
p05,other_human_forcing,1907,-0.173
p05,other_human_forcing,1908,-0.177
p05,other_human_forcing,1909,-0.18
p05,other_human_forcing,1910,-0.185
p05,other_human_forcing,1911,-0.187
p05,other_human_forcing,1912,-0.19
p05,other_human_forcing,1913,-0.194
p05,other_human_forcing,1914,-0.198
p05,other_human_forcing,1915,-0.202
p05,other_human_forcing,1916,-0.207
p05,other_human_forcing,1917,-0.211
p05,other_human_forcing,1918,-0.215
p05,other_human_forcing,1919,-0.219
p05,other_human_forcing,1920,-0.222
p05,other_human_forcing,1921,-0.226
p05,other_human_forcing,1922,-0.228
p05,other_human_forcing,1923,-0.23
p05,other_human_forcing,1924,-0.234
p05,other_human_forcing,1925,-0.237
p05,other_human_forcing,1926,-0.24
p05,other_human_forcing,1927,-0.243
p05,other_human_forcing,1928,-0.246
p05,other_human_forcing,1929,-0.249
p05,other_human_forcing,1930,-0.253
p05,other_human_forcing,1931,-0.255
p05,other_human_forcing,1932,-0.259
p05,other_human_forcing,1933,-0.262
p05,other_human_forcing,1934,-0.267
p05,other_human_forcing,1935,-0.271
p05,other_human_forcing,1936,-0.274
p05,other_human_forcing,1937,-0.277
p05,other_human_forcing,1938,-0.279
p05,other_human_forcing,1939,-0.282
p05,other_human_forcing,1940,-0.286
p05,other_human_forcing,1941,-0.291
p05,other_human_forcing,1942,-0.294
p05,other_human_forcing,1943,-0.297
p05,other_human_forcing,1944,-0.302
p05,other_human_forcing,1945,-0.307
p05,other_human_forcing,1946,-0.311
p05,other_human_forcing,1947,-0.316
p05,other_human_forcing,1948,-0.321
p05,other_human_forcing,1949,-0.325
p05,other_human_forcing,1950,-0.33
p05,other_human_forcing,1951,-0.335
p05,other_human_forcing,1952,-0.339
p05,other_human_forcing,1953,-0.344
p05,other_human_forcing,1954,-0.349
p05,other_human_forcing,1955,-0.355
p05,other_human_forcing,1956,-0.361
p05,other_human_forcing,1957,-0.367
p05,other_human_forcing,1958,-0.373
p05,other_human_forcing,1959,-0.38
p05,other_human_forcing,1960,-0.386
p05,other_human_forcing,1961,-0.393
p05,other_human_forcing,1962,-0.399
p05,other_human_forcing,1963,-0.406
p05,other_human_forcing,1964,-0.413
p05,other_human_forcing,1965,-0.421
p05,other_human_forcing,1966,-0.43
p05,other_human_forcing,1967,-0.438
p05,other_human_forcing,1968,-0.444
p05,other_human_forcing,1969,-0.451
p05,other_human_forcing,1970,-0.46
p05,other_human_forcing,1971,-0.469
p05,other_human_forcing,1972,-0.475
p05,other_human_forcing,1973,-0.483
p05,other_human_forcing,1974,-0.493
p05,other_human_forcing,1975,-0.501
p05,other_human_forcing,1976,-0.508
p05,other_human_forcing,1977,-0.517
p05,other_human_forcing,1978,-0.527
p05,other_human_forcing,1979,-0.537
p05,other_human_forcing,1980,-0.545
p05,other_human_forcing,1981,-0.553
p05,other_human_forcing,1982,-0.561
p05,other_human_forcing,1983,-0.566
p05,other_human_forcing,1984,-0.574
p05,other_human_forcing,1985,-0.583
p05,other_human_forcing,1986,-0.592
p05,other_human_forcing,1987,-0.6
p05,other_human_forcing,1988,-0.607
p05,other_human_forcing,1989,-0.615
p05,other_human_forcing,1990,-0.624
p05,other_human_forcing,1991,-0.63
p05,other_human_forcing,1992,-0.636
p05,other_human_forcing,1993,-0.642
p05,other_human_forcing,1994,-0.648
p05,other_human_forcing,1995,-0.652
p05,other_human_forcing,1996,-0.657
p05,other_human_forcing,1997,-0.662
p05,other_human_forcing,1998,-0.668
p05,other_human_forcing,1999,-0.674
p05,other_human_forcing,2000,-0.678
p05,other_human_forcing,2001,-0.683
p05,other_human_forcing,2002,-0.685
p05,other_human_forcing,2003,-0.69
p05,other_human_forcing,2004,-0.695
p05,other_human_forcing,2005,-0.701
p05,other_human_forcing,2006,-0.705
p05,other_human_forcing,2007,-0.705
p05,other_human_forcing,2008,-0.707
p05,other_human_forcing,2009,-0.709
p05,other_human_forcing,2010,-0.709
p05,other_human_forcing,2011,-0.71
p05,other_human_forcing,2012,-0.708
p05,other_human_forcing,2013,-0.708
p05,other_human_forcing,2014,-0.709
p05,other_human_forcing,2015,-0.71
p05,other_human_forcing,2016,-0.712
p05,other_human_forcing,2017,-0.71
p05,other_human_forcing,2018,-0.713
p05,other_human_forcing,2019,-0.71
p05,other_human_forcing,2020,-0.71
p05,other_human_forcing,2021,-0.708
p05,other_human_forcing,2022,-0.706
p05,other_human_forcing,2023,-0.705
p05,other_human_forcing,2024,-0.707
p05,other_human_forcing,2025,-0.705
p05,total,1850,-0.051
p05,total,1851,-0.039
p05,total,1852,-0.031
p05,total,1853,-0.039
p05,total,1854,-0.048
p05,total,1855,-0.043
p05,total,1856,-0.038
p05,total,1857,-0.049
p05,total,1858,-0.042
p05,total,1859,-0.028
p05,total,1860,-0.013
p05,total,1861,-0.007
p05,total,1862,-0.074
p05,total,1863,-0.094
p05,total,1864,-0.076
p05,total,1865,-0.051
p05,total,1866,-0.03
p05,total,1867,-0.013
p05,total,1868,0.0
p05,total,1869,0.01
p05,total,1870,0.018
p05,total,1871,0.025
p05,total,1872,0.03
p05,total,1873,0.019
p05,total,1874,0.018
p05,total,1875,0.016
p05,total,1876,0.016
p05,total,1877,0.018
p05,total,1878,0.019
p05,total,1879,0.022
p05,total,1880,0.021
p05,total,1881,0.022
p05,total,1882,0.025
p05,total,1883,-0.016
p05,total,1884,-0.228
p05,total,1885,-0.259
p05,total,1886,-0.216
p05,total,1887,-0.179
p05,total,1888,-0.13
p05,total,1889,-0.091
p05,total,1890,-0.075
p05,total,1891,-0.078
p05,total,1892,-0.059
p05,total,1893,-0.033
p05,total,1894,-0.012
p05,total,1895,0.004
p05,total,1896,0.011
p05,total,1897,0.016
p05,total,1898,0.019
p05,total,1899,0.021
p05,total,1900,0.023
p05,total,1901,0.023
p05,total,1902,0.014
p05,total,1903,-0.072
p05,total,1904,-0.089
p05,total,1905,-0.069
p05,total,1906,-0.041
p05,total,1907,-0.033
p05,total,1908,-0.02
p05,total,1909,-0.005
p05,total,1910,0.006
p05,total,1911,0.013
p05,total,1912,-0.025
p05,total,1913,-0.06
p05,total,1914,-0.053
p05,total,1915,-0.029
p05,total,1916,-0.005
p05,total,1917,0.016
p05,total,1918,0.033
p05,total,1919,0.042
p05,total,1920,0.047
p05,total,1921,0.049
p05,total,1922,0.04
p05,total,1923,0.037
p05,total,1924,0.043
p05,total,1925,0.05
p05,total,1926,0.057
p05,total,1927,0.065
p05,total,1928,0.068
p05,total,1929,0.055
p05,total,1930,0.063
p05,total,1931,0.067
p05,total,1932,0.056
p05,total,1933,0.056
p05,total,1934,0.062
p05,total,1935,0.07
p05,total,1936,0.082
p05,total,1937,0.091
p05,total,1938,0.099
p05,total,1939,0.105
p05,total,1940,0.108
p05,total,1941,0.11
p05,total,1942,0.109
p05,total,1943,0.108
p05,total,1944,0.108
p05,total,1945,0.112
p05,total,1946,0.118
p05,total,1947,0.127
p05,total,1948,0.136
p05,total,1949,0.143
p05,total,1950,0.147
p05,total,1951,0.146
p05,total,1952,0.147
p05,total,1953,0.146
p05,total,1954,0.146
p05,total,1955,0.15
p05,total,1956,0.162
p05,total,1957,0.177
p05,total,1958,0.19
p05,total,1959,0.199
p05,total,1960,0.204
p05,total,1961,0.205
p05,total,1962,0.19
p05,total,1963,0.1
p05,total,1964,0.043
p05,total,1965,0.035
p05,total,1966,0.075
p05,total,1967,0.093
p05,total,1968,0.118
p05,total,1969,0.15
p05,total,1970,0.175
p05,total,1971,0.181
p05,total,1972,0.198
p05,total,1973,0.22
p05,total,1974,0.233
p05,total,1975,0.216
p05,total,1976,0.228
p05,total,1977,0.252
p05,total,1978,0.281
p05,total,1979,0.309
p05,total,1980,0.329
p05,total,1981,0.346
p05,total,1982,0.331
p05,total,1983,0.277
p05,total,1984,0.275
p05,total,1985,0.298
p05,total,1986,0.321
p05,total,1987,0.351
p05,total,1988,0.387
p05,total,1989,0.425
p05,total,1990,0.458
p05,total,1991,0.427
p05,total,1992,0.284
p05,total,1993,0.268
p05,total,1994,0.327
p05,total,1995,0.392
p05,total,1996,0.453
p05,total,1997,0.504
p05,total,1998,0.554
p05,total,1999,0.601
p05,total,2000,0.644
p05,total,2001,0.68
p05,total,2002,0.712
p05,total,2003,0.737
p05,total,2004,0.761
p05,total,2005,0.779
p05,total,2006,0.799
p05,total,2007,0.817
p05,total,2008,0.836
p05,total,2009,0.853
p05,total,2010,0.877
p05,total,2011,0.9
p05,total,2012,0.928
p05,total,2013,0.958
p05,total,2014,0.986
p05,total,2015,1.01
p05,total,2016,1.029
p05,total,2017,1.048
p05,total,2018,1.065
p05,total,2019,1.08
p05,total,2020,1.1
p05,total,2021,1.121
p05,total,2022,1.146
p05,total,2023,1.173
p05,total,2024,1.197
p05,total,2025,1.221
p17,anthropogenic,1850,-0.048
p17,anthropogenic,1851,-0.046
p17,anthropogenic,1852,-0.044
p17,anthropogenic,1853,-0.042
p17,anthropogenic,1854,-0.039
p17,anthropogenic,1855,-0.037
p17,anthropogenic,1856,-0.035
p17,anthropogenic,1857,-0.033
p17,anthropogenic,1858,-0.031
p17,anthropogenic,1859,-0.029
p17,anthropogenic,1860,-0.027
p17,anthropogenic,1861,-0.025
p17,anthropogenic,1862,-0.023
p17,anthropogenic,1863,-0.021
p17,anthropogenic,1864,-0.019
p17,anthropogenic,1865,-0.017
p17,anthropogenic,1866,-0.016
p17,anthropogenic,1867,-0.014
p17,anthropogenic,1868,-0.012
p17,anthropogenic,1869,-0.011
p17,anthropogenic,1870,-0.009
p17,anthropogenic,1871,-0.008
p17,anthropogenic,1872,-0.007
p17,anthropogenic,1873,-0.007
p17,anthropogenic,1874,-0.007
p17,anthropogenic,1875,-0.007
p17,anthropogenic,1876,-0.007
p17,anthropogenic,1877,-0.007
p17,anthropogenic,1878,-0.008
p17,anthropogenic,1879,-0.008
p17,anthropogenic,1880,-0.008
p17,anthropogenic,1881,-0.009
p17,anthropogenic,1882,-0.009
p17,anthropogenic,1883,-0.009
p17,anthropogenic,1884,-0.009
p17,anthropogenic,1885,-0.009
p17,anthropogenic,1886,-0.009
p17,anthropogenic,1887,-0.01
p17,anthropogenic,1888,-0.01
p17,anthropogenic,1889,-0.01
p17,anthropogenic,1890,-0.01
p17,anthropogenic,1891,-0.01
p17,anthropogenic,1892,-0.01
p17,anthropogenic,1893,-0.01
p17,anthropogenic,1894,-0.011
p17,anthropogenic,1895,-0.01
p17,anthropogenic,1896,-0.01
p17,anthropogenic,1897,-0.01
p17,anthropogenic,1898,-0.009
p17,anthropogenic,1899,-0.009
p17,anthropogenic,1900,-0.008
p17,anthropogenic,1901,-0.008
p17,anthropogenic,1902,-0.007
p17,anthropogenic,1903,-0.007
p17,anthropogenic,1904,-0.006
p17,anthropogenic,1905,-0.006
p17,anthropogenic,1906,-0.005
p17,anthropogenic,1907,-0.004
p17,anthropogenic,1908,-0.003
p17,anthropogenic,1909,-0.002
p17,anthropogenic,1910,-0.001
p17,anthropogenic,1911,0.0
p17,anthropogenic,1912,0.001
p17,anthropogenic,1913,0.002
p17,anthropogenic,1914,0.002
p17,anthropogenic,1915,0.004
p17,anthropogenic,1916,0.005
p17,anthropogenic,1917,0.006
p17,anthropogenic,1918,0.008
p17,anthropogenic,1919,0.009
p17,anthropogenic,1920,0.01
p17,anthropogenic,1921,0.013
p17,anthropogenic,1922,0.014
p17,anthropogenic,1923,0.015
p17,anthropogenic,1924,0.017
p17,anthropogenic,1925,0.02
p17,anthropogenic,1926,0.022
p17,anthropogenic,1927,0.024
p17,anthropogenic,1928,0.025
p17,anthropogenic,1929,0.027
p17,anthropogenic,1930,0.03
p17,anthropogenic,1931,0.032
p17,anthropogenic,1932,0.034
p17,anthropogenic,1933,0.036
p17,anthropogenic,1934,0.038
p17,anthropogenic,1935,0.04
p17,anthropogenic,1936,0.042
p17,anthropogenic,1937,0.044
p17,anthropogenic,1938,0.047
p17,anthropogenic,1939,0.049
p17,anthropogenic,1940,0.052
p17,anthropogenic,1941,0.055
p17,anthropogenic,1942,0.058
p17,anthropogenic,1943,0.059
p17,anthropogenic,1944,0.063
p17,anthropogenic,1945,0.066
p17,anthropogenic,1946,0.069
p17,anthropogenic,1947,0.073
p17,anthropogenic,1948,0.076
p17,anthropogenic,1949,0.079
p17,anthropogenic,1950,0.082
p17,anthropogenic,1951,0.086
p17,anthropogenic,1952,0.09
p17,anthropogenic,1953,0.093
p17,anthropogenic,1954,0.098
p17,anthropogenic,1955,0.102
p17,anthropogenic,1956,0.107
p17,anthropogenic,1957,0.111
p17,anthropogenic,1958,0.116
p17,anthropogenic,1959,0.121
p17,anthropogenic,1960,0.127
p17,anthropogenic,1961,0.133
p17,anthropogenic,1962,0.139
p17,anthropogenic,1963,0.146
p17,anthropogenic,1964,0.153
p17,anthropogenic,1965,0.16
p17,anthropogenic,1966,0.167
p17,anthropogenic,1967,0.175
p17,anthropogenic,1968,0.182
p17,anthropogenic,1969,0.191
p17,anthropogenic,1970,0.2
p17,anthropogenic,1971,0.209
p17,anthropogenic,1972,0.219
p17,anthropogenic,1973,0.228
p17,anthropogenic,1974,0.238
p17,anthropogenic,1975,0.25
p17,anthropogenic,1976,0.26
p17,anthropogenic,1977,0.271
p17,anthropogenic,1978,0.282
p17,anthropogenic,1979,0.293
p17,anthropogenic,1980,0.306
p17,anthropogenic,1981,0.32
p17,anthropogenic,1982,0.334
p17,anthropogenic,1983,0.348
p17,anthropogenic,1984,0.363
p17,anthropogenic,1985,0.379
p17,anthropogenic,1986,0.393
p17,anthropogenic,1987,0.409
p17,anthropogenic,1988,0.425
p17,anthropogenic,1989,0.441
p17,anthropogenic,1990,0.457
p17,anthropogenic,1991,0.473
p17,anthropogenic,1992,0.492
p17,anthropogenic,1993,0.509
p17,anthropogenic,1994,0.528
p17,anthropogenic,1995,0.547
p17,anthropogenic,1996,0.567
p17,anthropogenic,1997,0.587
p17,anthropogenic,1998,0.607
p17,anthropogenic,1999,0.628
p17,anthropogenic,2000,0.648
p17,anthropogenic,2001,0.67
p17,anthropogenic,2002,0.692
p17,anthropogenic,2003,0.713
p17,anthropogenic,2004,0.735
p17,anthropogenic,2005,0.757
p17,anthropogenic,2006,0.779
p17,anthropogenic,2007,0.801
p17,anthropogenic,2008,0.824
p17,anthropogenic,2009,0.847
p17,anthropogenic,2010,0.872
p17,anthropogenic,2011,0.895
p17,anthropogenic,2012,0.919
p17,anthropogenic,2013,0.943
p17,anthropogenic,2014,0.968
p17,anthropogenic,2015,0.993
p17,anthropogenic,2016,1.018
p17,anthropogenic,2017,1.041
p17,anthropogenic,2018,1.067
p17,anthropogenic,2019,1.092
p17,anthropogenic,2020,1.118
p17,anthropogenic,2021,1.146
p17,anthropogenic,2022,1.171
p17,anthropogenic,2023,1.196
p17,anthropogenic,2024,1.221
p17,anthropogenic,2025,1.248
p17,ghg,1850,-0.147
p17,ghg,1851,-0.14
p17,ghg,1852,-0.134
p17,ghg,1853,-0.128
p17,ghg,1854,-0.122
p17,ghg,1855,-0.116
p17,ghg,1856,-0.11
p17,ghg,1857,-0.104
p17,ghg,1858,-0.097
p17,ghg,1859,-0.091
p17,ghg,1860,-0.085
p17,ghg,1861,-0.079
p17,ghg,1862,-0.072
p17,ghg,1863,-0.066
p17,ghg,1864,-0.06
p17,ghg,1865,-0.054
p17,ghg,1866,-0.048
p17,ghg,1867,-0.042
p17,ghg,1868,-0.037
p17,ghg,1869,-0.032
p17,ghg,1870,-0.027
p17,ghg,1871,-0.023
p17,ghg,1872,-0.019
p17,ghg,1873,-0.015
p17,ghg,1874,-0.011
p17,ghg,1875,-0.007
p17,ghg,1876,-0.004
p17,ghg,1877,0.0
p17,ghg,1878,0.004
p17,ghg,1879,0.008
p17,ghg,1880,0.012
p17,ghg,1881,0.015
p17,ghg,1882,0.02
p17,ghg,1883,0.024
p17,ghg,1884,0.028
p17,ghg,1885,0.032
p17,ghg,1886,0.036
p17,ghg,1887,0.04
p17,ghg,1888,0.044
p17,ghg,1889,0.048
p17,ghg,1890,0.052
p17,ghg,1891,0.057
p17,ghg,1892,0.061
p17,ghg,1893,0.066
p17,ghg,1894,0.07
p17,ghg,1895,0.075
p17,ghg,1896,0.079
p17,ghg,1897,0.084
p17,ghg,1898,0.088
p17,ghg,1899,0.092
p17,ghg,1900,0.097
p17,ghg,1901,0.101
p17,ghg,1902,0.105
p17,ghg,1903,0.109
p17,ghg,1904,0.113
p17,ghg,1905,0.117
p17,ghg,1906,0.121
p17,ghg,1907,0.125
p17,ghg,1908,0.129
p17,ghg,1909,0.133
p17,ghg,1910,0.136
p17,ghg,1911,0.14
p17,ghg,1912,0.143
p17,ghg,1913,0.147
p17,ghg,1914,0.151
p17,ghg,1915,0.154
p17,ghg,1916,0.157
p17,ghg,1917,0.16
p17,ghg,1918,0.164
p17,ghg,1919,0.167
p17,ghg,1920,0.17
p17,ghg,1921,0.173
p17,ghg,1922,0.176
p17,ghg,1923,0.179
p17,ghg,1924,0.181
p17,ghg,1925,0.184
p17,ghg,1926,0.187
p17,ghg,1927,0.19
p17,ghg,1928,0.193
p17,ghg,1929,0.195
p17,ghg,1930,0.198
p17,ghg,1931,0.201
p17,ghg,1932,0.203
p17,ghg,1933,0.206
p17,ghg,1934,0.209
p17,ghg,1935,0.211
p17,ghg,1936,0.215
p17,ghg,1937,0.218
p17,ghg,1938,0.221
p17,ghg,1939,0.223
p17,ghg,1940,0.227
p17,ghg,1941,0.231
p17,ghg,1942,0.236
p17,ghg,1943,0.239
p17,ghg,1944,0.242
p17,ghg,1945,0.246
p17,ghg,1946,0.252
p17,ghg,1947,0.257
p17,ghg,1948,0.262
p17,ghg,1949,0.267
p17,ghg,1950,0.274
p17,ghg,1951,0.28
p17,ghg,1952,0.285
p17,ghg,1953,0.292
p17,ghg,1954,0.299
p17,ghg,1955,0.305
p17,ghg,1956,0.313
p17,ghg,1957,0.321
p17,ghg,1958,0.329
p17,ghg,1959,0.337
p17,ghg,1960,0.346
p17,ghg,1961,0.355
p17,ghg,1962,0.366
p17,ghg,1963,0.376
p17,ghg,1964,0.387
p17,ghg,1965,0.399
p17,ghg,1966,0.41
p17,ghg,1967,0.423
p17,ghg,1968,0.435
p17,ghg,1969,0.448
p17,ghg,1970,0.461
p17,ghg,1971,0.475
p17,ghg,1972,0.489
p17,ghg,1973,0.505
p17,ghg,1974,0.521
p17,ghg,1975,0.536
p17,ghg,1976,0.552
p17,ghg,1977,0.568
p17,ghg,1978,0.585
p17,ghg,1979,0.602
p17,ghg,1980,0.619
p17,ghg,1981,0.636
p17,ghg,1982,0.654
p17,ghg,1983,0.672
p17,ghg,1984,0.691
p17,ghg,1985,0.709
p17,ghg,1986,0.728
p17,ghg,1987,0.747
p17,ghg,1988,0.767
p17,ghg,1989,0.787
p17,ghg,1990,0.807
p17,ghg,1991,0.827
p17,ghg,1992,0.846
p17,ghg,1993,0.868
p17,ghg,1994,0.888
p17,ghg,1995,0.909
p17,ghg,1996,0.927
p17,ghg,1997,0.949
p17,ghg,1998,0.969
p17,ghg,1999,0.99
p17,ghg,2000,1.012
p17,ghg,2001,1.033
p17,ghg,2002,1.053
p17,ghg,2003,1.074
p17,ghg,2004,1.095
p17,ghg,2005,1.115
p17,ghg,2006,1.135
p17,ghg,2007,1.155
p17,ghg,2008,1.176
p17,ghg,2009,1.197
p17,ghg,2010,1.218
p17,ghg,2011,1.236
p17,ghg,2012,1.258
p17,ghg,2013,1.277
p17,ghg,2014,1.298
p17,ghg,2015,1.319
p17,ghg,2016,1.338
p17,ghg,2017,1.358
p17,ghg,2018,1.38
p17,ghg,2019,1.401
p17,ghg,2020,1.421
p17,ghg,2021,1.443
p17,ghg,2022,1.463
p17,ghg,2023,1.484
p17,ghg,2024,1.505
p17,ghg,2025,1.525
p17,natural,1850,0.021
p17,natural,1851,0.027
p17,natural,1852,0.032
p17,natural,1853,0.022
p17,natural,1854,0.012
p17,natural,1855,0.013
p17,natural,1856,0.014
p17,natural,1857,0.003
p17,natural,1858,0.006
p17,natural,1859,0.014
p17,natural,1860,0.024
p17,natural,1861,0.026
p17,natural,1862,-0.045
p17,natural,1863,-0.067
p17,natural,1864,-0.052
p17,natural,1865,-0.029
p17,natural,1866,-0.008
p17,natural,1867,0.006
p17,natural,1868,0.015
p17,natural,1869,0.024
p17,natural,1870,0.031
p17,natural,1871,0.038
p17,natural,1872,0.042
p17,natural,1873,0.029
p17,natural,1874,0.028
p17,natural,1875,0.027
p17,natural,1876,0.026
p17,natural,1877,0.029
p17,natural,1878,0.031
p17,natural,1879,0.034
p17,natural,1880,0.034
p17,natural,1881,0.036
p17,natural,1882,0.04
p17,natural,1883,0.002
p17,natural,1884,-0.203
p17,natural,1885,-0.23
p17,natural,1886,-0.19
p17,natural,1887,-0.155
p17,natural,1888,-0.111
p17,natural,1889,-0.071
p17,natural,1890,-0.054
p17,natural,1891,-0.057
p17,natural,1892,-0.037
p17,natural,1893,-0.008
p17,natural,1894,0.012
p17,natural,1895,0.025
p17,natural,1896,0.032
p17,natural,1897,0.036
p17,natural,1898,0.039
p17,natural,1899,0.041
p17,natural,1900,0.042
p17,natural,1901,0.042
p17,natural,1902,0.035
p17,natural,1903,-0.046
p17,natural,1904,-0.066
p17,natural,1905,-0.044
p17,natural,1906,-0.014
p17,natural,1907,-0.005
p17,natural,1908,0.007
p17,natural,1909,0.018
p17,natural,1910,0.026
p17,natural,1911,0.031
p17,natural,1912,0.0
p17,natural,1913,-0.041
p17,natural,1914,-0.034
p17,natural,1915,-0.007
p17,natural,1916,0.013
p17,natural,1917,0.029
p17,natural,1918,0.041
p17,natural,1919,0.048
p17,natural,1920,0.051
p17,natural,1921,0.052
p17,natural,1922,0.044
p17,natural,1923,0.039
p17,natural,1924,0.042
p17,natural,1925,0.046
p17,natural,1926,0.051
p17,natural,1927,0.057
p17,natural,1928,0.059
p17,natural,1929,0.047
p17,natural,1930,0.052
p17,natural,1931,0.054
p17,natural,1932,0.044
p17,natural,1933,0.043
p17,natural,1934,0.047
p17,natural,1935,0.051
p17,natural,1936,0.059
p17,natural,1937,0.066
p17,natural,1938,0.07
p17,natural,1939,0.073
p17,natural,1940,0.074
p17,natural,1941,0.073
p17,natural,1942,0.072
p17,natural,1943,0.069
p17,natural,1944,0.067
p17,natural,1945,0.069
p17,natural,1946,0.071
p17,natural,1947,0.077
p17,natural,1948,0.082
p17,natural,1949,0.085
p17,natural,1950,0.085
p17,natural,1951,0.082
p17,natural,1952,0.079
p17,natural,1953,0.076
p17,natural,1954,0.073
p17,natural,1955,0.074
p17,natural,1956,0.079
p17,natural,1957,0.087
p17,natural,1958,0.094
p17,natural,1959,0.097
p17,natural,1960,0.097
p17,natural,1961,0.094
p17,natural,1962,0.076
p17,natural,1963,0.005
p17,natural,1964,-0.061
p17,natural,1965,-0.077
p17,natural,1966,-0.04
p17,natural,1967,-0.03
p17,natural,1968,-0.012
p17,natural,1969,0.007
p17,natural,1970,0.019
p17,natural,1971,0.018
p17,natural,1972,0.023
p17,natural,1973,0.032
p17,natural,1974,0.035
p17,natural,1975,0.013
p17,natural,1976,0.015
p17,natural,1977,0.025
p17,natural,1978,0.039
p17,natural,1979,0.052
p17,natural,1980,0.058
p17,natural,1981,0.061
p17,natural,1982,0.04
p17,natural,1983,-0.019
p17,natural,1984,-0.037
p17,natural,1985,-0.027
p17,natural,1986,-0.02
p17,natural,1987,-0.005
p17,natural,1988,0.011
p17,natural,1989,0.03
p17,natural,1990,0.043
p17,natural,1991,0.003
p17,natural,1992,-0.166
p17,natural,1993,-0.2
p17,natural,1994,-0.159
p17,natural,1995,-0.11
p17,natural,1996,-0.069
p17,natural,1997,-0.033
p17,natural,1998,-0.001
p17,natural,1999,0.02
p17,natural,2000,0.037
p17,natural,2001,0.05
p17,natural,2002,0.06
p17,natural,2003,0.062
p17,natural,2004,0.063
p17,natural,2005,0.059
p17,natural,2006,0.055
p17,natural,2007,0.05
p17,natural,2008,0.047
p17,natural,2009,0.044
p17,natural,2010,0.045
p17,natural,2011,0.045
p17,natural,2012,0.05
p17,natural,2013,0.055
p17,natural,2014,0.059
p17,natural,2015,0.059
p17,natural,2016,0.055
p17,natural,2017,0.05
p17,natural,2018,0.045
p17,natural,2019,0.04
p17,natural,2020,0.035
p17,natural,2021,0.034
p17,natural,2022,0.035
p17,natural,2023,0.037
p17,natural,2024,0.037
p17,natural,2025,0.036
p17,other_human_forcing,1850,0.052
p17,other_human_forcing,1851,0.051
p17,other_human_forcing,1852,0.049
p17,other_human_forcing,1853,0.048
p17,other_human_forcing,1854,0.046
p17,other_human_forcing,1855,0.045
p17,other_human_forcing,1856,0.043
p17,other_human_forcing,1857,0.041
p17,other_human_forcing,1858,0.04
p17,other_human_forcing,1859,0.038
p17,other_human_forcing,1860,0.036
p17,other_human_forcing,1861,0.034
p17,other_human_forcing,1862,0.032
p17,other_human_forcing,1863,0.03
p17,other_human_forcing,1864,0.027
p17,other_human_forcing,1865,0.025
p17,other_human_forcing,1866,0.023
p17,other_human_forcing,1867,0.021
p17,other_human_forcing,1868,0.018
p17,other_human_forcing,1869,0.016
p17,other_human_forcing,1870,0.013
p17,other_human_forcing,1871,0.01
p17,other_human_forcing,1872,0.006
p17,other_human_forcing,1873,0.001
p17,other_human_forcing,1874,-0.004
p17,other_human_forcing,1875,-0.009
p17,other_human_forcing,1876,-0.014
p17,other_human_forcing,1877,-0.019
p17,other_human_forcing,1878,-0.025
p17,other_human_forcing,1879,-0.03
p17,other_human_forcing,1880,-0.035
p17,other_human_forcing,1881,-0.04
p17,other_human_forcing,1882,-0.046
p17,other_human_forcing,1883,-0.05
p17,other_human_forcing,1884,-0.055
p17,other_human_forcing,1885,-0.06
p17,other_human_forcing,1886,-0.065
p17,other_human_forcing,1887,-0.07
p17,other_human_forcing,1888,-0.074
p17,other_human_forcing,1889,-0.079
p17,other_human_forcing,1890,-0.083
p17,other_human_forcing,1891,-0.087
p17,other_human_forcing,1892,-0.092
p17,other_human_forcing,1893,-0.096
p17,other_human_forcing,1894,-0.1
p17,other_human_forcing,1895,-0.104
p17,other_human_forcing,1896,-0.108
p17,other_human_forcing,1897,-0.112
p17,other_human_forcing,1898,-0.115
p17,other_human_forcing,1899,-0.119
p17,other_human_forcing,1900,-0.124
p17,other_human_forcing,1901,-0.127
p17,other_human_forcing,1902,-0.131
p17,other_human_forcing,1903,-0.135
p17,other_human_forcing,1904,-0.138
p17,other_human_forcing,1905,-0.142
p17,other_human_forcing,1906,-0.145
p17,other_human_forcing,1907,-0.147
p17,other_human_forcing,1908,-0.15
p17,other_human_forcing,1909,-0.153
p17,other_human_forcing,1910,-0.156
p17,other_human_forcing,1911,-0.158
p17,other_human_forcing,1912,-0.162
p17,other_human_forcing,1913,-0.164
p17,other_human_forcing,1914,-0.167
p17,other_human_forcing,1915,-0.171
p17,other_human_forcing,1916,-0.174
p17,other_human_forcing,1917,-0.177
p17,other_human_forcing,1918,-0.18
p17,other_human_forcing,1919,-0.183
p17,other_human_forcing,1920,-0.186
p17,other_human_forcing,1921,-0.189
p17,other_human_forcing,1922,-0.191
p17,other_human_forcing,1923,-0.194
p17,other_human_forcing,1924,-0.197
p17,other_human_forcing,1925,-0.2
p17,other_human_forcing,1926,-0.203
p17,other_human_forcing,1927,-0.206
p17,other_human_forcing,1928,-0.208
p17,other_human_forcing,1929,-0.21
p17,other_human_forcing,1930,-0.212
p17,other_human_forcing,1931,-0.214
p17,other_human_forcing,1932,-0.217
p17,other_human_forcing,1933,-0.218
p17,other_human_forcing,1934,-0.221
p17,other_human_forcing,1935,-0.222
p17,other_human_forcing,1936,-0.224
p17,other_human_forcing,1937,-0.227
p17,other_human_forcing,1938,-0.229
p17,other_human_forcing,1939,-0.232
p17,other_human_forcing,1940,-0.234
p17,other_human_forcing,1941,-0.237
p17,other_human_forcing,1942,-0.24
p17,other_human_forcing,1943,-0.243
p17,other_human_forcing,1944,-0.245
p17,other_human_forcing,1945,-0.249
p17,other_human_forcing,1946,-0.251
p17,other_human_forcing,1947,-0.254
p17,other_human_forcing,1948,-0.258
p17,other_human_forcing,1949,-0.26
p17,other_human_forcing,1950,-0.264
p17,other_human_forcing,1951,-0.268
p17,other_human_forcing,1952,-0.272
p17,other_human_forcing,1953,-0.276
p17,other_human_forcing,1954,-0.279
p17,other_human_forcing,1955,-0.283
p17,other_human_forcing,1956,-0.288
p17,other_human_forcing,1957,-0.292
p17,other_human_forcing,1958,-0.296
p17,other_human_forcing,1959,-0.303
p17,other_human_forcing,1960,-0.308
p17,other_human_forcing,1961,-0.314
p17,other_human_forcing,1962,-0.319
p17,other_human_forcing,1963,-0.325
p17,other_human_forcing,1964,-0.331
p17,other_human_forcing,1965,-0.337
p17,other_human_forcing,1966,-0.342
p17,other_human_forcing,1967,-0.35
p17,other_human_forcing,1968,-0.357
p17,other_human_forcing,1969,-0.364
p17,other_human_forcing,1970,-0.37
p17,other_human_forcing,1971,-0.378
p17,other_human_forcing,1972,-0.386
p17,other_human_forcing,1973,-0.393
p17,other_human_forcing,1974,-0.401
p17,other_human_forcing,1975,-0.409
p17,other_human_forcing,1976,-0.415
p17,other_human_forcing,1977,-0.422
p17,other_human_forcing,1978,-0.43
p17,other_human_forcing,1979,-0.438
p17,other_human_forcing,1980,-0.445
p17,other_human_forcing,1981,-0.451
p17,other_human_forcing,1982,-0.459
p17,other_human_forcing,1983,-0.466
p17,other_human_forcing,1984,-0.476
p17,other_human_forcing,1985,-0.483
p17,other_human_forcing,1986,-0.491
p17,other_human_forcing,1987,-0.497
p17,other_human_forcing,1988,-0.504
p17,other_human_forcing,1989,-0.51
p17,other_human_forcing,1990,-0.517
p17,other_human_forcing,1991,-0.524
p17,other_human_forcing,1992,-0.529
p17,other_human_forcing,1993,-0.537
p17,other_human_forcing,1994,-0.541
p17,other_human_forcing,1995,-0.547
p17,other_human_forcing,1996,-0.552
p17,other_human_forcing,1997,-0.554
p17,other_human_forcing,1998,-0.557
p17,other_human_forcing,1999,-0.56
p17,other_human_forcing,2000,-0.563
p17,other_human_forcing,2001,-0.565
p17,other_human_forcing,2002,-0.565
p17,other_human_forcing,2003,-0.567
p17,other_human_forcing,2004,-0.571
p17,other_human_forcing,2005,-0.573
p17,other_human_forcing,2006,-0.573
p17,other_human_forcing,2007,-0.573
p17,other_human_forcing,2008,-0.571
p17,other_human_forcing,2009,-0.572
p17,other_human_forcing,2010,-0.574
p17,other_human_forcing,2011,-0.574
p17,other_human_forcing,2012,-0.574
p17,other_human_forcing,2013,-0.573
p17,other_human_forcing,2014,-0.573
p17,other_human_forcing,2015,-0.571
p17,other_human_forcing,2016,-0.571
p17,other_human_forcing,2017,-0.57
p17,other_human_forcing,2018,-0.571
p17,other_human_forcing,2019,-0.57
p17,other_human_forcing,2020,-0.57
p17,other_human_forcing,2021,-0.567
p17,other_human_forcing,2022,-0.565
p17,other_human_forcing,2023,-0.563
p17,other_human_forcing,2024,-0.561
p17,other_human_forcing,2025,-0.559
p17,total,1850,-0.023
p17,total,1851,-0.013
p17,total,1852,-0.006
p17,total,1853,-0.014
p17,total,1854,-0.026
p17,total,1855,-0.022
p17,total,1856,-0.018
p17,total,1857,-0.03
p17,total,1858,-0.024
p17,total,1859,-0.012
p17,total,1860,0.001
p17,total,1861,0.005
p17,total,1862,-0.062
p17,total,1863,-0.082
p17,total,1864,-0.066
p17,total,1865,-0.043
p17,total,1866,-0.023
p17,total,1867,-0.007
p17,total,1868,0.005
p17,total,1869,0.016
p17,total,1870,0.025
p17,total,1871,0.032
p17,total,1872,0.037
p17,total,1873,0.024
p17,total,1874,0.023
p17,total,1875,0.022
p17,total,1876,0.022
p17,total,1877,0.025
p17,total,1878,0.028
p17,total,1879,0.03
p17,total,1880,0.03
p17,total,1881,0.032
p17,total,1882,0.036
p17,total,1883,-0.006
p17,total,1884,-0.2
p17,total,1885,-0.226
p17,total,1886,-0.188
p17,total,1887,-0.154
p17,total,1888,-0.11
p17,total,1889,-0.073
p17,total,1890,-0.057
p17,total,1891,-0.061
p17,total,1892,-0.043
p17,total,1893,-0.017
p17,total,1894,0.004
p17,total,1895,0.019
p17,total,1896,0.027
p17,total,1897,0.033
p17,total,1898,0.037
p17,total,1899,0.039
p17,total,1900,0.041
p17,total,1901,0.042
p17,total,1902,0.034
p17,total,1903,-0.047
p17,total,1904,-0.064
p17,total,1905,-0.044
p17,total,1906,-0.017
p17,total,1907,-0.009
p17,total,1908,0.005
p17,total,1909,0.02
p17,total,1910,0.03
p17,total,1911,0.038
p17,total,1912,0.001
p17,total,1913,-0.035
p17,total,1914,-0.026
p17,total,1915,-0.002
p17,total,1916,0.022
p17,total,1917,0.044
p17,total,1918,0.061
p17,total,1919,0.07
p17,total,1920,0.076
p17,total,1921,0.079
p17,total,1922,0.07
p17,total,1923,0.067
p17,total,1924,0.072
p17,total,1925,0.079
p17,total,1926,0.087
p17,total,1927,0.097
p17,total,1928,0.1
p17,total,1929,0.088
p17,total,1930,0.096
p17,total,1931,0.1
p17,total,1932,0.088
p17,total,1933,0.089
p17,total,1934,0.096
p17,total,1935,0.104
p17,total,1936,0.116
p17,total,1937,0.126
p17,total,1938,0.134
p17,total,1939,0.141
p17,total,1940,0.144
p17,total,1941,0.147
p17,total,1942,0.148
p17,total,1943,0.147
p17,total,1944,0.148
p17,total,1945,0.152
p17,total,1946,0.158
p17,total,1947,0.167
p17,total,1948,0.178
p17,total,1949,0.185
p17,total,1950,0.188
p17,total,1951,0.187
p17,total,1952,0.186
p17,total,1953,0.185
p17,total,1954,0.186
p17,total,1955,0.191
p17,total,1956,0.202
p17,total,1957,0.216
p17,total,1958,0.23
p17,total,1959,0.239
p17,total,1960,0.246
p17,total,1961,0.246
p17,total,1962,0.233
p17,total,1963,0.151
p17,total,1964,0.098
p17,total,1965,0.092
p17,total,1966,0.131
p17,total,1967,0.147
p17,total,1968,0.172
p17,total,1969,0.2
p17,total,1970,0.223
p17,total,1971,0.23
p17,total,1972,0.245
p17,total,1973,0.267
p17,total,1974,0.28
p17,total,1975,0.264
p17,total,1976,0.277
p17,total,1977,0.3
p17,total,1978,0.33
p17,total,1979,0.357
p17,total,1980,0.378
p17,total,1981,0.395
p17,total,1982,0.384
p17,total,1983,0.331
p17,total,1984,0.328
p17,total,1985,0.352
p17,total,1986,0.375
p17,total,1987,0.405
p17,total,1988,0.438
p17,total,1989,0.477
p17,total,1990,0.51
p17,total,1991,0.476
p17,total,1992,0.341
p17,total,1993,0.327
p17,total,1994,0.384
p17,total,1995,0.447
p17,total,1996,0.504
p17,total,1997,0.557
p17,total,1998,0.607
p17,total,1999,0.652
p17,total,2000,0.695
p17,total,2001,0.729
p17,total,2002,0.762
p17,total,2003,0.786
p17,total,2004,0.808
p17,total,2005,0.826
p17,total,2006,0.844
p17,total,2007,0.861
p17,total,2008,0.881
p17,total,2009,0.899
p17,total,2010,0.925
p17,total,2011,0.949
p17,total,2012,0.978
p17,total,2013,1.008
p17,total,2014,1.038
p17,total,2015,1.063
p17,total,2016,1.083
p17,total,2017,1.102
p17,total,2018,1.121
p17,total,2019,1.14
p17,total,2020,1.161
p17,total,2021,1.186
p17,total,2022,1.213
p17,total,2023,1.24
p17,total,2024,1.267
p17,total,2025,1.292
p50,anthropogenic,1850,-0.012
p50,anthropogenic,1851,-0.012
p50,anthropogenic,1852,-0.012
p50,anthropogenic,1853,-0.011
p50,anthropogenic,1854,-0.011
p50,anthropogenic,1855,-0.01
p50,anthropogenic,1856,-0.01
p50,anthropogenic,1857,-0.01
p50,anthropogenic,1858,-0.009
p50,anthropogenic,1859,-0.009
p50,anthropogenic,1860,-0.008
p50,anthropogenic,1861,-0.008
p50,anthropogenic,1862,-0.008
p50,anthropogenic,1863,-0.007
p50,anthropogenic,1864,-0.007
p50,anthropogenic,1865,-0.006
p50,anthropogenic,1866,-0.006
p50,anthropogenic,1867,-0.005
p50,anthropogenic,1868,-0.005
p50,anthropogenic,1869,-0.004
p50,anthropogenic,1870,-0.004
p50,anthropogenic,1871,-0.003
p50,anthropogenic,1872,-0.003
p50,anthropogenic,1873,-0.002
p50,anthropogenic,1874,-0.002
p50,anthropogenic,1875,-0.001
p50,anthropogenic,1876,-0.001
p50,anthropogenic,1877,0.0
p50,anthropogenic,1878,0.0
p50,anthropogenic,1879,0.001
p50,anthropogenic,1880,0.002
p50,anthropogenic,1881,0.002
p50,anthropogenic,1882,0.003
p50,anthropogenic,1883,0.004
p50,anthropogenic,1884,0.004
p50,anthropogenic,1885,0.005
p50,anthropogenic,1886,0.006
p50,anthropogenic,1887,0.006
p50,anthropogenic,1888,0.007
p50,anthropogenic,1889,0.008
p50,anthropogenic,1890,0.008
p50,anthropogenic,1891,0.009
p50,anthropogenic,1892,0.01
p50,anthropogenic,1893,0.011
p50,anthropogenic,1894,0.012
p50,anthropogenic,1895,0.013
p50,anthropogenic,1896,0.013
p50,anthropogenic,1897,0.014
p50,anthropogenic,1898,0.015
p50,anthropogenic,1899,0.016
p50,anthropogenic,1900,0.018
p50,anthropogenic,1901,0.019
p50,anthropogenic,1902,0.02
p50,anthropogenic,1903,0.021
p50,anthropogenic,1904,0.022
p50,anthropogenic,1905,0.024
p50,anthropogenic,1906,0.025
p50,anthropogenic,1907,0.027
p50,anthropogenic,1908,0.028
p50,anthropogenic,1909,0.03
p50,anthropogenic,1910,0.032
p50,anthropogenic,1911,0.034
p50,anthropogenic,1912,0.036
p50,anthropogenic,1913,0.037
p50,anthropogenic,1914,0.039
p50,anthropogenic,1915,0.042
p50,anthropogenic,1916,0.044
p50,anthropogenic,1917,0.046
p50,anthropogenic,1918,0.048
p50,anthropogenic,1919,0.05
p50,anthropogenic,1920,0.053
p50,anthropogenic,1921,0.055
p50,anthropogenic,1922,0.057
p50,anthropogenic,1923,0.06
p50,anthropogenic,1924,0.062
p50,anthropogenic,1925,0.065
p50,anthropogenic,1926,0.068
p50,anthropogenic,1927,0.07
p50,anthropogenic,1928,0.073
p50,anthropogenic,1929,0.075
p50,anthropogenic,1930,0.078
p50,anthropogenic,1931,0.081
p50,anthropogenic,1932,0.084
p50,anthropogenic,1933,0.086
p50,anthropogenic,1934,0.089
p50,anthropogenic,1935,0.092
p50,anthropogenic,1936,0.095
p50,anthropogenic,1937,0.098
p50,anthropogenic,1938,0.101
p50,anthropogenic,1939,0.104
p50,anthropogenic,1940,0.107
p50,anthropogenic,1941,0.11
p50,anthropogenic,1942,0.114
p50,anthropogenic,1943,0.117
p50,anthropogenic,1944,0.12
p50,anthropogenic,1945,0.124
p50,anthropogenic,1946,0.128
p50,anthropogenic,1947,0.131
p50,anthropogenic,1948,0.135
p50,anthropogenic,1949,0.139
p50,anthropogenic,1950,0.143
p50,anthropogenic,1951,0.148
p50,anthropogenic,1952,0.152
p50,anthropogenic,1953,0.157
p50,anthropogenic,1954,0.161
p50,anthropogenic,1955,0.166
p50,anthropogenic,1956,0.171
p50,anthropogenic,1957,0.177
p50,anthropogenic,1958,0.182
p50,anthropogenic,1959,0.188
p50,anthropogenic,1960,0.194
p50,anthropogenic,1961,0.2
p50,anthropogenic,1962,0.207
p50,anthropogenic,1963,0.214
p50,anthropogenic,1964,0.221
p50,anthropogenic,1965,0.228
p50,anthropogenic,1966,0.236
p50,anthropogenic,1967,0.244
p50,anthropogenic,1968,0.252
p50,anthropogenic,1969,0.261
p50,anthropogenic,1970,0.27
p50,anthropogenic,1971,0.279
p50,anthropogenic,1972,0.289
p50,anthropogenic,1973,0.299
p50,anthropogenic,1974,0.309
p50,anthropogenic,1975,0.32
p50,anthropogenic,1976,0.331
p50,anthropogenic,1977,0.343
p50,anthropogenic,1978,0.355
p50,anthropogenic,1979,0.367
p50,anthropogenic,1980,0.38
p50,anthropogenic,1981,0.393
p50,anthropogenic,1982,0.407
p50,anthropogenic,1983,0.421
p50,anthropogenic,1984,0.435
p50,anthropogenic,1985,0.45
p50,anthropogenic,1986,0.465
p50,anthropogenic,1987,0.481
p50,anthropogenic,1988,0.497
p50,anthropogenic,1989,0.513
p50,anthropogenic,1990,0.53
p50,anthropogenic,1991,0.547
p50,anthropogenic,1992,0.565
p50,anthropogenic,1993,0.583
p50,anthropogenic,1994,0.601
p50,anthropogenic,1995,0.62
p50,anthropogenic,1996,0.639
p50,anthropogenic,1997,0.659
p50,anthropogenic,1998,0.678
p50,anthropogenic,1999,0.699
p50,anthropogenic,2000,0.719
p50,anthropogenic,2001,0.74
p50,anthropogenic,2002,0.762
p50,anthropogenic,2003,0.784
p50,anthropogenic,2004,0.806
p50,anthropogenic,2005,0.828
p50,anthropogenic,2006,0.851
p50,anthropogenic,2007,0.874
p50,anthropogenic,2008,0.897
p50,anthropogenic,2009,0.921
p50,anthropogenic,2010,0.945
p50,anthropogenic,2011,0.97
p50,anthropogenic,2012,0.994
p50,anthropogenic,2013,1.019
p50,anthropogenic,2014,1.045
p50,anthropogenic,2015,1.07
p50,anthropogenic,2016,1.096
p50,anthropogenic,2017,1.122
p50,anthropogenic,2018,1.148
p50,anthropogenic,2019,1.175
p50,anthropogenic,2020,1.201
p50,anthropogenic,2021,1.228
p50,anthropogenic,2022,1.255
p50,anthropogenic,2023,1.283
p50,anthropogenic,2024,1.31
p50,anthropogenic,2025,1.337
p50,ghg,1850,-0.113
p50,ghg,1851,-0.108
p50,ghg,1852,-0.104
p50,ghg,1853,-0.1
p50,ghg,1854,-0.095
p50,ghg,1855,-0.091
p50,ghg,1856,-0.087
p50,ghg,1857,-0.082
p50,ghg,1858,-0.078
p50,ghg,1859,-0.073
p50,ghg,1860,-0.069
p50,ghg,1861,-0.064
p50,ghg,1862,-0.06
p50,ghg,1863,-0.055
p50,ghg,1864,-0.051
p50,ghg,1865,-0.046
p50,ghg,1866,-0.042
p50,ghg,1867,-0.037
p50,ghg,1868,-0.032
p50,ghg,1869,-0.028
p50,ghg,1870,-0.023
p50,ghg,1871,-0.018
p50,ghg,1872,-0.014
p50,ghg,1873,-0.009
p50,ghg,1874,-0.004
p50,ghg,1875,0.0
p50,ghg,1876,0.005
p50,ghg,1877,0.009
p50,ghg,1878,0.014
p50,ghg,1879,0.019
p50,ghg,1880,0.023
p50,ghg,1881,0.028
p50,ghg,1882,0.032
p50,ghg,1883,0.037
p50,ghg,1884,0.042
p50,ghg,1885,0.046
p50,ghg,1886,0.051
p50,ghg,1887,0.055
p50,ghg,1888,0.06
p50,ghg,1889,0.064
p50,ghg,1890,0.069
p50,ghg,1891,0.073
p50,ghg,1892,0.077
p50,ghg,1893,0.082
p50,ghg,1894,0.086
p50,ghg,1895,0.091
p50,ghg,1896,0.095
p50,ghg,1897,0.1
p50,ghg,1898,0.104
p50,ghg,1899,0.109
p50,ghg,1900,0.113
p50,ghg,1901,0.117
p50,ghg,1902,0.122
p50,ghg,1903,0.126
p50,ghg,1904,0.131
p50,ghg,1905,0.135
p50,ghg,1906,0.14
p50,ghg,1907,0.144
p50,ghg,1908,0.148
p50,ghg,1909,0.153
p50,ghg,1910,0.157
p50,ghg,1911,0.162
p50,ghg,1912,0.166
p50,ghg,1913,0.17
p50,ghg,1914,0.174
p50,ghg,1915,0.179
p50,ghg,1916,0.183
p50,ghg,1917,0.187
p50,ghg,1918,0.191
p50,ghg,1919,0.195
p50,ghg,1920,0.199
p50,ghg,1921,0.203
p50,ghg,1922,0.207
p50,ghg,1923,0.211
p50,ghg,1924,0.215
p50,ghg,1925,0.219
p50,ghg,1926,0.223
p50,ghg,1927,0.227
p50,ghg,1928,0.23
p50,ghg,1929,0.234
p50,ghg,1930,0.238
p50,ghg,1931,0.241
p50,ghg,1932,0.245
p50,ghg,1933,0.249
p50,ghg,1934,0.252
p50,ghg,1935,0.256
p50,ghg,1936,0.26
p50,ghg,1937,0.264
p50,ghg,1938,0.268
p50,ghg,1939,0.272
p50,ghg,1940,0.276
p50,ghg,1941,0.281
p50,ghg,1942,0.285
p50,ghg,1943,0.29
p50,ghg,1944,0.295
p50,ghg,1945,0.3
p50,ghg,1946,0.305
p50,ghg,1947,0.31
p50,ghg,1948,0.316
p50,ghg,1949,0.322
p50,ghg,1950,0.328
p50,ghg,1951,0.335
p50,ghg,1952,0.342
p50,ghg,1953,0.349
p50,ghg,1954,0.356
p50,ghg,1955,0.364
p50,ghg,1956,0.373
p50,ghg,1957,0.381
p50,ghg,1958,0.39
p50,ghg,1959,0.4
p50,ghg,1960,0.41
p50,ghg,1961,0.42
p50,ghg,1962,0.431
p50,ghg,1963,0.443
p50,ghg,1964,0.455
p50,ghg,1965,0.467
p50,ghg,1966,0.48
p50,ghg,1967,0.493
p50,ghg,1968,0.507
p50,ghg,1969,0.522
p50,ghg,1970,0.536
p50,ghg,1971,0.552
p50,ghg,1972,0.568
p50,ghg,1973,0.584
p50,ghg,1974,0.601
p50,ghg,1975,0.618
p50,ghg,1976,0.635
p50,ghg,1977,0.653
p50,ghg,1978,0.672
p50,ghg,1979,0.691
p50,ghg,1980,0.71
p50,ghg,1981,0.73
p50,ghg,1982,0.75
p50,ghg,1983,0.77
p50,ghg,1984,0.791
p50,ghg,1985,0.812
p50,ghg,1986,0.833
p50,ghg,1987,0.854
p50,ghg,1988,0.876
p50,ghg,1989,0.898
p50,ghg,1990,0.92
p50,ghg,1991,0.942
p50,ghg,1992,0.964
p50,ghg,1993,0.987
p50,ghg,1994,1.009
p50,ghg,1995,1.032
p50,ghg,1996,1.055
p50,ghg,1997,1.078
p50,ghg,1998,1.101
p50,ghg,1999,1.124
p50,ghg,2000,1.147
p50,ghg,2001,1.17
p50,ghg,2002,1.193
p50,ghg,2003,1.216
p50,ghg,2004,1.239
p50,ghg,2005,1.262
p50,ghg,2006,1.286
p50,ghg,2007,1.309
p50,ghg,2008,1.332
p50,ghg,2009,1.355
p50,ghg,2010,1.378
p50,ghg,2011,1.402
p50,ghg,2012,1.425
p50,ghg,2013,1.448
p50,ghg,2014,1.471
p50,ghg,2015,1.495
p50,ghg,2016,1.518
p50,ghg,2017,1.541
p50,ghg,2018,1.565
p50,ghg,2019,1.588
p50,ghg,2020,1.611
p50,ghg,2021,1.635
p50,ghg,2022,1.658
p50,ghg,2023,1.681
p50,ghg,2024,1.705
p50,ghg,2025,1.728
p50,natural,1850,0.025
p50,natural,1851,0.033
p50,natural,1852,0.039
p50,natural,1853,0.027
p50,natural,1854,0.014
p50,natural,1855,0.015
p50,natural,1856,0.017
p50,natural,1857,0.003
p50,natural,1858,0.007
p50,natural,1859,0.017
p50,natural,1860,0.029
p50,natural,1861,0.031
p50,natural,1862,-0.038
p50,natural,1863,-0.057
p50,natural,1864,-0.044
p50,natural,1865,-0.024
p50,natural,1866,-0.007
p50,natural,1867,0.007
p50,natural,1868,0.019
p50,natural,1869,0.03
p50,natural,1870,0.038
p50,natural,1871,0.046
p50,natural,1872,0.051
p50,natural,1873,0.035
p50,natural,1874,0.033
p50,natural,1875,0.032
p50,natural,1876,0.032
p50,natural,1877,0.035
p50,natural,1878,0.038
p50,natural,1879,0.041
p50,natural,1880,0.041
p50,natural,1881,0.043
p50,natural,1882,0.048
p50,natural,1883,0.003
p50,natural,1884,-0.17
p50,natural,1885,-0.193
p50,natural,1886,-0.16
p50,natural,1887,-0.13
p50,natural,1888,-0.093
p50,natural,1889,-0.06
p50,natural,1890,-0.045
p50,natural,1891,-0.048
p50,natural,1892,-0.031
p50,natural,1893,-0.007
p50,natural,1894,0.015
p50,natural,1895,0.03
p50,natural,1896,0.039
p50,natural,1897,0.044
p50,natural,1898,0.048
p50,natural,1899,0.05
p50,natural,1900,0.051
p50,natural,1901,0.051
p50,natural,1902,0.042
p50,natural,1903,-0.039
p50,natural,1904,-0.055
p50,natural,1905,-0.037
p50,natural,1906,-0.012
p50,natural,1907,-0.004
p50,natural,1908,0.008
p50,natural,1909,0.022
p50,natural,1910,0.032
p50,natural,1911,0.038
p50,natural,1912,0.0
p50,natural,1913,-0.035
p50,natural,1914,-0.028
p50,natural,1915,-0.006
p50,natural,1916,0.016
p50,natural,1917,0.035
p50,natural,1918,0.05
p50,natural,1919,0.058
p50,natural,1920,0.062
p50,natural,1921,0.063
p50,natural,1922,0.053
p50,natural,1923,0.048
p50,natural,1924,0.051
p50,natural,1925,0.056
p50,natural,1926,0.062
p50,natural,1927,0.069
p50,natural,1928,0.071
p50,natural,1929,0.057
p50,natural,1930,0.063
p50,natural,1931,0.066
p50,natural,1932,0.053
p50,natural,1933,0.053
p50,natural,1934,0.057
p50,natural,1935,0.062
p50,natural,1936,0.072
p50,natural,1937,0.08
p50,natural,1938,0.085
p50,natural,1939,0.088
p50,natural,1940,0.09
p50,natural,1941,0.089
p50,natural,1942,0.087
p50,natural,1943,0.083
p50,natural,1944,0.081
p50,natural,1945,0.083
p50,natural,1946,0.086
p50,natural,1947,0.093
p50,natural,1948,0.1
p50,natural,1949,0.104
p50,natural,1950,0.103
p50,natural,1951,0.099
p50,natural,1952,0.096
p50,natural,1953,0.092
p50,natural,1954,0.089
p50,natural,1955,0.089
p50,natural,1956,0.096
p50,natural,1957,0.106
p50,natural,1958,0.114
p50,natural,1959,0.117
p50,natural,1960,0.118
p50,natural,1961,0.114
p50,natural,1962,0.093
p50,natural,1963,0.006
p50,natural,1964,-0.052
p50,natural,1965,-0.064
p50,natural,1966,-0.033
p50,natural,1967,-0.025
p50,natural,1968,-0.01
p50,natural,1969,0.008
p50,natural,1970,0.023
p50,natural,1971,0.021
p50,natural,1972,0.027
p50,natural,1973,0.039
p50,natural,1974,0.042
p50,natural,1975,0.015
p50,natural,1976,0.018
p50,natural,1977,0.031
p50,natural,1978,0.047
p50,natural,1979,0.063
p50,natural,1980,0.071
p50,natural,1981,0.074
p50,natural,1982,0.048
p50,natural,1983,-0.016
p50,natural,1984,-0.031
p50,natural,1985,-0.023
p50,natural,1986,-0.016
p50,natural,1987,-0.004
p50,natural,1988,0.013
p50,natural,1989,0.036
p50,natural,1990,0.052
p50,natural,1991,0.003
p50,natural,1992,-0.139
p50,natural,1993,-0.168
p50,natural,1994,-0.133
p50,natural,1995,-0.093
p50,natural,1996,-0.058
p50,natural,1997,-0.028
p50,natural,1998,0.0
p50,natural,1999,0.024
p50,natural,2000,0.045
p50,natural,2001,0.06
p50,natural,2002,0.073
p50,natural,2003,0.075
p50,natural,2004,0.076
p50,natural,2005,0.072
p50,natural,2006,0.067
p50,natural,2007,0.061
p50,natural,2008,0.058
p50,natural,2009,0.053
p50,natural,2010,0.054
p50,natural,2011,0.055
p50,natural,2012,0.06
p50,natural,2013,0.067
p50,natural,2014,0.072
p50,natural,2015,0.071
p50,natural,2016,0.066
p50,natural,2017,0.06
p50,natural,2018,0.054
p50,natural,2019,0.048
p50,natural,2020,0.043
p50,natural,2021,0.041
p50,natural,2022,0.042
p50,natural,2023,0.044
p50,natural,2024,0.045
p50,natural,2025,0.044
p50,other_human_forcing,1850,0.1
p50,other_human_forcing,1851,0.096
p50,other_human_forcing,1852,0.092
p50,other_human_forcing,1853,0.089
p50,other_human_forcing,1854,0.085
p50,other_human_forcing,1855,0.081
p50,other_human_forcing,1856,0.077
p50,other_human_forcing,1857,0.073
p50,other_human_forcing,1858,0.069
p50,other_human_forcing,1859,0.065
p50,other_human_forcing,1860,0.06
p50,other_human_forcing,1861,0.056
p50,other_human_forcing,1862,0.052
p50,other_human_forcing,1863,0.048
p50,other_human_forcing,1864,0.044
p50,other_human_forcing,1865,0.04
p50,other_human_forcing,1866,0.036
p50,other_human_forcing,1867,0.032
p50,other_human_forcing,1868,0.027
p50,other_human_forcing,1869,0.023
p50,other_human_forcing,1870,0.019
p50,other_human_forcing,1871,0.015
p50,other_human_forcing,1872,0.011
p50,other_human_forcing,1873,0.007
p50,other_human_forcing,1874,0.003
p50,other_human_forcing,1875,-0.001
p50,other_human_forcing,1876,-0.006
p50,other_human_forcing,1877,-0.01
p50,other_human_forcing,1878,-0.014
p50,other_human_forcing,1879,-0.018
p50,other_human_forcing,1880,-0.022
p50,other_human_forcing,1881,-0.026
p50,other_human_forcing,1882,-0.03
p50,other_human_forcing,1883,-0.034
p50,other_human_forcing,1884,-0.037
p50,other_human_forcing,1885,-0.041
p50,other_human_forcing,1886,-0.045
p50,other_human_forcing,1887,-0.049
p50,other_human_forcing,1888,-0.053
p50,other_human_forcing,1889,-0.056
p50,other_human_forcing,1890,-0.06
p50,other_human_forcing,1891,-0.064
p50,other_human_forcing,1892,-0.067
p50,other_human_forcing,1893,-0.071
p50,other_human_forcing,1894,-0.075
p50,other_human_forcing,1895,-0.078
p50,other_human_forcing,1896,-0.082
p50,other_human_forcing,1897,-0.085
p50,other_human_forcing,1898,-0.089
p50,other_human_forcing,1899,-0.092
p50,other_human_forcing,1900,-0.095
p50,other_human_forcing,1901,-0.099
p50,other_human_forcing,1902,-0.102
p50,other_human_forcing,1903,-0.105
p50,other_human_forcing,1904,-0.108
p50,other_human_forcing,1905,-0.111
p50,other_human_forcing,1906,-0.114
p50,other_human_forcing,1907,-0.117
p50,other_human_forcing,1908,-0.12
p50,other_human_forcing,1909,-0.123
p50,other_human_forcing,1910,-0.125
p50,other_human_forcing,1911,-0.128
p50,other_human_forcing,1912,-0.13
p50,other_human_forcing,1913,-0.133
p50,other_human_forcing,1914,-0.135
p50,other_human_forcing,1915,-0.137
p50,other_human_forcing,1916,-0.139
p50,other_human_forcing,1917,-0.141
p50,other_human_forcing,1918,-0.143
p50,other_human_forcing,1919,-0.145
p50,other_human_forcing,1920,-0.147
p50,other_human_forcing,1921,-0.148
p50,other_human_forcing,1922,-0.15
p50,other_human_forcing,1923,-0.151
p50,other_human_forcing,1924,-0.153
p50,other_human_forcing,1925,-0.154
p50,other_human_forcing,1926,-0.155
p50,other_human_forcing,1927,-0.156
p50,other_human_forcing,1928,-0.157
p50,other_human_forcing,1929,-0.159
p50,other_human_forcing,1930,-0.159
p50,other_human_forcing,1931,-0.16
p50,other_human_forcing,1932,-0.161
p50,other_human_forcing,1933,-0.162
p50,other_human_forcing,1934,-0.163
p50,other_human_forcing,1935,-0.164
p50,other_human_forcing,1936,-0.165
p50,other_human_forcing,1937,-0.166
p50,other_human_forcing,1938,-0.167
p50,other_human_forcing,1939,-0.168
p50,other_human_forcing,1940,-0.169
p50,other_human_forcing,1941,-0.17
p50,other_human_forcing,1942,-0.171
p50,other_human_forcing,1943,-0.173
p50,other_human_forcing,1944,-0.174
p50,other_human_forcing,1945,-0.176
p50,other_human_forcing,1946,-0.177
p50,other_human_forcing,1947,-0.179
p50,other_human_forcing,1948,-0.181
p50,other_human_forcing,1949,-0.183
p50,other_human_forcing,1950,-0.185
p50,other_human_forcing,1951,-0.187
p50,other_human_forcing,1952,-0.19
p50,other_human_forcing,1953,-0.192
p50,other_human_forcing,1954,-0.195
p50,other_human_forcing,1955,-0.198
p50,other_human_forcing,1956,-0.201
p50,other_human_forcing,1957,-0.205
p50,other_human_forcing,1958,-0.208
p50,other_human_forcing,1959,-0.212
p50,other_human_forcing,1960,-0.216
p50,other_human_forcing,1961,-0.22
p50,other_human_forcing,1962,-0.224
p50,other_human_forcing,1963,-0.229
p50,other_human_forcing,1964,-0.234
p50,other_human_forcing,1965,-0.239
p50,other_human_forcing,1966,-0.244
p50,other_human_forcing,1967,-0.249
p50,other_human_forcing,1968,-0.255
p50,other_human_forcing,1969,-0.261
p50,other_human_forcing,1970,-0.266
p50,other_human_forcing,1971,-0.272
p50,other_human_forcing,1972,-0.279
p50,other_human_forcing,1973,-0.285
p50,other_human_forcing,1974,-0.291
p50,other_human_forcing,1975,-0.298
p50,other_human_forcing,1976,-0.304
p50,other_human_forcing,1977,-0.31
p50,other_human_forcing,1978,-0.317
p50,other_human_forcing,1979,-0.324
p50,other_human_forcing,1980,-0.33
p50,other_human_forcing,1981,-0.337
p50,other_human_forcing,1982,-0.343
p50,other_human_forcing,1983,-0.349
p50,other_human_forcing,1984,-0.356
p50,other_human_forcing,1985,-0.362
p50,other_human_forcing,1986,-0.368
p50,other_human_forcing,1987,-0.374
p50,other_human_forcing,1988,-0.379
p50,other_human_forcing,1989,-0.385
p50,other_human_forcing,1990,-0.39
p50,other_human_forcing,1991,-0.395
p50,other_human_forcing,1992,-0.4
p50,other_human_forcing,1993,-0.404
p50,other_human_forcing,1994,-0.408
p50,other_human_forcing,1995,-0.412
p50,other_human_forcing,1996,-0.416
p50,other_human_forcing,1997,-0.419
p50,other_human_forcing,1998,-0.422
p50,other_human_forcing,1999,-0.425
p50,other_human_forcing,2000,-0.427
p50,other_human_forcing,2001,-0.429
p50,other_human_forcing,2002,-0.431
p50,other_human_forcing,2003,-0.433
p50,other_human_forcing,2004,-0.434
p50,other_human_forcing,2005,-0.434
p50,other_human_forcing,2006,-0.435
p50,other_human_forcing,2007,-0.435
p50,other_human_forcing,2008,-0.435
p50,other_human_forcing,2009,-0.434
p50,other_human_forcing,2010,-0.433
p50,other_human_forcing,2011,-0.432
p50,other_human_forcing,2012,-0.431
p50,other_human_forcing,2013,-0.429
p50,other_human_forcing,2014,-0.427
p50,other_human_forcing,2015,-0.425
p50,other_human_forcing,2016,-0.422
p50,other_human_forcing,2017,-0.42
p50,other_human_forcing,2018,-0.417
p50,other_human_forcing,2019,-0.413
p50,other_human_forcing,2020,-0.41
p50,other_human_forcing,2021,-0.407
p50,other_human_forcing,2022,-0.403
p50,other_human_forcing,2023,-0.399
p50,other_human_forcing,2024,-0.395
p50,other_human_forcing,2025,-0.391
p50,total,1850,0.013
p50,total,1851,0.021
p50,total,1852,0.027
p50,total,1853,0.016
p50,total,1854,0.003
p50,total,1855,0.005
p50,total,1856,0.007
p50,total,1857,-0.006
p50,total,1858,-0.002
p50,total,1859,0.009
p50,total,1860,0.02
p50,total,1861,0.023
p50,total,1862,-0.045
p50,total,1863,-0.064
p50,total,1864,-0.05
p50,total,1865,-0.031
p50,total,1866,-0.013
p50,total,1867,0.001
p50,total,1868,0.014
p50,total,1869,0.025
p50,total,1870,0.034
p50,total,1871,0.043
p50,total,1872,0.048
p50,total,1873,0.033
p50,total,1874,0.032
p50,total,1875,0.031
p50,total,1876,0.031
p50,total,1877,0.035
p50,total,1878,0.039
p50,total,1879,0.042
p50,total,1880,0.043
p50,total,1881,0.045
p50,total,1882,0.051
p50,total,1883,0.006
p50,total,1884,-0.166
p50,total,1885,-0.188
p50,total,1886,-0.154
p50,total,1887,-0.124
p50,total,1888,-0.086
p50,total,1889,-0.052
p50,total,1890,-0.037
p50,total,1891,-0.039
p50,total,1892,-0.021
p50,total,1893,0.004
p50,total,1894,0.027
p50,total,1895,0.042
p50,total,1896,0.052
p50,total,1897,0.059
p50,total,1898,0.063
p50,total,1899,0.066
p50,total,1900,0.069
p50,total,1901,0.07
p50,total,1902,0.062
p50,total,1903,-0.018
p50,total,1904,-0.033
p50,total,1905,-0.013
p50,total,1906,0.014
p50,total,1907,0.022
p50,total,1908,0.037
p50,total,1909,0.052
p50,total,1910,0.064
p50,total,1911,0.071
p50,total,1912,0.035
p50,total,1913,0.003
p50,total,1914,0.011
p50,total,1915,0.035
p50,total,1916,0.06
p50,total,1917,0.081
p50,total,1918,0.098
p50,total,1919,0.109
p50,total,1920,0.115
p50,total,1921,0.118
p50,total,1922,0.11
p50,total,1923,0.108
p50,total,1924,0.114
p50,total,1925,0.121
p50,total,1926,0.13
p50,total,1927,0.139
p50,total,1928,0.144
p50,total,1929,0.133
p50,total,1930,0.141
p50,total,1931,0.147
p50,total,1932,0.136
p50,total,1933,0.139
p50,total,1934,0.146
p50,total,1935,0.154
p50,total,1936,0.167
p50,total,1937,0.178
p50,total,1938,0.186
p50,total,1939,0.193
p50,total,1940,0.197
p50,total,1941,0.199
p50,total,1942,0.2
p50,total,1943,0.2
p50,total,1944,0.202
p50,total,1945,0.207
p50,total,1946,0.214
p50,total,1947,0.225
p50,total,1948,0.235
p50,total,1949,0.243
p50,total,1950,0.247
p50,total,1951,0.247
p50,total,1952,0.248
p50,total,1953,0.248
p50,total,1954,0.25
p50,total,1955,0.256
p50,total,1956,0.267
p50,total,1957,0.282
p50,total,1958,0.296
p50,total,1959,0.305
p50,total,1960,0.312
p50,total,1961,0.314
p50,total,1962,0.3
p50,total,1963,0.22
p50,total,1964,0.169
p50,total,1965,0.164
p50,total,1966,0.203
p50,total,1967,0.219
p50,total,1968,0.242
p50,total,1969,0.269
p50,total,1970,0.293
p50,total,1971,0.301
p50,total,1972,0.316
p50,total,1973,0.338
p50,total,1974,0.352
p50,total,1975,0.336
p50,total,1976,0.349
p50,total,1977,0.374
p50,total,1978,0.402
p50,total,1979,0.43
p50,total,1980,0.451
p50,total,1981,0.467
p50,total,1982,0.455
p50,total,1983,0.405
p50,total,1984,0.404
p50,total,1985,0.427
p50,total,1986,0.449
p50,total,1987,0.476
p50,total,1988,0.51
p50,total,1989,0.549
p50,total,1990,0.582
p50,total,1991,0.55
p50,total,1992,0.425
p50,total,1993,0.414
p50,total,1994,0.468
p50,total,1995,0.527
p50,total,1996,0.581
p50,total,1997,0.631
p50,total,1998,0.678
p50,total,1999,0.723
p50,total,2000,0.765
p50,total,2001,0.801
p50,total,2002,0.835
p50,total,2003,0.859
p50,total,2004,0.882
p50,total,2005,0.9
p50,total,2006,0.918
p50,total,2007,0.935
p50,total,2008,0.955
p50,total,2009,0.974
p50,total,2010,0.999
p50,total,2011,1.025
p50,total,2012,1.055
p50,total,2013,1.086
p50,total,2014,1.116
p50,total,2015,1.141
p50,total,2016,1.162
p50,total,2017,1.182
p50,total,2018,1.202
p50,total,2019,1.223
p50,total,2020,1.244
p50,total,2021,1.269
p50,total,2022,1.298
p50,total,2023,1.327
p50,total,2024,1.355
p50,total,2025,1.381
p83,anthropogenic,1850,0.023
p83,anthropogenic,1851,0.021
p83,anthropogenic,1852,0.02
p83,anthropogenic,1853,0.018
p83,anthropogenic,1854,0.017
p83,anthropogenic,1855,0.015
p83,anthropogenic,1856,0.014
p83,anthropogenic,1857,0.013
p83,anthropogenic,1858,0.012
p83,anthropogenic,1859,0.011
p83,anthropogenic,1860,0.01
p83,anthropogenic,1861,0.009
p83,anthropogenic,1862,0.008
p83,anthropogenic,1863,0.007
p83,anthropogenic,1864,0.006
p83,anthropogenic,1865,0.005
p83,anthropogenic,1866,0.004
p83,anthropogenic,1867,0.003
p83,anthropogenic,1868,0.003
p83,anthropogenic,1869,0.003
p83,anthropogenic,1870,0.002
p83,anthropogenic,1871,0.002
p83,anthropogenic,1872,0.002
p83,anthropogenic,1873,0.003
p83,anthropogenic,1874,0.004
p83,anthropogenic,1875,0.005
p83,anthropogenic,1876,0.006
p83,anthropogenic,1877,0.007
p83,anthropogenic,1878,0.009
p83,anthropogenic,1879,0.01
p83,anthropogenic,1880,0.012
p83,anthropogenic,1881,0.013
p83,anthropogenic,1882,0.015
p83,anthropogenic,1883,0.016
p83,anthropogenic,1884,0.018
p83,anthropogenic,1885,0.019
p83,anthropogenic,1886,0.021
p83,anthropogenic,1887,0.023
p83,anthropogenic,1888,0.024
p83,anthropogenic,1889,0.025
p83,anthropogenic,1890,0.026
p83,anthropogenic,1891,0.028
p83,anthropogenic,1892,0.029
p83,anthropogenic,1893,0.031
p83,anthropogenic,1894,0.032
p83,anthropogenic,1895,0.034
p83,anthropogenic,1896,0.035
p83,anthropogenic,1897,0.037
p83,anthropogenic,1898,0.039
p83,anthropogenic,1899,0.04
p83,anthropogenic,1900,0.042
p83,anthropogenic,1901,0.043
p83,anthropogenic,1902,0.045
p83,anthropogenic,1903,0.047
p83,anthropogenic,1904,0.05
p83,anthropogenic,1905,0.052
p83,anthropogenic,1906,0.054
p83,anthropogenic,1907,0.056
p83,anthropogenic,1908,0.058
p83,anthropogenic,1909,0.06
p83,anthropogenic,1910,0.062
p83,anthropogenic,1911,0.064
p83,anthropogenic,1912,0.067
p83,anthropogenic,1913,0.069
p83,anthropogenic,1914,0.072
p83,anthropogenic,1915,0.074
p83,anthropogenic,1916,0.077
p83,anthropogenic,1917,0.079
p83,anthropogenic,1918,0.082
p83,anthropogenic,1919,0.085
p83,anthropogenic,1920,0.088
p83,anthropogenic,1921,0.091
p83,anthropogenic,1922,0.094
p83,anthropogenic,1923,0.097
p83,anthropogenic,1924,0.1
p83,anthropogenic,1925,0.103
p83,anthropogenic,1926,0.106
p83,anthropogenic,1927,0.11
p83,anthropogenic,1928,0.113
p83,anthropogenic,1929,0.116
p83,anthropogenic,1930,0.119
p83,anthropogenic,1931,0.123
p83,anthropogenic,1932,0.126
p83,anthropogenic,1933,0.13
p83,anthropogenic,1934,0.134
p83,anthropogenic,1935,0.137
p83,anthropogenic,1936,0.14
p83,anthropogenic,1937,0.143
p83,anthropogenic,1938,0.147
p83,anthropogenic,1939,0.15
p83,anthropogenic,1940,0.154
p83,anthropogenic,1941,0.158
p83,anthropogenic,1942,0.163
p83,anthropogenic,1943,0.167
p83,anthropogenic,1944,0.171
p83,anthropogenic,1945,0.175
p83,anthropogenic,1946,0.179
p83,anthropogenic,1947,0.183
p83,anthropogenic,1948,0.188
p83,anthropogenic,1949,0.193
p83,anthropogenic,1950,0.198
p83,anthropogenic,1951,0.203
p83,anthropogenic,1952,0.209
p83,anthropogenic,1953,0.214
p83,anthropogenic,1954,0.219
p83,anthropogenic,1955,0.225
p83,anthropogenic,1956,0.231
p83,anthropogenic,1957,0.236
p83,anthropogenic,1958,0.242
p83,anthropogenic,1959,0.25
p83,anthropogenic,1960,0.257
p83,anthropogenic,1961,0.264
p83,anthropogenic,1962,0.271
p83,anthropogenic,1963,0.279
p83,anthropogenic,1964,0.286
p83,anthropogenic,1965,0.294
p83,anthropogenic,1966,0.302
p83,anthropogenic,1967,0.311
p83,anthropogenic,1968,0.32
p83,anthropogenic,1969,0.328
p83,anthropogenic,1970,0.337
p83,anthropogenic,1971,0.347
p83,anthropogenic,1972,0.357
p83,anthropogenic,1973,0.366
p83,anthropogenic,1974,0.377
p83,anthropogenic,1975,0.388
p83,anthropogenic,1976,0.399
p83,anthropogenic,1977,0.411
p83,anthropogenic,1978,0.422
p83,anthropogenic,1979,0.436
p83,anthropogenic,1980,0.449
p83,anthropogenic,1981,0.459
p83,anthropogenic,1982,0.473
p83,anthropogenic,1983,0.486
p83,anthropogenic,1984,0.499
p83,anthropogenic,1985,0.515
p83,anthropogenic,1986,0.53
p83,anthropogenic,1987,0.546
p83,anthropogenic,1988,0.562
p83,anthropogenic,1989,0.58
p83,anthropogenic,1990,0.596
p83,anthropogenic,1991,0.614
p83,anthropogenic,1992,0.631
p83,anthropogenic,1993,0.649
p83,anthropogenic,1994,0.668
p83,anthropogenic,1995,0.687
p83,anthropogenic,1996,0.706
p83,anthropogenic,1997,0.725
p83,anthropogenic,1998,0.745
p83,anthropogenic,1999,0.766
p83,anthropogenic,2000,0.786
p83,anthropogenic,2001,0.806
p83,anthropogenic,2002,0.829
p83,anthropogenic,2003,0.85
p83,anthropogenic,2004,0.872
p83,anthropogenic,2005,0.895
p83,anthropogenic,2006,0.917
p83,anthropogenic,2007,0.94
p83,anthropogenic,2008,0.965
p83,anthropogenic,2009,0.99
p83,anthropogenic,2010,1.014
p83,anthropogenic,2011,1.038
p83,anthropogenic,2012,1.063
p83,anthropogenic,2013,1.089
p83,anthropogenic,2014,1.114
p83,anthropogenic,2015,1.14
p83,anthropogenic,2016,1.165
p83,anthropogenic,2017,1.193
p83,anthropogenic,2018,1.219
p83,anthropogenic,2019,1.246
p83,anthropogenic,2020,1.276
p83,anthropogenic,2021,1.305
p83,anthropogenic,2022,1.334
p83,anthropogenic,2023,1.364
p83,anthropogenic,2024,1.392
p83,anthropogenic,2025,1.421
p83,ghg,1850,-0.079
p83,ghg,1851,-0.077
p83,ghg,1852,-0.074
p83,ghg,1853,-0.071
p83,ghg,1854,-0.068
p83,ghg,1855,-0.066
p83,ghg,1856,-0.063
p83,ghg,1857,-0.061
p83,ghg,1858,-0.058
p83,ghg,1859,-0.055
p83,ghg,1860,-0.052
p83,ghg,1861,-0.049
p83,ghg,1862,-0.046
p83,ghg,1863,-0.043
p83,ghg,1864,-0.04
p83,ghg,1865,-0.038
p83,ghg,1866,-0.034
p83,ghg,1867,-0.031
p83,ghg,1868,-0.027
p83,ghg,1869,-0.023
p83,ghg,1870,-0.019
p83,ghg,1871,-0.013
p83,ghg,1872,-0.008
p83,ghg,1873,-0.002
p83,ghg,1874,0.003
p83,ghg,1875,0.008
p83,ghg,1876,0.014
p83,ghg,1877,0.019
p83,ghg,1878,0.025
p83,ghg,1879,0.03
p83,ghg,1880,0.035
p83,ghg,1881,0.04
p83,ghg,1882,0.045
p83,ghg,1883,0.05
p83,ghg,1884,0.056
p83,ghg,1885,0.06
p83,ghg,1886,0.065
p83,ghg,1887,0.07
p83,ghg,1888,0.075
p83,ghg,1889,0.079
p83,ghg,1890,0.084
p83,ghg,1891,0.088
p83,ghg,1892,0.092
p83,ghg,1893,0.097
p83,ghg,1894,0.101
p83,ghg,1895,0.105
p83,ghg,1896,0.109
p83,ghg,1897,0.114
p83,ghg,1898,0.118
p83,ghg,1899,0.123
p83,ghg,1900,0.127
p83,ghg,1901,0.131
p83,ghg,1902,0.136
p83,ghg,1903,0.14
p83,ghg,1904,0.146
p83,ghg,1905,0.15
p83,ghg,1906,0.156
p83,ghg,1907,0.161
p83,ghg,1908,0.166
p83,ghg,1909,0.171
p83,ghg,1910,0.176
p83,ghg,1911,0.181
p83,ghg,1912,0.186
p83,ghg,1913,0.191
p83,ghg,1914,0.197
p83,ghg,1915,0.202
p83,ghg,1916,0.207
p83,ghg,1917,0.213
p83,ghg,1918,0.218
p83,ghg,1919,0.223
p83,ghg,1920,0.228
p83,ghg,1921,0.232
p83,ghg,1922,0.237
p83,ghg,1923,0.242
p83,ghg,1924,0.246
p83,ghg,1925,0.251
p83,ghg,1926,0.256
p83,ghg,1927,0.261
p83,ghg,1928,0.265
p83,ghg,1929,0.27
p83,ghg,1930,0.274
p83,ghg,1931,0.278
p83,ghg,1932,0.283
p83,ghg,1933,0.287
p83,ghg,1934,0.292
p83,ghg,1935,0.297
p83,ghg,1936,0.301
p83,ghg,1937,0.306
p83,ghg,1938,0.31
p83,ghg,1939,0.315
p83,ghg,1940,0.319
p83,ghg,1941,0.324
p83,ghg,1942,0.329
p83,ghg,1943,0.334
p83,ghg,1944,0.34
p83,ghg,1945,0.346
p83,ghg,1946,0.351
p83,ghg,1947,0.357
p83,ghg,1948,0.364
p83,ghg,1949,0.369
p83,ghg,1950,0.376
p83,ghg,1951,0.384
p83,ghg,1952,0.391
p83,ghg,1953,0.399
p83,ghg,1954,0.407
p83,ghg,1955,0.415
p83,ghg,1956,0.424
p83,ghg,1957,0.433
p83,ghg,1958,0.444
p83,ghg,1959,0.453
p83,ghg,1960,0.464
p83,ghg,1961,0.476
p83,ghg,1962,0.488
p83,ghg,1963,0.501
p83,ghg,1964,0.514
p83,ghg,1965,0.528
p83,ghg,1966,0.542
p83,ghg,1967,0.556
p83,ghg,1968,0.572
p83,ghg,1969,0.587
p83,ghg,1970,0.603
p83,ghg,1971,0.619
p83,ghg,1972,0.636
p83,ghg,1973,0.654
p83,ghg,1974,0.672
p83,ghg,1975,0.69
p83,ghg,1976,0.709
p83,ghg,1977,0.729
p83,ghg,1978,0.749
p83,ghg,1979,0.769
p83,ghg,1980,0.791
p83,ghg,1981,0.812
p83,ghg,1982,0.834
p83,ghg,1983,0.856
p83,ghg,1984,0.878
p83,ghg,1985,0.901
p83,ghg,1986,0.924
p83,ghg,1987,0.948
p83,ghg,1988,0.972
p83,ghg,1989,0.995
p83,ghg,1990,1.018
p83,ghg,1991,1.042
p83,ghg,1992,1.066
p83,ghg,1993,1.09
p83,ghg,1994,1.115
p83,ghg,1995,1.14
p83,ghg,1996,1.166
p83,ghg,1997,1.191
p83,ghg,1998,1.216
p83,ghg,1999,1.243
p83,ghg,2000,1.269
p83,ghg,2001,1.295
p83,ghg,2002,1.321
p83,ghg,2003,1.347
p83,ghg,2004,1.372
p83,ghg,2005,1.399
p83,ghg,2006,1.424
p83,ghg,2007,1.449
p83,ghg,2008,1.474
p83,ghg,2009,1.501
p83,ghg,2010,1.527
p83,ghg,2011,1.553
p83,ghg,2012,1.577
p83,ghg,2013,1.602
p83,ghg,2014,1.629
p83,ghg,2015,1.656
p83,ghg,2016,1.68
p83,ghg,2017,1.705
p83,ghg,2018,1.73
p83,ghg,2019,1.758
p83,ghg,2020,1.784
p83,ghg,2021,1.809
p83,ghg,2022,1.834
p83,ghg,2023,1.861
p83,ghg,2024,1.888
p83,ghg,2025,1.912
p83,natural,1850,0.03
p83,natural,1851,0.039
p83,natural,1852,0.046
p83,natural,1853,0.032
p83,natural,1854,0.017
p83,natural,1855,0.018
p83,natural,1856,0.02
p83,natural,1857,0.004
p83,natural,1858,0.008
p83,natural,1859,0.021
p83,natural,1860,0.034
p83,natural,1861,0.037
p83,natural,1862,-0.031
p83,natural,1863,-0.047
p83,natural,1864,-0.036
p83,natural,1865,-0.02
p83,natural,1866,-0.006
p83,natural,1867,0.008
p83,natural,1868,0.022
p83,natural,1869,0.035
p83,natural,1870,0.045
p83,natural,1871,0.055
p83,natural,1872,0.061
p83,natural,1873,0.042
p83,natural,1874,0.04
p83,natural,1875,0.038
p83,natural,1876,0.038
p83,natural,1877,0.041
p83,natural,1878,0.045
p83,natural,1879,0.049
p83,natural,1880,0.049
p83,natural,1881,0.051
p83,natural,1882,0.057
p83,natural,1883,0.003
p83,natural,1884,-0.141
p83,natural,1885,-0.159
p83,natural,1886,-0.132
p83,natural,1887,-0.107
p83,natural,1888,-0.077
p83,natural,1889,-0.049
p83,natural,1890,-0.037
p83,natural,1891,-0.04
p83,natural,1892,-0.026
p83,natural,1893,-0.005
p83,natural,1894,0.018
p83,natural,1895,0.035
p83,natural,1896,0.046
p83,natural,1897,0.053
p83,natural,1898,0.057
p83,natural,1899,0.059
p83,natural,1900,0.061
p83,natural,1901,0.061
p83,natural,1902,0.05
p83,natural,1903,-0.032
p83,natural,1904,-0.046
p83,natural,1905,-0.031
p83,natural,1906,-0.01
p83,natural,1907,-0.004
p83,natural,1908,0.01
p83,natural,1909,0.026
p83,natural,1910,0.038
p83,natural,1911,0.045
p83,natural,1912,0.0
p83,natural,1913,-0.028
p83,natural,1914,-0.023
p83,natural,1915,-0.005
p83,natural,1916,0.019
p83,natural,1917,0.042
p83,natural,1918,0.06
p83,natural,1919,0.07
p83,natural,1920,0.074
p83,natural,1921,0.075
p83,natural,1922,0.063
p83,natural,1923,0.057
p83,natural,1924,0.061
p83,natural,1925,0.067
p83,natural,1926,0.074
p83,natural,1927,0.083
p83,natural,1928,0.085
p83,natural,1929,0.068
p83,natural,1930,0.075
p83,natural,1931,0.078
p83,natural,1932,0.063
p83,natural,1933,0.063
p83,natural,1934,0.067
p83,natural,1935,0.074
p83,natural,1936,0.086
p83,natural,1937,0.095
p83,natural,1938,0.101
p83,natural,1939,0.105
p83,natural,1940,0.107
p83,natural,1941,0.106
p83,natural,1942,0.103
p83,natural,1943,0.099
p83,natural,1944,0.097
p83,natural,1945,0.099
p83,natural,1946,0.103
p83,natural,1947,0.111
p83,natural,1948,0.119
p83,natural,1949,0.123
p83,natural,1950,0.123
p83,natural,1951,0.118
p83,natural,1952,0.114
p83,natural,1953,0.109
p83,natural,1954,0.106
p83,natural,1955,0.106
p83,natural,1956,0.114
p83,natural,1957,0.126
p83,natural,1958,0.136
p83,natural,1959,0.14
p83,natural,1960,0.141
p83,natural,1961,0.135
p83,natural,1962,0.11
p83,natural,1963,0.007
p83,natural,1964,-0.043
p83,natural,1965,-0.053
p83,natural,1966,-0.028
p83,natural,1967,-0.021
p83,natural,1968,-0.008
p83,natural,1969,0.01
p83,natural,1970,0.028
p83,natural,1971,0.025
p83,natural,1972,0.033
p83,natural,1973,0.047
p83,natural,1974,0.05
p83,natural,1975,0.018
p83,natural,1976,0.021
p83,natural,1977,0.037
p83,natural,1978,0.056
p83,natural,1979,0.075
p83,natural,1980,0.084
p83,natural,1981,0.088
p83,natural,1982,0.058
p83,natural,1983,-0.013
p83,natural,1984,-0.026
p83,natural,1985,-0.019
p83,natural,1986,-0.014
p83,natural,1987,-0.004
p83,natural,1988,0.016
p83,natural,1989,0.043
p83,natural,1990,0.062
p83,natural,1991,0.004
p83,natural,1992,-0.115
p83,natural,1993,-0.139
p83,natural,1994,-0.11
p83,natural,1995,-0.076
p83,natural,1996,-0.048
p83,natural,1997,-0.023
p83,natural,1998,0.0
p83,natural,1999,0.029
p83,natural,2000,0.054
p83,natural,2001,0.072
p83,natural,2002,0.087
p83,natural,2003,0.09
p83,natural,2004,0.091
p83,natural,2005,0.085
p83,natural,2006,0.08
p83,natural,2007,0.072
p83,natural,2008,0.069
p83,natural,2009,0.063
p83,natural,2010,0.064
p83,natural,2011,0.066
p83,natural,2012,0.072
p83,natural,2013,0.08
p83,natural,2014,0.085
p83,natural,2015,0.085
p83,natural,2016,0.079
p83,natural,2017,0.072
p83,natural,2018,0.065
p83,natural,2019,0.057
p83,natural,2020,0.051
p83,natural,2021,0.049
p83,natural,2022,0.051
p83,natural,2023,0.053
p83,natural,2024,0.054
p83,natural,2025,0.052
p83,other_human_forcing,1850,0.146
p83,other_human_forcing,1851,0.14
p83,other_human_forcing,1852,0.134
p83,other_human_forcing,1853,0.127
p83,other_human_forcing,1854,0.121
p83,other_human_forcing,1855,0.115
p83,other_human_forcing,1856,0.109
p83,other_human_forcing,1857,0.103
p83,other_human_forcing,1858,0.096
p83,other_human_forcing,1859,0.09
p83,other_human_forcing,1860,0.084
p83,other_human_forcing,1861,0.078
p83,other_human_forcing,1862,0.072
p83,other_human_forcing,1863,0.066
p83,other_human_forcing,1864,0.06
p83,other_human_forcing,1865,0.054
p83,other_human_forcing,1866,0.047
p83,other_human_forcing,1867,0.042
p83,other_human_forcing,1868,0.036
p83,other_human_forcing,1869,0.03
p83,other_human_forcing,1870,0.025
p83,other_human_forcing,1871,0.02
p83,other_human_forcing,1872,0.016
p83,other_human_forcing,1873,0.012
p83,other_human_forcing,1874,0.009
p83,other_human_forcing,1875,0.006
p83,other_human_forcing,1876,0.003
p83,other_human_forcing,1877,0.001
p83,other_human_forcing,1878,-0.002
p83,other_human_forcing,1879,-0.004
p83,other_human_forcing,1880,-0.007
p83,other_human_forcing,1881,-0.01
p83,other_human_forcing,1882,-0.013
p83,other_human_forcing,1883,-0.016
p83,other_human_forcing,1884,-0.018
p83,other_human_forcing,1885,-0.021
p83,other_human_forcing,1886,-0.024
p83,other_human_forcing,1887,-0.027
p83,other_human_forcing,1888,-0.03
p83,other_human_forcing,1889,-0.033
p83,other_human_forcing,1890,-0.036
p83,other_human_forcing,1891,-0.039
p83,other_human_forcing,1892,-0.042
p83,other_human_forcing,1893,-0.044
p83,other_human_forcing,1894,-0.048
p83,other_human_forcing,1895,-0.05
p83,other_human_forcing,1896,-0.053
p83,other_human_forcing,1897,-0.056
p83,other_human_forcing,1898,-0.059
p83,other_human_forcing,1899,-0.062
p83,other_human_forcing,1900,-0.065
p83,other_human_forcing,1901,-0.068
p83,other_human_forcing,1902,-0.071
p83,other_human_forcing,1903,-0.074
p83,other_human_forcing,1904,-0.077
p83,other_human_forcing,1905,-0.08
p83,other_human_forcing,1906,-0.082
p83,other_human_forcing,1907,-0.085
p83,other_human_forcing,1908,-0.087
p83,other_human_forcing,1909,-0.089
p83,other_human_forcing,1910,-0.092
p83,other_human_forcing,1911,-0.093
p83,other_human_forcing,1912,-0.096
p83,other_human_forcing,1913,-0.097
p83,other_human_forcing,1914,-0.098
p83,other_human_forcing,1915,-0.099
p83,other_human_forcing,1916,-0.101
p83,other_human_forcing,1917,-0.103
p83,other_human_forcing,1918,-0.103
p83,other_human_forcing,1919,-0.105
p83,other_human_forcing,1920,-0.107
p83,other_human_forcing,1921,-0.108
p83,other_human_forcing,1922,-0.109
p83,other_human_forcing,1923,-0.109
p83,other_human_forcing,1924,-0.11
p83,other_human_forcing,1925,-0.11
p83,other_human_forcing,1926,-0.11
p83,other_human_forcing,1927,-0.11
p83,other_human_forcing,1928,-0.11
p83,other_human_forcing,1929,-0.11
p83,other_human_forcing,1930,-0.109
p83,other_human_forcing,1931,-0.108
p83,other_human_forcing,1932,-0.108
p83,other_human_forcing,1933,-0.107
p83,other_human_forcing,1934,-0.107
p83,other_human_forcing,1935,-0.107
p83,other_human_forcing,1936,-0.106
p83,other_human_forcing,1937,-0.106
p83,other_human_forcing,1938,-0.105
p83,other_human_forcing,1939,-0.105
p83,other_human_forcing,1940,-0.104
p83,other_human_forcing,1941,-0.105
p83,other_human_forcing,1942,-0.106
p83,other_human_forcing,1943,-0.106
p83,other_human_forcing,1944,-0.106
p83,other_human_forcing,1945,-0.106
p83,other_human_forcing,1946,-0.106
p83,other_human_forcing,1947,-0.106
p83,other_human_forcing,1948,-0.106
p83,other_human_forcing,1949,-0.107
p83,other_human_forcing,1950,-0.108
p83,other_human_forcing,1951,-0.109
p83,other_human_forcing,1952,-0.111
p83,other_human_forcing,1953,-0.112
p83,other_human_forcing,1954,-0.113
p83,other_human_forcing,1955,-0.114
p83,other_human_forcing,1956,-0.116
p83,other_human_forcing,1957,-0.118
p83,other_human_forcing,1958,-0.12
p83,other_human_forcing,1959,-0.122
p83,other_human_forcing,1960,-0.124
p83,other_human_forcing,1961,-0.127
p83,other_human_forcing,1962,-0.13
p83,other_human_forcing,1963,-0.132
p83,other_human_forcing,1964,-0.135
p83,other_human_forcing,1965,-0.139
p83,other_human_forcing,1966,-0.142
p83,other_human_forcing,1967,-0.147
p83,other_human_forcing,1968,-0.151
p83,other_human_forcing,1969,-0.155
p83,other_human_forcing,1970,-0.16
p83,other_human_forcing,1971,-0.165
p83,other_human_forcing,1972,-0.171
p83,other_human_forcing,1973,-0.176
p83,other_human_forcing,1974,-0.18
p83,other_human_forcing,1975,-0.186
p83,other_human_forcing,1976,-0.191
p83,other_human_forcing,1977,-0.196
p83,other_human_forcing,1978,-0.201
p83,other_human_forcing,1979,-0.206
p83,other_human_forcing,1980,-0.211
p83,other_human_forcing,1981,-0.215
p83,other_human_forcing,1982,-0.221
p83,other_human_forcing,1983,-0.226
p83,other_human_forcing,1984,-0.231
p83,other_human_forcing,1985,-0.236
p83,other_human_forcing,1986,-0.239
p83,other_human_forcing,1987,-0.244
p83,other_human_forcing,1988,-0.248
p83,other_human_forcing,1989,-0.253
p83,other_human_forcing,1990,-0.256
p83,other_human_forcing,1991,-0.26
p83,other_human_forcing,1992,-0.265
p83,other_human_forcing,1993,-0.269
p83,other_human_forcing,1994,-0.272
p83,other_human_forcing,1995,-0.276
p83,other_human_forcing,1996,-0.281
p83,other_human_forcing,1997,-0.283
p83,other_human_forcing,1998,-0.286
p83,other_human_forcing,1999,-0.288
p83,other_human_forcing,2000,-0.289
p83,other_human_forcing,2001,-0.291
p83,other_human_forcing,2002,-0.291
p83,other_human_forcing,2003,-0.289
p83,other_human_forcing,2004,-0.29
p83,other_human_forcing,2005,-0.29
p83,other_human_forcing,2006,-0.29
p83,other_human_forcing,2007,-0.287
p83,other_human_forcing,2008,-0.285
p83,other_human_forcing,2009,-0.281
p83,other_human_forcing,2010,-0.278
p83,other_human_forcing,2011,-0.276
p83,other_human_forcing,2012,-0.272
p83,other_human_forcing,2013,-0.268
p83,other_human_forcing,2014,-0.265
p83,other_human_forcing,2015,-0.261
p83,other_human_forcing,2016,-0.255
p83,other_human_forcing,2017,-0.249
p83,other_human_forcing,2018,-0.244
p83,other_human_forcing,2019,-0.238
p83,other_human_forcing,2020,-0.233
p83,other_human_forcing,2021,-0.227
p83,other_human_forcing,2022,-0.223
p83,other_human_forcing,2023,-0.219
p83,other_human_forcing,2024,-0.212
p83,other_human_forcing,2025,-0.208
p83,total,1850,0.048
p83,total,1851,0.055
p83,total,1852,0.06
p83,total,1853,0.046
p83,total,1854,0.031
p83,total,1855,0.032
p83,total,1856,0.032
p83,total,1857,0.017
p83,total,1858,0.02
p83,total,1859,0.029
p83,total,1860,0.04
p83,total,1861,0.042
p83,total,1862,-0.029
p83,total,1863,-0.047
p83,total,1864,-0.036
p83,total,1865,-0.018
p83,total,1866,-0.002
p83,total,1867,0.011
p83,total,1868,0.023
p83,total,1869,0.034
p83,total,1870,0.044
p83,total,1871,0.053
p83,total,1872,0.06
p83,total,1873,0.042
p83,total,1874,0.04
p83,total,1875,0.04
p83,total,1876,0.041
p83,total,1877,0.045
p83,total,1878,0.05
p83,total,1879,0.055
p83,total,1880,0.057
p83,total,1881,0.06
p83,total,1882,0.067
p83,total,1883,0.019
p83,total,1884,-0.133
p83,total,1885,-0.151
p83,total,1886,-0.122
p83,total,1887,-0.095
p83,total,1888,-0.062
p83,total,1889,-0.031
p83,total,1890,-0.017
p83,total,1891,-0.018
p83,total,1892,-0.001
p83,total,1893,0.024
p83,total,1894,0.048
p83,total,1895,0.065
p83,total,1896,0.076
p83,total,1897,0.083
p83,total,1898,0.088
p83,total,1899,0.091
p83,total,1900,0.094
p83,total,1901,0.096
p83,total,1902,0.088
p83,total,1903,0.01
p83,total,1904,-0.002
p83,total,1905,0.016
p83,total,1906,0.042
p83,total,1907,0.052
p83,total,1908,0.065
p83,total,1909,0.082
p83,total,1910,0.094
p83,total,1911,0.102
p83,total,1912,0.067
p83,total,1913,0.036
p83,total,1914,0.045
p83,total,1915,0.068
p83,total,1916,0.093
p83,total,1917,0.114
p83,total,1918,0.132
p83,total,1919,0.143
p83,total,1920,0.149
p83,total,1921,0.153
p83,total,1922,0.146
p83,total,1923,0.144
p83,total,1924,0.15
p83,total,1925,0.158
p83,total,1926,0.167
p83,total,1927,0.178
p83,total,1928,0.182
p83,total,1929,0.171
p83,total,1930,0.18
p83,total,1931,0.186
p83,total,1932,0.177
p83,total,1933,0.18
p83,total,1934,0.187
p83,total,1935,0.196
p83,total,1936,0.209
p83,total,1937,0.22
p83,total,1938,0.229
p83,total,1939,0.236
p83,total,1940,0.241
p83,total,1941,0.244
p83,total,1942,0.247
p83,total,1943,0.248
p83,total,1944,0.25
p83,total,1945,0.256
p83,total,1946,0.263
p83,total,1947,0.275
p83,total,1948,0.286
p83,total,1949,0.294
p83,total,1950,0.299
p83,total,1951,0.3
p83,total,1952,0.302
p83,total,1953,0.303
p83,total,1954,0.306
p83,total,1955,0.312
p83,total,1956,0.323
p83,total,1957,0.34
p83,total,1958,0.355
p83,total,1959,0.364
p83,total,1960,0.372
p83,total,1961,0.374
p83,total,1962,0.359
p83,total,1963,0.284
p83,total,1964,0.237
p83,total,1965,0.232
p83,total,1966,0.27
p83,total,1967,0.286
p83,total,1968,0.309
p83,total,1969,0.336
p83,total,1970,0.357
p83,total,1971,0.365
p83,total,1972,0.382
p83,total,1973,0.404
p83,total,1974,0.416
p83,total,1975,0.402
p83,total,1976,0.416
p83,total,1977,0.438
p83,total,1978,0.466
p83,total,1979,0.496
p83,total,1980,0.516
p83,total,1981,0.532
p83,total,1982,0.519
p83,total,1983,0.473
p83,total,1984,0.472
p83,total,1985,0.494
p83,total,1986,0.515
p83,total,1987,0.542
p83,total,1988,0.576
p83,total,1989,0.613
p83,total,1990,0.646
p83,total,1991,0.617
p83,total,1992,0.499
p83,total,1993,0.492
p83,total,1994,0.541
p83,total,1995,0.598
p83,total,1996,0.649
p83,total,1997,0.697
p83,total,1998,0.745
p83,total,1999,0.789
p83,total,2000,0.832
p83,total,2001,0.867
p83,total,2002,0.9
p83,total,2003,0.926
p83,total,2004,0.948
p83,total,2005,0.967
p83,total,2006,0.983
p83,total,2007,1.0
p83,total,2008,1.02
p83,total,2009,1.04
p83,total,2010,1.066
p83,total,2011,1.092
p83,total,2012,1.123
p83,total,2013,1.156
p83,total,2014,1.186
p83,total,2015,1.212
p83,total,2016,1.235
p83,total,2017,1.256
p83,total,2018,1.276
p83,total,2019,1.296
p83,total,2020,1.319
p83,total,2021,1.346
p83,total,2022,1.376
p83,total,2023,1.408
p83,total,2024,1.437
p83,total,2025,1.464
p95,anthropogenic,1850,0.052
p95,anthropogenic,1851,0.049
p95,anthropogenic,1852,0.047
p95,anthropogenic,1853,0.044
p95,anthropogenic,1854,0.041
p95,anthropogenic,1855,0.039
p95,anthropogenic,1856,0.037
p95,anthropogenic,1857,0.034
p95,anthropogenic,1858,0.031
p95,anthropogenic,1859,0.029
p95,anthropogenic,1860,0.026
p95,anthropogenic,1861,0.023
p95,anthropogenic,1862,0.021
p95,anthropogenic,1863,0.019
p95,anthropogenic,1864,0.016
p95,anthropogenic,1865,0.014
p95,anthropogenic,1866,0.012
p95,anthropogenic,1867,0.011
p95,anthropogenic,1868,0.009
p95,anthropogenic,1869,0.007
p95,anthropogenic,1870,0.007
p95,anthropogenic,1871,0.006
p95,anthropogenic,1872,0.006
p95,anthropogenic,1873,0.006
p95,anthropogenic,1874,0.007
p95,anthropogenic,1875,0.009
p95,anthropogenic,1876,0.012
p95,anthropogenic,1877,0.014
p95,anthropogenic,1878,0.016
p95,anthropogenic,1879,0.018
p95,anthropogenic,1880,0.02
p95,anthropogenic,1881,0.022
p95,anthropogenic,1882,0.024
p95,anthropogenic,1883,0.026
p95,anthropogenic,1884,0.029
p95,anthropogenic,1885,0.031
p95,anthropogenic,1886,0.033
p95,anthropogenic,1887,0.035
p95,anthropogenic,1888,0.036
p95,anthropogenic,1889,0.038
p95,anthropogenic,1890,0.04
p95,anthropogenic,1891,0.042
p95,anthropogenic,1892,0.044
p95,anthropogenic,1893,0.046
p95,anthropogenic,1894,0.047
p95,anthropogenic,1895,0.049
p95,anthropogenic,1896,0.051
p95,anthropogenic,1897,0.053
p95,anthropogenic,1898,0.055
p95,anthropogenic,1899,0.057
p95,anthropogenic,1900,0.059
p95,anthropogenic,1901,0.061
p95,anthropogenic,1902,0.064
p95,anthropogenic,1903,0.066
p95,anthropogenic,1904,0.069
p95,anthropogenic,1905,0.071
p95,anthropogenic,1906,0.073
p95,anthropogenic,1907,0.076
p95,anthropogenic,1908,0.079
p95,anthropogenic,1909,0.081
p95,anthropogenic,1910,0.083
p95,anthropogenic,1911,0.085
p95,anthropogenic,1912,0.088
p95,anthropogenic,1913,0.091
p95,anthropogenic,1914,0.093
p95,anthropogenic,1915,0.097
p95,anthropogenic,1916,0.1
p95,anthropogenic,1917,0.103
p95,anthropogenic,1918,0.107
p95,anthropogenic,1919,0.109
p95,anthropogenic,1920,0.113
p95,anthropogenic,1921,0.116
p95,anthropogenic,1922,0.119
p95,anthropogenic,1923,0.123
p95,anthropogenic,1924,0.127
p95,anthropogenic,1925,0.131
p95,anthropogenic,1926,0.136
p95,anthropogenic,1927,0.139
p95,anthropogenic,1928,0.144
p95,anthropogenic,1929,0.147
p95,anthropogenic,1930,0.151
p95,anthropogenic,1931,0.154
p95,anthropogenic,1932,0.158
p95,anthropogenic,1933,0.163
p95,anthropogenic,1934,0.166
p95,anthropogenic,1935,0.169
p95,anthropogenic,1936,0.174
p95,anthropogenic,1937,0.178
p95,anthropogenic,1938,0.182
p95,anthropogenic,1939,0.187
p95,anthropogenic,1940,0.192
p95,anthropogenic,1941,0.196
p95,anthropogenic,1942,0.2
p95,anthropogenic,1943,0.205
p95,anthropogenic,1944,0.21
p95,anthropogenic,1945,0.214
p95,anthropogenic,1946,0.218
p95,anthropogenic,1947,0.222
p95,anthropogenic,1948,0.226
p95,anthropogenic,1949,0.232
p95,anthropogenic,1950,0.237
p95,anthropogenic,1951,0.243
p95,anthropogenic,1952,0.249
p95,anthropogenic,1953,0.255
p95,anthropogenic,1954,0.26
p95,anthropogenic,1955,0.267
p95,anthropogenic,1956,0.273
p95,anthropogenic,1957,0.282
p95,anthropogenic,1958,0.29
p95,anthropogenic,1959,0.295
p95,anthropogenic,1960,0.303
p95,anthropogenic,1961,0.309
p95,anthropogenic,1962,0.316
p95,anthropogenic,1963,0.324
p95,anthropogenic,1964,0.331
p95,anthropogenic,1965,0.34
p95,anthropogenic,1966,0.348
p95,anthropogenic,1967,0.356
p95,anthropogenic,1968,0.365
p95,anthropogenic,1969,0.375
p95,anthropogenic,1970,0.384
p95,anthropogenic,1971,0.394
p95,anthropogenic,1972,0.405
p95,anthropogenic,1973,0.415
p95,anthropogenic,1974,0.427
p95,anthropogenic,1975,0.438
p95,anthropogenic,1976,0.45
p95,anthropogenic,1977,0.462
p95,anthropogenic,1978,0.474
p95,anthropogenic,1979,0.486
p95,anthropogenic,1980,0.499
p95,anthropogenic,1981,0.512
p95,anthropogenic,1982,0.526
p95,anthropogenic,1983,0.541
p95,anthropogenic,1984,0.554
p95,anthropogenic,1985,0.57
p95,anthropogenic,1986,0.586
p95,anthropogenic,1987,0.603
p95,anthropogenic,1988,0.62
p95,anthropogenic,1989,0.637
p95,anthropogenic,1990,0.654
p95,anthropogenic,1991,0.671
p95,anthropogenic,1992,0.69
p95,anthropogenic,1993,0.707
p95,anthropogenic,1994,0.726
p95,anthropogenic,1995,0.745
p95,anthropogenic,1996,0.764
p95,anthropogenic,1997,0.783
p95,anthropogenic,1998,0.803
p95,anthropogenic,1999,0.823
p95,anthropogenic,2000,0.843
p95,anthropogenic,2001,0.866
p95,anthropogenic,2002,0.887
p95,anthropogenic,2003,0.908
p95,anthropogenic,2004,0.929
p95,anthropogenic,2005,0.95
p95,anthropogenic,2006,0.972
p95,anthropogenic,2007,0.994
p95,anthropogenic,2008,1.017
p95,anthropogenic,2009,1.043
p95,anthropogenic,2010,1.069
p95,anthropogenic,2011,1.093
p95,anthropogenic,2012,1.119
p95,anthropogenic,2013,1.143
p95,anthropogenic,2014,1.168
p95,anthropogenic,2015,1.193
p95,anthropogenic,2016,1.219
p95,anthropogenic,2017,1.247
p95,anthropogenic,2018,1.276
p95,anthropogenic,2019,1.305
p95,anthropogenic,2020,1.336
p95,anthropogenic,2021,1.366
p95,anthropogenic,2022,1.398
p95,anthropogenic,2023,1.429
p95,anthropogenic,2024,1.461
p95,anthropogenic,2025,1.491
p95,ghg,1850,-0.053
p95,ghg,1851,-0.052
p95,ghg,1852,-0.051
p95,ghg,1853,-0.05
p95,ghg,1854,-0.049
p95,ghg,1855,-0.048
p95,ghg,1856,-0.047
p95,ghg,1857,-0.045
p95,ghg,1858,-0.044
p95,ghg,1859,-0.042
p95,ghg,1860,-0.041
p95,ghg,1861,-0.039
p95,ghg,1862,-0.038
p95,ghg,1863,-0.036
p95,ghg,1864,-0.034
p95,ghg,1865,-0.032
p95,ghg,1866,-0.03
p95,ghg,1867,-0.027
p95,ghg,1868,-0.024
p95,ghg,1869,-0.02
p95,ghg,1870,-0.015
p95,ghg,1871,-0.01
p95,ghg,1872,-0.004
p95,ghg,1873,0.002
p95,ghg,1874,0.008
p95,ghg,1875,0.015
p95,ghg,1876,0.021
p95,ghg,1877,0.026
p95,ghg,1878,0.032
p95,ghg,1879,0.038
p95,ghg,1880,0.043
p95,ghg,1881,0.049
p95,ghg,1882,0.054
p95,ghg,1883,0.06
p95,ghg,1884,0.065
p95,ghg,1885,0.07
p95,ghg,1886,0.074
p95,ghg,1887,0.079
p95,ghg,1888,0.083
p95,ghg,1889,0.088
p95,ghg,1890,0.093
p95,ghg,1891,0.098
p95,ghg,1892,0.102
p95,ghg,1893,0.107
p95,ghg,1894,0.111
p95,ghg,1895,0.116
p95,ghg,1896,0.12
p95,ghg,1897,0.125
p95,ghg,1898,0.129
p95,ghg,1899,0.133
p95,ghg,1900,0.138
p95,ghg,1901,0.143
p95,ghg,1902,0.148
p95,ghg,1903,0.152
p95,ghg,1904,0.157
p95,ghg,1905,0.163
p95,ghg,1906,0.168
p95,ghg,1907,0.173
p95,ghg,1908,0.179
p95,ghg,1909,0.184
p95,ghg,1910,0.19
p95,ghg,1911,0.195
p95,ghg,1912,0.202
p95,ghg,1913,0.207
p95,ghg,1914,0.214
p95,ghg,1915,0.22
p95,ghg,1916,0.226
p95,ghg,1917,0.233
p95,ghg,1918,0.238
p95,ghg,1919,0.243
p95,ghg,1920,0.249
p95,ghg,1921,0.255
p95,ghg,1922,0.26
p95,ghg,1923,0.267
p95,ghg,1924,0.273
p95,ghg,1925,0.279
p95,ghg,1926,0.284
p95,ghg,1927,0.29
p95,ghg,1928,0.295
p95,ghg,1929,0.3
p95,ghg,1930,0.304
p95,ghg,1931,0.309
p95,ghg,1932,0.314
p95,ghg,1933,0.319
p95,ghg,1934,0.324
p95,ghg,1935,0.33
p95,ghg,1936,0.336
p95,ghg,1937,0.341
p95,ghg,1938,0.346
p95,ghg,1939,0.353
p95,ghg,1940,0.358
p95,ghg,1941,0.363
p95,ghg,1942,0.369
p95,ghg,1943,0.374
p95,ghg,1944,0.38
p95,ghg,1945,0.386
p95,ghg,1946,0.393
p95,ghg,1947,0.4
p95,ghg,1948,0.407
p95,ghg,1949,0.415
p95,ghg,1950,0.423
p95,ghg,1951,0.431
p95,ghg,1952,0.439
p95,ghg,1953,0.447
p95,ghg,1954,0.456
p95,ghg,1955,0.466
p95,ghg,1956,0.475
p95,ghg,1957,0.486
p95,ghg,1958,0.497
p95,ghg,1959,0.508
p95,ghg,1960,0.52
p95,ghg,1961,0.532
p95,ghg,1962,0.546
p95,ghg,1963,0.559
p95,ghg,1964,0.572
p95,ghg,1965,0.586
p95,ghg,1966,0.599
p95,ghg,1967,0.615
p95,ghg,1968,0.63
p95,ghg,1969,0.646
p95,ghg,1970,0.662
p95,ghg,1971,0.679
p95,ghg,1972,0.697
p95,ghg,1973,0.716
p95,ghg,1974,0.736
p95,ghg,1975,0.756
p95,ghg,1976,0.776
p95,ghg,1977,0.796
p95,ghg,1978,0.817
p95,ghg,1979,0.838
p95,ghg,1980,0.86
p95,ghg,1981,0.884
p95,ghg,1982,0.906
p95,ghg,1983,0.928
p95,ghg,1984,0.952
p95,ghg,1985,0.975
p95,ghg,1986,0.999
p95,ghg,1987,1.023
p95,ghg,1988,1.048
p95,ghg,1989,1.073
p95,ghg,1990,1.1
p95,ghg,1991,1.127
p95,ghg,1992,1.154
p95,ghg,1993,1.179
p95,ghg,1994,1.207
p95,ghg,1995,1.232
p95,ghg,1996,1.257
p95,ghg,1997,1.283
p95,ghg,1998,1.311
p95,ghg,1999,1.338
p95,ghg,2000,1.365
p95,ghg,2001,1.395
p95,ghg,2002,1.425
p95,ghg,2003,1.454
p95,ghg,2004,1.485
p95,ghg,2005,1.515
p95,ghg,2006,1.544
p95,ghg,2007,1.573
p95,ghg,2008,1.601
p95,ghg,2009,1.628
p95,ghg,2010,1.655
p95,ghg,2011,1.682
p95,ghg,2012,1.713
p95,ghg,2013,1.745
p95,ghg,2014,1.774
p95,ghg,2015,1.802
p95,ghg,2016,1.83
p95,ghg,2017,1.86
p95,ghg,2018,1.889
p95,ghg,2019,1.917
p95,ghg,2020,1.945
p95,ghg,2021,1.974
p95,ghg,2022,2.003
p95,ghg,2023,2.032
p95,ghg,2024,2.06
p95,ghg,2025,2.088
p95,natural,1850,0.033
p95,natural,1851,0.044
p95,natural,1852,0.052
p95,natural,1853,0.036
p95,natural,1854,0.019
p95,natural,1855,0.021
p95,natural,1856,0.023
p95,natural,1857,0.005
p95,natural,1858,0.009
p95,natural,1859,0.023
p95,natural,1860,0.038
p95,natural,1861,0.042
p95,natural,1862,-0.026
p95,natural,1863,-0.039
p95,natural,1864,-0.03
p95,natural,1865,-0.017
p95,natural,1866,-0.005
p95,natural,1867,0.009
p95,natural,1868,0.025
p95,natural,1869,0.039
p95,natural,1870,0.051
p95,natural,1871,0.061
p95,natural,1872,0.068
p95,natural,1873,0.047
p95,natural,1874,0.045
p95,natural,1875,0.043
p95,natural,1876,0.042
p95,natural,1877,0.047
p95,natural,1878,0.051
p95,natural,1879,0.055
p95,natural,1880,0.055
p95,natural,1881,0.058
p95,natural,1882,0.064
p95,natural,1883,0.004
p95,natural,1884,-0.118
p95,natural,1885,-0.134
p95,natural,1886,-0.111
p95,natural,1887,-0.09
p95,natural,1888,-0.064
p95,natural,1889,-0.042
p95,natural,1890,-0.031
p95,natural,1891,-0.033
p95,natural,1892,-0.022
p95,natural,1893,-0.005
p95,natural,1894,0.02
p95,natural,1895,0.04
p95,natural,1896,0.052
p95,natural,1897,0.059
p95,natural,1898,0.064
p95,natural,1899,0.067
p95,natural,1900,0.068
p95,natural,1901,0.069
p95,natural,1902,0.056
p95,natural,1903,-0.027
p95,natural,1904,-0.038
p95,natural,1905,-0.026
p95,natural,1906,-0.008
p95,natural,1907,-0.003
p95,natural,1908,0.011
p95,natural,1909,0.03
p95,natural,1910,0.043
p95,natural,1911,0.05
p95,natural,1912,0.0
p95,natural,1913,-0.024
p95,natural,1914,-0.02
p95,natural,1915,-0.004
p95,natural,1916,0.021
p95,natural,1917,0.047
p95,natural,1918,0.067
p95,natural,1919,0.078
p95,natural,1920,0.083
p95,natural,1921,0.084
p95,natural,1922,0.071
p95,natural,1923,0.064
p95,natural,1924,0.069
p95,natural,1925,0.075
p95,natural,1926,0.083
p95,natural,1927,0.093
p95,natural,1928,0.095
p95,natural,1929,0.076
p95,natural,1930,0.084
p95,natural,1931,0.088
p95,natural,1932,0.071
p95,natural,1933,0.07
p95,natural,1934,0.076
p95,natural,1935,0.083
p95,natural,1936,0.096
p95,natural,1937,0.107
p95,natural,1938,0.113
p95,natural,1939,0.118
p95,natural,1940,0.12
p95,natural,1941,0.119
p95,natural,1942,0.116
p95,natural,1943,0.112
p95,natural,1944,0.109
p95,natural,1945,0.111
p95,natural,1946,0.116
p95,natural,1947,0.125
p95,natural,1948,0.133
p95,natural,1949,0.138
p95,natural,1950,0.138
p95,natural,1951,0.132
p95,natural,1952,0.128
p95,natural,1953,0.123
p95,natural,1954,0.119
p95,natural,1955,0.12
p95,natural,1956,0.128
p95,natural,1957,0.141
p95,natural,1958,0.152
p95,natural,1959,0.157
p95,natural,1960,0.158
p95,natural,1961,0.152
p95,natural,1962,0.124
p95,natural,1963,0.008
p95,natural,1964,-0.036
p95,natural,1965,-0.045
p95,natural,1966,-0.023
p95,natural,1967,-0.017
p95,natural,1968,-0.007
p95,natural,1969,0.011
p95,natural,1970,0.031
p95,natural,1971,0.028
p95,natural,1972,0.037
p95,natural,1973,0.053
p95,natural,1974,0.056
p95,natural,1975,0.021
p95,natural,1976,0.024
p95,natural,1977,0.041
p95,natural,1978,0.063
p95,natural,1979,0.084
p95,natural,1980,0.095
p95,natural,1981,0.099
p95,natural,1982,0.065
p95,natural,1983,-0.011
p95,natural,1984,-0.022
p95,natural,1985,-0.016
p95,natural,1986,-0.011
p95,natural,1987,-0.003
p95,natural,1988,0.018
p95,natural,1989,0.048
p95,natural,1990,0.069
p95,natural,1991,0.004
p95,natural,1992,-0.097
p95,natural,1993,-0.117
p95,natural,1994,-0.092
p95,natural,1995,-0.064
p95,natural,1996,-0.04
p95,natural,1997,-0.019
p95,natural,1998,0.0
p95,natural,1999,0.032
p95,natural,2000,0.061
p95,natural,2001,0.08
p95,natural,2002,0.097
p95,natural,2003,0.101
p95,natural,2004,0.102
p95,natural,2005,0.096
p95,natural,2006,0.089
p95,natural,2007,0.081
p95,natural,2008,0.077
p95,natural,2009,0.071
p95,natural,2010,0.072
p95,natural,2011,0.074
p95,natural,2012,0.081
p95,natural,2013,0.09
p95,natural,2014,0.096
p95,natural,2015,0.095
p95,natural,2016,0.088
p95,natural,2017,0.081
p95,natural,2018,0.072
p95,natural,2019,0.065
p95,natural,2020,0.058
p95,natural,2021,0.055
p95,natural,2022,0.057
p95,natural,2023,0.059
p95,natural,2024,0.06
p95,natural,2025,0.059
p95,other_human_forcing,1850,0.183
p95,other_human_forcing,1851,0.175
p95,other_human_forcing,1852,0.167
p95,other_human_forcing,1853,0.158
p95,other_human_forcing,1854,0.151
p95,other_human_forcing,1855,0.143
p95,other_human_forcing,1856,0.135
p95,other_human_forcing,1857,0.127
p95,other_human_forcing,1858,0.119
p95,other_human_forcing,1859,0.111
p95,other_human_forcing,1860,0.103
p95,other_human_forcing,1861,0.095
p95,other_human_forcing,1862,0.087
p95,other_human_forcing,1863,0.079
p95,other_human_forcing,1864,0.072
p95,other_human_forcing,1865,0.065
p95,other_human_forcing,1866,0.057
p95,other_human_forcing,1867,0.049
p95,other_human_forcing,1868,0.042
p95,other_human_forcing,1869,0.035
p95,other_human_forcing,1870,0.029
p95,other_human_forcing,1871,0.024
p95,other_human_forcing,1872,0.02
p95,other_human_forcing,1873,0.017
p95,other_human_forcing,1874,0.014
p95,other_human_forcing,1875,0.011
p95,other_human_forcing,1876,0.009
p95,other_human_forcing,1877,0.007
p95,other_human_forcing,1878,0.005
p95,other_human_forcing,1879,0.003
p95,other_human_forcing,1880,0.001
p95,other_human_forcing,1881,0.0
p95,other_human_forcing,1882,-0.002
p95,other_human_forcing,1883,-0.003
p95,other_human_forcing,1884,-0.006
p95,other_human_forcing,1885,-0.008
p95,other_human_forcing,1886,-0.01
p95,other_human_forcing,1887,-0.011
p95,other_human_forcing,1888,-0.014
p95,other_human_forcing,1889,-0.016
p95,other_human_forcing,1890,-0.019
p95,other_human_forcing,1891,-0.021
p95,other_human_forcing,1892,-0.023
p95,other_human_forcing,1893,-0.025
p95,other_human_forcing,1894,-0.028
p95,other_human_forcing,1895,-0.031
p95,other_human_forcing,1896,-0.034
p95,other_human_forcing,1897,-0.036
p95,other_human_forcing,1898,-0.038
p95,other_human_forcing,1899,-0.041
p95,other_human_forcing,1900,-0.043
p95,other_human_forcing,1901,-0.046
p95,other_human_forcing,1902,-0.049
p95,other_human_forcing,1903,-0.052
p95,other_human_forcing,1904,-0.055
p95,other_human_forcing,1905,-0.057
p95,other_human_forcing,1906,-0.059
p95,other_human_forcing,1907,-0.061
p95,other_human_forcing,1908,-0.064
p95,other_human_forcing,1909,-0.067
p95,other_human_forcing,1910,-0.069
p95,other_human_forcing,1911,-0.071
p95,other_human_forcing,1912,-0.073
p95,other_human_forcing,1913,-0.075
p95,other_human_forcing,1914,-0.076
p95,other_human_forcing,1915,-0.077
p95,other_human_forcing,1916,-0.078
p95,other_human_forcing,1917,-0.078
p95,other_human_forcing,1918,-0.078
p95,other_human_forcing,1919,-0.077
p95,other_human_forcing,1920,-0.078
p95,other_human_forcing,1921,-0.078
p95,other_human_forcing,1922,-0.078
p95,other_human_forcing,1923,-0.078
p95,other_human_forcing,1924,-0.077
p95,other_human_forcing,1925,-0.076
p95,other_human_forcing,1926,-0.075
p95,other_human_forcing,1927,-0.074
p95,other_human_forcing,1928,-0.073
p95,other_human_forcing,1929,-0.072
p95,other_human_forcing,1930,-0.072
p95,other_human_forcing,1931,-0.072
p95,other_human_forcing,1932,-0.071
p95,other_human_forcing,1933,-0.07
p95,other_human_forcing,1934,-0.068
p95,other_human_forcing,1935,-0.068
p95,other_human_forcing,1936,-0.067
p95,other_human_forcing,1937,-0.067
p95,other_human_forcing,1938,-0.067
p95,other_human_forcing,1939,-0.066
p95,other_human_forcing,1940,-0.063
p95,other_human_forcing,1941,-0.061
p95,other_human_forcing,1942,-0.061
p95,other_human_forcing,1943,-0.061
p95,other_human_forcing,1944,-0.06
p95,other_human_forcing,1945,-0.06
p95,other_human_forcing,1946,-0.059
p95,other_human_forcing,1947,-0.059
p95,other_human_forcing,1948,-0.059
p95,other_human_forcing,1949,-0.059
p95,other_human_forcing,1950,-0.06
p95,other_human_forcing,1951,-0.06
p95,other_human_forcing,1952,-0.061
p95,other_human_forcing,1953,-0.062
p95,other_human_forcing,1954,-0.063
p95,other_human_forcing,1955,-0.065
p95,other_human_forcing,1956,-0.066
p95,other_human_forcing,1957,-0.069
p95,other_human_forcing,1958,-0.07
p95,other_human_forcing,1959,-0.071
p95,other_human_forcing,1960,-0.072
p95,other_human_forcing,1961,-0.074
p95,other_human_forcing,1962,-0.076
p95,other_human_forcing,1963,-0.079
p95,other_human_forcing,1964,-0.081
p95,other_human_forcing,1965,-0.084
p95,other_human_forcing,1966,-0.087
p95,other_human_forcing,1967,-0.09
p95,other_human_forcing,1968,-0.093
p95,other_human_forcing,1969,-0.095
p95,other_human_forcing,1970,-0.099
p95,other_human_forcing,1971,-0.103
p95,other_human_forcing,1972,-0.108
p95,other_human_forcing,1973,-0.112
p95,other_human_forcing,1974,-0.118
p95,other_human_forcing,1975,-0.123
p95,other_human_forcing,1976,-0.127
p95,other_human_forcing,1977,-0.132
p95,other_human_forcing,1978,-0.136
p95,other_human_forcing,1979,-0.14
p95,other_human_forcing,1980,-0.142
p95,other_human_forcing,1981,-0.145
p95,other_human_forcing,1982,-0.15
p95,other_human_forcing,1983,-0.153
p95,other_human_forcing,1984,-0.155
p95,other_human_forcing,1985,-0.157
p95,other_human_forcing,1986,-0.16
p95,other_human_forcing,1987,-0.163
p95,other_human_forcing,1988,-0.166
p95,other_human_forcing,1989,-0.167
p95,other_human_forcing,1990,-0.172
p95,other_human_forcing,1991,-0.173
p95,other_human_forcing,1992,-0.178
p95,other_human_forcing,1993,-0.181
p95,other_human_forcing,1994,-0.182
p95,other_human_forcing,1995,-0.182
p95,other_human_forcing,1996,-0.179
p95,other_human_forcing,1997,-0.18
p95,other_human_forcing,1998,-0.179
p95,other_human_forcing,1999,-0.182
p95,other_human_forcing,2000,-0.179
p95,other_human_forcing,2001,-0.179
p95,other_human_forcing,2002,-0.178
p95,other_human_forcing,2003,-0.176
p95,other_human_forcing,2004,-0.174
p95,other_human_forcing,2005,-0.17
p95,other_human_forcing,2006,-0.167
p95,other_human_forcing,2007,-0.163
p95,other_human_forcing,2008,-0.158
p95,other_human_forcing,2009,-0.156
p95,other_human_forcing,2010,-0.155
p95,other_human_forcing,2011,-0.15
p95,other_human_forcing,2012,-0.145
p95,other_human_forcing,2013,-0.142
p95,other_human_forcing,2014,-0.14
p95,other_human_forcing,2015,-0.135
p95,other_human_forcing,2016,-0.129
p95,other_human_forcing,2017,-0.122
p95,other_human_forcing,2018,-0.113
p95,other_human_forcing,2019,-0.107
p95,other_human_forcing,2020,-0.105
p95,other_human_forcing,2021,-0.1
p95,other_human_forcing,2022,-0.09
p95,other_human_forcing,2023,-0.079
p95,other_human_forcing,2024,-0.071
p95,other_human_forcing,2025,-0.065
p95,total,1850,0.078
p95,total,1851,0.083
p95,total,1852,0.086
p95,total,1853,0.072
p95,total,1854,0.057
p95,total,1855,0.055
p95,total,1856,0.054
p95,total,1857,0.037
p95,total,1858,0.039
p95,total,1859,0.046
p95,total,1860,0.055
p95,total,1861,0.056
p95,total,1862,-0.016
p95,total,1863,-0.034
p95,total,1864,-0.024
p95,total,1865,-0.01
p95,total,1866,0.005
p95,total,1867,0.018
p95,total,1868,0.029
p95,total,1869,0.041
p95,total,1870,0.052
p95,total,1871,0.061
p95,total,1872,0.068
p95,total,1873,0.048
p95,total,1874,0.046
p95,total,1875,0.046
p95,total,1876,0.047
p95,total,1877,0.052
p95,total,1878,0.058
p95,total,1879,0.063
p95,total,1880,0.065
p95,total,1881,0.068
p95,total,1882,0.076
p95,total,1883,0.03
p95,total,1884,-0.106
p95,total,1885,-0.121
p95,total,1886,-0.096
p95,total,1887,-0.074
p95,total,1888,-0.044
p95,total,1889,-0.017
p95,total,1890,-0.002
p95,total,1891,-0.003
p95,total,1892,0.015
p95,total,1893,0.039
p95,total,1894,0.063
p95,total,1895,0.08
p95,total,1896,0.092
p95,total,1897,0.099
p95,total,1898,0.105
p95,total,1899,0.109
p95,total,1900,0.112
p95,total,1901,0.115
p95,total,1902,0.108
p95,total,1903,0.029
p95,total,1904,0.016
p95,total,1905,0.034
p95,total,1906,0.061
p95,total,1907,0.071
p95,total,1908,0.086
p95,total,1909,0.103
p95,total,1910,0.116
p95,total,1911,0.124
p95,total,1912,0.088
p95,total,1913,0.057
p95,total,1914,0.065
p95,total,1915,0.09
p95,total,1916,0.116
p95,total,1917,0.138
p95,total,1918,0.156
p95,total,1919,0.168
p95,total,1920,0.176
p95,total,1921,0.18
p95,total,1922,0.171
p95,total,1923,0.171
p95,total,1924,0.178
p95,total,1925,0.186
p95,total,1926,0.196
p95,total,1927,0.207
p95,total,1928,0.213
p95,total,1929,0.202
p95,total,1930,0.212
p95,total,1931,0.219
p95,total,1932,0.211
p95,total,1933,0.214
p95,total,1934,0.221
p95,total,1935,0.231
p95,total,1936,0.244
p95,total,1937,0.256
p95,total,1938,0.264
p95,total,1939,0.273
p95,total,1940,0.279
p95,total,1941,0.283
p95,total,1942,0.283
p95,total,1943,0.284
p95,total,1944,0.288
p95,total,1945,0.293
p95,total,1946,0.3
p95,total,1947,0.312
p95,total,1948,0.324
p95,total,1949,0.334
p95,total,1950,0.339
p95,total,1951,0.34
p95,total,1952,0.341
p95,total,1953,0.345
p95,total,1954,0.348
p95,total,1955,0.356
p95,total,1956,0.368
p95,total,1957,0.385
p95,total,1958,0.399
p95,total,1959,0.41
p95,total,1960,0.419
p95,total,1961,0.422
p95,total,1962,0.408
p95,total,1963,0.328
p95,total,1964,0.284
p95,total,1965,0.281
p95,total,1966,0.315
p95,total,1967,0.332
p95,total,1968,0.355
p95,total,1969,0.382
p95,total,1970,0.405
p95,total,1971,0.413
p95,total,1972,0.429
p95,total,1973,0.451
p95,total,1974,0.465
p95,total,1975,0.453
p95,total,1976,0.467
p95,total,1977,0.489
p95,total,1978,0.519
p95,total,1979,0.549
p95,total,1980,0.571
p95,total,1981,0.588
p95,total,1982,0.574
p95,total,1983,0.525
p95,total,1984,0.525
p95,total,1985,0.549
p95,total,1986,0.571
p95,total,1987,0.599
p95,total,1988,0.632
p95,total,1989,0.671
p95,total,1990,0.704
p95,total,1991,0.674
p95,total,1992,0.56
p95,total,1993,0.551
p95,total,1994,0.601
p95,total,1995,0.657
p95,total,1996,0.708
p95,total,1997,0.756
p95,total,1998,0.802
p95,total,1999,0.846
p95,total,2000,0.889
p95,total,2001,0.926
p95,total,2002,0.958
p95,total,2003,0.982
p95,total,2004,1.005
p95,total,2005,1.022
p95,total,2006,1.039
p95,total,2007,1.054
p95,total,2008,1.077
p95,total,2009,1.096
p95,total,2010,1.121
p95,total,2011,1.145
p95,total,2012,1.176
p95,total,2013,1.21
p95,total,2014,1.242
p95,total,2015,1.266
p95,total,2016,1.287
p95,total,2017,1.307
p95,total,2018,1.33
p95,total,2019,1.354
p95,total,2020,1.379
p95,total,2021,1.408
p95,total,2022,1.439
p95,total,2023,1.471
p95,total,2024,1.503
p95,total,2025,1.533
