percentile,component,time,GMST
p05,anthropogenic,1850,-0.164278772
p05,anthropogenic,1851,-0.169634469
p05,anthropogenic,1852,-0.157579713
p05,anthropogenic,1853,-0.112444934
p05,anthropogenic,1854,-0.173903583
p05,anthropogenic,1855,-0.239403196
p05,anthropogenic,1856,-0.164867823
p05,anthropogenic,1857,-0.157842605
p05,anthropogenic,1858,-0.114943404
p05,anthropogenic,1859,-0.063195328
p05,anthropogenic,1860,-0.113877392
p05,anthropogenic,1861,-0.133252555
p05,anthropogenic,1862,-0.21777965
p05,anthropogenic,1863,-0.206399083
p05,anthropogenic,1864,-0.123172295
p05,anthropogenic,1865,-0.177464093
p05,anthropogenic,1866,-0.166841025
p05,anthropogenic,1867,-0.110873119
p05,anthropogenic,1868,-0.104689944
p05,anthropogenic,1869,-0.209479762
p05,anthropogenic,1870,-0.139474783
p05,anthropogenic,1871,-0.119183901
p05,anthropogenic,1872,-0.0994959
p05,anthropogenic,1873,-0.134975142
p05,anthropogenic,1874,-0.085618638
p05,anthropogenic,1875,-0.141100637
p05,anthropogenic,1876,-0.115338145
p05,anthropogenic,1877,-0.116302771
p05,anthropogenic,1878,-0.07439765
p05,anthropogenic,1879,-0.034404521
p05,anthropogenic,1880,-0.080731944
p05,anthropogenic,1881,-0.12441933
p05,anthropogenic,1882,-0.088496543
p05,anthropogenic,1883,-0.130525623
p05,anthropogenic,1884,-0.057831746
p05,anthropogenic,1885,-0.136701471
p05,anthropogenic,1886,-0.133326677
p05,anthropogenic,1887,-0.103384429
p05,anthropogenic,1888,-0.094638434
p05,anthropogenic,1889,-0.042332207
p05,anthropogenic,1890,-0.087032291
p05,anthropogenic,1891,-0.082338171
p05,anthropogenic,1892,-0.108976464
p05,anthropogenic,1893,-0.144411906
p05,anthropogenic,1894,0.006800484
p05,anthropogenic,1895,-0.038151532
p05,anthropogenic,1896,-0.053828336
p05,anthropogenic,1897,-0.014139362
p05,anthropogenic,1898,-0.030489407
p05,anthropogenic,1899,-0.021331678
p05,anthropogenic,1900,0.008039638
p05,anthropogenic,1901,-0.063886209
p05,anthropogenic,1902,-0.066272717
p05,anthropogenic,1903,-0.117666414
p05,anthropogenic,1904,-0.203159213
p05,anthropogenic,1905,-0.187673465
p05,anthropogenic,1906,-0.122513114
p05,anthropogenic,1907,-0.10397284
p05,anthropogenic,1908,-0.070178642
p05,anthropogenic,1909,-0.125486252
p05,anthropogenic,1910,-0.078456686
p05,anthropogenic,1911,-0.122021143
p05,anthropogenic,1912,-0.148146504
p05,anthropogenic,1913,-0.187318478
p05,anthropogenic,1914,-0.128234983
p05,anthropogenic,1915,-0.128130451
p05,anthropogenic,1916,-0.145871649
p05,anthropogenic,1917,-0.013542632
p05,anthropogenic,1918,-0.101014991
p05,anthropogenic,1919,-0.115489961
p05,anthropogenic,1920,-0.030817967
p05,anthropogenic,1921,0.005474209
p05,anthropogenic,1922,-0.001717274
p05,anthropogenic,1923,0.012468925
p05,anthropogenic,1924,-0.076542149
p05,anthropogenic,1925,-0.05772648
p05,anthropogenic,1926,0.004022544
p05,anthropogenic,1927,0.005010113
p05,anthropogenic,1928,0.020123875
p05,anthropogenic,1929,-0.017156858
p05,anthropogenic,1930,-0.060913246
p05,anthropogenic,1931,-0.045479509
p05,anthropogenic,1932,-0.008329918
p05,anthropogenic,1933,0.021485849
p05,anthropogenic,1934,0.05716059
p05,anthropogenic,1935,0.021126155
p05,anthropogenic,1936,0.0408851
p05,anthropogenic,1937,0.039131215
p05,anthropogenic,1938,-0.076900091
p05,anthropogenic,1939,0.00418238
p05,anthropogenic,1940,-0.025841357
p05,anthropogenic,1941,-0.054888175
p05,anthropogenic,1942,-0.033545958
p05,anthropogenic,1943,-0.073933994
p05,anthropogenic,1944,-0.005774156
p05,anthropogenic,1945,-0.030561619
p05,anthropogenic,1946,-0.000265851
p05,anthropogenic,1947,0.040140675
p05,anthropogenic,1948,0.092040115
p05,anthropogenic,1949,0.070082968
p05,anthropogenic,1950,-0.018574754
p05,anthropogenic,1951,-0.012677284
p05,anthropogenic,1952,0.032935008
p05,anthropogenic,1953,-0.075057382
p05,anthropogenic,1954,-0.069287887
p05,anthropogenic,1955,0.062441848
p05,anthropogenic,1956,-0.014100025
p05,anthropogenic,1957,0.016270364
p05,anthropogenic,1958,0.066083713
p05,anthropogenic,1959,0.009675706
p05,anthropogenic,1960,0.022645942
p05,anthropogenic,1961,0.005309386
p05,anthropogenic,1962,-0.00933255
p05,anthropogenic,1963,0.027956194
p05,anthropogenic,1964,0.047688759
p05,anthropogenic,1965,0.052776019
p05,anthropogenic,1966,0.060730724
p05,anthropogenic,1967,0.080921963
p05,anthropogenic,1968,0.031730018
p05,anthropogenic,1969,0.008392513
p05,anthropogenic,1970,0.008882025
p05,anthropogenic,1971,0.089486457
p05,anthropogenic,1972,0.035910832
p05,anthropogenic,1973,0.120551392
p05,anthropogenic,1974,0.09505036
p05,anthropogenic,1975,0.174398627
p05,anthropogenic,1976,0.068894944
p05,anthropogenic,1977,0.186325715
p05,anthropogenic,1978,0.082400763
p05,anthropogenic,1979,0.048997891
p05,anthropogenic,1980,0.188782329
p05,anthropogenic,1981,0.187919026
p05,anthropogenic,1982,0.284686886
p05,anthropogenic,1983,0.262599843
p05,anthropogenic,1984,0.132258253
p05,anthropogenic,1985,0.2687544
p05,anthropogenic,1986,0.259587983
p05,anthropogenic,1987,0.230290718
p05,anthropogenic,1988,0.327898266
p05,anthropogenic,1989,0.386742328
p05,anthropogenic,1990,0.407742867
p05,anthropogenic,1991,0.405680389
p05,anthropogenic,1992,0.433272417
p05,anthropogenic,1993,0.422770192
p05,anthropogenic,1994,0.43621567
p05,anthropogenic,1995,0.382014522
p05,anthropogenic,1996,0.448630032
p05,anthropogenic,1997,0.501252269
p05,anthropogenic,1998,0.533421363
p05,anthropogenic,1999,0.635802994
p05,anthropogenic,2000,0.601369179
p05,anthropogenic,2001,0.557764527
p05,anthropogenic,2002,0.618055826
p05,anthropogenic,2003,0.703580347
p05,anthropogenic,2004,0.682828953
p05,anthropogenic,2005,0.708572838
p05,anthropogenic,2006,0.73004625
p05,anthropogenic,2007,0.703215483
p05,anthropogenic,2008,0.726784674
p05,anthropogenic,2009,0.708307858
p05,anthropogenic,2010,0.803625553
p05,anthropogenic,2011,0.848611827
p05,anthropogenic,2012,0.881312294
p05,anthropogenic,2013,0.810330422
p05,anthropogenic,2014,0.812127975
p05,anthropogenic,2015,0.906732394
p05,anthropogenic,2016,0.919053554
p05,anthropogenic,2017,1.013816659
p05,anthropogenic,2018,1.06784663
p05,anthropogenic,2019,1.059751643
p05,anthropogenic,2020,0.987270637
p05,anthropogenic,2021,1.05954944
p05,anthropogenic,2022,1.167116188
p05,anthropogenic,2023,1.132693247
p05,anthropogenic,2024,1.160972712
p05,anthropogenic,2025,1.248562673
p05,ghg,1850,-0.123017322
p05,ghg,1851,-0.086469156
p05,ghg,1852,-0.082038669
p05,ghg,1853,-0.113744955
p05,ghg,1854,-0.116971302
p05,ghg,1855,-0.10459918
p05,ghg,1856,-0.102395802
p05,ghg,1857,-0.093401827
p05,ghg,1858,-0.081892079
p05,ghg,1859,-0.078989903
p05,ghg,1860,-0.097537243
p05,ghg,1861,-0.115750143
p05,ghg,1862,-0.094206924
p05,ghg,1863,-0.066166384
p05,ghg,1864,-0.075688891
p05,ghg,1865,-0.093688218
p05,ghg,1866,-0.043083653
p05,ghg,1867,-0.058734962
p05,ghg,1868,-0.043327209
p05,ghg,1869,-0.048532507
p05,ghg,1870,-0.083552965
p05,ghg,1871,-0.07826414
p05,ghg,1872,-0.067843534
p05,ghg,1873,-0.076740827
p05,ghg,1874,-0.037314293
p05,ghg,1875,-0.035898252
p05,ghg,1876,-0.029142164
p05,ghg,1877,-0.038500944
p05,ghg,1878,-0.055344883
p05,ghg,1879,-0.0439261
p05,ghg,1880,-0.050561349
p05,ghg,1881,-0.031367375
p05,ghg,1882,0.002107575
p05,ghg,1883,-0.024695367
p05,ghg,1884,-0.014642505
p05,ghg,1885,-0.022283849
p05,ghg,1886,0.025254023
p05,ghg,1887,0.021198623
p05,ghg,1888,0.015566171
p05,ghg,1889,0.023910263
p05,ghg,1890,0.016300558
p05,ghg,1891,-0.004179511
p05,ghg,1892,0.000135553
p05,ghg,1893,-0.011642689
p05,ghg,1894,-0.000580788
p05,ghg,1895,-0.004283783
p05,ghg,1896,-0.01212813
p05,ghg,1897,0.005880857
p05,ghg,1898,0.00798443
p05,ghg,1899,-0.001341392
p05,ghg,1900,0.012624971
p05,ghg,1901,0.045592597
p05,ghg,1902,0.037743059
p05,ghg,1903,0.04165111
p05,ghg,1904,0.033414009
p05,ghg,1905,0.027372796
p05,ghg,1906,0.035485057
p05,ghg,1907,0.046033279
p05,ghg,1908,0.063603087
p05,ghg,1909,0.086771771
p05,ghg,1910,0.073235148
p05,ghg,1911,0.058540072
p05,ghg,1912,0.101277271
p05,ghg,1913,0.105313508
p05,ghg,1914,0.092256896
p05,ghg,1915,0.09440834
p05,ghg,1916,0.11739431
p05,ghg,1917,0.109625153
p05,ghg,1918,0.117422473
p05,ghg,1919,0.14603329
p05,ghg,1920,0.156272277
p05,ghg,1921,0.10300943
p05,ghg,1922,0.100888756
p05,ghg,1923,0.133907082
p05,ghg,1924,0.134960137
p05,ghg,1925,0.156888917
p05,ghg,1926,0.173998031
p05,ghg,1927,0.174336424
p05,ghg,1928,0.146780642
p05,ghg,1929,0.154966108
p05,ghg,1930,0.150677483
p05,ghg,1931,0.160641477
p05,ghg,1932,0.176720867
p05,ghg,1933,0.165211624
p05,ghg,1934,0.183465423
p05,ghg,1935,0.17949943
p05,ghg,1936,0.205778144
p05,ghg,1937,0.200300522
p05,ghg,1938,0.194580067
p05,ghg,1939,0.226226122
p05,ghg,1940,0.232456532
p05,ghg,1941,0.205629229
p05,ghg,1942,0.221654556
p05,ghg,1943,0.22783745
p05,ghg,1944,0.230722869
p05,ghg,1945,0.235199465
p05,ghg,1946,0.256193721
p05,ghg,1947,0.240009485
p05,ghg,1948,0.25280809
p05,ghg,1949,0.24662882
p05,ghg,1950,0.244292535
p05,ghg,1951,0.254450372
p05,ghg,1952,0.267573597
p05,ghg,1953,0.275445277
p05,ghg,1954,0.304076438
p05,ghg,1955,0.282658447
p05,ghg,1956,0.296390675
p05,ghg,1957,0.314208526
p05,ghg,1958,0.300411518
p05,ghg,1959,0.314614432
p05,ghg,1960,0.327398064
p05,ghg,1961,0.32901588
p05,ghg,1962,0.330999869
p05,ghg,1963,0.326766999
p05,ghg,1964,0.344461513
p05,ghg,1965,0.340963554
p05,ghg,1966,0.344050914
p05,ghg,1967,0.367331882
p05,ghg,1968,0.378699105
p05,ghg,1969,0.413466017
p05,ghg,1970,0.391139644
p05,ghg,1971,0.392157025
p05,ghg,1972,0.412043417
p05,ghg,1973,0.42745023
p05,ghg,1974,0.440795483
p05,ghg,1975,0.458443619
p05,ghg,1976,0.468986986
p05,ghg,1977,0.513320386
p05,ghg,1978,0.531101992
p05,ghg,1979,0.539215978
p05,ghg,1980,0.563321221
p05,ghg,1981,0.579984279
p05,ghg,1982,0.578474144
p05,ghg,1983,0.600775302
p05,ghg,1984,0.634935877
p05,ghg,1985,0.641537477
p05,ghg,1986,0.671632082
p05,ghg,1987,0.695871239
p05,ghg,1988,0.68500283
p05,ghg,1989,0.705198824
p05,ghg,1990,0.736062655
p05,ghg,1991,0.761271928
p05,ghg,1992,0.776432413
p05,ghg,1993,0.814756866
p05,ghg,1994,0.841271997
p05,ghg,1995,0.843909994
p05,ghg,1996,0.83830907
p05,ghg,1997,0.848986982
p05,ghg,1998,0.877842405
p05,ghg,1999,0.912789342
p05,ghg,2000,0.941020868
p05,ghg,2001,0.943823617
p05,ghg,2002,0.959469386
p05,ghg,2003,0.996964414
p05,ghg,2004,1.013593831
p05,ghg,2005,0.995137914
p05,ghg,2006,1.023301435
p05,ghg,2007,1.03764442
p05,ghg,2008,1.053343024
p05,ghg,2009,1.057487034
p05,ghg,2010,1.059582723
p05,ghg,2011,1.100754652
p05,ghg,2012,1.111318216
p05,ghg,2013,1.139834148
p05,ghg,2014,1.175282772
p05,ghg,2015,1.190934711
p05,ghg,2016,1.204123514
p05,ghg,2017,1.217779834
p05,ghg,2018,1.252495999
p05,ghg,2019,1.254750905
p05,ghg,2020,1.288525353
p05,ghg,2021,1.298894481
p05,ghg,2022,1.329661736
p05,ghg,2023,1.354513028
p05,ghg,2024,1.382505742
p05,ghg,2025,1.40226104
p05,natural,1850,-0.058630106
p05,natural,1851,-0.014071346
p05,natural,1852,-0.002755871
p05,natural,1853,-0.017313566
p05,natural,1854,-0.019387967
p05,natural,1855,-0.001263347
p05,natural,1856,-0.012626159
p05,natural,1857,-0.008901373
p05,natural,1858,-0.030593054
p05,natural,1859,-0.020162378
p05,natural,1860,-0.004262644
p05,natural,1861,-0.035023888
p05,natural,1862,-0.066616681
p05,natural,1863,-0.042027633
p05,natural,1864,-0.041473244
p05,natural,1865,-0.022369345
p05,natural,1866,-0.019677275
p05,natural,1867,-0.012026689
p05,natural,1868,-0.01727445
p05,natural,1869,-0.015221577
p05,natural,1870,-0.018245094
p05,natural,1871,-0.01302018
p05,natural,1872,-0.004889198
p05,natural,1873,-0.016230057
p05,natural,1874,0.000314584
p05,natural,1875,-0.015136207
p05,natural,1876,-0.026993121
p05,natural,1877,-0.021746257
p05,natural,1878,-0.031105775
p05,natural,1879,-0.028001256
p05,natural,1880,-0.016996735
p05,natural,1881,-0.025839891
p05,natural,1882,-0.012445308
p05,natural,1883,-0.033973528
p05,natural,1884,-0.356363205
p05,natural,1885,-0.277577827
p05,natural,1886,-0.214046968
p05,natural,1887,-0.151593129
p05,natural,1888,-0.072065222
p05,natural,1889,-0.069077948
p05,natural,1890,-0.084245994
p05,natural,1891,-0.113157548
p05,natural,1892,-0.081665462
p05,natural,1893,-0.04530074
p05,natural,1894,-0.043054954
p05,natural,1895,-0.060010334
p05,natural,1896,-0.028602
p05,natural,1897,-0.04121885
p05,natural,1898,-0.036728468
p05,natural,1899,-0.054091295
p05,natural,1900,-0.045864033
p05,natural,1901,-0.047433398
p05,natural,1902,-0.040851214
p05,natural,1903,-0.205320845
p05,natural,1904,-0.151783871
p05,natural,1905,-0.111325649
p05,natural,1906,-0.064980293
p05,natural,1907,-0.107304246
p05,natural,1908,-0.073417872
p05,natural,1909,-0.0612213
p05,natural,1910,-0.048920142
p05,natural,1911,-0.040719099
p05,natural,1912,-0.113357687
p05,natural,1913,-0.150868968
p05,natural,1914,-0.105326596
p05,natural,1915,-0.057783712
p05,natural,1916,-0.055733194
p05,natural,1917,-0.076956564
p05,natural,1918,-0.047737804
p05,natural,1919,-0.028437505
p05,natural,1920,-0.018331208
p05,natural,1921,-0.023099274
p05,natural,1922,-0.023971978
p05,natural,1923,-0.036942157
p05,natural,1924,-0.037929537
p05,natural,1925,-0.023011314
p05,natural,1926,-0.027026322
p05,natural,1927,-0.030427649
p05,natural,1928,-0.034484357
p05,natural,1929,-0.043109141
p05,natural,1930,-0.045922418
p05,natural,1931,-0.036089015
p05,natural,1932,-0.038122128
p05,natural,1933,-0.044135525
p05,natural,1934,-0.051279565
p05,natural,1935,-0.032233686
p05,natural,1936,-0.006499949
p05,natural,1937,-0.022707853
p05,natural,1938,-0.018202724
p05,natural,1939,-0.01889938
p05,natural,1940,-0.022914608
p05,natural,1941,-0.001942397
p05,natural,1942,-0.013732259
p05,natural,1943,-0.010513319
p05,natural,1944,-0.00240031
p05,natural,1945,-0.009071858
p05,natural,1946,-0.004965447
p05,natural,1947,-0.015762453
p05,natural,1948,-0.0313022
p05,natural,1949,-0.013261174
p05,natural,1950,-0.008490544
p05,natural,1951,-0.007929772
p05,natural,1952,0.002042674
p05,natural,1953,0.006735888
p05,natural,1954,0.004540265
p05,natural,1955,-0.014743701
p05,natural,1956,-0.014766223
p05,natural,1957,-0.007189243
p05,natural,1958,-0.003034806
p05,natural,1959,0.008710986
p05,natural,1960,0.01443166
p05,natural,1961,-0.000435676
p05,natural,1962,-0.000981871
p05,natural,1963,-0.034580481
p05,natural,1964,-0.096818231
p05,natural,1965,-0.127396009
p05,natural,1966,-0.083116691
p05,natural,1967,-0.045277368
p05,natural,1968,-0.03788456
p05,natural,1969,-0.033792872
p05,natural,1970,-0.025964966
p05,natural,1971,-0.05167764
p05,natural,1972,-0.030854362
p05,natural,1973,-0.025521489
p05,natural,1974,-0.023055466
p05,natural,1975,-0.063001017
p05,natural,1976,-0.057507832
p05,natural,1977,-0.04647741
p05,natural,1978,-0.043403042
p05,natural,1979,-0.021055057
p05,natural,1980,-0.026528476
p05,natural,1981,-0.026274161
p05,natural,1982,-0.03640923
p05,natural,1983,-0.126408421
p05,natural,1984,-0.078746266
p05,natural,1985,-0.094321753
p05,natural,1986,-0.089147963
p05,natural,1987,-0.059358259
p05,natural,1988,-0.046606012
p05,natural,1989,-0.043548514
p05,natural,1990,-0.033723957
p05,natural,1991,-0.08136794
p05,natural,1992,-0.333606169
p05,natural,1993,-0.287368627
p05,natural,1994,-0.22259455
p05,natural,1995,-0.169352367
p05,natural,1996,-0.10924893
p05,natural,1997,-0.110791693
p05,natural,1998,-0.085037359
p05,natural,1999,-0.03696168
p05,natural,2000,-0.027550295
p05,natural,2001,-0.025492282
p05,natural,2002,-0.03616862
p05,natural,2003,-0.028973222
p05,natural,2004,-0.023727066
p05,natural,2005,-0.057074399
p05,natural,2006,-0.065261183
p05,natural,2007,-0.042460962
p05,natural,2008,-0.042508177
p05,natural,2009,-0.047166055
p05,natural,2010,-0.026751708
p05,natural,2011,-0.061481138
p05,natural,2012,-0.051708442
p05,natural,2013,-0.021691214
p05,natural,2014,-0.021712827
p05,natural,2015,-0.026566026
p05,natural,2016,-0.025740064
p05,natural,2017,-0.029452815
p05,natural,2018,-0.029931467
p05,natural,2019,-0.02499464
p05,natural,2020,-0.03976164
p05,natural,2021,-0.063603609
p05,natural,2022,-0.062551016
p05,natural,2023,-0.047833523
p05,natural,2024,-0.041096229
p05,natural,2025,-0.03897271
p05,other_human_forcing,1850,-0.059689013
p05,other_human_forcing,1851,-0.097597243
p05,other_human_forcing,1852,-0.098892009
p05,other_human_forcing,1853,-0.044668716
p05,other_human_forcing,1854,-0.077349533
p05,other_human_forcing,1855,-0.12177046
p05,other_human_forcing,1856,-0.083798919
p05,other_human_forcing,1857,-0.084864703
p05,other_human_forcing,1858,-0.062493033
p05,other_human_forcing,1859,-0.030813563
p05,other_human_forcing,1860,-0.048307731
p05,other_human_forcing,1861,-0.047280789
p05,other_human_forcing,1862,-0.11507874
p05,other_human_forcing,1863,-0.118030753
p05,other_human_forcing,1864,-0.0688809
p05,other_human_forcing,1865,-0.082597511
p05,other_human_forcing,1866,-0.115387634
p05,other_human_forcing,1867,-0.072662033
p05,other_human_forcing,1868,-0.07991288
p05,other_human_forcing,1869,-0.139168514
p05,other_human_forcing,1870,-0.073390996
p05,other_human_forcing,1871,-0.055740455
p05,other_human_forcing,1872,-0.052206203
p05,other_human_forcing,1873,-0.073351083
p05,other_human_forcing,1874,-0.06344866
p05,other_human_forcing,1875,-0.108903407
p05,other_human_forcing,1876,-0.097115432
p05,other_human_forcing,1877,-0.089410081
p05,other_human_forcing,1878,-0.052725904
p05,other_human_forcing,1879,-0.032850023
p05,other_human_forcing,1880,-0.069287845
p05,other_human_forcing,1881,-0.100518648
p05,other_human_forcing,1882,-0.093047861
p05,other_human_forcing,1883,-0.104718788
p05,other_human_forcing,1884,-0.062660357
p05,other_human_forcing,1885,-0.118897371
p05,other_human_forcing,1886,-0.150747046
p05,other_human_forcing,1887,-0.123453004
p05,other_human_forcing,1888,-0.12109584
p05,other_human_forcing,1889,-0.085833896
p05,other_human_forcing,1890,-0.128174264
p05,other_human_forcing,1891,-0.095008186
p05,other_human_forcing,1892,-0.107104015
p05,other_human_forcing,1893,-0.13545249
p05,other_human_forcing,1894,-0.059640712
p05,other_human_forcing,1895,-0.065311544
p05,other_human_forcing,1896,-0.079455202
p05,other_human_forcing,1897,-0.067307556
p05,other_human_forcing,1898,-0.072663984
p05,other_human_forcing,1899,-0.067177682
p05,other_human_forcing,1900,-0.054163033
p05,other_human_forcing,1901,-0.125464213
p05,other_human_forcing,1902,-0.126220866
p05,other_human_forcing,1903,-0.168305926
p05,other_human_forcing,1904,-0.220848622
p05,other_human_forcing,1905,-0.194913299
p05,other_human_forcing,1906,-0.170101793
p05,other_human_forcing,1907,-0.166525327
p05,other_human_forcing,1908,-0.175243906
p05,other_human_forcing,1909,-0.21116439
p05,other_human_forcing,1910,-0.174842795
p05,other_human_forcing,1911,-0.185044376
p05,other_human_forcing,1912,-0.211573949
p05,other_human_forcing,1913,-0.251342378
p05,other_human_forcing,1914,-0.227026179
p05,other_human_forcing,1915,-0.249595865
p05,other_human_forcing,1916,-0.238736074
p05,other_human_forcing,1917,-0.141999803
p05,other_human_forcing,1918,-0.210278788
p05,other_human_forcing,1919,-0.254046462
p05,other_human_forcing,1920,-0.207355564
p05,other_human_forcing,1921,-0.153396288
p05,other_human_forcing,1922,-0.133290124
p05,other_human_forcing,1923,-0.15548772
p05,other_human_forcing,1924,-0.245067115
p05,other_human_forcing,1925,-0.239575177
p05,other_human_forcing,1926,-0.202432322
p05,other_human_forcing,1927,-0.21944858
p05,other_human_forcing,1928,-0.193294761
p05,other_human_forcing,1929,-0.195147397
p05,other_human_forcing,1930,-0.215211003
p05,other_human_forcing,1931,-0.24293536
p05,other_human_forcing,1932,-0.230012316
p05,other_human_forcing,1933,-0.180636178
p05,other_human_forcing,1934,-0.182532472
p05,other_human_forcing,1935,-0.22988044
p05,other_human_forcing,1936,-0.196681019
p05,other_human_forcing,1937,-0.197102594
p05,other_human_forcing,1938,-0.271406697
p05,other_human_forcing,1939,-0.263140663
p05,other_human_forcing,1940,-0.284816478
p05,other_human_forcing,1941,-0.295586283
p05,other_human_forcing,1942,-0.2956552
p05,other_human_forcing,1943,-0.293320592
p05,other_human_forcing,1944,-0.251703776
p05,other_human_forcing,1945,-0.27988367
p05,other_human_forcing,1946,-0.323125449
p05,other_human_forcing,1947,-0.248622604
p05,other_human_forcing,1948,-0.195429881
p05,other_human_forcing,1949,-0.216142082
p05,other_human_forcing,1950,-0.267245814
p05,other_human_forcing,1951,-0.296782653
p05,other_human_forcing,1952,-0.301433816
p05,other_human_forcing,1953,-0.368997687
p05,other_human_forcing,1954,-0.356867622
p05,other_human_forcing,1955,-0.280922846
p05,other_human_forcing,1956,-0.325817158
p05,other_human_forcing,1957,-0.322502475
p05,other_human_forcing,1958,-0.296018332
p05,other_human_forcing,1959,-0.325964476
p05,other_human_forcing,1960,-0.340389271
p05,other_human_forcing,1961,-0.395689454
p05,other_human_forcing,1962,-0.36174714
p05,other_human_forcing,1963,-0.333109879
p05,other_human_forcing,1964,-0.372238118
p05,other_human_forcing,1965,-0.376583752
p05,other_human_forcing,1966,-0.379586022
p05,other_human_forcing,1967,-0.387232118
p05,other_human_forcing,1968,-0.403059475
p05,other_human_forcing,1969,-0.44936205
p05,other_human_forcing,1970,-0.42501621
p05,other_human_forcing,1971,-0.368923936
p05,other_human_forcing,1972,-0.43272572
p05,other_human_forcing,1973,-0.426816969
p05,other_human_forcing,1974,-0.42785045
p05,other_human_forcing,1975,-0.389522684
p05,other_human_forcing,1976,-0.450138983
p05,other_human_forcing,1977,-0.460371734
p05,other_human_forcing,1978,-0.502324138
p05,other_human_forcing,1979,-0.55856106
p05,other_human_forcing,1980,-0.5134708
p05,other_human_forcing,1981,-0.500743777
p05,other_human_forcing,1982,-0.399437877
p05,other_human_forcing,1983,-0.4506905
p05,other_human_forcing,1984,-0.561191296
p05,other_human_forcing,1985,-0.488183803
p05,other_human_forcing,1986,-0.526639733
p05,other_human_forcing,1987,-0.54547112
p05,other_human_forcing,1988,-0.462030312
p05,other_human_forcing,1989,-0.449507155
p05,other_human_forcing,1990,-0.48331015
p05,other_human_forcing,1991,-0.512093286
p05,other_human_forcing,1992,-0.472035026
p05,other_human_forcing,1993,-0.527115215
p05,other_human_forcing,1994,-0.562178037
p05,other_human_forcing,1995,-0.567922142
p05,other_human_forcing,1996,-0.52773824
p05,other_human_forcing,1997,-0.487621651
p05,other_human_forcing,1998,-0.508094262
p05,other_human_forcing,1999,-0.478285202
p05,other_human_forcing,2000,-0.541734055
p05,other_human_forcing,2001,-0.53748844
p05,other_human_forcing,2002,-0.49884107
p05,other_human_forcing,2003,-0.473200983
p05,other_human_forcing,2004,-0.513458749
p05,other_human_forcing,2005,-0.48775572
p05,other_human_forcing,2006,-0.480422435
p05,other_human_forcing,2007,-0.49523827
p05,other_human_forcing,2008,-0.486353543
p05,other_human_forcing,2009,-0.490224093
p05,other_human_forcing,2010,-0.47218744
p05,other_human_forcing,2011,-0.445291198
p05,other_human_forcing,2012,-0.407559159
p05,other_human_forcing,2013,-0.468250228
p05,other_human_forcing,2014,-0.547498257
p05,other_human_forcing,2015,-0.530813973
p05,other_human_forcing,2016,-0.516880434
p05,other_human_forcing,2017,-0.445958685
p05,other_human_forcing,2018,-0.402257419
p05,other_human_forcing,2019,-0.426463803
p05,other_human_forcing,2020,-0.480728495
p05,other_human_forcing,2021,-0.42674364
p05,other_human_forcing,2022,-0.408485101
p05,other_human_forcing,2023,-0.441027277
p05,other_human_forcing,2024,-0.41301002
p05,other_human_forcing,2025,-0.377376088
p17,anthropogenic,1850,-0.119981787
p17,anthropogenic,1851,-0.136928615
p17,anthropogenic,1852,-0.122297395
p17,anthropogenic,1853,-0.085060492
p17,anthropogenic,1854,-0.10643015
p17,anthropogenic,1855,-0.150977292
p17,anthropogenic,1856,-0.126449402
p17,anthropogenic,1857,-0.108221529
p17,anthropogenic,1858,-0.064998467
p17,anthropogenic,1859,-0.017451508
p17,anthropogenic,1860,-0.073344338
p17,anthropogenic,1861,-0.091672041
p17,anthropogenic,1862,-0.145087626
p17,anthropogenic,1863,-0.129479959
p17,anthropogenic,1864,-0.092475931
p17,anthropogenic,1865,-0.128347764
p17,anthropogenic,1866,-0.115922497
p17,anthropogenic,1867,-0.062605514
p17,anthropogenic,1868,-0.065464284
p17,anthropogenic,1869,-0.134187512
p17,anthropogenic,1870,-0.086255424
p17,anthropogenic,1871,-0.075995378
p17,anthropogenic,1872,-0.06373105
p17,anthropogenic,1873,-0.088047522
p17,anthropogenic,1874,-0.053137482
p17,anthropogenic,1875,-0.076400403
p17,anthropogenic,1876,-0.060935378
p17,anthropogenic,1877,-0.082502939
p17,anthropogenic,1878,-0.042336071
p17,anthropogenic,1879,0.012076648
p17,anthropogenic,1880,-0.021934716
p17,anthropogenic,1881,-0.074814878
p17,anthropogenic,1882,-0.055279699
p17,anthropogenic,1883,-0.067047574
p17,anthropogenic,1884,-0.008081215
p17,anthropogenic,1885,-0.067227656
p17,anthropogenic,1886,-0.071565374
p17,anthropogenic,1887,-0.067896081
p17,anthropogenic,1888,-0.050390655
p17,anthropogenic,1889,-0.007908118
p17,anthropogenic,1890,-0.045164126
p17,anthropogenic,1891,-0.05201414
p17,anthropogenic,1892,-0.06302966
p17,anthropogenic,1893,-0.065794034
p17,anthropogenic,1894,0.037623447
p17,anthropogenic,1895,0.00312627
p17,anthropogenic,1896,-0.021402083
p17,anthropogenic,1897,0.018183554
p17,anthropogenic,1898,0.0058551
p17,anthropogenic,1899,0.021662415
p17,anthropogenic,1900,0.041480215
p17,anthropogenic,1901,-0.011629004
p17,anthropogenic,1902,-0.026401539
p17,anthropogenic,1903,-0.064926284
p17,anthropogenic,1904,-0.108230768
p17,anthropogenic,1905,-0.090458922
p17,anthropogenic,1906,-0.078707309
p17,anthropogenic,1907,-0.041409976
p17,anthropogenic,1908,-0.024922537
p17,anthropogenic,1909,-0.063260189
p17,anthropogenic,1910,-0.01970594
p17,anthropogenic,1911,-0.060010542
p17,anthropogenic,1912,-0.051861638
p17,anthropogenic,1913,-0.080246852
p17,anthropogenic,1914,-0.070791508
p17,anthropogenic,1915,-0.078189074
p17,anthropogenic,1916,-0.064541878
p17,anthropogenic,1917,0.056309983
p17,anthropogenic,1918,-0.016619863
p17,anthropogenic,1919,-0.041497729
p17,anthropogenic,1920,0.021299863
p17,anthropogenic,1921,0.047225917
p17,anthropogenic,1922,0.05873003
p17,anthropogenic,1923,0.059711367
p17,anthropogenic,1924,-0.005107181
p17,anthropogenic,1925,0.001556202
p17,anthropogenic,1926,0.04609362
p17,anthropogenic,1927,0.057741644
p17,anthropogenic,1928,0.07375241
p17,anthropogenic,1929,0.063718464
p17,anthropogenic,1930,0.033215576
p17,anthropogenic,1931,0.019897225
p17,anthropogenic,1932,0.053087814
p17,anthropogenic,1933,0.08043861
p17,anthropogenic,1934,0.099585838
p17,anthropogenic,1935,0.065157395
p17,anthropogenic,1936,0.093791399
p17,anthropogenic,1937,0.104095384
p17,anthropogenic,1938,0.030333715
p17,anthropogenic,1939,0.049842246
p17,anthropogenic,1940,0.031733568
p17,anthropogenic,1941,0.009784651
p17,anthropogenic,1942,0.027753528
p17,anthropogenic,1943,0.031739216
p17,anthropogenic,1944,0.075790436
p17,anthropogenic,1945,0.047677347
p17,anthropogenic,1946,0.055672844
p17,anthropogenic,1947,0.090312556
p17,anthropogenic,1948,0.158876919
p17,anthropogenic,1949,0.142565034
p17,anthropogenic,1950,0.074278077
p17,anthropogenic,1951,0.058935963
p17,anthropogenic,1952,0.080046107
p17,anthropogenic,1953,0.002898703
p17,anthropogenic,1954,0.0266399
p17,anthropogenic,1955,0.119247777
p17,anthropogenic,1956,0.066944974
p17,anthropogenic,1957,0.088336318
p17,anthropogenic,1958,0.128666416
p17,anthropogenic,1959,0.089111713
p17,anthropogenic,1960,0.096330889
p17,anthropogenic,1961,0.069498284
p17,anthropogenic,1962,0.075966783
p17,anthropogenic,1963,0.108812737
p17,anthropogenic,1964,0.107034446
p17,anthropogenic,1965,0.095413346
p17,anthropogenic,1966,0.103617822
p17,anthropogenic,1967,0.125299671
p17,anthropogenic,1968,0.107263882
p17,anthropogenic,1969,0.096023991
p17,anthropogenic,1970,0.092945495
p17,anthropogenic,1971,0.14937794
p17,anthropogenic,1972,0.10851904
p17,anthropogenic,1973,0.162532054
p17,anthropogenic,1974,0.162297981
p17,anthropogenic,1975,0.221167021
p17,anthropogenic,1976,0.162316013
p17,anthropogenic,1977,0.236084289
p17,anthropogenic,1978,0.187234479
p17,anthropogenic,1979,0.138998563
p17,anthropogenic,1980,0.235933689
p17,anthropogenic,1981,0.249516646
p17,anthropogenic,1982,0.352273932
p17,anthropogenic,1983,0.333214397
p17,anthropogenic,1984,0.241690931
p17,anthropogenic,1985,0.336558212
p17,anthropogenic,1986,0.333773541
p17,anthropogenic,1987,0.330392518
p17,anthropogenic,1988,0.415099766
p17,anthropogenic,1989,0.459200069
p17,anthropogenic,1990,0.458539441
p17,anthropogenic,1991,0.464539531
p17,anthropogenic,1992,0.508969681
p17,anthropogenic,1993,0.501648372
p17,anthropogenic,1994,0.510301579
p17,anthropogenic,1995,0.486154233
p17,anthropogenic,1996,0.52808522
p17,anthropogenic,1997,0.580387986
p17,anthropogenic,1998,0.606389633
p17,anthropogenic,1999,0.689662246
p17,anthropogenic,2000,0.661013204
p17,anthropogenic,2001,0.646893116
p17,anthropogenic,2002,0.704730776
p17,anthropogenic,2003,0.776583119
p17,anthropogenic,2004,0.757359386
p17,anthropogenic,2005,0.770686427
p17,anthropogenic,2006,0.801761321
p17,anthropogenic,2007,0.794702528
p17,anthropogenic,2008,0.827761013
p17,anthropogenic,2009,0.819105139
p17,anthropogenic,2010,0.860430566
p17,anthropogenic,2011,0.924093345
p17,anthropogenic,2012,0.967705953
p17,anthropogenic,2013,0.931605603
p17,anthropogenic,2014,0.91175775
p17,anthropogenic,2015,0.96637614
p17,anthropogenic,2016,0.987467243
p17,anthropogenic,2017,1.077168417
p17,anthropogenic,2018,1.14292016
p17,anthropogenic,2019,1.127099338
p17,anthropogenic,2020,1.100213649
p17,anthropogenic,2021,1.168932193
p17,anthropogenic,2022,1.234720837
p17,anthropogenic,2023,1.225351951
p17,anthropogenic,2024,1.286402535
p17,anthropogenic,2025,1.342936926
p17,ghg,1850,-0.105104714
p17,ghg,1851,-0.067546033
p17,ghg,1852,-0.060098834
p17,ghg,1853,-0.092158279
p17,ghg,1854,-0.096342788
p17,ghg,1855,-0.086226435
p17,ghg,1856,-0.081164924
p17,ghg,1857,-0.071498781
p17,ghg,1858,-0.061633612
p17,ghg,1859,-0.062187464
p17,ghg,1860,-0.078842123
p17,ghg,1861,-0.097478011
p17,ghg,1862,-0.075518417
p17,ghg,1863,-0.052008748
p17,ghg,1864,-0.057532263
p17,ghg,1865,-0.07820758
p17,ghg,1866,-0.027127911
p17,ghg,1867,-0.039435253
p17,ghg,1868,-0.024400707
p17,ghg,1869,-0.031526463
p17,ghg,1870,-0.064505187
p17,ghg,1871,-0.063137414
p17,ghg,1872,-0.05188088
p17,ghg,1873,-0.05846495
p17,ghg,1874,-0.021976634
p17,ghg,1875,-0.015917371
p17,ghg,1876,-0.009291712
p17,ghg,1877,-0.021668825
p17,ghg,1878,-0.036286139
p17,ghg,1879,-0.028326163
p17,ghg,1880,-0.027283643
p17,ghg,1881,-0.012481451
p17,ghg,1882,0.015491719
p17,ghg,1883,-0.007053914
p17,ghg,1884,0.001651612
p17,ghg,1885,-0.000713557
p17,ghg,1886,0.044550273
p17,ghg,1887,0.034796548
p17,ghg,1888,0.035314964
p17,ghg,1889,0.041791614
p17,ghg,1890,0.039895142
p17,ghg,1891,0.012953199
p17,ghg,1892,0.015666615
p17,ghg,1893,0.011916744
p17,ghg,1894,0.026546381
p17,ghg,1895,0.015721726
p17,ghg,1896,0.01035216
p17,ghg,1897,0.029340796
p17,ghg,1898,0.029162222
p17,ghg,1899,0.02307615
p17,ghg,1900,0.034964592
p17,ghg,1901,0.06826443
p17,ghg,1902,0.05959925
p17,ghg,1903,0.064613234
p17,ghg,1904,0.061200711
p17,ghg,1905,0.051780285
p17,ghg,1906,0.056655101
p17,ghg,1907,0.073614466
p17,ghg,1908,0.093748547
p17,ghg,1909,0.109841988
p17,ghg,1910,0.101878671
p17,ghg,1911,0.083007476
p17,ghg,1912,0.119957873
p17,ghg,1913,0.127819515
p17,ghg,1914,0.116240136
p17,ghg,1915,0.121815398
p17,ghg,1916,0.138762911
p17,ghg,1917,0.136277636
p17,ghg,1918,0.143439476
p17,ghg,1919,0.17075917
p17,ghg,1920,0.181465539
p17,ghg,1921,0.135064893
p17,ghg,1922,0.129076749
p17,ghg,1923,0.161080595
p17,ghg,1924,0.171832087
p17,ghg,1925,0.186478508
p17,ghg,1926,0.198740107
p17,ghg,1927,0.20882595
p17,ghg,1928,0.18624917
p17,ghg,1929,0.188458751
p17,ghg,1930,0.182045291
p17,ghg,1931,0.196100174
p17,ghg,1932,0.212868561
p17,ghg,1933,0.197038884
p17,ghg,1934,0.215504741
p17,ghg,1935,0.216815209
p17,ghg,1936,0.234152433
p17,ghg,1937,0.233695826
p17,ghg,1938,0.230500763
p17,ghg,1939,0.25382927
p17,ghg,1940,0.260530896
p17,ghg,1941,0.239910861
p17,ghg,1942,0.255964269
p17,ghg,1943,0.261401246
p17,ghg,1944,0.263823351
p17,ghg,1945,0.267480354
p17,ghg,1946,0.295517872
p17,ghg,1947,0.272214568
p17,ghg,1948,0.28577074
p17,ghg,1949,0.283375486
p17,ghg,1950,0.277401945
p17,ghg,1951,0.289140448
p17,ghg,1952,0.302806139
p17,ghg,1953,0.308480298
p17,ghg,1954,0.332329159
p17,ghg,1955,0.320720948
p17,ghg,1956,0.329599557
p17,ghg,1957,0.346545178
p17,ghg,1958,0.340954661
p17,ghg,1959,0.348816794
p17,ghg,1960,0.363741478
p17,ghg,1961,0.371728797
p17,ghg,1962,0.367410259
p17,ghg,1963,0.365686222
p17,ghg,1964,0.386139297
p17,ghg,1965,0.377503492
p17,ghg,1966,0.383170465
p17,ghg,1967,0.40824395
p17,ghg,1968,0.421036694
p17,ghg,1969,0.456408857
p17,ghg,1970,0.432598262
p17,ghg,1971,0.430614467
p17,ghg,1972,0.452009298
p17,ghg,1973,0.470946567
p17,ghg,1974,0.486136445
p17,ghg,1975,0.501109907
p17,ghg,1976,0.515770233
p17,ghg,1977,0.56364323
p17,ghg,1978,0.582745124
p17,ghg,1979,0.587169202
p17,ghg,1980,0.611180554
p17,ghg,1981,0.626946277
p17,ghg,1982,0.630916248
p17,ghg,1983,0.65540253
p17,ghg,1984,0.688113931
p17,ghg,1985,0.694072242
p17,ghg,1986,0.72583086
p17,ghg,1987,0.751326021
p17,ghg,1988,0.744381305
p17,ghg,1989,0.765905303
p17,ghg,1990,0.791098683
p17,ghg,1991,0.820202882
p17,ghg,1992,0.837019381
p17,ghg,1993,0.876990395
p17,ghg,1994,0.906583119
p17,ghg,1995,0.908063161
p17,ghg,1996,0.901619943
p17,ghg,1997,0.913961249
p17,ghg,1998,0.946358462
p17,ghg,1999,0.98366094
p17,ghg,2000,1.012728934
p17,ghg,2001,1.015479847
p17,ghg,2002,1.032911233
p17,ghg,2003,1.071444759
p17,ghg,2004,1.088275032
p17,ghg,2005,1.070002943
p17,ghg,2006,1.099127647
p17,ghg,2007,1.114363688
p17,ghg,2008,1.134109382
p17,ghg,2009,1.136466
p17,ghg,2010,1.136838126
p17,ghg,2011,1.18157095
p17,ghg,2012,1.193388105
p17,ghg,2013,1.222414292
p17,ghg,2014,1.261419419
p17,ghg,2015,1.276551658
p17,ghg,2016,1.290595357
p17,ghg,2017,1.307710927
p17,ghg,2018,1.342700978
p17,ghg,2019,1.344608091
p17,ghg,2020,1.380660241
p17,ghg,2021,1.393099957
p17,ghg,2022,1.425178194
p17,ghg,2023,1.451907464
p17,ghg,2024,1.483645245
p17,ghg,2025,1.5037643
p17,natural,1850,-0.040385865
p17,natural,1851,0.000772179
p17,natural,1852,0.014265409
p17,natural,1853,5.6e-05
p17,natural,1854,-0.002728314
p17,natural,1855,0.016374397
p17,natural,1856,0.007357653
p17,natural,1857,0.006939407
p17,natural,1858,-0.012669366
p17,natural,1859,-0.000334262
p17,natural,1860,0.0166145
p17,natural,1861,-0.018288927
p17,natural,1862,-0.047126244
p17,natural,1863,-0.027977233
p17,natural,1864,-0.023635559
p17,natural,1865,-0.004413343
p17,natural,1866,-0.000949854
p17,natural,1867,0.005346272
p17,natural,1868,0.000765466
p17,natural,1869,0.00494458
p17,natural,1870,0.000482808
p17,natural,1871,0.006095187
p17,natural,1872,0.014550621
p17,natural,1873,0.007226037
p17,natural,1874,0.02147101
p17,natural,1875,0.006538502
p17,natural,1876,-0.002160393
p17,natural,1877,0.000450935
p17,natural,1878,-0.011756109
p17,natural,1879,-0.012175371
p17,natural,1880,-0.000207722
p17,natural,1881,-0.006653986
p17,natural,1882,0.006013901
p17,natural,1883,-0.018187491
p17,natural,1884,-0.293523773
p17,natural,1885,-0.228517346
p17,natural,1886,-0.173873368
p17,natural,1887,-0.121754536
p17,natural,1888,-0.05559775
p17,natural,1889,-0.053663513
p17,natural,1890,-0.063456103
p17,natural,1891,-0.089781509
p17,natural,1892,-0.063512595
p17,natural,1893,-0.03069767
p17,natural,1894,-0.029788316
p17,natural,1895,-0.040373768
p17,natural,1896,-0.015280578
p17,natural,1897,-0.02202304
p17,natural,1898,-0.016348096
p17,natural,1899,-0.034719101
p17,natural,1900,-0.024081117
p17,natural,1901,-0.02483313
p17,natural,1902,-0.021140533
p17,natural,1903,-0.166861293
p17,natural,1904,-0.121465737
p17,natural,1905,-0.085327551
p17,natural,1906,-0.038603073
p17,natural,1907,-0.077899556
p17,natural,1908,-0.044524114
p17,natural,1909,-0.033969733
p17,natural,1910,-0.026073396
p17,natural,1911,-0.017016771
p17,natural,1912,-0.08879909
p17,natural,1913,-0.116522109
p17,natural,1914,-0.074295238
p17,natural,1915,-0.037264958
p17,natural,1916,-0.035718972
p17,natural,1917,-0.048900675
p17,natural,1918,-0.019903572
p17,natural,1919,-0.001786894
p17,natural,1920,0.002385451
p17,natural,1921,-0.000580076
p17,natural,1922,-0.00057596
p17,natural,1923,-0.015943911
p17,natural,1924,-0.012374086
p17,natural,1925,0.005302603
p17,natural,1926,-0.001793864
p17,natural,1927,-0.004768797
p17,natural,1928,-0.005521339
p17,natural,1929,-0.018301541
p17,natural,1930,-0.013839995
p17,natural,1931,0.000405003
p17,natural,1932,-0.012443294
p17,natural,1933,-0.021403404
p17,natural,1934,-0.022270997
p17,natural,1935,0.00069057
p17,natural,1936,0.018708304
p17,natural,1937,0.01150822
p17,natural,1938,0.015476759
p17,natural,1939,0.012678195
p17,natural,1940,0.008962261
p17,natural,1941,0.03282743
p17,natural,1942,0.027260454
p17,natural,1943,0.023507871
p17,natural,1944,0.027981429
p17,natural,1945,0.022615173
p17,natural,1946,0.025848935
p17,natural,1947,0.02023375
p17,natural,1948,0.007765442
p17,natural,1949,0.022679477
p17,natural,1950,0.02821613
p17,natural,1951,0.026925152
p17,natural,1952,0.034424081
p17,natural,1953,0.040960104
p17,natural,1954,0.034591098
p17,natural,1955,0.020223918
p17,natural,1956,0.020285934
p17,natural,1957,0.033406568
p17,natural,1958,0.039222104
p17,natural,1959,0.045709229
p17,natural,1960,0.050982485
p17,natural,1961,0.038364537
p17,natural,1962,0.031788421
p17,natural,1963,-0.007604899
p17,natural,1964,-0.0721201
p17,natural,1965,-0.097703875
p17,natural,1966,-0.058353638
p17,natural,1967,-0.025825587
p17,natural,1968,-0.016914833
p17,natural,1969,-0.010547319
p17,natural,1970,-0.001781239
p17,natural,1971,-0.022241121
p17,natural,1972,-0.004025835
p17,natural,1973,-0.000611282
p17,natural,1974,-0.004788872
p17,natural,1975,-0.042655715
p17,natural,1976,-0.035252051
p17,natural,1977,-0.027115117
p17,natural,1978,-0.01691334
p17,natural,1979,0.007393514
p17,natural,1980,0.002489384
p17,natural,1981,-0.00099637
p17,natural,1982,-0.018140541
p17,natural,1983,-0.100917865
p17,natural,1984,-0.058152638
p17,natural,1985,-0.070572633
p17,natural,1986,-0.064351027
p17,natural,1987,-0.03406013
p17,natural,1988,-0.022360808
p17,natural,1989,-0.016426605
p17,natural,1990,-0.012257535
p17,natural,1991,-0.059297855
p17,natural,1992,-0.273700784
p17,natural,1993,-0.234633861
p17,natural,1994,-0.179481834
p17,natural,1995,-0.133933607
p17,natural,1996,-0.084018817
p17,natural,1997,-0.083584212
p17,natural,1998,-0.061120133
p17,natural,1999,-0.020232643
p17,natural,2000,-0.001267404
p17,natural,2001,0.000928479
p17,natural,2002,-0.008976638
p17,natural,2003,-0.001998873
p17,natural,2004,-0.001007009
p17,natural,2005,-0.034177017
p17,natural,2006,-0.041061387
p17,natural,2007,-0.019101342
p17,natural,2008,-0.021811533
p17,natural,2009,-0.024655155
p17,natural,2010,-0.007589139
p17,natural,2011,-0.037943542
p17,natural,2012,-0.027336072
p17,natural,2013,-3.99e-06
p17,natural,2014,-0.001307896
p17,natural,2015,-0.004940232
p17,natural,2016,-0.005520998
p17,natural,2017,-0.011717807
p17,natural,2018,-0.010707397
p17,natural,2019,-0.002576897
p17,natural,2020,-0.014060713
p17,natural,2021,-0.038515234
p17,natural,2022,-0.041559504
p17,natural,2023,-0.025619751
p17,natural,2024,-0.0229556
p17,natural,2025,-0.019628456
p17,other_human_forcing,1850,-0.026947796
p17,other_human_forcing,1851,-0.070031897
p17,other_human_forcing,1852,-0.069151008
p17,other_human_forcing,1853,-0.020414414
p17,other_human_forcing,1854,-0.028092034
p17,other_human_forcing,1855,-0.060388079
p17,other_human_forcing,1856,-0.053680473
p17,other_human_forcing,1857,-0.047973186
p17,other_human_forcing,1858,-0.024945107
p17,other_human_forcing,1859,0.00684409
p17,other_human_forcing,1860,-0.016896632
p17,other_human_forcing,1861,-0.015262836
p17,other_human_forcing,1862,-0.064355201
p17,other_human_forcing,1863,-0.065220135
p17,other_human_forcing,1864,-0.044298966
p17,other_human_forcing,1865,-0.047836071
p17,other_human_forcing,1866,-0.078280861
p17,other_human_forcing,1867,-0.037133423
p17,other_human_forcing,1868,-0.050068439
p17,other_human_forcing,1869,-0.086829322
p17,other_human_forcing,1870,-0.034624326
p17,other_human_forcing,1871,-0.02417902
p17,other_human_forcing,1872,-0.025312845
p17,other_human_forcing,1873,-0.039068954
p17,other_human_forcing,1874,-0.038901598
p17,other_human_forcing,1875,-0.063033113
p17,other_human_forcing,1876,-0.057793112
p17,other_human_forcing,1877,-0.062465172
p17,other_human_forcing,1878,-0.027018813
p17,other_human_forcing,1879,0.004563839
p17,other_human_forcing,1880,-0.024899478
p17,other_human_forcing,1881,-0.064198189
p17,other_human_forcing,1882,-0.066901524
p17,other_human_forcing,1883,-0.060141808
p17,other_human_forcing,1884,-0.026504106
p17,other_human_forcing,1885,-0.069632741
p17,other_human_forcing,1886,-0.105081111
p17,other_human_forcing,1887,-0.093143713
p17,other_human_forcing,1888,-0.086131142
p17,other_human_forcing,1889,-0.058681012
p17,other_human_forcing,1890,-0.092678775
p17,other_human_forcing,1891,-0.06904243
p17,other_human_forcing,1892,-0.073223945
p17,other_human_forcing,1893,-0.079908341
p17,other_human_forcing,1894,-0.031271022
p17,other_human_forcing,1895,-0.033985465
p17,other_human_forcing,1896,-0.051991006
p17,other_human_forcing,1897,-0.039942795
p17,other_human_forcing,1898,-0.043958309
p17,other_human_forcing,1899,-0.033222249
p17,other_human_forcing,1900,-0.026527557
p17,other_human_forcing,1901,-0.08576018
p17,other_human_forcing,1902,-0.092252264
p17,other_human_forcing,1903,-0.12450802
p17,other_human_forcing,1904,-0.151736474
p17,other_human_forcing,1905,-0.126516268
p17,other_human_forcing,1906,-0.129780663
p17,other_human_forcing,1907,-0.117640311
p17,other_human_forcing,1908,-0.131951997
p17,other_human_forcing,1909,-0.158911939
p17,other_human_forcing,1910,-0.126805838
p17,other_human_forcing,1911,-0.135396786
p17,other_human_forcing,1912,-0.143852281
p17,other_human_forcing,1913,-0.174706934
p17,other_human_forcing,1914,-0.174424935
p17,other_human_forcing,1915,-0.195652261
p17,other_human_forcing,1916,-0.175840541
p17,other_human_forcing,1917,-0.091496499
p17,other_human_forcing,1918,-0.147942363
p17,other_human_forcing,1919,-0.192146476
p17,other_human_forcing,1920,-0.15928269
p17,other_human_forcing,1921,-0.113537922
p17,other_human_forcing,1922,-0.08789709
p17,other_human_forcing,1923,-0.114904327
p17,other_human_forcing,1924,-0.18304305
p17,other_human_forcing,1925,-0.184106794
p17,other_human_forcing,1926,-0.158374481
p17,other_human_forcing,1927,-0.167907286
p17,other_human_forcing,1928,-0.143112718
p17,other_human_forcing,1929,-0.134557575
p17,other_human_forcing,1930,-0.146817862
p17,other_human_forcing,1931,-0.183849797
p17,other_human_forcing,1932,-0.173873104
p17,other_human_forcing,1933,-0.131872778
p17,other_human_forcing,1934,-0.139684475
p17,other_human_forcing,1935,-0.178854168
p17,other_human_forcing,1936,-0.149544592
p17,other_human_forcing,1937,-0.144125415
p17,other_human_forcing,1938,-0.191661894
p17,other_human_forcing,1939,-0.208976402
p17,other_human_forcing,1940,-0.224239434
p17,other_human_forcing,1941,-0.230277695
p17,other_human_forcing,1942,-0.231419763
p17,other_human_forcing,1943,-0.212943405
p17,other_human_forcing,1944,-0.186302399
p17,other_human_forcing,1945,-0.212658582
p17,other_human_forcing,1946,-0.255605098
p17,other_human_forcing,1947,-0.194831034
p17,other_human_forcing,1948,-0.142498915
p17,other_human_forcing,1949,-0.157775924
p17,other_human_forcing,1950,-0.195446026
p17,other_human_forcing,1951,-0.22941924
p17,other_human_forcing,1952,-0.240074268
p17,other_human_forcing,1953,-0.289829812
p17,other_human_forcing,1954,-0.274277549
p17,other_human_forcing,1955,-0.219905685
p17,other_human_forcing,1956,-0.251926928
p17,other_human_forcing,1957,-0.252221576
p17,other_human_forcing,1958,-0.230896008
p17,other_human_forcing,1959,-0.25259825
p17,other_human_forcing,1960,-0.266575962
p17,other_human_forcing,1961,-0.315020709
p17,other_human_forcing,1962,-0.281323904
p17,other_human_forcing,1963,-0.257687527
p17,other_human_forcing,1964,-0.296621152
p17,other_human_forcing,1965,-0.304195616
p17,other_human_forcing,1966,-0.306310135
p17,other_human_forcing,1967,-0.312361939
p17,other_human_forcing,1968,-0.318938986
p17,other_human_forcing,1969,-0.355197278
p17,other_human_forcing,1970,-0.335520911
p17,other_human_forcing,1971,-0.294615814
p17,other_human_forcing,1972,-0.34530805
p17,other_human_forcing,1973,-0.345767931
p17,other_human_forcing,1974,-0.341930237
p17,other_human_forcing,1975,-0.314461395
p17,other_human_forcing,1976,-0.354194733
p17,other_human_forcing,1977,-0.372273899
p17,other_human_forcing,1978,-0.395240388
p17,other_human_forcing,1979,-0.447086843
p17,other_human_forcing,1980,-0.417477647
p17,other_human_forcing,1981,-0.405006381
p17,other_human_forcing,1982,-0.318341844
p17,other_human_forcing,1983,-0.360592245
p17,other_human_forcing,1984,-0.444690871
p17,other_human_forcing,1985,-0.39330956
p17,other_human_forcing,1986,-0.424207362
p17,other_human_forcing,1987,-0.434199095
p17,other_human_forcing,1988,-0.366426474
p17,other_human_forcing,1989,-0.359512977
p17,other_human_forcing,1990,-0.393014268
p17,other_human_forcing,1991,-0.415290322
p17,other_human_forcing,1992,-0.378694093
p17,other_human_forcing,1993,-0.424242687
p17,other_human_forcing,1994,-0.454236924
p17,other_human_forcing,1995,-0.452624828
p17,other_human_forcing,1996,-0.424800408
p17,other_human_forcing,1997,-0.391294042
p17,other_human_forcing,1998,-0.409499133
p17,other_human_forcing,1999,-0.388387692
p17,other_human_forcing,2000,-0.440169116
p17,other_human_forcing,2001,-0.430995995
p17,other_human_forcing,2002,-0.399200209
p17,other_human_forcing,2003,-0.381435338
p17,other_human_forcing,2004,-0.41479725
p17,other_human_forcing,2005,-0.395521362
p17,other_human_forcing,2006,-0.387939614
p17,other_human_forcing,2007,-0.395787922
p17,other_human_forcing,2008,-0.38524181
p17,other_human_forcing,2009,-0.386065563
p17,other_human_forcing,2010,-0.384395186
p17,other_human_forcing,2011,-0.3585133
p17,other_human_forcing,2012,-0.324131797
p17,other_human_forcing,2013,-0.364909696
p17,other_human_forcing,2014,-0.43821788
p17,other_human_forcing,2015,-0.433069435
p17,other_human_forcing,2016,-0.420202844
p17,other_human_forcing,2017,-0.362299658
p17,other_human_forcing,2018,-0.324477385
p17,other_human_forcing,2019,-0.346439153
p17,other_human_forcing,2020,-0.379562928
p17,other_human_forcing,2021,-0.334836327
p17,other_human_forcing,2022,-0.332204516
p17,other_human_forcing,2023,-0.352811284
p17,other_human_forcing,2024,-0.317661446
p17,other_human_forcing,2025,-0.299369912
p50,anthropogenic,1850,-0.058809761
p50,anthropogenic,1851,-0.091763387
p50,anthropogenic,1852,-0.073574193
p50,anthropogenic,1853,-0.047243882
p50,anthropogenic,1854,-0.013252553
p50,anthropogenic,1855,-0.02886533
p50,anthropogenic,1856,-0.073395392
p50,anthropogenic,1857,-0.039697186
p50,anthropogenic,1858,0.003973114
p50,anthropogenic,1859,0.045718529
p50,anthropogenic,1860,-0.017370121
p50,anthropogenic,1861,-0.034251332
p50,anthropogenic,1862,-0.044703404
p50,anthropogenic,1863,-0.023258312
p50,anthropogenic,1864,-0.050085714
p50,anthropogenic,1865,-0.060520452
p50,anthropogenic,1866,-0.045606435
p50,anthropogenic,1867,0.004049752
p50,anthropogenic,1868,-0.011295515
p50,anthropogenic,1869,-0.0302125
p50,anthropogenic,1870,-0.012762025
p50,anthropogenic,1871,-0.016354085
p50,anthropogenic,1872,-0.014341495
p50,anthropogenic,1873,-0.023242714
p50,anthropogenic,1874,-0.008282553
p50,anthropogenic,1875,0.01294754
p50,anthropogenic,1876,0.014192253
p50,anthropogenic,1877,-0.03582698
p50,anthropogenic,1878,0.001939444
p50,anthropogenic,1879,0.07626493
p50,anthropogenic,1880,0.059261457
p50,anthropogenic,1881,-0.006313493
p50,anthropogenic,1882,-0.00940882
p50,anthropogenic,1883,0.020612587
p50,anthropogenic,1884,0.060621899
p50,anthropogenic,1885,0.028712374
p50,anthropogenic,1886,0.013724044
p50,anthropogenic,1887,-0.018888364
p50,anthropogenic,1888,0.010713421
p50,anthropogenic,1889,0.039629909
p50,anthropogenic,1890,0.012653816
p50,anthropogenic,1891,-0.010138097
p50,anthropogenic,1892,0.000420689
p50,anthropogenic,1893,0.042773505
p50,anthropogenic,1894,0.080188492
p50,anthropogenic,1895,0.060128949
p50,anthropogenic,1896,0.02337703
p50,anthropogenic,1897,0.062819961
p50,anthropogenic,1898,0.056045134
p50,anthropogenic,1899,0.081035209
p50,anthropogenic,1900,0.087660058
p50,anthropogenic,1901,0.060535707
p50,anthropogenic,1902,0.02865866
p50,anthropogenic,1903,0.007905326
p50,anthropogenic,1904,0.022860895
p50,anthropogenic,1905,0.043789732
p50,anthropogenic,1906,-0.018213577
p50,anthropogenic,1907,0.04498636
p50,anthropogenic,1908,0.037573989
p50,anthropogenic,1909,0.02267104
p50,anthropogenic,1910,0.061426042
p50,anthropogenic,1911,0.025623145
p50,anthropogenic,1912,0.081103176
p50,anthropogenic,1913,0.067613964
p50,anthropogenic,1914,0.008535195
p50,anthropogenic,1915,-0.00922241
p50,anthropogenic,1916,0.047770663
p50,anthropogenic,1917,0.152773119
p50,anthropogenic,1918,0.099925789
p50,anthropogenic,1919,0.060682018
p50,anthropogenic,1920,0.093272106
p50,anthropogenic,1921,0.104883039
p50,anthropogenic,1922,0.142204878
p50,anthropogenic,1923,0.12495093
p50,anthropogenic,1924,0.09354111
p50,anthropogenic,1925,0.083422763
p50,anthropogenic,1926,0.104191773
p50,anthropogenic,1927,0.130561376
p50,anthropogenic,1928,0.147810863
p50,anthropogenic,1929,0.175403431
p50,anthropogenic,1930,0.163202996
p50,anthropogenic,1931,0.110179382
p50,anthropogenic,1932,0.137902776
p50,anthropogenic,1933,0.161849565
p50,anthropogenic,1934,0.158173086
p50,anthropogenic,1935,0.12596244
p50,anthropogenic,1936,0.166852479
p50,anthropogenic,1937,0.193807807
p50,anthropogenic,1938,0.178418495
p50,anthropogenic,1939,0.112896346
p50,anthropogenic,1940,0.111241797
p50,anthropogenic,1941,0.099094744
p50,anthropogenic,1942,0.112405198
p50,anthropogenic,1943,0.177668888
p50,anthropogenic,1944,0.188427253
p50,anthropogenic,1945,0.155721632
p50,anthropogenic,1946,0.132921518
p50,anthropogenic,1947,0.159597534
p50,anthropogenic,1948,0.251175362
p50,anthropogenic,1949,0.242659316
p50,anthropogenic,1950,0.202503415
p50,anthropogenic,1951,0.157830446
p50,anthropogenic,1952,0.145104292
p50,anthropogenic,1953,0.110552343
p50,anthropogenic,1954,0.159111606
p50,anthropogenic,1955,0.197694059
p50,anthropogenic,1956,0.178864258
p50,anthropogenic,1957,0.187855969
p50,anthropogenic,1958,0.21509015
p50,anthropogenic,1959,0.198809056
p50,anthropogenic,1960,0.198086292
p50,anthropogenic,1961,0.158140094
p50,anthropogenic,1962,0.193761101
p50,anthropogenic,1963,0.220471773
p50,anthropogenic,1964,0.188988013
p50,anthropogenic,1965,0.154293463
p50,anthropogenic,1966,0.162842862
p50,anthropogenic,1967,0.186583173
p50,anthropogenic,1968,0.211572552
p50,anthropogenic,1969,0.217038889
p50,anthropogenic,1970,0.209033144
p50,anthropogenic,1971,0.232085227
p50,anthropogenic,1972,0.208787517
p50,anthropogenic,1973,0.220505348
p50,anthropogenic,1974,0.255163743
p50,anthropogenic,1975,0.285751945
p50,anthropogenic,1976,0.29132606
p50,anthropogenic,1977,0.304798509
p50,anthropogenic,1978,0.332004849
p50,anthropogenic,1979,0.263285205
p50,anthropogenic,1980,0.301047473
p50,anthropogenic,1981,0.334580025
p50,anthropogenic,1982,0.445608424
p50,anthropogenic,1983,0.430729734
p50,anthropogenic,1984,0.39281225
p50,anthropogenic,1985,0.430192049
p50,anthropogenic,1986,0.436220264
p50,anthropogenic,1987,0.468628336
p50,anthropogenic,1988,0.535520885
p50,anthropogenic,1989,0.559260759
p50,anthropogenic,1990,0.528687091
p50,anthropogenic,1991,0.545821202
p50,anthropogenic,1992,0.613503997
p50,anthropogenic,1993,0.610575383
p50,anthropogenic,1994,0.61261069
p50,anthropogenic,1995,0.629966215
p50,anthropogenic,1996,0.637809051
p50,anthropogenic,1997,0.689670642
p50,anthropogenic,1998,0.707155339
p50,anthropogenic,1999,0.764039308
p50,anthropogenic,2000,0.743378763
p50,anthropogenic,2001,0.769975452
p50,anthropogenic,2002,0.824424755
p50,anthropogenic,2003,0.877396471
p50,anthropogenic,2004,0.860282365
p50,anthropogenic,2005,0.856462336
p50,anthropogenic,2006,0.900796419
p50,anthropogenic,2007,0.92104178
p50,anthropogenic,2008,0.967204529
p50,anthropogenic,2009,0.972110907
p50,anthropogenic,2010,0.938875584
p50,anthropogenic,2011,1.028329729
p50,anthropogenic,2012,1.087011482
p50,anthropogenic,2013,1.099080853
p50,anthropogenic,2014,1.049341725
p50,anthropogenic,2015,1.048741313
p50,anthropogenic,2016,1.08194329
p50,anthropogenic,2017,1.164654178
p50,anthropogenic,2018,1.246593131
p50,anthropogenic,2019,1.220103299
p50,anthropogenic,2020,1.25618257
p50,anthropogenic,2021,1.319984567
p50,anthropogenic,2022,1.328079637
p50,anthropogenic,2023,1.353309208
p50,anthropogenic,2024,1.459615148
p50,anthropogenic,2025,1.473263275
p50,ghg,1850,-0.080368256
p50,ghg,1851,-0.041414101
p50,ghg,1852,-0.029800966
p50,ghg,1853,-0.062348107
p50,ghg,1854,-0.067855793
p50,ghg,1855,-0.06085455
p50,ghg,1856,-0.051846092
p50,ghg,1857,-0.041251718
p50,ghg,1858,-0.033657634
p50,ghg,1859,-0.038984095
p50,ghg,1860,-0.053025053
p50,ghg,1861,-0.072245067
p50,ghg,1862,-0.04971048
p50,ghg,1863,-0.032457728
p50,ghg,1864,-0.032458824
p50,ghg,1865,-0.056829557
p50,ghg,1866,-0.00509379
p50,ghg,1867,-0.012783274
p50,ghg,1868,0.001735892
p50,ghg,1869,-0.008041926
p50,ghg,1870,-0.038201112
p50,ghg,1871,-0.042248126
p50,ghg,1872,-0.029837216
p50,ghg,1873,-0.033226835
p50,ghg,1874,-0.000796057
p50,ghg,1875,0.011675275
p50,ghg,1876,0.018120816
p50,ghg,1877,0.001575529
p50,ghg,1878,-0.009966923
p50,ghg,1879,-0.006783393
p50,ghg,1880,0.004861761
p50,ghg,1881,0.013599111
p50,ghg,1882,0.033974585
p50,ghg,1883,0.017308093
p50,ghg,1884,0.024153011
p50,ghg,1885,0.02907399
p50,ghg,1886,0.071197475
p50,ghg,1887,0.053574636
p50,ghg,1888,0.062587108
p50,ghg,1889,0.066484908
p50,ghg,1890,0.072478139
p50,ghg,1891,0.036612657
p50,ghg,1892,0.037114273
p50,ghg,1893,0.044451199
p50,ghg,1894,0.06400771
p50,ghg,1895,0.043348382
p50,ghg,1896,0.04139637
p50,ghg,1897,0.061737855
p50,ghg,1898,0.058407744
p50,ghg,1899,0.056795612
p50,ghg,1900,0.065814545
p50,ghg,1901,0.099573152
p50,ghg,1902,0.089781608
p50,ghg,1903,0.096322834
p50,ghg,1904,0.099572822
p50,ghg,1905,0.085485866
p50,ghg,1906,0.085889923
p50,ghg,1907,0.11170277
p50,ghg,1908,0.135377993
p50,ghg,1909,0.14170086
p50,ghg,1910,0.141434011
p50,ghg,1911,0.116795795
p50,ghg,1912,0.145754895
p50,ghg,1913,0.15889924
p50,ghg,1914,0.149359848
p50,ghg,1915,0.159663239
p50,ghg,1916,0.168271931
p50,ghg,1917,0.173083446
p50,ghg,1918,0.179367718
p50,ghg,1919,0.204904433
p50,ghg,1920,0.216256235
p50,ghg,1921,0.179331961
p50,ghg,1922,0.168003025
p50,ghg,1923,0.198605921
p50,ghg,1924,0.222750493
p50,ghg,1925,0.227340325
p50,ghg,1926,0.232907735
p50,ghg,1927,0.256454343
p50,ghg,1928,0.240753327
p50,ghg,1929,0.234710495
p50,ghg,1930,0.225362741
p50,ghg,1931,0.245066947
p50,ghg,1932,0.262786805
p50,ghg,1933,0.240990814
p50,ghg,1934,0.259749513
p50,ghg,1935,0.268346523
p50,ghg,1936,0.273335976
p50,ghg,1937,0.27981315
p50,ghg,1938,0.280105533
p50,ghg,1939,0.291947904
p50,ghg,1940,0.299300256
p50,ghg,1941,0.287252162
p50,ghg,1942,0.303344349
p50,ghg,1943,0.307751249
p50,ghg,1944,0.309533539
p50,ghg,1945,0.312058724
p50,ghg,1946,0.349822652
p50,ghg,1947,0.316688254
p50,ghg,1948,0.331290589
p50,ghg,1949,0.334120881
p50,ghg,1950,0.323124463
p50,ghg,1951,0.337045792
p50,ghg,1952,0.351460602
p50,ghg,1953,0.354100089
p50,ghg,1954,0.371344823
p50,ghg,1955,0.373283448
p50,ghg,1956,0.37545944
p50,ghg,1957,0.391200554
p50,ghg,1958,0.39694281
p50,ghg,1959,0.396048628
p50,ghg,1960,0.413930003
p50,ghg,1961,0.430713302
p50,ghg,1962,0.417691274
p50,ghg,1963,0.419431815
p50,ghg,1964,0.443694332
p50,ghg,1965,0.427963406
p50,ghg,1966,0.437192702
p50,ghg,1967,0.464741568
p50,ghg,1968,0.479502889
p50,ghg,1969,0.515710873
p50,ghg,1970,0.489850638
p50,ghg,1971,0.483722363
p50,ghg,1972,0.507200276
p50,ghg,1973,0.531012938
p50,ghg,1974,0.548750154
p50,ghg,1975,0.560030019
p50,ghg,1976,0.580375668
p50,ghg,1977,0.633136681
p50,ghg,1978,0.654061831
p50,ghg,1979,0.653390322
p50,ghg,1980,0.677272014
p50,ghg,1981,0.691798561
p50,ghg,1982,0.703336297
p50,ghg,1983,0.730840131
p50,ghg,1984,0.761550292
p50,ghg,1985,0.76662025
p50,ghg,1986,0.800676793
p50,ghg,1987,0.827906433
p50,ghg,1988,0.82638015
p50,ghg,1989,0.849738059
p50,ghg,1990,0.867100816
p50,ghg,1991,0.901583724
p50,ghg,1992,0.920687099
p50,ghg,1993,0.962931936
p50,ghg,1994,0.99677467
p50,ghg,1995,0.99665563
p50,ghg,1996,0.989049244
p50,ghg,1997,1.003687617
p50,ghg,1998,1.040975875
p50,ghg,1999,1.081531242
p50,ghg,2000,1.111754358
p50,ghg,2001,1.11443369
p50,ghg,2002,1.134330925
p50,ghg,2003,1.174298569
p50,ghg,2004,1.191406216
p50,ghg,2005,1.173387984
p50,ghg,2006,1.203840035
p50,ghg,2007,1.220309345
p50,ghg,2008,1.245643877
p50,ghg,2009,1.24553219
p50,ghg,2010,1.24352416
p50,ghg,2011,1.29317441
p50,ghg,2012,1.306722713
p50,ghg,2013,1.336453538
p50,ghg,2014,1.380370026
p50,ghg,2015,1.394784585
p50,ghg,2016,1.410008855
p50,ghg,2017,1.431901484
p50,ghg,2018,1.467269758
p50,ghg,2019,1.468696587
p50,ghg,2020,1.507894133
p50,ghg,2021,1.523193233
p50,ghg,2022,1.557081873
p50,ghg,2023,1.586404543
p50,ghg,2024,1.623314082
p50,ghg,2025,1.64393547
p50,natural,1850,-0.015191435
p50,natural,1851,0.021270381
p50,natural,1852,0.037770987
p50,natural,1853,0.024042558
p50,natural,1854,0.020277875
p50,natural,1855,0.040731281
p50,natural,1856,0.034954346
p50,natural,1857,0.02881477
p50,natural,1858,0.012082393
p50,natural,1859,0.027047422
p50,natural,1860,0.045444843
p50,natural,1861,0.004821258
p50,natural,1862,-0.020210877
p50,natural,1863,-0.0085743
p50,natural,1864,0.000997435
p50,natural,1865,0.020383041
p50,natural,1866,0.024911822
p50,natural,1867,0.029337504
p50,natural,1868,0.025677732
p50,natural,1869,0.032793083
p50,natural,1870,0.02634515
p50,natural,1871,0.032492597
p50,natural,1872,0.041396087
p50,natural,1873,0.039617784
p50,natural,1874,0.050687026
p50,natural,1875,0.036470242
p50,natural,1876,0.032132421
p50,natural,1877,0.0311042
p50,natural,1878,0.01496486
p50,natural,1879,0.009679422
p50,natural,1880,0.022977106
p50,natural,1881,0.019840836
p50,natural,1882,0.031505188
p50,natural,1883,0.003612274
p50,natural,1884,-0.20674551
p50,natural,1885,-0.160767158
p50,natural,1886,-0.118395539
p50,natural,1887,-0.080548861
p50,natural,1888,-0.032856954
p50,natural,1889,-0.032376911
p50,natural,1890,-0.034746255
p50,natural,1891,-0.057500313
p50,natural,1892,-0.038444349
p50,natural,1893,-0.010531526
p50,natural,1894,-0.011467722
p50,natural,1895,-0.013256605
p50,natural,1896,0.003115672
p50,natural,1897,0.004485461
p50,natural,1898,0.011796228
p50,natural,1899,-0.007967023
p50,natural,1900,0.006000052
p50,natural,1901,0.006376766
p50,natural,1902,0.00607898
p50,natural,1903,-0.113750483
p50,natural,1904,-0.079597837
p50,natural,1905,-0.049425415
p50,natural,1906,-0.002177389
p50,natural,1907,-0.037293079
p50,natural,1908,-0.00462321
p50,natural,1909,0.003663383
p50,natural,1910,0.005476873
p50,natural,1911,0.015715016
p50,natural,1912,-0.054884837
p50,natural,1913,-0.069090733
p50,natural,1914,-0.03144241
p50,natural,1915,-0.008929537
p50,natural,1916,-0.008080286
p50,natural,1917,-0.010156827
p50,natural,1918,0.018534177
p50,natural,1919,0.03501633
p50,natural,1920,0.030994171
p50,natural,1921,0.030517865
p50,natural,1922,0.031732827
p50,natural,1923,0.013053667
p50,natural,1924,0.022916776
p50,natural,1925,0.044402775
p50,natural,1926,0.033050958
p50,natural,1927,0.030664855
p50,natural,1928,0.034475209
p50,natural,1929,0.015956574
p50,natural,1930,0.030464304
p50,natural,1931,0.050801503
p50,natural,1932,0.023017955
p50,natural,1933,0.009988574
p50,natural,1934,0.017788454
p50,natural,1935,0.046157399
p50,natural,1936,0.053519701
p50,natural,1937,0.058758987
p50,natural,1938,0.061986522
p50,natural,1939,0.056285322
p50,natural,1940,0.052982699
p50,natural,1941,0.080842906
p50,natural,1942,0.083869438
p50,natural,1943,0.070489515
p50,natural,1944,0.069937165
p50,natural,1945,0.066373454
p50,natural,1946,0.068402129
p50,natural,1947,0.069942792
p50,natural,1948,0.061715994
p50,natural,1949,0.072311806
p50,natural,1950,0.078906299
p50,natural,1951,0.075058143
p50,natural,1952,0.079141263
p50,natural,1953,0.088222116
p50,natural,1954,0.076089867
p50,natural,1955,0.068512536
p50,natural,1956,0.068691295
p50,natural,1957,0.089467449
p50,natural,1958,0.097576886
p50,natural,1959,0.09680204
p50,natural,1960,0.101457434
p50,natural,1961,0.091945784
p50,natural,1962,0.077042634
p50,natural,1963,0.029647095
p50,natural,1964,-0.038013159
p50,natural,1965,-0.056700452
p50,natural,1966,-0.024157042
p50,natural,1967,0.001036395
p50,natural,1968,0.012043361
p50,natural,1969,0.021553683
p50,natural,1970,0.031615337
p50,natural,1971,0.01840931
p50,natural,1972,0.033023083
p50,natural,1973,0.033788527
p50,natural,1974,0.020436423
p50,natural,1975,-0.014559823
p50,natural,1976,-0.004517877
p50,natural,1977,-0.000376714
p50,natural,1978,0.019667677
p50,natural,1979,0.046679635
p50,natural,1980,0.042561665
p50,natural,1981,0.033911054
p50,natural,1982,0.007087648
p50,natural,1983,-0.06571662
p50,natural,1984,-0.029713818
p50,natural,1985,-0.037776229
p50,natural,1986,-0.030107639
p50,natural,1987,0.000875381
p50,natural,1988,0.011120664
p50,natural,1989,0.021027461
p50,natural,1990,0.017386572
p50,natural,1991,-0.028820119
p50,natural,1992,-0.190974301
p50,natural,1993,-0.16180966
p50,natural,1994,-0.119945227
p50,natural,1995,-0.085021986
p50,natural,1996,-0.049177232
p50,natural,1997,-0.046011977
p50,natural,1998,-0.028091582
p50,natural,1999,0.002869362
p50,natural,2000,0.035028016
p50,natural,2001,0.037414291
p50,natural,2002,0.028574193
p50,natural,2003,0.035251417
p50,natural,2004,0.030368307
p50,natural,2005,-0.002556822
p50,natural,2006,-0.00764262
p50,natural,2007,0.013157181
p50,natural,2008,0.006769547
p50,natural,2009,0.006431326
p50,natural,2010,0.018873455
p50,natural,2011,-0.005439241
p50,natural,2012,0.006321012
p50,natural,2013,0.029945044
p50,natural,2014,0.026870342
p50,natural,2015,0.024923961
p50,natural,2016,0.022400569
p50,natural,2017,0.012773395
p50,natural,2018,0.015840127
p50,natural,2019,0.028380938
p50,natural,2020,0.021431043
p50,natural,2021,-0.003869382
p50,natural,2022,-0.012571225
p50,natural,2023,0.005056411
p50,natural,2024,0.002095743
p50,natural,2025,0.007085037
p50,other_human_forcing,1850,0.018266266
p50,other_human_forcing,1851,-0.031965467
p50,other_human_forcing,1852,-0.028080102
p50,other_human_forcing,1853,0.013079622
p50,other_human_forcing,1854,0.039930225
p50,other_human_forcing,1855,0.024378065
p50,other_human_forcing,1856,-0.012088333
p50,other_human_forcing,1857,0.002972242
p50,other_human_forcing,1858,0.02690679
p50,other_human_forcing,1859,0.058847516
p50,other_human_forcing,1860,0.0264806
p50,other_human_forcing,1861,0.028952433
p50,other_human_forcing,1862,0.005691591
p50,other_human_forcing,1863,0.007708813
p50,other_human_forcing,1864,-0.010352486
p50,other_human_forcing,1865,0.000167824
p50,other_human_forcing,1866,-0.027038176
p50,other_human_forcing,1867,0.011929894
p50,other_human_forcing,1868,-0.008854688
p50,other_human_forcing,1869,-0.01455139
p50,other_human_forcing,1870,0.018910598
p50,other_human_forcing,1871,0.019405819
p50,other_human_forcing,1872,0.011825602
p50,other_human_forcing,1873,0.008273033
p50,other_human_forcing,1874,-0.005003274
p50,other_human_forcing,1875,0.000311579
p50,other_human_forcing,1876,-0.00349086
p50,other_human_forcing,1877,-0.025255537
p50,other_human_forcing,1878,0.008481455
p50,other_human_forcing,1879,0.056230602
p50,other_human_forcing,1880,0.036398744
p50,other_human_forcing,1881,-0.014041365
p50,other_human_forcing,1882,-0.030794677
p50,other_human_forcing,1883,0.001416879
p50,other_human_forcing,1884,0.023425954
p50,other_human_forcing,1885,-0.001600634
p50,other_human_forcing,1886,-0.042018629
p50,other_human_forcing,1887,-0.051288026
p50,other_human_forcing,1888,-0.037846558
p50,other_human_forcing,1889,-0.021184172
p50,other_human_forcing,1890,-0.043661195
p50,other_human_forcing,1891,-0.033184958
p50,other_human_forcing,1892,-0.026437181
p50,other_human_forcing,1893,-0.003204515
p50,other_human_forcing,1894,0.007906169
p50,other_human_forcing,1895,0.00927436
p50,other_human_forcing,1896,-0.014064258
p50,other_human_forcing,1897,-0.002153362
p50,other_human_forcing,1898,-0.004317138
p50,other_human_forcing,1899,0.013668587
p50,other_human_forcing,1900,0.011635721
p50,other_human_forcing,1901,-0.030930802
p50,other_human_forcing,1902,-0.045343243
p50,other_human_forcing,1903,-0.064025198
p50,other_human_forcing,1904,-0.05629589
p50,other_human_forcing,1905,-0.032063226
p50,other_human_forcing,1906,-0.074099102
p50,other_human_forcing,1907,-0.05013243
p50,other_human_forcing,1908,-0.072167933
p50,other_human_forcing,1909,-0.086753791
p50,other_human_forcing,1910,-0.060469089
p50,other_human_forcing,1911,-0.066835827
p50,other_human_forcing,1912,-0.050331882
p50,other_human_forcing,1913,-0.068877035
p50,other_human_forcing,1914,-0.101785121
p50,other_human_forcing,1915,-0.121158712
p50,other_human_forcing,1916,-0.088984805
p50,other_human_forcing,1917,-0.02175384
p50,other_human_forcing,1918,-0.061858729
p50,other_human_forcing,1919,-0.106665543
p50,other_human_forcing,1920,-0.09289634
p50,other_human_forcing,1921,-0.058495417
p50,other_human_forcing,1922,-0.025211472
p50,other_human_forcing,1923,-0.058860593
p50,other_human_forcing,1924,-0.097390769
p50,other_human_forcing,1925,-0.107507598
p50,other_human_forcing,1926,-0.097532701
p50,other_human_forcing,1927,-0.096731214
p50,other_human_forcing,1928,-0.073813705
p50,other_human_forcing,1929,-0.050885917
p50,other_human_forcing,1930,-0.05237019
p50,other_human_forcing,1931,-0.102255447
p50,other_human_forcing,1932,-0.096347525
p50,other_human_forcing,1933,-0.064532845
p50,other_human_forcing,1934,-0.080513433
p50,other_human_forcing,1935,-0.108389315
p50,other_human_forcing,1936,-0.08445143
p50,other_human_forcing,1937,-0.070966454
p50,other_human_forcing,1938,-0.081538119
p50,other_human_forcing,1939,-0.134178137
p50,other_human_forcing,1940,-0.140585422
p50,other_human_forcing,1941,-0.140089644
p50,other_human_forcing,1942,-0.142713683
p50,other_human_forcing,1943,-0.101946339
p50,other_human_forcing,1944,-0.095986212
p50,other_human_forcing,1945,-0.119823936
p50,other_human_forcing,1946,-0.162362709
p50,other_human_forcing,1947,-0.120547437
p50,other_human_forcing,1948,-0.069403773
p50,other_human_forcing,1949,-0.07717504
p50,other_human_forcing,1950,-0.096293938
p50,other_human_forcing,1951,-0.136393573
p50,other_human_forcing,1952,-0.155339654
p50,other_human_forcing,1953,-0.180502747
p50,other_human_forcing,1954,-0.160224591
p50,other_human_forcing,1955,-0.135643892
p50,other_human_forcing,1956,-0.149888039
p50,other_human_forcing,1957,-0.155167002
p50,other_human_forcing,1958,-0.140965179
p50,other_human_forcing,1959,-0.151282987
p50,other_human_forcing,1960,-0.164643297
p50,other_human_forcing,1961,-0.203621013
p50,other_human_forcing,1962,-0.170263246
p50,other_human_forcing,1963,-0.153532851
p50,other_human_forcing,1964,-0.192197723
p50,other_human_forcing,1965,-0.204231047
p50,other_human_forcing,1966,-0.205119624
p50,other_human_forcing,1967,-0.208969787
p50,other_human_forcing,1968,-0.202772596
p50,other_human_forcing,1969,-0.225160211
p50,other_human_forcing,1970,-0.211932165
p50,other_human_forcing,1971,-0.191999835
p50,other_human_forcing,1972,-0.224588409
p50,other_human_forcing,1973,-0.233843068
p50,other_human_forcing,1974,-0.223278514
p50,other_human_forcing,1975,-0.21080533
p50,other_human_forcing,1976,-0.221700293
p50,other_human_forcing,1977,-0.250614983
p50,other_human_forcing,1978,-0.247362828
p50,other_human_forcing,1979,-0.293146258
p50,other_human_forcing,1980,-0.284915674
p50,other_human_forcing,1981,-0.272797596
p50,other_human_forcing,1982,-0.206352085
p50,other_human_forcing,1983,-0.236170846
p50,other_human_forcing,1984,-0.283809333
p50,other_human_forcing,1985,-0.262292747
p50,other_human_forcing,1986,-0.282753136
p50,other_human_forcing,1987,-0.280537727
p50,other_human_forcing,1988,-0.234402125
p50,other_human_forcing,1989,-0.235235303
p50,other_human_forcing,1990,-0.268319955
p50,other_human_forcing,1991,-0.281610038
p50,other_human_forcing,1992,-0.249794708
p50,other_human_forcing,1993,-0.282180624
p50,other_human_forcing,1994,-0.305175387
p50,other_human_forcing,1995,-0.293404728
p50,other_human_forcing,1996,-0.282648164
p50,other_human_forcing,1997,-0.2582702
p50,other_human_forcing,1998,-0.273343954
p50,other_human_forcing,1999,-0.264243513
p50,other_human_forcing,2000,-0.29991277
p50,other_human_forcing,2001,-0.283934999
p50,other_human_forcing,2002,-0.261600924
p50,other_human_forcing,2003,-0.254711352
p50,other_human_forcing,2004,-0.278550418
p50,other_human_forcing,2005,-0.268150105
p50,other_human_forcing,2006,-0.260225244
p50,other_human_forcing,2007,-0.258451726
p50,other_human_forcing,2008,-0.245611321
p50,other_human_forcing,2009,-0.242227594
p50,other_human_forcing,2010,-0.263158263
p50,other_human_forcing,2011,-0.238677155
p50,other_human_forcing,2012,-0.208922584
p50,other_human_forcing,2013,-0.222201343
p50,other_human_forcing,2014,-0.287306884
p50,other_human_forcing,2015,-0.298088884
p50,other_human_forcing,2016,-0.286695697
p50,other_human_forcing,2017,-0.246770525
p50,other_human_forcing,2018,-0.217066863
p50,other_human_forcing,2019,-0.235928921
p50,other_human_forcing,2020,-0.239858097
p50,other_human_forcing,2021,-0.207916704
p50,other_human_forcing,2022,-0.226864659
p50,other_human_forcing,2023,-0.230989198
p50,other_human_forcing,2024,-0.185989606
p50,other_human_forcing,2025,-0.191647096
p83,anthropogenic,1850,0.002360716
p83,anthropogenic,1851,-0.046603272
p83,anthropogenic,1852,-0.024854038
p83,anthropogenic,1853,-0.00942889
p83,anthropogenic,1854,0.079924992
p83,anthropogenic,1855,0.093246446
p83,anthropogenic,1856,-0.020344166
p83,anthropogenic,1857,0.028826525
p83,anthropogenic,1858,0.072944701
p83,anthropogenic,1859,0.108889474
p83,anthropogenic,1860,0.038603948
p83,anthropogenic,1861,0.023168817
p83,anthropogenic,1862,0.055680273
p83,anthropogenic,1863,0.082963196
p83,anthropogenic,1864,-0.007697119
p83,anthropogenic,1865,0.007305379
p83,anthropogenic,1866,0.024708816
p83,anthropogenic,1867,0.070705024
p83,anthropogenic,1868,0.042873189
p83,anthropogenic,1869,0.073762271
p83,anthropogenic,1870,0.060731314
p83,anthropogenic,1871,0.043287085
p83,anthropogenic,1872,0.035047945
p83,anthropogenic,1873,0.041561866
p83,anthropogenic,1874,0.036572333
p83,anthropogenic,1875,0.102295534
p83,anthropogenic,1876,0.089319956
p83,anthropogenic,1877,0.010848225
p83,anthropogenic,1878,0.046214961
p83,anthropogenic,1879,0.140455696
p83,anthropogenic,1880,0.140458816
p83,anthropogenic,1881,0.062187877
p83,anthropogenic,1882,0.036462007
p83,anthropogenic,1883,0.108272882
p83,anthropogenic,1884,0.129326479
p83,anthropogenic,1885,0.12465264
p83,anthropogenic,1886,0.099013522
p83,anthropogenic,1887,0.030119155
p83,anthropogenic,1888,0.071817548
p83,anthropogenic,1889,0.087168841
p83,anthropogenic,1890,0.070471834
p83,anthropogenic,1891,0.031737879
p83,anthropogenic,1892,0.063871037
p83,anthropogenic,1893,0.151341505
p83,anthropogenic,1894,0.122757679
p83,anthropogenic,1895,0.117133367
p83,anthropogenic,1896,0.068156477
p83,anthropogenic,1897,0.107458792
p83,anthropogenic,1898,0.106236884
p83,anthropogenic,1899,0.140411035
p83,anthropogenic,1900,0.133844464
p83,anthropogenic,1901,0.132701811
p83,anthropogenic,1902,0.083719268
p83,anthropogenic,1903,0.080736958
p83,anthropogenic,1904,0.153952666
p83,anthropogenic,1905,0.178038777
p83,anthropogenic,1906,0.042280004
p83,anthropogenic,1907,0.131383338
p83,anthropogenic,1908,0.100071134
p83,anthropogenic,1909,0.108602433
p83,anthropogenic,1910,0.142559299
p83,anthropogenic,1911,0.111257042
p83,anthropogenic,1912,0.214069347
p83,anthropogenic,1913,0.215475629
p83,anthropogenic,1914,0.087861924
p83,anthropogenic,1915,0.059744219
p83,anthropogenic,1916,0.160083762
p83,anthropogenic,1917,0.249242887
p83,anthropogenic,1918,0.216473791
p83,anthropogenic,1919,0.162862754
p83,anthropogenic,1920,0.165247662
p83,anthropogenic,1921,0.162545391
p83,anthropogenic,1922,0.225686368
p83,anthropogenic,1923,0.190197054
p83,anthropogenic,1924,0.192191832
p83,anthropogenic,1925,0.165291655
p83,anthropogenic,1926,0.162295049
p83,anthropogenic,1927,0.203387527
p83,anthropogenic,1928,0.221877403
p83,anthropogenic,1929,0.287095951
p83,anthropogenic,1930,0.293196035
p83,anthropogenic,1931,0.200465225
p83,anthropogenic,1932,0.222723885
p83,anthropogenic,1933,0.243269342
p83,anthropogenic,1934,0.21677204
p83,anthropogenic,1935,0.186774638
p83,anthropogenic,1936,0.239924005
p83,anthropogenic,1937,0.283531708
p83,anthropogenic,1938,0.326509169
p83,anthropogenic,1939,0.175955988
p83,anthropogenic,1940,0.190754293
p83,anthropogenic,1941,0.188407852
p83,anthropogenic,1942,0.197060961
p83,anthropogenic,1943,0.32360449
p83,anthropogenic,1944,0.301072712
p83,anthropogenic,1945,0.263772071
p83,anthropogenic,1946,0.210176462
p83,anthropogenic,1947,0.228892591
p83,anthropogenic,1948,0.343492543
p83,anthropogenic,1949,0.342769726
p83,anthropogenic,1950,0.330737521
p83,anthropogenic,1951,0.256731835
p83,anthropogenic,1952,0.210171349
p83,anthropogenic,1953,0.218209096
p83,anthropogenic,1954,0.291588551
p83,anthropogenic,1955,0.276153999
p83,anthropogenic,1956,0.290791379
p83,anthropogenic,1957,0.287385342
p83,anthropogenic,1958,0.30152856
p83,anthropogenic,1959,0.308516277
p83,anthropogenic,1960,0.299852266
p83,anthropogenic,1961,0.24678964
p83,anthropogenic,1962,0.311564156
p83,anthropogenic,1963,0.332142743
p83,anthropogenic,1964,0.270953528
p83,anthropogenic,1965,0.213184665
p83,anthropogenic,1966,0.222080177
p83,anthropogenic,1967,0.247882247
p83,anthropogenic,1968,0.315892986
p83,anthropogenic,1969,0.33806446
p83,anthropogenic,1970,0.325131112
p83,anthropogenic,1971,0.314810367
p83,anthropogenic,1972,0.309067913
p83,anthropogenic,1973,0.278501633
p83,anthropogenic,1974,0.348048725
p83,anthropogenic,1975,0.350371523
p83,anthropogenic,1976,0.420354143
p83,anthropogenic,1977,0.373549787
p83,anthropogenic,1978,0.476796092
p83,anthropogenic,1979,0.387587137
p83,anthropogenic,1980,0.366199406
p83,anthropogenic,1981,0.419679477
p83,anthropogenic,1982,0.539001226
p83,anthropogenic,1983,0.528297218
p83,anthropogenic,1984,0.543961559
p83,anthropogenic,1985,0.523880058
p83,anthropogenic,1986,0.538717899
p83,anthropogenic,1987,0.606907705
p83,anthropogenic,1988,0.65600728
p83,anthropogenic,1989,0.659407112
p83,anthropogenic,1990,0.598943901
p83,anthropogenic,1991,0.627203302
p83,anthropogenic,1992,0.718136983
p83,anthropogenic,1993,0.719596188
p83,anthropogenic,1994,0.715020323
p83,anthropogenic,1995,0.773853835
p83,anthropogenic,1996,0.747634482
p83,anthropogenic,1997,0.799072562
p83,anthropogenic,1998,0.808057014
p83,anthropogenic,1999,0.838631243
p83,anthropogenic,2000,0.825928063
p83,anthropogenic,2001,0.893189778
p83,anthropogenic,2002,0.944274317
p83,anthropogenic,2003,0.978418964
p83,anthropogenic,2004,0.963402301
p83,anthropogenic,2005,0.942472384
p83,anthropogenic,2006,1.000055899
p83,anthropogenic,2007,1.04756499
p83,anthropogenic,2008,1.106831854
p83,anthropogenic,2009,1.125285915
p83,anthropogenic,2010,1.017628082
p83,anthropogenic,2011,1.132843881
p83,anthropogenic,2012,1.206588237
p83,anthropogenic,2013,1.26675374
p83,anthropogenic,2014,1.187144948
p83,anthropogenic,2015,1.131471784
p83,anthropogenic,2016,1.176758435
p83,anthropogenic,2017,1.252563993
p83,anthropogenic,2018,1.35067625
p83,anthropogenic,2019,1.31354507
p83,anthropogenic,2020,1.412428629
p83,anthropogenic,2021,1.471352857
p83,anthropogenic,2022,1.421954984
p83,anthropogenic,2023,1.48165828
p83,anthropogenic,2024,1.633164653
p83,anthropogenic,2025,1.604045436
p83,ghg,1850,-0.055659471
p83,ghg,1851,-0.015289123
p83,ghg,1852,0.000493796
p83,ghg,1853,-0.032551751
p83,ghg,1854,-0.039385923
p83,ghg,1855,-0.03549813
p83,ghg,1856,-0.022536974
p83,ghg,1857,-0.011010615
p83,ghg,1858,-0.005685945
p83,ghg,1859,-0.015787665
p83,ghg,1860,-0.027219521
p83,ghg,1861,-0.047034043
p83,ghg,1862,-0.023912687
p83,ghg,1863,-0.012912416
p83,ghg,1864,-0.007389836
p83,ghg,1865,-0.035467542
p83,ghg,1866,0.016940205
p83,ghg,1867,0.013868055
p83,ghg,1868,0.027872503
p83,ghg,1869,0.015442319
p83,ghg,1870,-0.011902915
p83,ghg,1871,-0.021367892
p83,ghg,1872,-0.007797831
p83,ghg,1873,-0.007993353
p83,ghg,1874,0.020384517
p83,ghg,1875,0.039268443
p83,ghg,1876,0.045534613
p83,ghg,1877,0.024819894
p83,ghg,1878,0.016351894
p83,ghg,1879,0.01475915
p83,ghg,1880,0.037007243
p83,ghg,1881,0.039680424
p83,ghg,1882,0.052464064
p83,ghg,1883,0.041671402
p83,ghg,1884,0.046657156
p83,ghg,1885,0.058864542
p83,ghg,1886,0.097864819
p83,ghg,1887,0.072368907
p83,ghg,1888,0.089874462
p83,ghg,1889,0.091197156
p83,ghg,1890,0.105078209
p83,ghg,1891,0.060278115
p83,ghg,1892,0.058568732
p83,ghg,1893,0.076992087
p83,ghg,1894,0.101480621
p83,ghg,1895,0.070982241
p83,ghg,1896,0.072446427
p83,ghg,1897,0.094147374
p83,ghg,1898,0.08766562
p83,ghg,1899,0.090525206
p83,ghg,1900,0.096679366
p83,ghg,1901,0.1309154
p83,ghg,1902,0.119992241
p83,ghg,1903,0.128063412
p83,ghg,1904,0.137972293
p83,ghg,1905,0.119214404
p83,ghg,1906,0.115151462
p83,ghg,1907,0.149825759
p83,ghg,1908,0.177054045
p83,ghg,1909,0.17362642
p83,ghg,1910,0.181042882
p83,ghg,1911,0.150626851
p83,ghg,1912,0.171639
p83,ghg,1913,0.190064897
p83,ghg,1914,0.18255083
p83,ghg,1915,0.197582359
p83,ghg,1916,0.197882415
p83,ghg,1917,0.209975372
p83,ghg,1918,0.215390688
p83,ghg,1919,0.239179695
p83,ghg,1920,0.251189027
p83,ghg,1921,0.223675915
p83,ghg,1922,0.20700603
p83,ghg,1923,0.236242424
p83,ghg,1924,0.273772013
p83,ghg,1925,0.268335899
p83,ghg,1926,0.26724312
p83,ghg,1927,0.30422878
p83,ghg,1928,0.295370011
p83,ghg,1929,0.281088231
p83,ghg,1930,0.268804206
p83,ghg,1931,0.294163464
p83,ghg,1932,0.31285137
p83,ghg,1933,0.285082486
p83,ghg,1934,0.304155517
p83,ghg,1935,0.320025644
p83,ghg,1936,0.312720969
p83,ghg,1937,0.326109956
p83,ghg,1938,0.32987756
p83,ghg,1939,0.330302652
p83,ghg,1940,0.338313597
p83,ghg,1941,0.334777724
p83,ghg,1942,0.350929702
p83,ghg,1943,0.354317193
p83,ghg,1944,0.355465213
p83,ghg,1945,0.356867885
p83,ghg,1946,0.404365609
p83,ghg,1947,0.361400168
p83,ghg,1948,0.37706512
p83,ghg,1949,0.38509877
p83,ghg,1950,0.369088227
p83,ghg,1951,0.385201662
p83,ghg,1952,0.400383247
p83,ghg,1953,0.400010091
p83,ghg,1954,0.410733084
p83,ghg,1955,0.426126001
p83,ghg,1956,0.421643778
p83,ghg,1957,0.436217476
p83,ghg,1958,0.453228264
p83,ghg,1959,0.443630928
p83,ghg,1960,0.464478846
p83,ghg,1961,0.490030015
p83,ghg,1962,0.468338492
p83,ghg,1963,0.473523013
p83,ghg,1964,0.501610541
p83,ghg,1965,0.478806334
p83,ghg,1966,0.491588419
p83,ghg,1967,0.521642682
p83,ghg,1968,0.538384164
p83,ghg,1969,0.57548605
p83,ghg,1970,0.547545249
p83,ghg,1971,0.537294914
p83,ghg,1972,0.56288279
p83,ghg,1973,0.591574515
p83,ghg,1974,0.611871224
p83,ghg,1975,0.619511295
p83,ghg,1976,0.645531023
p83,ghg,1977,0.703238473
p83,ghg,1978,0.726011122
p83,ghg,1979,0.720290833
p83,ghg,1980,0.744094578
p83,ghg,1981,0.757427868
p83,ghg,1982,0.776476304
p83,ghg,1983,0.807024022
p83,ghg,1984,0.835818468
p83,ghg,1985,0.840021324
p83,ghg,1986,0.876424569
p83,ghg,1987,0.905429114
p83,ghg,1988,0.909256457
p83,ghg,1989,0.934478231
p83,ghg,1990,0.944143692
p83,ghg,1991,0.984015771
p83,ghg,1992,1.005421169
p83,ghg,1993,1.050008808
p83,ghg,1994,1.088125636
p83,ghg,1995,1.086427888
p83,ghg,1996,1.077655766
p83,ghg,1997,1.09459545
p83,ghg,1998,1.136798728
p83,ghg,1999,1.180659424
p83,ghg,2000,1.212093173
p83,ghg,2001,1.214708161
p83,ghg,2002,1.237085681
p83,ghg,2003,1.278562844
p83,ghg,2004,1.295985122
p83,ghg,2005,1.27817418
p83,ghg,2006,1.310008298
p83,ghg,2007,1.327733533
p83,ghg,2008,1.358642338
p83,ghg,2009,1.356094769
p83,ghg,2010,1.351734607
p83,ghg,2011,1.406353935
p83,ghg,2012,1.421642112
p83,ghg,2013,1.452139891
p83,ghg,2014,1.501005452
p83,ghg,2015,1.514747739
p83,ghg,2016,1.531173052
p83,ghg,2017,1.557828663
p83,ghg,2018,1.593655926
p83,ghg,2019,1.594612927
p83,ghg,2020,1.637007071
p83,ghg,2021,1.655162061
p83,ghg,2022,1.690918362
p83,ghg,2023,1.722869251
p83,ghg,2024,1.7649673
p83,ghg,2025,1.786134203
p83,natural,1850,0.01000764
p83,natural,1851,0.041757383
p83,natural,1852,0.061245756
p83,natural,1853,0.048016882
p83,natural,1854,0.043274995
p83,natural,1855,0.065053588
p83,natural,1856,0.062528572
p83,natural,1857,0.050670871
p83,natural,1858,0.03683116
p83,natural,1859,0.05441555
p83,natural,1860,0.074238825
p83,natural,1861,0.027930932
p83,natural,1862,0.006712186
p83,natural,1863,0.010830556
p83,natural,1864,0.025630409
p83,natural,1865,0.045170925
p83,natural,1866,0.050761322
p83,natural,1867,0.053310531
p83,natural,1868,0.050576568
p83,natural,1869,0.06062199
p83,natural,1870,0.052193874
p83,natural,1871,0.058869712
p83,natural,1872,0.068209152
p83,natural,1873,0.071984942
p83,natural,1874,0.0798584
p83,natural,1875,0.066379432
p83,natural,1876,0.066409959
p83,natural,1877,0.06174145
p83,natural,1878,0.041681576
p83,natural,1879,0.03153204
p83,natural,1880,0.046150379
p83,natural,1881,0.046328119
p83,natural,1882,0.056976716
p83,natural,1883,0.025411736
p83,natural,1884,-0.119717743
p83,natural,1885,-0.092823726
p83,natural,1886,-0.062789687
p83,natural,1887,-0.039263389
p83,natural,1888,-0.010092089
p83,natural,1889,-0.011065343
p83,natural,1890,-0.006015083
p83,natural,1891,-0.025167203
p83,natural,1892,-0.013346214
p83,natural,1893,0.009637408
p83,natural,1894,0.006856514
p83,natural,1895,0.013863846
p83,natural,1896,0.021511654
p83,natural,1897,0.030993577
p83,natural,1898,0.039938044
p83,natural,1899,0.018786259
p83,natural,1900,0.036080614
p83,natural,1901,0.037586
p83,natural,1902,0.033297804
p83,natural,1903,-0.060516232
p83,natural,1904,-0.037653243
p83,natural,1905,-0.013488781
p83,natural,1906,0.034248361
p83,natural,1907,0.003330768
p83,natural,1908,0.035277965
p83,natural,1909,0.041296318
p83,natural,1910,0.037026659
p83,natural,1911,0.048442975
p83,natural,1912,-0.020925557
p83,natural,1913,-0.021608332
p83,natural,1914,0.011422119
p83,natural,1915,0.019407312
p83,natural,1916,0.019559599
p83,natural,1917,0.028588371
p83,natural,1918,0.056967392
p83,natural,1919,0.071802651
p83,natural,1920,0.059585852
p83,natural,1921,0.06160061
p83,natural,1922,0.0640258
p83,natural,1923,0.042048263
p83,natural,1924,0.058200088
p83,natural,1925,0.08347736
p83,natural,1926,0.067879875
p83,natural,1927,0.066085044
p83,natural,1928,0.07445668
p83,natural,1929,0.050210918
p83,natural,1930,0.074757975
p83,natural,1931,0.10117202
p83,natural,1932,0.058471623
p83,natural,1933,0.041378939
p83,natural,1934,0.057843897
p83,natural,1935,0.091600452
p83,natural,1936,0.088289334
p83,natural,1937,0.105972673
p83,natural,1938,0.108454358
p83,natural,1939,0.099855581
p83,natural,1940,0.096970777
p83,natural,1941,0.128789285
p83,natural,1942,0.140415356
p83,natural,1943,0.117417479
p83,natural,1944,0.111833721
p83,natural,1945,0.110080635
p83,natural,1946,0.110899511
p83,natural,1947,0.119601887
p83,natural,1948,0.115630722
p83,natural,1949,0.121890662
p83,natural,1950,0.129534123
p83,natural,1951,0.123131724
p83,natural,1952,0.123787337
p83,natural,1953,0.135400517
p83,natural,1954,0.117517805
p83,natural,1955,0.116751819
p83,natural,1956,0.117047182
p83,natural,1957,0.145455856
p83,natural,1958,0.155848841
p83,natural,1959,0.147801731
p83,natural,1960,0.151828826
p83,natural,1961,0.145446933
p83,natural,1962,0.122230264
p83,natural,1963,0.066887118
p83,natural,1964,-0.003884733
p83,natural,1965,-0.015657275
p83,natural,1966,0.010048211
p83,natural,1967,0.027898358
p83,natural,1968,0.040999014
p83,natural,1969,0.053647343
p83,natural,1970,0.064996727
p83,natural,1971,0.059055512
p83,natural,1972,0.070057066
p83,natural,1973,0.068171496
p83,natural,1974,0.045653319
p83,natural,1975,0.013539897
p83,natural,1976,0.026216634
p83,natural,1977,0.026361693
p83,natural,1978,0.056243329
p83,natural,1979,0.085937611
p83,natural,1980,0.082611009
p83,natural,1981,0.068801764
p83,natural,1982,0.032314827
p83,natural,1983,-0.030453196
p83,natural,1984,-0.001259253
p83,natural,1985,-0.00495776
p83,natural,1986,0.004149175
p83,natural,1987,0.035810881
p83,natural,1988,0.044600262
p83,natural,1989,0.058475537
p83,natural,1990,0.047025505
p83,natural,1991,0.001671438
p83,natural,1992,-0.108024481
p83,natural,1993,-0.088803309
p83,natural,1994,-0.060286165
p83,natural,1995,-0.036035452
p83,natural,1996,-0.014300455
p83,natural,1997,-0.00841117
p83,natural,1998,0.004949087
p83,natural,1999,0.025971186
p83,natural,2000,0.071306285
p83,natural,2001,0.073880635
p83,natural,2002,0.066113993
p83,natural,2003,0.072484781
p83,natural,2004,0.061728709
p83,natural,2005,0.029063478
p83,natural,2006,0.025777033
p83,natural,2007,0.045412982
p83,natural,2008,0.035349813
p83,natural,2009,0.037517132
p83,natural,2010,0.045329221
p83,natural,2011,0.027065521
p83,natural,2012,0.039977493
p83,natural,2013,0.059878882
p83,natural,2014,0.055035579
p83,natural,2015,0.0547776
p83,natural,2016,0.050313019
p83,natural,2017,0.037261217
p83,natural,2018,0.042382857
p83,natural,2019,0.059325571
p83,natural,2020,0.056916234
p83,natural,2021,0.030776688
p83,natural,2022,0.016419818
p83,natural,2023,0.035732149
p83,natural,2024,0.027146998
p83,natural,2025,0.033797577
p83,other_human_forcing,1850,0.063502906
p83,other_human_forcing,1851,0.006018727
p83,other_human_forcing,1852,0.012932009
p83,other_human_forcing,1853,0.046589285
p83,other_human_forcing,1854,0.108024181
p83,other_human_forcing,1855,0.109165663
p83,other_human_forcing,1856,0.029493053
p83,other_human_forcing,1857,0.053918201
p83,other_human_forcing,1858,0.0788014
p83,other_human_forcing,1859,0.11105434
p83,other_human_forcing,1860,0.069907276
p83,other_human_forcing,1861,0.073225683
p83,other_human_forcing,1862,0.075739798
p83,other_human_forcing,1863,0.080640254
p83,other_human_forcing,1864,0.023584331
p83,other_human_forcing,1865,0.04817172
p83,other_human_forcing,1866,0.02416083
p83,other_human_forcing,1867,0.061002089
p83,other_human_forcing,1868,0.03235324
p83,other_human_forcing,1869,0.057717576
p83,other_human_forcing,1870,0.072465962
p83,other_human_forcing,1871,0.063017092
p83,other_human_forcing,1872,0.04897557
p83,other_human_forcing,1873,0.055619444
p83,other_human_forcing,1874,0.028892789
p83,other_human_forcing,1875,0.063656275
p83,other_human_forcing,1876,0.050810704
p83,other_human_forcing,1877,0.011901602
p83,other_human_forcing,1878,0.043987924
p83,other_human_forcing,1879,0.108084312
p83,other_human_forcing,1880,0.097763074
p83,other_human_forcing,1881,0.036103428
p83,other_human_forcing,1882,0.005231703
p83,other_human_forcing,1883,0.062975665
p83,other_human_forcing,1884,0.073389639
p83,other_human_forcing,1885,0.066431359
p83,other_human_forcing,1886,0.020958114
p83,other_human_forcing,1887,-0.009625113
p83,other_human_forcing,1888,0.010347155
p83,other_human_forcing,1889,0.016276023
p83,other_human_forcing,1890,0.005237223
p83,other_human_forcing,1891,0.002578403
p83,other_human_forcing,1892,0.020303843
p83,other_human_forcing,1893,0.0734989
p83,other_human_forcing,1894,0.047088243
p83,other_human_forcing,1895,0.052540268
p83,other_human_forcing,1896,0.023846525
p83,other_human_forcing,1897,0.035635695
p83,other_human_forcing,1898,0.035322595
p83,other_human_forcing,1899,0.060571616
p83,other_human_forcing,1900,0.049809853
p83,other_human_forcing,1901,0.023845151
p83,other_human_forcing,1902,0.001431452
p83,other_human_forcing,1903,-0.003750148
p83,other_human_forcing,1904,0.039043018
p83,other_human_forcing,1905,0.062356501
p83,other_human_forcing,1906,-0.018720139
p83,other_human_forcing,1907,0.017261419
p83,other_human_forcing,1908,-0.012651074
p83,other_human_forcing,1909,-0.014915551
p83,other_human_forcing,1910,0.005698759
p83,other_human_forcing,1911,0.001525447
p83,other_human_forcing,1912,0.043105581
p83,other_human_forcing,1913,0.036815588
p83,other_human_forcing,1914,-0.029583105
p83,other_human_forcing,1915,-0.047270684
p83,other_human_forcing,1916,-0.002408518
p83,other_human_forcing,1917,0.047968049
p83,other_human_forcing,1918,0.024088762
p83,other_human_forcing,1919,-0.021592918
p83,other_human_forcing,1920,-0.026909012
p83,other_human_forcing,1921,-0.003643489
p83,other_human_forcing,1922,0.037443107
p83,other_human_forcing,1923,-0.003006366
p83,other_human_forcing,1924,-0.012078057
p83,other_human_forcing,1925,-0.031371571
p83,other_human_forcing,1926,-0.037171302
p83,other_human_forcing,1927,-0.025958603
p83,other_human_forcing,1928,-0.004755723
p83,other_human_forcing,1929,0.03269098
p83,other_human_forcing,1930,0.041988571
p83,other_human_forcing,1931,-0.021054221
p83,other_human_forcing,1932,-0.019189259
p83,other_human_forcing,1933,0.002617561
p83,other_human_forcing,1934,-0.021678618
p83,other_human_forcing,1935,-0.038436559
p83,other_human_forcing,1936,-0.019694447
p83,other_human_forcing,1937,0.00198153
p83,other_human_forcing,1938,0.02840074
p83,other_human_forcing,1939,-0.060120154
p83,other_human_forcing,1940,-0.057657605
p83,other_human_forcing,1941,-0.050570008
p83,other_human_forcing,1942,-0.054713073
p83,other_human_forcing,1943,0.008763806
p83,other_human_forcing,1944,-0.00598276
p83,other_human_forcing,1945,-0.027463814
p83,other_human_forcing,1946,-0.069989597
p83,other_human_forcing,1947,-0.04686495
p83,other_human_forcing,1948,0.003489418
p83,other_human_forcing,1949,0.003199382
p83,other_human_forcing,1950,0.002571538
p83,other_human_forcing,1951,-0.043981938
p83,other_human_forcing,1952,-0.071481081
p83,other_human_forcing,1953,-0.07209155
p83,other_human_forcing,1954,-0.046862572
p83,other_human_forcing,1955,-0.052053021
p83,other_human_forcing,1956,-0.048525201
p83,other_human_forcing,1957,-0.058874615
p83,other_human_forcing,1958,-0.051713127
p83,other_human_forcing,1959,-0.050661412
p83,other_human_forcing,1960,-0.063527759
p83,other_human_forcing,1961,-0.09336622
p83,other_human_forcing,1962,-0.060004306
p83,other_human_forcing,1963,-0.050073112
p83,other_human_forcing,1964,-0.088862566
p83,other_human_forcing,1965,-0.105551671
p83,other_human_forcing,1966,-0.105209677
p83,other_human_forcing,1967,-0.106878373
p83,other_human_forcing,1968,-0.087694503
p83,other_human_forcing,1969,-0.096321794
p83,other_human_forcing,1970,-0.089460673
p83,other_human_forcing,1971,-0.090489212
p83,other_human_forcing,1972,-0.105154308
p83,other_human_forcing,1973,-0.123423504
p83,other_human_forcing,1974,-0.105919683
p83,other_human_forcing,1975,-0.108469688
p83,other_human_forcing,1976,-0.090346044
p83,other_human_forcing,1977,-0.130546401
p83,other_human_forcing,1978,-0.100757038
p83,other_human_forcing,1979,-0.140923644
p83,other_human_forcing,1980,-0.1542412
p83,other_human_forcing,1981,-0.142322807
p83,other_human_forcing,1982,-0.09553205
p83,other_human_forcing,1983,-0.113129011
p83,other_human_forcing,1984,-0.124467367
p83,other_human_forcing,1985,-0.132892912
p83,other_human_forcing,1986,-0.143039309
p83,other_human_forcing,1987,-0.128451866
p83,other_human_forcing,1988,-0.103657598
p83,other_human_forcing,1989,-0.112327825
p83,other_human_forcing,1990,-0.145405313
p83,other_human_forcing,1991,-0.149757763
p83,other_human_forcing,1992,-0.122385382
p83,other_human_forcing,1993,-0.141844369
p83,other_human_forcing,1994,-0.158038341
p83,other_human_forcing,1995,-0.135847966
p83,other_human_forcing,1996,-0.142226373
p83,other_human_forcing,1997,-0.126789893
p83,other_human_forcing,1998,-0.138878666
p83,other_human_forcing,1999,-0.141832718
p83,other_human_forcing,2000,-0.161632977
p83,other_human_forcing,2001,-0.138561368
p83,other_human_forcing,2002,-0.125532214
p83,other_human_forcing,2003,-0.129563953
p83,other_human_forcing,2004,-0.144057692
p83,other_human_forcing,2005,-0.142518372
p83,other_human_forcing,2006,-0.13414398
p83,other_human_forcing,2007,-0.122612169
p83,other_human_forcing,2008,-0.107309319
p83,other_human_forcing,2009,-0.099643461
p83,other_human_forcing,2010,-0.143682239
p83,other_human_forcing,2011,-0.120304751
p83,other_human_forcing,2012,-0.094878718
p83,other_human_forcing,2013,-0.080555747
p83,other_human_forcing,2014,-0.138079221
p83,other_human_forcing,2015,-0.165138202
p83,other_human_forcing,2016,-0.155086152
p83,other_human_forcing,2017,-0.132865928
p83,other_human_forcing,2018,-0.111007325
p83,other_human_forcing,2019,-0.126971044
p83,other_human_forcing,2020,-0.101419283
p83,other_human_forcing,2021,-0.082043763
p83,other_human_forcing,2022,-0.123030809
p83,other_human_forcing,2023,-0.110514947
p83,other_human_forcing,2024,-0.055124233
p83,other_human_forcing,2025,-0.084972822
p95,anthropogenic,1850,0.046656578
p95,anthropogenic,1851,-0.013901119
p95,anthropogenic,1852,0.010426075
p95,anthropogenic,1853,0.01795438
p95,anthropogenic,1854,0.147398388
p95,anthropogenic,1855,0.181672214
p95,anthropogenic,1856,0.018072239
p95,anthropogenic,1857,0.078447144
p95,anthropogenic,1858,0.122889643
p95,anthropogenic,1859,0.154633951
p95,anthropogenic,1860,0.079136895
p95,anthropogenic,1861,0.064748925
p95,anthropogenic,1862,0.128371902
p95,anthropogenic,1863,0.159882219
p95,anthropogenic,1864,0.02299807
p95,anthropogenic,1865,0.056420636
p95,anthropogenic,1866,0.075626756
p95,anthropogenic,1867,0.118972635
p95,anthropogenic,1868,0.082098802
p95,anthropogenic,1869,0.149054347
p95,anthropogenic,1870,0.113950629
p95,anthropogenic,1871,0.086475519
p95,anthropogenic,1872,0.070812713
p95,anthropogenic,1873,0.08848932
p95,anthropogenic,1874,0.069053458
p95,anthropogenic,1875,0.166995805
p95,anthropogenic,1876,0.143722777
p95,anthropogenic,1877,0.044647511
p95,anthropogenic,1878,0.078276542
p95,anthropogenic,1879,0.186938664
p95,anthropogenic,1880,0.199256904
p95,anthropogenic,1881,0.111792317
p95,anthropogenic,1882,0.069678813
p95,anthropogenic,1883,0.171751026
p95,anthropogenic,1884,0.179078072
p95,anthropogenic,1885,0.194126626
p95,anthropogenic,1886,0.160774868
p95,anthropogenic,1887,0.065607357
p95,anthropogenic,1888,0.116065365
p95,anthropogenic,1889,0.121593585
p95,anthropogenic,1890,0.112340054
p95,anthropogenic,1891,0.062061861
p95,anthropogenic,1892,0.109817841
p95,anthropogenic,1893,0.229959713
p95,anthropogenic,1894,0.153583641
p95,anthropogenic,1895,0.158412428
p95,anthropogenic,1896,0.100582973
p95,anthropogenic,1897,0.139783463
p95,anthropogenic,1898,0.142582634
p95,anthropogenic,1899,0.183407323
p95,anthropogenic,1900,0.167288344
p95,anthropogenic,1901,0.184960024
p95,anthropogenic,1902,0.123590742
p95,anthropogenic,1903,0.133477106
p95,anthropogenic,1904,0.24888119
p95,anthropogenic,1905,0.275253603
p95,anthropogenic,1906,0.086085701
p95,anthropogenic,1907,0.193946666
p95,anthropogenic,1908,0.145327688
p95,anthropogenic,1909,0.170828614
p95,anthropogenic,1910,0.201310968
p95,anthropogenic,1911,0.173267795
p95,anthropogenic,1912,0.310355195
p95,anthropogenic,1913,0.322547869
p95,anthropogenic,1914,0.145305417
p95,anthropogenic,1915,0.109685572
p95,anthropogenic,1916,0.241413936
p95,anthropogenic,1917,0.319100306
p95,anthropogenic,1918,0.300870619
p95,anthropogenic,1919,0.236855701
p95,anthropogenic,1920,0.217367893
p95,anthropogenic,1921,0.204300887
p95,anthropogenic,1922,0.286138481
p95,anthropogenic,1923,0.237444247
p95,anthropogenic,1924,0.263628561
p95,anthropogenic,1925,0.224576025
p95,anthropogenic,1926,0.204369835
p95,anthropogenic,1927,0.256123705
p95,anthropogenic,1928,0.275511795
p95,anthropogenic,1929,0.367976742
p95,anthropogenic,1930,0.387328924
p95,anthropogenic,1931,0.265844629
p95,anthropogenic,1932,0.284146068
p95,anthropogenic,1933,0.30222849
p95,anthropogenic,1934,0.259205766
p95,anthropogenic,1935,0.230811058
p95,anthropogenic,1936,0.292837869
p95,anthropogenic,1937,0.348504188
p95,anthropogenic,1938,0.433747244
p95,anthropogenic,1939,0.221619867
p95,anthropogenic,1940,0.248332307
p95,anthropogenic,1941,0.25308286
p95,anthropogenic,1942,0.25836341
p95,anthropogenic,1943,0.429281995
p95,anthropogenic,1944,0.382643562
p95,anthropogenic,1945,0.342015493
p95,anthropogenic,1946,0.266119698
p95,anthropogenic,1947,0.27907177
p95,anthropogenic,1948,0.410342915
p95,anthropogenic,1949,0.415263471
p95,anthropogenic,1950,0.4235967
p95,anthropogenic,1951,0.328350082
p95,anthropogenic,1952,0.257288873
p95,anthropogenic,1953,0.296167434
p95,anthropogenic,1954,0.387520132
p95,anthropogenic,1955,0.332969818
p95,anthropogenic,1956,0.371842053
p95,anthropogenic,1957,0.359458336
p95,anthropogenic,1958,0.364121891
p95,anthropogenic,1959,0.387959437
p95,anthropogenic,1960,0.373544869
p95,anthropogenic,1961,0.310984139
p95,anthropogenic,1962,0.396869817
p95,anthropogenic,1963,0.413007928
p95,anthropogenic,1964,0.330307866
p95,anthropogenic,1965,0.255830018
p95,anthropogenic,1966,0.264976164
p95,anthropogenic,1967,0.292271231
p95,anthropogenic,1968,0.39143537
p95,anthropogenic,1969,0.425703666
p95,anthropogenic,1970,0.409202055
p95,anthropogenic,1971,0.374714779
p95,anthropogenic,1972,0.381684752
p95,anthropogenic,1973,0.320498943
p95,anthropogenic,1974,0.415310264
p95,anthropogenic,1975,0.397165011
p95,anthropogenic,1976,0.513788272
p95,anthropogenic,1977,0.423335195
p95,anthropogenic,1978,0.581644923
p95,anthropogenic,1979,0.47759888
p95,anthropogenic,1980,0.413378392
p95,anthropogenic,1981,0.481303218
p95,anthropogenic,1982,0.606630497
p95,anthropogenic,1983,0.598949535
p95,anthropogenic,1984,0.653414508
p95,anthropogenic,1985,0.591723099
p95,anthropogenic,1986,0.612940324
p95,anthropogenic,1987,0.70704104
p95,anthropogenic,1988,0.743256048
p95,anthropogenic,1989,0.731926885
p95,anthropogenic,1990,0.649819521
p95,anthropogenic,1991,0.686135168
p95,anthropogenic,1992,0.793905698
p95,anthropogenic,1993,0.798542288
p95,anthropogenic,1994,0.789179023
p95,anthropogenic,1995,0.878048319
p95,anthropogenic,1996,0.827163243
p95,anthropogenic,1997,0.878294643
p95,anthropogenic,1998,0.881123745
p95,anthropogenic,1999,0.892646092
p95,anthropogenic,2000,0.885705143
p95,anthropogenic,2001,0.982413946
p95,anthropogenic,2002,1.031061931
p95,anthropogenic,2003,1.051573184
p95,anthropogenic,2004,1.038075358
p95,anthropogenic,2005,1.004755523
p95,anthropogenic,2006,1.071933454
p95,anthropogenic,2007,1.139185247
p95,anthropogenic,2008,1.207941296
p95,anthropogenic,2009,1.236205748
p95,anthropogenic,2010,1.074655753
p95,anthropogenic,2011,1.208526542
p95,anthropogenic,2012,1.293178301
p95,anthropogenic,2013,1.388172037
p95,anthropogenic,2014,1.286933489
p95,anthropogenic,2015,1.191380057
p95,anthropogenic,2016,1.245417678
p95,anthropogenic,2017,1.316222825
p95,anthropogenic,2018,1.426046785
p95,anthropogenic,2019,1.381209801
p95,anthropogenic,2020,1.525572328
p95,anthropogenic,2021,1.580964378
p95,anthropogenic,2022,1.489933684
p95,anthropogenic,2023,1.574600712
p95,anthropogenic,2024,1.758838433
p95,anthropogenic,2025,1.69874976
p95,ghg,1850,-0.037766903
p95,ghg,1851,0.003628966
p95,ghg,1852,0.022431383
p95,ghg,1853,-0.01097508
p95,ghg,1854,-0.01876981
p95,ghg,1855,-0.017136584
p95,ghg,1856,-0.00131313
p95,ghg,1857,0.010888115
p95,ghg,1858,0.014569416
p95,ghg,1859,0.001009749
p95,ghg,1860,-0.008532756
p95,ghg,1861,-0.028777784
p95,ghg,1862,-0.005231526
p95,ghg,1863,0.001241086
p95,ghg,1864,0.010763568
p95,ghg,1865,-0.019998496
p95,ghg,1866,0.032895857
p95,ghg,1867,0.033167293
p95,ghg,1868,0.046799015
p95,ghg,1869,0.032448152
p95,ghg,1870,0.007140608
p95,ghg,1871,-0.006247722
p95,ghg,1872,0.008161725
p95,ghg,1873,0.010279168
p95,ghg,1874,0.035722173
p95,ghg,1875,0.059249703
p95,ghg,1876,0.065385983
p95,ghg,1877,0.041652021
p95,ghg,1878,0.035410348
p95,ghg,1879,0.030358923
p95,ghg,1880,0.060285005
p95,ghg,1881,0.058566892
p95,ghg,1882,0.065852998
p95,ghg,1883,0.059313798
p95,ghg,1884,0.062953262
p95,ghg,1885,0.080437011
p95,ghg,1886,0.117175655
p95,ghg,1887,0.085978551
p95,ghg,1888,0.10963427
p95,ghg,1889,0.109092232
p95,ghg,1890,0.128685156
p95,ghg,1891,0.077415171
p95,ghg,1892,0.07410472
p95,ghg,1893,0.100556178
p95,ghg,1894,0.128616178
p95,ghg,1895,0.090992967
p95,ghg,1896,0.094930951
p95,ghg,1897,0.117616335
p95,ghg,1898,0.108852357
p95,ghg,1899,0.114950084
p95,ghg,1900,0.119029754
p95,ghg,1901,0.15361151
p95,ghg,1902,0.141868907
p95,ghg,1903,0.151047968
p95,ghg,1904,0.165778807
p95,ghg,1905,0.143638518
p95,ghg,1906,0.136340852
p95,ghg,1907,0.177432062
p95,ghg,1908,0.207233255
p95,ghg,1909,0.19674493
p95,ghg,1910,0.209725168
p95,ghg,1911,0.175125202
p95,ghg,1912,0.190382663
p95,ghg,1913,0.212633132
p95,ghg,1914,0.206585679
p95,ghg,1915,0.225041031
p95,ghg,1916,0.219324491
p95,ghg,1917,0.236690214
p95,ghg,1918,0.241476287
p95,ghg,1919,0.263999712
p95,ghg,1920,0.276485186
p95,ghg,1921,0.255787055
p95,ghg,1922,0.235249586
p95,ghg,1923,0.263496443
p95,ghg,1924,0.310718631
p95,ghg,1925,0.298022349
p95,ghg,1926,0.292106675
p95,ghg,1927,0.338824061
p95,ghg,1928,0.334920025
p95,ghg,1929,0.314672108
p95,ghg,1930,0.300261818
p95,ghg,1931,0.329716114
p95,ghg,1932,0.349105021
p95,ghg,1933,0.317010938
p95,ghg,1934,0.336311589
p95,ghg,1935,0.357448455
p95,ghg,1936,0.341241136
p95,ghg,1937,0.35963523
p95,ghg,1938,0.365919372
p95,ghg,1939,0.358076781
p95,ghg,1940,0.366564636
p95,ghg,1941,0.369192787
p95,ghg,1942,0.385388061
p95,ghg,1943,0.388037359
p95,ghg,1944,0.38872608
p95,ghg,1945,0.389315898
p95,ghg,1946,0.443862233
p95,ghg,1947,0.39377776
p95,ghg,1948,0.410212194
p95,ghg,1949,0.422013793
p95,ghg,1950,0.402372332
p95,ghg,1951,0.420073154
p95,ghg,1952,0.435809989
p95,ghg,1953,0.433255264
p95,ghg,1954,0.439255618
p95,ghg,1955,0.464391298
p95,ghg,1956,0.455087609
p95,ghg,1957,0.468815937
p95,ghg,1958,0.493986696
p95,ghg,1959,0.478087077
p95,ghg,1960,0.501083181
p95,ghg,1961,0.532983497
p95,ghg,1962,0.505014063
p95,ghg,1963,0.512692501
p95,ghg,1964,0.543549865
p95,ghg,1965,0.515623627
p95,ghg,1966,0.530978422
p95,ghg,1967,0.562846936
p95,ghg,1968,0.581022328
p95,ghg,1969,0.618771522
p95,ghg,1970,0.589324105
p95,ghg,1971,0.576088831
p95,ghg,1972,0.603204611
p95,ghg,1973,0.63542945
p95,ghg,1974,0.657579585
p95,ghg,1975,0.662583943
p95,ghg,1976,0.692712486
p95,ghg,1977,0.75400184
p95,ghg,1978,0.778112333
p95,ghg,1979,0.768736031
p95,ghg,1980,0.792483331
p95,ghg,1981,0.804952538
p95,ghg,1982,0.829439758
p95,ghg,1983,0.862191667
p95,ghg,1984,0.889598871
p95,ghg,1985,0.893173826
p95,ghg,1986,0.931276407
p95,ghg,1987,0.961566228
p95,ghg,1988,0.969270335
p95,ghg,1989,0.995841803
p95,ghg,1990,0.99993336
p95,ghg,1991,1.043707943
p95,ghg,1992,1.066780324
p95,ghg,1993,1.113064474
p95,ghg,1994,1.154276336
p95,ghg,1995,1.151435386
p95,ghg,1996,1.14181911
p95,ghg,1997,1.160425259
p95,ghg,1998,1.206187691
p95,ghg,1999,1.252441899
p95,ghg,2000,1.284752315
p95,ghg,2001,1.287320709
p95,ghg,2002,1.311494297
p95,ghg,2003,1.354064561
p95,ghg,2004,1.371714675
p95,ghg,2005,1.354053838
p95,ghg,2006,1.386888765
p95,ghg,2007,1.405523462
p95,ghg,2008,1.440468809
p95,ghg,2009,1.436157325
p95,ghg,2010,1.430093896
p95,ghg,2011,1.488311522
p95,ghg,2012,1.504859608
p95,ghg,2013,1.535912767
p95,ghg,2014,1.588362139
p95,ghg,2015,1.601617609
p95,ghg,2016,1.618912644
p95,ghg,2017,1.64901731
p95,ghg,2018,1.685176945
p95,ghg,2019,1.685793724
p95,ghg,2020,1.730502646
p95,ghg,2021,1.750725695
p95,ghg,2022,1.78783444
p95,ghg,2023,1.821688523
p95,ghg,2024,1.867543768
p95,ghg,2025,1.8891057
p95,natural,1850,0.028255246
p95,natural,1851,0.056592798
p95,natural,1852,0.078244726
p95,natural,1853,0.065377599
p95,natural,1854,0.059928082
p95,natural,1855,0.082666293
p95,natural,1856,0.082496114
p95,natural,1857,0.066497702
p95,natural,1858,0.054752681
p95,natural,1859,0.07423385
p95,natural,1860,0.09508964
p95,natural,1861,0.044665524
p95,natural,1862,0.026208198
p95,natural,1863,0.024882348
p95,natural,1864,0.043468079
p95,natural,1865,0.063120771
p95,natural,1866,0.069479926
p95,natural,1867,0.070670309
p95,natural,1868,0.068606759
p95,natural,1869,0.080773958
p95,natural,1870,0.070911916
p95,natural,1871,0.077970382
p95,natural,1872,0.087625509
p95,natural,1873,0.095423229
p95,natural,1874,0.100982498
p95,natural,1875,0.088037812
p95,natural,1876,0.091231624
p95,natural,1877,0.083927045
p95,natural,1878,0.061028164
p95,natural,1879,0.04735635
p95,natural,1880,0.062931025
p95,natural,1881,0.065508566
p95,natural,1882,0.075421616
p95,natural,1883,0.041197553
p95,natural,1884,-0.056697636
p95,natural,1885,-0.04362331
p95,natural,1886,-0.02252338
p95,natural,1887,-0.009367013
p95,natural,1888,0.006392814
p95,natural,1889,0.004367172
p95,natural,1890,0.014790248
p95,natural,1891,-0.001753572
p95,natural,1892,0.004828298
p95,natural,1893,0.024242498
p95,natural,1894,0.020125787
p95,natural,1895,0.033502793
p95,natural,1896,0.034832882
p95,natural,1897,0.050189108
p95,natural,1898,0.0603166
p95,natural,1899,0.038159325
p95,natural,1900,0.05786309
p95,natural,1901,0.06018579
p95,natural,1902,0.053007987
p95,natural,1903,-0.021967291
p95,natural,1904,-0.007279571
p95,natural,1905,0.0125343
p95,natural,1906,0.060625629
p95,natural,1907,0.032748037
p95,natural,1908,0.06417192
p95,natural,1909,0.068547754
p95,natural,1910,0.059873057
p95,natural,1911,0.072142531
p95,natural,1912,0.003665646
p95,natural,1913,0.012775476
p95,natural,1914,0.04246195
p95,natural,1915,0.0399271
p95,natural,1916,0.039574688
p95,natural,1917,0.056645239
p95,natural,1918,0.084798341
p95,natural,1919,0.09844102
p95,natural,1920,0.080290173
p95,natural,1921,0.084108805
p95,natural,1922,0.087410367
p95,natural,1923,0.063044351
p95,natural,1924,0.083750072
p95,natural,1925,0.111772749
p95,natural,1926,0.093100814
p95,natural,1927,0.091734145
p95,natural,1928,0.10340878
p95,natural,1929,0.075015788
p95,natural,1930,0.106832703
p95,natural,1931,0.137647222
p95,natural,1932,0.084144969
p95,natural,1933,0.064109893
p95,natural,1934,0.086849564
p95,natural,1935,0.12450749
p95,natural,1936,0.113467344
p95,natural,1937,0.140161894
p95,natural,1938,0.142103481
p95,natural,1939,0.131406458
p95,natural,1940,0.128824213
p95,natural,1941,0.163509077
p95,natural,1942,0.181362399
p95,natural,1943,0.151399798
p95,natural,1944,0.142172606
p95,natural,1945,0.141730663
p95,natural,1946,0.141673477
p95,natural,1947,0.155561922
p95,natural,1948,0.154672421
p95,natural,1949,0.157792592
p95,natural,1950,0.166195651
p95,natural,1951,0.157943627
p95,natural,1952,0.156117253
p95,natural,1953,0.169564186
p95,natural,1954,0.147517346
p95,natural,1955,0.151683714
p95,natural,1956,0.152063514
p95,natural,1957,0.185999184
p95,natural,1958,0.198045774
p95,natural,1959,0.184732542
p95,natural,1960,0.188304662
p95,natural,1961,0.184189145
p95,natural,1962,0.154952341
p95,natural,1963,0.093854032
p95,natural,1964,0.020828955
p95,natural,1965,0.014063646
p95,natural,1966,0.034817531
p95,natural,1967,0.047350124
p95,natural,1968,0.061966901
p95,natural,1969,0.076887579
p95,natural,1970,0.089169457
p95,natural,1971,0.088488969
p95,natural,1972,0.096874779
p95,natural,1973,0.093069508
p95,natural,1974,0.063913829
p95,natural,1975,0.03388797
p95,natural,1976,0.048472659
p95,natural,1977,0.045723987
p95,natural,1978,0.082729147
p95,natural,1979,0.1143658
p95,natural,1980,0.111612257
p95,natural,1981,0.09406745
p95,natural,1982,0.050582785
p95,natural,1983,-0.004917613
p95,natural,1984,0.019345776
p95,natural,1985,0.018807338
p95,natural,1986,0.028955833
p95,natural,1987,0.061109002
p95,natural,1988,0.068844109
p95,natural,1989,0.08559311
p95,natural,1990,0.068488181
p95,natural,1991,0.023751531
p95,natural,1992,-0.04795737
p95,natural,1993,-0.035936641
p95,natural,1994,-0.017084775
p95,natural,1995,-0.000562444
p95,natural,1996,0.010955143
p95,natural,1997,0.018817001
p95,natural,1998,0.028875088
p95,natural,1999,0.042700093
p95,natural,2000,0.097576755
p95,natural,2001,0.100287299
p95,natural,2002,0.093297986
p95,natural,2003,0.099446873
p95,natural,2004,0.084437966
p95,natural,2005,0.051960936
p95,natural,2006,0.049977471
p95,natural,2007,0.068770632
p95,natural,2008,0.056045868
p95,natural,2009,0.060027543
p95,natural,2010,0.064486844
p95,natural,2011,0.050603453
p95,natural,2012,0.064349427
p95,natural,2013,0.08155511
p95,natural,2014,0.075431096
p95,natural,2015,0.076395753
p95,natural,2016,0.070525482
p95,natural,2017,0.054993778
p95,natural,2018,0.061603455
p95,natural,2019,0.081733754
p95,natural,2020,0.082612407
p95,natural,2021,0.055865222
p95,natural,2022,0.037413333
p95,natural,2023,0.057945615
p95,natural,2024,0.045287561
p95,natural,2025,0.05314114
p95,other_human_forcing,1850,0.096260473
p95,other_human_forcing,1851,0.033524523
p95,other_human_forcing,1852,0.042630434
p95,other_human_forcing,1853,0.070854904
p95,other_human_forcing,1854,0.157333597
p95,other_human_forcing,1855,0.170563578
p95,other_human_forcing,1856,0.059603712
p95,other_human_forcing,1857,0.090810103
p95,other_human_forcing,1858,0.116380255
p95,other_human_forcing,1859,0.148859281
p95,other_human_forcing,1860,0.101354179
p95,other_human_forcing,1861,0.105285622
p95,other_human_forcing,1862,0.126464362
p95,other_human_forcing,1863,0.133452678
p95,other_human_forcing,1864,0.048159268
p95,other_human_forcing,1865,0.082933162
p95,other_human_forcing,1866,0.061235972
p95,other_human_forcing,1867,0.096537126
p95,other_human_forcing,1868,0.062193464
p95,other_human_forcing,1869,0.110050276
p95,other_human_forcing,1870,0.111247432
p95,other_human_forcing,1871,0.09459767
p95,other_human_forcing,1872,0.075877271
p95,other_human_forcing,1873,0.089904776
p95,other_human_forcing,1874,0.053438214
p95,other_human_forcing,1875,0.109526573
p95,other_human_forcing,1876,0.090132527
p95,other_human_forcing,1877,0.038808495
p95,other_human_forcing,1878,0.069699505
p95,other_human_forcing,1879,0.14563355
p95,other_human_forcing,1880,0.142199314
p95,other_human_forcing,1881,0.072415175
p95,other_human_forcing,1882,0.031319771
p95,other_human_forcing,1883,0.107552718
p95,other_human_forcing,1884,0.109570238
p95,other_human_forcing,1885,0.115695906
p95,other_human_forcing,1886,0.066561963
p95,other_human_forcing,1887,0.020544582
p95,other_human_forcing,1888,0.045246051
p95,other_human_forcing,1889,0.043402372
p95,other_human_forcing,1890,0.040646422
p95,other_human_forcing,1891,0.028476009
p95,other_human_forcing,1892,0.054150791
p95,other_human_forcing,1893,0.129042753
p95,other_human_forcing,1894,0.075461468
p95,other_human_forcing,1895,0.083870754
p95,other_human_forcing,1896,0.051299161
p95,other_human_forcing,1897,0.063000184
p95,other_human_forcing,1898,0.064027228
p95,other_human_forcing,1899,0.094535878
p95,other_human_forcing,1900,0.077453191
p95,other_human_forcing,1901,0.063510496
p95,other_human_forcing,1902,0.035302783
p95,other_human_forcing,1903,0.039897302
p95,other_human_forcing,1904,0.108081537
p95,other_human_forcing,1905,0.130729407
p95,other_human_forcing,1906,0.021381869
p95,other_human_forcing,1907,0.066063863
p95,other_human_forcing,1908,0.030447341
p95,other_human_forcing,1909,0.037105243
p95,other_human_forcing,1910,0.053613407
p95,other_human_forcing,1911,0.051028438
p95,other_human_forcing,1912,0.110767192
p95,other_human_forcing,1913,0.113351625
p95,other_human_forcing,1914,0.022701112
p95,other_human_forcing,1915,0.00623444
p95,other_human_forcing,1916,0.060284655
p95,other_human_forcing,1917,0.098456314
p95,other_human_forcing,1918,0.086326601
p95,other_human_forcing,1919,0.040011397
p95,other_human_forcing,1920,0.020874916
p95,other_human_forcing,1921,0.036076873
p95,other_human_forcing,1922,0.082813664
p95,other_human_forcing,1923,0.037439798
p95,other_human_forcing,1924,0.049700113
p95,other_human_forcing,1925,0.023761414
p95,other_human_forcing,1926,0.006538676
p95,other_human_forcing,1927,0.025290529
p95,other_human_forcing,1928,0.045251781
p95,other_human_forcing,1929,0.093212181
p95,other_human_forcing,1930,0.110317329
p95,other_human_forcing,1931,0.037746666
p95,other_human_forcing,1932,0.036683968
p95,other_human_forcing,1933,0.051243718
p95,other_human_forcing,1934,0.020925903
p95,other_human_forcing,1935,0.012218886
p95,other_human_forcing,1936,0.02719854
p95,other_human_forcing,1937,0.054805932
p95,other_human_forcing,1938,0.108011638
p95,other_human_forcing,1939,-0.006491958
p95,other_human_forcing,1940,0.002393574
p95,other_human_forcing,1941,0.014254557
p95,other_human_forcing,1942,0.009011507
p95,other_human_forcing,1943,0.088933222
p95,other_human_forcing,1944,0.059192155
p95,other_human_forcing,1945,0.039417654
p95,other_human_forcing,1946,-0.003098724
p95,other_human_forcing,1947,0.006491333
p95,other_human_forcing,1948,0.056274142
p95,other_human_forcing,1949,0.06140155
p95,other_human_forcing,1950,0.07416378
p95,other_human_forcing,1951,0.022936832
p95,other_human_forcing,1952,-0.010755908
p95,other_human_forcing,1953,0.00641311
p95,other_human_forcing,1954,0.035227167
p95,other_human_forcing,1955,0.0084783
p95,other_human_forcing,1956,0.024875475
p95,other_human_forcing,1957,0.010854355
p95,other_human_forcing,1958,0.012917669
p95,other_human_forcing,1959,0.022202487
p95,other_human_forcing,1960,0.009693839
p95,other_human_forcing,1961,-0.013526543
p95,other_human_forcing,1962,0.019838374
p95,other_human_forcing,1963,0.02484601
p95,other_human_forcing,1964,-0.014033659
p95,other_human_forcing,1965,-0.034094192
p95,other_human_forcing,1966,-0.032861095
p95,other_human_forcing,1967,-0.032950108
p95,other_human_forcing,1968,-0.004362091
p95,other_human_forcing,1969,-0.003025009
p95,other_human_forcing,1970,-0.000774421
p95,other_human_forcing,1971,-0.01698152
p95,other_human_forcing,1972,-0.018667545
p95,other_human_forcing,1973,-0.04346451
p95,other_human_forcing,1974,-0.020935702
p95,other_human_forcing,1975,-0.034364569
p95,other_human_forcing,1976,0.00477255
p95,other_human_forcing,1977,-0.043600186
p95,other_human_forcing,1978,0.005405776
p95,other_human_forcing,1979,-0.030693475
p95,other_human_forcing,1980,-0.059614857
p95,other_human_forcing,1981,-0.047841064
p95,other_human_forcing,1982,-0.015283059
p95,other_human_forcing,1983,-0.024029751
p95,other_human_forcing,1984,-0.009081806
p95,other_human_forcing,1985,-0.039189583
p95,other_human_forcing,1986,-0.041867228
p95,other_human_forcing,1987,-0.018320724
p95,other_human_forcing,1988,-0.008980527
p95,other_human_forcing,1989,-0.023325858
p95,other_human_forcing,1990,-0.056398159
p95,other_human_forcing,1991,-0.05427853
p95,other_human_forcing,1992,-0.030123456
p95,other_human_forcing,1993,-0.040221564
p95,other_human_forcing,1994,-0.051490825
p95,other_human_forcing,1995,-0.021755139
p95,other_human_forcing,1996,-0.040541629
p95,other_human_forcing,1997,-0.031580015
p95,other_human_forcing,1998,-0.04150725
p95,other_human_forcing,1999,-0.053190418
p95,other_human_forcing,2000,-0.061499334
p95,other_human_forcing,2001,-0.033290808
p95,other_human_forcing,2002,-0.0269997
p95,other_human_forcing,2003,-0.038939974
p95,other_human_forcing,2004,-0.046666408
p95,other_human_forcing,2005,-0.051543668
p95,other_human_forcing,2006,-0.042843755
p95,other_human_forcing,2007,-0.024245592
p95,other_human_forcing,2008,-0.007159594
p95,other_human_forcing,2009,0.003607118
p95,other_human_forcing,2010,-0.057165119
p95,other_human_forcing,2011,-0.034586803
p95,other_human_forcing,2012,-0.01229523
p95,other_human_forcing,2013,0.022015202
p95,other_human_forcing,2014,-0.03001781
p95,other_human_forcing,2015,-0.068863571
p95,other_human_forcing,2016,-0.059782689
p95,other_human_forcing,2017,-0.050383289
p95,other_human_forcing,2018,-0.03420559
p95,other_human_forcing,2019,-0.048070512
p95,other_human_forcing,2020,-0.001170487
p95,other_human_forcing,2021,0.009105608
p95,other_human_forcing,2022,-0.047840779
p95,other_human_forcing,2023,-0.023274971
p95,other_human_forcing,2024,0.039640348
p95,other_human_forcing,2025,-0.007725935
