time,timebound_lower,timebound_upper,solar,volcanic,aerosol-radiation_interactions,aerosol-cloud_interactions,contrails,land_use,BC_on_snow,CO2,CH4,N2O,HFC-134a,HFC-23,HFC-32,HFC-125,HFC-143a,HFC-152a,HFC-227ea,HFC-236fa,HFC-245fa,HFC-365mfc,HFC-43-10mee,NF3,SF6,SO2F2,CF4,C2F6,C3F8,c-C4F8,CFC-12,CFC-11,CFC-113,CFC-114,CFC-115,CFC-13,HCFC-22,HCFC-141b,HCFC-142b,CH3CCl3,CCl4,CH3Cl,CH3Br,CH2Cl2,CHCl3,Halon-1211,Halon-1301,Halon-2402,n-C4F10,n-C5F12,n-C6F14,i-C6F14,C7F16,C8F18,CFC-112,CFC-112a,CFC-113a,CFC-114a,HCFC-133a,HCFC-31,HCFC-124,O3,H2O_stratospheric
1750.5,1750,1751,0.032366127,0.294038412,0,0,0,0,0,0,0,0,0,0,0,0,0,0,0,0,0,0,0,0,0,0,0,0,0,0,0,0,0,0,0,0,0,0,0,0,0,0,0,0,0,0,0,0,0,0,0,0,0,0,0,0,0,0,0,0,0,0,0
1751.5,1751,1752,0.001248488,0.304688379,0.001667931,0.020479888,0,1.79E-05,9.94E-07,0.001586732,0.000609735,8.50E-05,0,0,0,0,0,0,0,0,0,0,0,0,0,0,0,0,0,0,0,0,0,0,0,0,0,0,0,0,0,0,0,1.22E-09,0,0,0,0,0,0,0,0,0,0,0,0,0,0,0,0,0,-0.000221031,6.88E-05
1752.5,1752,1753,-0.004541358,0.301338922,0.002717046,0.032643241,0,3.16E-05,1.33E-06,0.003173086,0.001219102,0.000169976,0,0,0,0,0,0,0,0,0,0,0,0,0,0,0,0,0,0,0,0,0,0,0,0,0,0,0,0,0,0,0,2.43E-09,0,0,0,0,0,0,0,0,0,0,0,0,0,0,0,0,0,-0.000205059,0.000137502
1753.5,1753,1754,-0.01188356,0.120251148,0.001682224,0.02071459,0,4.11E-05,9.94E-07,0.004759062,0.001828101,0.000254949,0,0,0,0,0,0,0,0,0,0,0,0,0,0,0,0,0,0,0,0,0,0,0,0,0,0,0,0,0,0,0,3.65E-09,0,0,0,0,0,0,0,0,0,0,0,0,0,0,0,0,0,-7.45E-05,0.000206253
1754.5,1754,1755,-0.021530251,-0.020968785,-0.000139879,-0.000120092,0,4.66E-05,0.000121178,0.006344661,0.002436733,0.000339913,0,0,0,0,0,0,0,0,0,0,0,0,0,0,0,0,0,0,0,0,0,0,0,0,0,0,0,0,0,0,0,4.87E-09,0,0,0,0,0,0,0,0,0,0,0,0,0,0,0,0,0,0.001119632,0.000275004
1755.5,1755,1756,-0.0265918,0.135516017,0.000759403,0.006399009,0,4.78E-05,0.000131776,0.007929882,0.003044998,0.000424868,0,0,0,0,0,0,0,0,0,0,0,0,0,0,0,0,0,0,0,0,0,0,0,0,0,0,0,0,0,0,0,6.09E-09,0,0,0,0,0,0,0,0,0,0,0,0,0,0,0,0,0,0.001555672,0.000343755
1756.5,1756,1757,-0.027074148,-0.023430038,0.001504497,0.01935994,0,4.56E-05,1.06E-06,0.009514725,0.003652897,0.000509813,0,0,0,0,0,0,0,0,0,0,0,0,0,0,0,0,0,0,0,0,0,0,0,0,0,0,0,0,0,0,0,7.30E-09,0,0,0,0,0,0,0,0,0,0,0,0,0,0,0,0,0,0.000311654,0.000412506
1757.5,1757,1758,-0.014978956,0.242506878,0.001648247,-0.000481298,0,3.92E-05,0.001841313,0.011099192,0.00426043,0.000594748,0,0,0,0,0,0,0,0,0,0,0,0,0,0,0,0,0,0,0,0,0,0,0,0,0,0,0,0,0,0,0,8.52E-09,0,0,0,0,0,0,0,0,0,0,0,0,0,0,0,0,0,0.004132718,0.000481257
1758.5,1758,1759,-0.004359333,0.29731167,0.000964141,-0.000246417,0,2.88E-05,0.000918289,0.012683282,0.004867598,0.000679674,0,0,0,0,0,0,0,0,0,0,0,0,0,0,0,0,0,0,0,0,0,0,0,0,0,0,0,0,0,0,0,9.74E-09,0,0,0,0,0,0,0,0,0,0,0,0,0,0,0,0,0,0.003501776,0.000550008
1759.5,1759,1760,0.000785298,0.301298481,0.00065453,-0.000197061,0,1.60E-05,0.000819861,0.014266995,0.005474402,0.000764591,0,0,0,0,0,0,0,0,0,0,0,0,0,0,0,0,0,0,0,0,0,0,0,0,0,0,0,0,0,0,0,1.10E-08,0,0,0,0,0,0,0,0,0,0,0,0,0,0,0,0,0,0.003153327,0.000618759
1760.5,1760,1761,0.007847412,0.108757151,0.000494002,-0.000423618,0,-2.70E-06,0.001198977,0.015850332,0.006080842,0.000849498,0,0,0,0,0,0,0,0,0,0,0,0,0,0,0,0,0,0,0,0,0,0,0,0,0,0,0,0,0,0,0,1.22E-08,0,0,0,0,0,0,0,0,0,0,0,0,0,0,0,0,0,0.003714448,0.00068751
1761.5,1761,1762,0.036247982,-0.919472877,0.001243298,-0.000483977,0,-2.81E-05,0.001560282,0.017433292,0.006686919,0.000934396,0,0,0,0,0,0,0,0,0,0,0,0,0,0,0,0,0,0,0,0,0,0,0,0,0,0,0,0,0,0,0,1.34E-08,0,0,0,0,0,0,0,0,0,0,0,0,0,0,0,0,0,0.004740447,0.000756261
1762.5,1762,1763,0.011565818,-0.400353642,0.000123577,-0.000132879,0,-5.74E-05,0.000341766,0.019015877,0.007292633,0.001019284,0,0,0,0,0,0,0,0,0,0,0,0,0,0,0,0,0,0,0,0,0,0,0,0,0,0,0,0,0,0,0,1.46E-08,0,0,0,0,0,0,0,0,0,0,0,0,0,0,0,0,0,0.003102649,0.000825012
1763.5,1763,1764,-0.003600216,0.038299772,0.000344163,-0.000221175,0,-8.95E-05,0.000543801,0.020598085,0.007897985,0.001104162,0,0,0,0,0,0,0,0,0,0,0,0,0,0,0,0,0,0,0,0,0,0,0,0,0,0,0,0,0,0,0,1.58E-08,0,0,0,0,0,0,0,0,0,0,0,0,0,0,0,0,0,0.003870983,0.000893763
1764.5,1764,1765,-0.008177633,0.247579763,0.003287361,0.037034858,0,-0.000124296,7.79E-07,0.022179918,0.008502975,0.001189032,0,0,0,0,0,0,0,0,0,0,0,0,0,0,0,0,0,0,0,0,0,0,0,0,0,0,0,0,0,0,0,1.70E-08,0,0,0,0,0,0,0,0,0,0,0,0,0,0,0,0,0,0.003014031,0.000962514
1765.5,1765,1766,-0.018557084,0.296701831,0.000716372,-0.000390691,0,-0.00016192,0.001154475,0.023761375,0.009107605,0.001273891,0,0,0,0,0,0,0,0,0,0,0,0,0,0,0,0,0,0,0,0,0,0,0,0,0,0,0,0,0,0,0,1.83E-08,0,0,0,0,0,0,0,0,0,0,0,0,0,0,0,0,0,0.005117617,0.001031265
1766.5,1766,1767,-0.024698178,-0.184525255,0.001300738,0.004744312,0,-0.000204203,0.000720699,0.025342457,0.009711874,0.001358742,0,0,0,0,0,0,0,0,0,0,0,0,0,0,0,0,0,0,0,0,0,0,0,0,0,0,0,0,0,0,0,1.95E-08,0,0,0,0,0,0,0,0,0,0,0,0,0,0,0,0,0,0.005036279,0.001100016
1767.5,1767,1768,-0.008360525,0.005144721,0.001198165,0.00135231,0,-0.000247398,0.000809778,0.026923164,0.010315783,0.001443583,0,0,0,0,0,0,0,0,0,0,0,0,0,0,0,0,0,0,0,0,0,0,0,0,0,0,0,0,0,0,0,2.07E-08,0,0,0,0,0,0,0,0,0,0,0,0,0,0,0,0,0,0.005330009,0.001168767
1768.5,1768,1769,0.031012492,0.248437758,0.002344258,-0.001054092,0,-0.000293814,0.003261397,0.028503496,0.010919334,0.001528414,0,0,0,0,0,0,0,0,0,0,0,0,0,0,0,0,0,0,0,0,0,0,0,0,0,0,0,0,0,0,0,2.19E-08,0,0,0,0,0,0,0,0,0,0,0,0,0,0,0,0,0,0.008667863,0.001237518
1769.5,1769,1770,0.070905657,0.095800398,0.001215898,-0.000628301,0,-0.000341269,0.001716269,0.030083453,0.011522525,0.001613236,0,0,0,0,0,0,0,0,0,0,0,0,0,0,0,0,0,0,0,0,0,0,0,0,0,0,0,0,0,0,0,2.31E-08,0,0,0,0,0,0,0,0,0,0,0,0,0,0,0,0,0,0.006924693,0.001306269
1770.5,1770,1771,0.071065019,0.242622945,0.001295755,-0.000646071,0,-0.000401006,0.001796009,0.031663036,0.012125358,0.001698049,0,0,0,0,0,0,0,0,0,0,0,0,0,0,0,0,0,0,0,0,0,0,0,0,0,0,0,0,0,0,0,2.43E-08,0,0,0,0,0,0,0,0,0,0,0,0,0,0,0,0,0,0.007375123,0.00137502
1771.5,1771,1772,0.057860932,0.296901326,0.001113376,0.006926985,0,-0.00046508,0.000495898,0.033242244,0.012727834,0.001782852,0,0,0,0,0,0,0,0,0,0,0,0,0,0,0,0,0,0,0,0,0,0,0,0,0,0,0,0,0,0,0,2.56E-08,0,0,0,0,0,0,0,0,0,0,0,0,0,0,0,0,0,0.005967403,0.001443771
1772.5,1772,1773,0.035536868,0.305396773,0.002256038,0.023295418,0,-0.000532101,4.50E-05,0.034821079,0.013329953,0.001867646,0,0,0,0,0,0,0,0,0,0,0,0,0,0,0,0,0,0,0,0,0,0,0,0,0,0,0,0,0,0,0,2.68E-08,0,0,0,0,0,0,0,0,0,0,0,0,0,0,0,0,0,0.005581014,0.001512522
1773.5,1773,1774,-0.001635611,0.306661669,0.001703628,0.01594945,0,-0.000602924,0.000265231,0.036399539,0.013931715,0.00195243,0,0,0,0,0,0,0,0,0,0,0,0,0,0,0,0,0,0,0,0,0,0,0,0,0,0,0,0,0,0,0,2.80E-08,0,0,0,0,0,0,0,0,0,0,0,0,0,0,0,0,0,0.005856173,0.001581273
1774.5,1774,1775,-0.007909942,0.306841549,0.001645263,-0.000873424,0,-0.000674567,0.002428181,0.037977625,0.014533122,0.002037205,0,0,0,0,0,0,0,0,0,0,0,0,0,0,0,0,0,0,0,0,0,0,0,0,0,0,0,0,0,0,0,2.92E-08,0,0,0,0,0,0,0,0,0,0,0,0,0,0,0,0,0,0.008547546,0.001650024
1775.5,1775,1776,-0.024101479,0.306864062,0.00235832,-0.000581811,0,-0.000746335,0.00224992,0.039555339,0.015134173,0.002121971,0,0,0,0,0,0,0,0,0,0,0,0,0,0,0,0,0,0,0,0,0,0,0,0,0,0,0,0,0,0,0,3.04E-08,0,0,0,0,0,0,0,0,0,0,0,0,0,0,0,0,0,0.008670017,0.001718775
1776.5,1776,1777,-0.018894033,0.306865314,0.0014305,0.002314636,0,-0.000819536,0.001004661,0.041132678,0.015734869,0.002206727,0,0,0,0,0,0,0,0,0,0,0,0,0,0,0,0,0,0,0,0,0,0,0,0,0,0,0,0,0,0,0,3.17E-08,0,0,0,0,0,0,0,0,0,0,0,0,0,0,0,0,0,0.006936263,0.001787526
1777.5,1777,1778,0.023891435,0.306864427,0.003114299,-0.000797876,0,-0.000897351,0.003028416,0.042709645,0.016335212,0.002291474,0,0,0,0,0,0,0,0,0,0,0,0,0,0,0,0,0,0,0,0,0,0,0,0,0,0,0,0,0,0,0,3.29E-08,0,0,0,0,0,0,0,0,0,0,0,0,0,0,0,0,0,0.009726336,0.001856277
1778.5,1778,1779,0.091079839,0.302869585,0.00366013,-0.001151165,0,-0.000978114,0.004008147,0.044286238,0.0169352,0.002376212,0,0,0,0,0,0,0,0,0,0,0,0,0,0,0,0,0,0,0,0,0,0,0,0,0,0,0,0,0,0,0,3.41E-08,0,0,0,0,0,0,0,0,0,0,0,0,0,0,0,0,0,0.011394944,0.001925028
1779.5,1779,1780,0.086978647,0.214440197,0.002807425,-0.000675683,0,-0.001059741,0.002712277,0.045862459,0.017534836,0.00246094,0,0,0,0,0,0,0,0,0,0,0,0,0,0,0,0,0,0,0,0,0,0,0,0,0,0,0,0,0,0,0,3.53E-08,0,0,0,0,0,0,0,0,0,0,0,0,0,0,0,0,0,0.009445665,0.001993779
1780.5,1780,1781,0.055047575,0.27829846,0.002830689,-0.001085204,0,-0.001143846,0.003663958,0.047438307,0.018134119,0.002545658,0,0,0,0,0,0,0,0,0,0,0,0,0,0,0,0,0,0,0,0,0,0,0,0,0,0,0,0,0,0,0,3.65E-08,0,0,0,0,0,0,0,0,0,0,0,0,0,0,0,0,0,0.010493154,0.00206253
1781.5,1781,1782,0.042933518,0.302354911,0.003503248,-0.001068413,0,-0.001228565,0.00370146,0.049013783,0.01873305,0.002630368,0,0,0,0,0,0,0,0,0,0,0,0,0,0,0,0,0,0,0,0,0,0,0,0,0,0,0,0,0,0,0,3.77E-08,0,0,0,0,0,0,0,0,0,0,0,0,0,0,0,0,0,0.011038167,0.002131281
1782.5,1782,1783,0.001207169,0.306210849,0.002471973,-0.000805337,0,-0.001313031,0.002734872,0.050588887,0.01933163,0.002715068,0,0,0,0,0,0,0,0,0,0,0,0,0,0,0,0,0,0,0,0,0,0,0,0,0,0,0,0,0,0,0,3.90E-08,0,0,0,0,0,0,0,0,0,0,0,0,0,0,0,0,0,0.009703353,0.002200032
1783.5,1783,1784,-0.009655485,-1.562878839,0.002371037,-0.00073716,0,-0.001399946,0.002426098,0.052163619,0.019929858,0.002799758,0,0,0,0,0,0,0,0,0,0,0,0,0,0,0,0,0,0,0,0,0,0,0,0,0,0,0,0,0,0,0,4.02E-08,0,0,0,0,0,0,0,0,0,0,0,0,0,0,0,0,0,0.009741385,0.002268783
1784.5,1784,1785,-0.021447693,-2.290860127,0.003700857,0.012299597,0,-0.00148711,0.00210908,0.053737979,0.020527737,0.00288444,0,0,0,0,0,0,0,0,0,0,0,0,0,0,0,0,0,0,0,0,0,0,0,0,0,0,0,0,0,0,0,4.14E-08,0,0,0,0,0,0,0,0,0,0,0,0,0,0,0,0,0,0.009984004,0.002337534
1785.5,1785,1786,-0.016623256,-0.233435645,0.002732221,-0.000901661,0,-0.001578824,0.003004235,0.055311967,0.021125265,0.002969112,0,0,0,0,0,0,0,0,0,0,0,0,0,0,0,0,0,0,0,0,0,0,0,0,0,0,0,0,0,0,0,4.26E-08,0,0,0,0,0,0,0,0,0,0,0,0,0,0,0,0,0,0.010938555,0.002406285
1786.5,1786,1787,0.025877644,0.03759889,0.00338781,-0.000695979,0,-0.001667035,0.00278014,0.056885584,0.021722444,0.003053774,0,0,0,0,0,0,0,0,0,0,0,0,0,0,0,0,0,0,0,0,0,0,0,0,0,0,0,0,0,0,0,4.38E-08,0,0,0,0,0,0,0,0,0,0,0,0,0,0,0,0,0,0.010953025,0.002475036
1787.5,1787,1788,0.077751721,0.085528814,0.003766363,-0.001097483,0,-0.001758189,0.003720694,0.058458829,0.022319275,0.003138428,0,0,0,0,0,0,0,0,0,0,0,0,0,0,0,0,0,0,0,0,0,0,0,0,0,0,0,0,0,0,0,4.50E-08,0,0,0,0,0,0,0,0,0,0,0,0,0,0,0,0,0,0.012345794,0.002543787
1788.5,1788,1789,0.089269612,0.192376862,0.005042237,-0.001918235,0,-0.001851167,0.006160312,0.060031704,0.022915757,0.003223072,0,0,0,0,0,0,0,0,0,0,0,0,0,0,0,0,0,0,0,0,0,0,0,0,0,0,0,0,0,0,0,4.63E-08,0,0,0,0,0,0,0,0,0,0,0,0,0,0,0,0,0,0.015574561,0.002612538
1789.5,1789,1790,0.076347427,0.278856145,0.003905094,-0.001459362,0,-0.001944587,0.004556375,0.061604208,0.023511892,0.003307706,0,0,0,0,0,0,0,0,0,0,0,0,0,0,0,0,0,0,0,0,0,0,0,0,0,0,0,0,0,0,0,4.75E-08,0,0,0,0,0,0,0,0,0,0,0,0,0,0,0,0,0,0.01376044,0.002681289
1790.5,1790,1791,0.053031173,0.005798403,0.004164877,-0.00154462,0,-0.002048022,0.00488452,0.063176341,0.02410768,0.003392332,0,0,0,0,0,0,0,0,0,0,0,0,0,0,0,0,0,0,0,0,0,0,0,0,0,0,0,0,0,0,0,4.87E-08,0,0,0,0,0,0,0,0,0,0,0,0,0,0,0,0,0,0.014464479,0.00275004
1791.5,1791,1792,0.02627587,0.19403086,0.003602243,-0.001076215,0,-0.002161658,0.003425177,0.064748103,0.024703121,0.003476948,0,0,0,0,0,0,0,0,0,0,0,0,0,0,0,0,0,0,0,0,0,0,0,0,0,0,0,0,0,0,0,4.99E-08,0,0,0,0,0,0,0,0,0,0,0,0,0,0,0,0,0,0.012942317,0.002818791
1792.5,1792,1793,0.021230868,0.28480438,0.003845214,-0.000850004,0,-0.002276599,0.00312483,0.066319496,0.025298216,0.003561554,0,0,0,0,0,0,0,0,0,0,0,0,0,0,0,0,0,0,0,0,0,0,0,0,0,0,0,0,0,0,0,5.11E-08,0,0,0,0,0,0,0,0,0,0,0,0,0,0,0,0,0,0.012986675,0.002887542
1793.5,1793,1794,0.010425982,0.2809241,0.003352593,-0.000867003,0,-0.002390147,0.002885908,0.067890518,0.025892965,0.003646152,0,0,0,0,0,0,0,0,0,0,0,0,0,0,0,0,0,0,0,0,0,0,0,0,0,0,0,0,0,0,0,5.23E-08,0,0,0,0,0,0,0,0,0,0,0,0,0,0,0,0,0,0.012704509,0.002956293
1794.5,1794,1795,0.002005778,0.286123051,0.003906479,-0.001834185,0,-0.002509108,0.005033052,0.06946117,0.02648737,0.00373074,0,0,0,0,0,0,0,0,0,0,0,0,0,0,0,0,0,0,0,0,0,0,0,0,0,0,0,0,0,0,0,5.36E-08,0,0,0,0,0,0,0,0,0,0,0,0,0,0,0,0,0,0.015489532,0.003025044
1795.5,1795,1796,-0.014923711,-0.111924459,0.004406898,-0.001526359,0,-0.002631289,0.004705158,0.071031453,0.02708143,0.003815319,0,0,0,0,0,0,0,0,0,0,0,0,0,0,0,0,0,0,0,0,0,0,0,0,0,0,0,0,0,0,0,5.48E-08,0,0,0,0,0,0,0,0,0,0,0,0,0,0,0,0,0,0.015498863,0.003093795
1796.5,1796,1797,-0.018685791,0.019413562,0.002964057,-0.00111055,0,-0.002745593,0.003069651,0.072601366,0.027675146,0.003899888,0,0,0,0,0,0,0,0,0,0,0,0,0,0,0,0,0,0,0,0,0,0,0,0,0,0,0,0,0,0,0,5.60E-08,0,0,0,0,0,0,0,0,0,0,0,0,0,0,0,0,0,0.013340003,0.003162546
1797.5,1797,1798,-0.024746397,0.185932214,0.0048514,-0.001751624,0,-0.002871821,0.005197029,0.07417091,0.028268519,0.003984449,0,0,0,0,0,0,0,0,0,0,0,0,0,0,0,0,0,0,0,0,0,0,0,0,0,0,0,0,0,0,0,5.72E-08,0,0,0,0,0,0,0,0,0,0,0,0,0,0,0,0,0,0.016474744,0.003231297
1798.5,1798,1799,-0.026959953,0.288115609,0.005220651,-0.002114792,0,-0.002997599,0.005956524,0.075740085,0.028861548,0.004069,0,0,0,0,0,0,0,0,0,0,0,0,0,0,0,0,0,0,0,0,0,0,0,0,0,0,0,0,0,0,0,5.84E-08,0,0,0,0,0,0,0,0,0,0,0,0,0,0,0,0,0,0.017951203,0.003300048
1799.5,1799,1800,-0.025780195,0.30411801,0.004304429,-0.001906959,0,-0.003122068,0.005079902,0.07730889,0.029454236,0.004153541,0,0,0,0,0,0,0,0,0,0,0,0,0,0,0,0,0,0,0,0,0,0,0,0,0,0,0,0,0,0,0,5.97E-08,0,0,0,0,0,0,0,0,0,0,0,0,0,0,0,0,0,0.016556152,0.003368799
1800.5,1800,1801,-0.019138912,-0.066521767,0.004082776,-0.002213963,0,-0.003257737,0.005429541,0.078877328,0.030046582,0.004238074,0,0,0,0,0,0,0,0,0,0,0,0,0,0,0,0,0,0,0,0,0,0,0,0,0,0,0,0,0,0,0,6.09E-08,0,0,0,0,0,0,0,0,0,0,0,0,0,0,0,0,0,0.017021214,0.00343755
1801.5,1801,1802,0.003777914,0.198079355,0.004903273,-0.002109944,0,-0.003407541,0.005624784,0.080445396,0.030638586,0.004322597,0,0,0,0,0,0,0,0,0,0,0,0,0,0,0,0,0,0,0,0,0,0,0,0,0,0,0,0,0,0,0,6.21E-08,0,0,0,0,0,0,0,0,0,0,0,0,0,0,0,0,0,0.017674004,0.003506301
1802.5,1802,1803,0.004858252,0.277778797,0.004088786,-0.002239742,0,-0.003558961,0.00514603,0.082013096,0.03123025,0.004407111,0,0,0,0,0,0,0,0,0,0,0,0,0,0,0,0,0,0,0,0,0,0,0,0,0,0,0,0,0,0,0,6.33E-08,0,0,0,0,0,0,0,0,0,0,0,0,0,0,0,0,0,0.016749439,0.003575052
1803.5,1803,1804,-0.000873329,0.297919689,0.003899307,-0.001904386,0,-0.003708838,0.004437279,0.083580428,0.031821573,0.004491616,0,0,0,0,0,0,0,0,0,0,0,0,0,0,0,0,0,0,0,0,0,0,0,0,0,0,0,0,0,0,0,6.45E-08,0,0,0,0,0,0,0,0,0,0,0,0,0,0,0,0,0,0.016135342,0.003643803
1804.5,1804,1805,0.002337027,0.300662254,0.005421551,-0.001869457,0,-0.003863484,0.005122427,0.085147392,0.032412557,0.004576111,0,0,0,0,0,0,0,0,0,0,0,0,0,0,0,0,0,0,0,0,0,0,0,0,0,0,0,0,0,0,0,6.57E-08,0,0,0,0,0,0,0,0,0,0,0,0,0,0,0,0,0,0.017384857,0.003712554
1805.5,1805,1806,-0.001039615,0.18981348,0.004860742,-0.002397136,0,-0.004012883,0.005807769,0.086713988,0.033003201,0.004660597,0,0,0,0,0,0,0,0,0,0,0,0,0,0,0,0,0,0,0,0,0,0,0,0,0,0,0,0,0,0,0,6.70E-08,0,0,0,0,0,0,0,0,0,0,0,0,0,0,0,0,0,0.018015215,0.003781305
1806.5,1806,1807,-0.007650493,0.282873291,0.005782223,-0.00239134,0,-0.004170169,0.006154231,0.088280217,0.033593507,0.004745074,0,0,0,0,0,0,0,0,0,0,0,0,0,0,0,0,0,0,0,0,0,0,0,0,0,0,0,0,0,0,0,6.82E-08,0,0,0,0,0,0,0,0,0,0,0,0,0,0,0,0,0,0.018606641,0.003850056
1807.5,1807,1808,-0.020490951,0.303292944,0.006088238,-0.002687254,0,-0.004323073,0.006816228,0.089846078,0.034183474,0.004829542,0,0,0,0,0,0,0,0,0,0,0,0,0,0,0,0,0,0,0,0,0,0,0,0,0,0,0,0,0,0,0,6.94E-08,0,0,0,0,0,0,0,0,0,0,0,0,0,0,0,0,0,0.01949847,0.003918807
1808.5,1808,1809,-0.023498396,0.306356821,0.007642297,-0.003463202,0,-0.004477991,0.009379717,0.091411572,0.034773104,0.004914001,0,0,0,0,0,0,0,0,0,0,0,0,0,0,0,0,0,0,0,0,0,0,0,0,0,0,0,0,0,0,0,7.06E-08,0,0,0,0,0,0,0,0,0,0,0,0,0,0,0,0,0,0.02285049,0.003987558
1809.5,1809,1810,-0.026624191,-2.55765324,0.006542102,-0.003051761,0,-0.004635975,0.007927522,0.092976699,0.035362397,0.00499845,0,0,0,0,0,0,0,0,0,0,0,0,0,0,0,0,0,0,0,0,0,0,0,0,0,0,0,0,0,0,0,7.18E-08,0,0,0,0,0,0,0,0,0,0,0,0,0,0,0,0,0,0.021087402,0.004056309
1810.5,1810,1811,-0.029720308,-2.982767031,0.006946474,-0.003197687,0,-0.004801155,0.008436495,0.094541459,0.035951353,0.00508289,0,0,0,0,0,0,0,0,0,0,0,0,0,0,0,0,0,0,0,0,0,0,0,0,0,0,0,0,0,0,0,7.30E-08,0,0,0,0,0,0,0,0,0,0,0,0,0,0,0,0,0,0.021783236,0.00412506
1811.5,1811,1812,-0.029111137,-1.227618497,0.006833786,-0.00292827,0,-0.004963328,0.007610393,0.096105853,0.036539972,0.005167321,0,0,0,0,0,0,0,0,0,0,0,0,0,0,0,0,0,0,0,0,0,0,0,0,0,0,0,0,0,0,0,7.43E-08,0,0,0,0,0,0,0,0,0,0,0,0,0,0,0,0,0,0.021006088,0.004193811
1812.5,1812,1813,-0.025538823,-0.584038324,0.006659882,-0.002671595,0,-0.005134112,0.006882181,0.09766988,0.037128256,0.005251742,0,0,0,0,0,0,0,0,0,0,0,0,0,0,0,0,0,0,0,0,0,0,0,0,0,0,0,0,0,0,0,7.55E-08,0,0,0,0,0,0,0,0,0,0,0,0,0,0,0,0,0,0.020330589,0.004262562
1813.5,1813,1814,-0.019803008,-0.553975502,0.006507115,-0.002823301,0,-0.005313101,0.007128544,0.09923354,0.037716205,0.005336155,0,0,0,0,0,0,0,0,0,0,0,0,0,0,0,0,0,0,0,0,0,0,0,0,0,0,0,0,0,0,0,7.67E-08,0,0,0,0,0,0,0,0,0,0,0,0,0,0,0,0,0,0.020508756,0.004331313
1814.5,1814,1815,-0.017602371,-0.622046615,0.007273266,-0.003738672,0,-0.005489258,0.009290826,0.100796835,0.03830382,0.005420558,0,0,0,0,0,0,0,0,0,0,0,0,0,0,0,0,0,0,0,0,0,0,0,0,0,0,0,0,0,0,0,7.79E-08,0,0,0,0,0,0,0,0,0,0,0,0,0,0,0,0,0,0.023232306,0.004400064
1815.5,1815,1816,-0.006984488,-2.312318799,0.007951531,-0.0035803,0,-0.00566059,0.009249612,0.102359764,0.0388911,0.005504952,0,0,0,0,0,0,0,0,0,0,0,0,0,0,0,0,0,0,0,0,0,0,0,0,0,0,0,0,0,0,0,7.91E-08,0,0,0,0,0,0,0,0,0,0,0,0,0,0,0,0,0,0.023487904,0.004468815
1816.5,1816,1817,0.006282345,-4.307500196,0.007052329,-0.003576044,0,-0.005837368,0.008459545,0.103922327,0.039478047,0.005589337,0,0,0,0,0,0,0,0,0,0,0,0,0,0,0,0,0,0,0,0,0,0,0,0,0,0,0,0,0,0,0,8.03E-08,0,0,0,0,0,0,0,0,0,0,0,0,0,0,0,0,0,0.02227482,0.004537566
1817.5,1817,1818,0.004225285,-3.139352414,0.00844129,-0.003913595,0,-0.00601035,0.009770605,0.105484524,0.04006466,0.005673713,0,0,0,0,0,0,0,0,0,0,0,0,0,0,0,0,0,0,0,0,0,0,0,0,0,0,0,0,0,0,0,8.16E-08,0,0,0,0,0,0,0,0,0,0,0,0,0,0,0,0,0,0.024181893,0.004606317
1818.5,1818,1819,-0.001138643,-1.714844344,0.009309379,-0.004475491,0,-0.006176765,0.011233357,0.107046356,0.040650941,0.00575808,0,0,0,0,0,0,0,0,0,0,0,0,0,0,0,0,0,0,0,0,0,0,0,0,0,0,0,0,0,0,0,8.28E-08,0,0,0,0,0,0,0,0,0,0,0,0,0,0,0,0,0,0.026541507,0.004675068
1819.5,1819,1820,-0.006057113,-0.563690321,0.008598755,-0.00408832,0,-0.006352701,0.010261985,0.108607823,0.041236889,0.005842437,0,0,0,0,0,0,0,0,0,0,0,0,0,0,0,0,0,0,0,0,0,0,0,0,0,0,0,0,0,0,0,8.40E-08,0,0,0,0,0,0,0,0,0,0,0,0,0,0,0,0,0,0.024843789,0.004743819
1820.5,1820,1821,-0.015229186,-0.008213184,0.008554995,-0.004452519,0,-0.006542817,0.010951619,0.110168925,0.041822507,0.005926785,0,0,0,0,0,0,0,0,0,0,0,0,0,0,0,0,0,0,0,0,0,0,0,0,0,0,0,0,0,0,0,8.52E-08,0,0,0,0,0,0,0,0,0,0,0,0,0,0,0,0,0,0.025604915,0.00481257
1821.5,1821,1822,-0.021832432,0.059378999,0.009588751,-0.004512699,0,-0.006740673,0.011497246,0.111729662,0.042407792,0.006011124,0,0,0,0,0,0,0,0,0,0,0,0,0,0,0,0,0,0,0,0,0,0,0,0,0,0,0,0,0,0,0,8.64E-08,0,0,0,0,0,0,0,0,0,0,0,0,0,0,0,0,0,0.026571706,0.004881321
1822.5,1822,1823,-0.023260681,0.045051213,0.008457295,-0.004386145,0,-0.006942328,0.010573193,0.113290035,0.042992748,0.006095454,0,0,0,0,0,0,0,0,0,0,0,0,0,0,0,0,0,0,0,0,0,0,0,0,0,0,0,0,0,0,0,8.77E-08,0,0,0,0,0,0,0,0,0,0,0,0,0,0,0,0,0,0.024906549,0.004950072
1823.5,1823,1824,-0.026340201,-0.324538903,0.008441598,-0.004264456,0,-0.007144472,0.010017889,0.114850043,0.043577373,0.006179775,0,0,0,0,0,0,0,0,0,0,0,0,0,0,0,0,0,0,0,0,0,0,0,0,0,0,0,0,0,0,0,8.89E-08,0,0,0,0,0,0,0,0,0,0,0,0,0,0,0,0,0,0.024413414,0.005018823
1824.5,1824,1825,-0.022357512,-0.040858118,0.010162657,-0.004451941,0,-0.007334815,0.011145384,0.116409687,0.044161668,0.006264087,0,0,0,0,0,0,0,0,0,0,0,0,0,0,0,0,0,0,0,0,0,0,0,0,0,0,0,0,0,0,0,9.01E-08,0,0,0,0,0,0,0,0,0,0,0,0,0,0,0,0,0,0.026003711,0.005087574
1825.5,1825,1826,-0.013150002,0.095137033,0.009708806,-0.004900115,0,-0.007538773,0.011666204,0.117968967,0.044745634,0.006348389,0,0,0,0,0,0,0,0,0,0,0,0,0,0,0,0,0,0,0,0,0,0,0,0,0,0,0,0,0,0,0,9.13E-08,0,0,0,0,0,0,0,0,0,0,0,0,0,0,0,0,0,0.026337103,0.005156325
1826.5,1826,1827,0.002495696,0.256890971,0.010391424,-0.004749747,0,-0.007742924,0.011744442,0.119527883,0.045329272,0.006432682,0,0,0,0,0,0,0,0,0,0,0,0,0,0,0,0,0,0,0,0,0,0,0,0,0,0,0,0,0,0,0,9.25E-08,0,0,0,0,0,0,0,0,0,0,0,0,0,0,0,0,0,0.026369316,0.005225076
1827.5,1827,1828,0.018290394,0.278327759,0.0110723,-0.005251767,0,-0.00795595,0.012734239,0.121086436,0.045912581,0.006516967,0,0,0,0,0,0,0,0,0,0,0,0,0,0,0,0,0,0,0,0,0,0,0,0,0,0,0,0,0,0,0,9.37E-08,0,0,0,0,0,0,0,0,0,0,0,0,0,0,0,0,0,0.02753955,0.005293827
1828.5,1828,1829,0.030496076,0.207318498,0.012546934,-0.006224361,0,-0.008163566,0.015436661,0.122644625,0.046495563,0.006601242,0,0,0,0,0,0,0,0,0,0,0,0,0,0,0,0,0,0,0,0,0,0,0,0,0,0,0,0,0,0,0,9.50E-08,0,0,0,0,0,0,0,0,0,0,0,0,0,0,0,0,0,0.030865519,0.005362578
1829.5,1829,1830,0.042366137,0.228780841,0.011623098,-0.005869007,0,-0.008369691,0.014141061,0.12420245,0.047078217,0.006685508,0,0,0,0,0,0,0,0,0,0,0,0,0,0,0,0,0,0,0,0,0,0,0,0,0,0,0,0,0,0,0,9.62E-08,0,0,0,0,0,0,0,0,0,0,0,0,0,0,0,0,0,0.029276409,0.005431329
1830.5,1830,1831,0.047012331,0.287088626,0.011985123,-0.00716975,0,-0.008609506,0.015060672,0.125759913,0.047660545,0.006769764,0,0,0,0,0,0,0,0,0,0,0,0,0,0,0,0,0,0,0,0,0,0,0,0,0,0,0,0,0,0,0,9.74E-08,0,0,0,0,0,0,0,0,0,0,0,0,0,0,0,0,0,0.030180007,0.00550008
1831.5,1831,1832,0.022269035,-0.403664206,0.011711672,-0.006431747,0,-0.00889072,0.01378974,0.127317013,0.048242547,0.006854012,0,0,0,0,0,0,0,0,0,0,0,0,0,0,0,0,0,0,0,0,0,0,0,0,0,0,0,0,0,0,0,9.86E-08,0,0,0,0,0,0,0,0,0,0,0,0,0,0,0,0,0,0.028670877,0.005568831
1832.5,1832,1833,0.001368671,-2.129347798,0.012029759,-0.006383188,0,-0.009167006,0.013726707,0.12887375,0.048824222,0.006938251,0,0,0,0,0,0,0,0,0,0,0,0,0,0,0,0,0,0,0,0,0,0,0,0,0,0,0,0,0,0,0,9.98E-08,0,0,0,0,0,0,0,0,0,0,0,0,0,0,0,0,0,0.028715823,0.005637582
1833.5,1833,1834,-0.016321023,-0.972289217,0.011951467,-0.006603891,0,-0.009449799,0.014028092,0.130430124,0.049405573,0.00702248,0,0,0,0,0,0,0,0,0,0,0,0,0,0,0,0,0,0,0,0,0,0,0,0,0,0,0,0,0,0,0,1.01E-07,0,0,0,0,0,0,0,0,0,0,0,0,0,0,0,0,0,0.028761198,0.005706333
1834.5,1834,1835,-0.015468049,-0.125096977,0.012835364,-0.007478213,0,-0.009728061,0.016109621,0.131986136,0.049986598,0.007106701,0,0,0,0,0,0,0,0,0,0,0,0,0,0,0,0,0,0,0,0,0,0,0,0,0,0,0,0,0,0,0,1.02E-07,0,0,0,0,0,0,0,0,0,0,0,0,0,0,0,0,0,0.031118505,0.005775084
1835.5,1835,1836,0.014343437,-1.481266014,0.013602071,-0.007316682,0,-0.010000467,0.016029685,0.133541786,0.050567299,0.007190912,0,0,0,0,0,0,0,0,0,0,0,0,0,0,0,0,0,0,0,0,0,0,0,0,0,0,0,0,0,0,0,1.03E-07,0,0,0,0,0,0,0,0,0,0,0,0,0,0,0,0,0,0.031017259,0.005843835
1836.5,1836,1837,0.077992296,-1.452199782,0.013203546,-0.008089359,0,-0.010276558,0.016148425,0.135097074,0.051147677,0.007275114,0,0,0,0,0,0,0,0,0,0,0,0,0,0,0,0,0,0,0,0,0,0,0,0,0,0,0,0,0,0,0,1.05E-07,0,0,0,0,0,0,0,0,0,0,0,0,0,0,0,0,0,0.030462348,0.005912586
1837.5,1837,1838,0.112793146,-0.378956945,0.014768169,-0.00837325,0,-0.010551897,0.017560923,0.136652,0.051727731,0.007359308,0,0,0,0,0,0,0,0,0,0,0,0,0,0,0,0,0,0,0,0,0,0,0,0,0,0,0,0,0,0,0,1.06E-07,0,0,0,0,0,0,0,0,0,0,0,0,0,0,0,0,0,0.032424184,0.005981337
1838.5,1838,1839,0.076999557,-0.357291007,0.015700064,-0.009053946,0,-0.010831201,0.019021052,0.138206565,0.052307462,0.007443492,0,0,0,0,0,0,0,0,0,0,0,0,0,0,0,0,0,0,0,0,0,0,0,0,0,0,0,0,0,0,0,1.07E-07,0,0,0,0,0,0,0,0,0,0,0,0,0,0,0,0,0,0.034413304,0.006050088
1839.5,1839,1840,0.062818792,0.020055918,0.015106981,-0.009008808,0,-0.011107855,0.018339125,0.139760768,0.052886871,0.007527667,0,0,0,0,0,0,0,0,0,0,0,0,0,0,0,0,0,0,0,0,0,0,0,0,0,0,0,0,0,0,0,1.08E-07,0,0,0,0,0,0,0,0,0,0,0,0,0,0,0,0,0,0.033008004,0.006118839
1840.5,1840,1841,0.037532476,0.251842473,0.014495074,-0.009348102,0,-0.011382028,0.018191566,0.14131461,0.053465957,0.007611833,0,0,0,0,0,0,0,0,0,0,0,0,0,0,0,0,0,0,0,0,0,0,0,0,0,0,0,0,0,0,0,1.10E-07,0,0,0,0,0,0,0,0,0,0,0,0,0,0,0,0,0,0.032321416,0.00618759
1841.5,1841,1842,0.012337966,0.297597661,0.016385631,-0.009956691,0,-0.011646126,0.020033158,0.14286809,0.054044723,0.007695989,0,0,0,0,0,0,0,0,0,0,0,0,0,0,0,0,0,0,0,0,0,0,0,0,0,0,0,0,0,0,0,1.11E-07,0,0,0,0,0,0,0,0,0,0,0,0,0,0,0,0,0,0.034864669,0.006256341
1842.5,1842,1843,0.000104733,0.305421881,0.014976901,-0.009981168,0,-0.011911529,0.018812076,0.14442121,0.054623167,0.007780137,0,0,0,0,0,0,0,0,0,0,0,0,0,0,0,0,0,0,0,0,0,0,0,0,0,0,0,0,0,0,0,1.12E-07,0,0,0,0,0,0,0,0,0,0,0,0,0,0,0,0,0,0.033081709,0.006325092
1843.5,1843,1844,-0.012015951,-0.110433186,0.014544917,-0.009751393,0,-0.012177024,0.017715001,0.14597397,0.055201291,0.007864276,0,0,0,0,0,0,0,0,0,0,0,0,0,0,0,0,0,0,0,0,0,0,0,0,0,0,0,0,0,0,0,1.13E-07,0,0,0,0,0,0,0,0,0,0,0,0,0,0,0,0,0,0.031645626,0.006393843
1844.5,1844,1845,-0.011675562,0.093079872,0.016298965,-0.010337332,0,-0.012433988,0.019046136,0.147526368,0.055779094,0.007948406,0,0,0,0,0,0,0,0,0,0,0,0,0,0,0,0,0,0,0,0,0,0,0,0,0,0,0,0,0,0,0,1.14E-07,0,0,0,0,0,0,0,0,0,0,0,0,0,0,0,0,0,0.033327088,0.006462594
1845.5,1845,1846,0.005529434,0.165794898,0.016134376,-0.011583987,0,-0.012693488,0.020193628,0.149078407,0.056356578,0.008032526,0,0,0,0,0,0,0,0,0,0,0,0,0,0,0,0,0,0,0,0,0,0,0,0,0,0,0,0,0,0,0,1.16E-07,0,0,0,0,0,0,0,0,0,0,0,0,0,0,0,0,0,0.034123046,0.006531345
1846.5,1846,1847,0.027001508,-0.302749159,0.0171078,-0.011394949,0,-0.012959183,0.020401248,0.150630085,0.056933743,0.008116638,0,0,0,0,0,0,0,0,0,0,0,0,0,0,0,0,0,0,0,0,0,0,0,0,0,0,0,0,0,0,0,1.17E-07,0,0,0,0,0,0,0,0,0,0,0,0,0,0,0,0,0,0.034106696,0.006600096
1847.5,1847,1848,0.056208903,0.032647657,0.01824394,-0.012737588,0,-0.01322141,0.022360868,0.152181403,0.057510589,0.008200741,0,0,0,0,0,0,0,0,0,0,0,0,0,0,0,0,0,0,0,0,0,0,0,0,0,0,0,0,0,0,0,1.18E-07,0,0,0,0,0,0,0,0,0,0,0,0,0,0,0,0,0,0.036044985,0.006668847
1848.5,1848,1849,0.088293824,0.253856268,0.019163205,-0.013964804,0,-0.013473982,0.024485506,0.153732362,0.058087117,0.008284834,0,0,0,0,0,0,0,0,0,0,0,0,0,0,0,0,0,0,0,0,0,0,0,0,0,0,0,0,0,0,0,1.19E-07,0,0,0,0,0,0,0,0,0,0,0,0,0,0,0,0,0,0.038676356,0.006737598
1849.5,1849,1850,0.079225346,0.297963629,0.018752171,-0.014152769,0,-0.013737739,0.023849878,0.15528296,0.058663327,0.008368919,0,0,0,0,0,0,0,0,0,0,0,0,0,0,0,0,0,0,0,0,0,0,0,0,0,0,0,0,0,0,0,1.21E-07,0,0,0,0,0,0,0,0,0,0,0,0,0,0,0,0,0,0.037768086,0.006806349
1850.5,1850,1851,0.052758127,0.305365831,0.019403644,-0.014455344,0,-0.014097084,0.024697113,0.1568332,0.05923922,0.008452994,0,0,0,0,0,0,0,0,0,0,0,0,0,0,0,0,0,0,0,0,0,0,0,0,0,0,0,0,0,0,0,1.22E-07,0,0,0,0,0,0,0,0,0,0,0,0,0,0,0,0,0,0.038420677,0.0068751
1851.5,1851,1852,0.043642229,0.306309196,0.019227508,-0.013825815,0,-0.014567927,0.023367627,0.159457168,0.059362888,0.008793051,0,0,3.93E-10,0,0,0,1.75E-11,0,0,0,0,0,0,7.23E-11,0,3.27E-09,0,0,0,0,0,0,0,0,0,0,0,0,0,0,0,1.22E-07,0,0,0,0,0,0,0,0,0,0,0,0,0,0,0,0,0,0.036680122,0.006889918
1852.5,1852,1853,0.037410178,0.306244027,0.019308886,-0.013815174,0,-0.015024482,0.022925963,0.162424602,0.059915949,0.009132998,0,0,7.86E-10,0,0,0,3.49E-11,0,0,0,0,0,0,1.45E-10,-6.07E-18,7.03E-09,0,0,0,0,0,0,0,0,0,0,0,0,0,0,0,1.22E-07,0,0,0,0,0,0,0,0,0,0,0,0,0,0,0,0,0,0.035991361,0.006956027
1853.5,1853,1854,0.019669621,0.002150041,0.019767092,-0.014477473,0,-0.015490205,0.023844946,0.165089471,0.060829382,0.009565,0,0,1.18E-09,0,0,0,5.24E-11,0,0,0,0,0,0,2.17E-10,-1.80E-17,1.08E-08,0,0,0,0,0,0,0,0,0,0,0,0,0,0,0,1.22E-07,0,0,0,0,0,0,0,0,0,0,0,0,0,0,0,0,0,0.037004788,0.007065271
1854.5,1854,1855,0.001103017,-0.186976331,0.020839444,-0.017163682,0,-0.015952937,0.026857819,0.167366903,0.06180585,0.010009535,0,0,1.57E-09,0,0,0,6.99E-11,0,0,0,0,0,0,2.89E-10,-2.98E-17,1.46E-08,0,0,0,0,0,0,0,0,0,0,0,0,0,0,0,1.22E-07,0,0,0,0,0,0,0,0,0,0,0,0,0,0,0,0,0,0.040199852,0.007182157
1855.5,1855,1856,-0.014284425,0.114274994,0.021494978,-0.016833121,0,-0.016407615,0.026500662,0.169213342,0.062980324,0.010487577,0,0,1.96E-09,0,0,0,8.73E-11,0,0,0,0,0,0,3.62E-10,-3.57E-17,1.84E-08,0,0,0,0,0,0,0,0,0,0,0,0,0,0,0,1.22E-07,0,0,0,0,0,0,0,0,0,0,0,0,0,0,0,0,0,0.040134938,0.007322883
1856.5,1856,1857,-0.017040725,0.198672426,0.020605961,-0.017482756,0,-0.016863702,0.026081677,0.171338554,0.06405418,0.010969401,0,0,2.36E-09,0,0,0,1.05E-10,0,0,0,0,0,0,4.34E-10,-4.75E-17,2.22E-08,0,0,0,0,0,0,0,0,0,0,0,0,0,0,0,1.22E-07,0,0,0,0,0,0,0,0,0,0,0,0,0,0,0,0,0,0.039223808,0.0074517
1857.5,1857,1858,-0.002935901,-0.572045647,0.022696123,-0.0185036,0,-0.017321483,0.028532764,0.174472334,0.065267129,0.011405286,0,0,2.75E-09,0,0,0,1.22E-10,0,0,0,0,0,0,5.06E-10,-5.97E-17,2.61E-08,0,0,0,0,0,0,0,0,0,0,0,0,0,0,0,1.22E-07,0,0,0,0,0,0,0,0,0,0,0,0,0,0,0,0,0,0.043121205,0.007597345
1858.5,1858,1859,0.031174845,-0.288062792,0.023399001,-0.019219771,0,-0.017783489,0.029632973,0.177818859,0.066658872,0.011774057,0,0,3.14E-09,0,0,0,1.40E-10,0,0,0,0,0,0,5.79E-10,-7.18E-17,2.99E-08,0,0,0,0,0,0,0,0,0,0,0,0,0,0,0,1.22E-07,0,0,0,0,0,0,0,0,0,0,0,0,0,0,0,0,0,0.045191499,0.007764646
1859.5,1859,1860,0.071598502,0.100973922,0.022790224,-0.020100143,0,-0.018247352,0.029511934,0.18140053,0.068148911,0.012385309,0,0,3.54E-09,0,0,0,1.57E-10,0,0,0,0,0,0,6.51E-10,-8.43E-17,3.38E-08,0,0,0,0,0,0,0,0,0,0,0,0,0,0,0,1.22E-07,0,0,0,0,0,0,0,0,0,0,0,0,0,0,0,0,0,0.044691436,0.007944048
1860.5,1860,1861,0.085427899,0.254500357,0.022305543,-0.021449783,0,-0.018632712,0.029813711,0.185365566,0.069545858,0.013088255,0,0,3.93E-09,0,0,0,1.75E-10,0,0,0,0,0,0,7.23E-10,-9.01E-17,3.78E-08,0,0,0,0,0,0,0,0,0,0,0,0,0,0,0,1.22E-07,0,0,0,0,0,0,0,0,0,0,0,0,0,0,0,0,0,0.045016136,0.008112499
1861.5,1861,1862,0.068212521,0.292926374,0.023471228,-0.02210783,0,-0.01894457,0.030695578,0.189328181,0.071064936,0.013886897,0,0,4.32E-09,0,0,0,1.92E-10,0,0,0,0,0,0,7.96E-10,-1.02E-16,4.17E-08,0,0,0,0,0,0,0,0,0,0,0,0,0,0,0,1.22E-07,0,0,0,0,0,0,0,0,0,0,0,0,0,0,0,0,0,0.047079305,0.008295942
1862.5,1862,1863,0.05462701,-0.927932051,0.022623135,-0.022164274,0,-0.019257335,0.030109722,0.192710135,0.072975517,0.01465176,0,0,4.71E-09,0,0,0,2.10E-10,0,0,0,0,0,0,8.68E-10,1.37E-08,4.57E-08,0,0,0,0,0,0,0,0,0,0,0,0,0,0,0,1.22E-07,0,0,0,0,0,0,0,0,0,0,0,0,0,0,0,0,0,0.046872798,0.008526999
1863.5,1863,1864,0.031532234,-0.850085691,0.022057336,-0.022865991,0,-0.019564917,0.029279638,0.196175993,0.07524956,0.015328578,0,0,5.11E-09,0,0,0,2.27E-10,0,0,0,0,0,0,9.40E-10,1.37E-08,4.98E-08,0,0,0,0,0,0,0,0,0,0,0,0,0,0,0,1.22E-07,0,0,0,0,0,0,0,0,0,0,0,0,0,0,0,0,0,0.046704165,0.008802518
1864.5,1864,1865,0.024522022,-0.093234089,0.023484252,-0.024304727,0,-0.019878465,0.030775232,0.199640064,0.077735893,0.015980072,0,0,5.50E-09,0,0,0,2.45E-10,0,0,0,0,0,0,1.01E-09,1.37E-08,5.38E-08,0,0,0,0,0,0,0,0,0,0,0,0,0,0,0,1.22E-07,0,0,0,0,0,0,0,0,0,0,0,0,0,0,0,0,0,0.049528761,0.009104424
1865.5,1865,1866,0.01124988,0.213294639,0.02371185,-0.026434259,0,-0.020186007,0.032766361,0.203124488,0.080109847,0.016676909,0,0,5.89E-09,0,0,0,2.62E-10,0,0,0,0,0,0,1.09E-09,1.37E-08,5.79E-08,0,0,0,0,0,0,0,0,0,0,0,0,0,0,0,1.22E-07,0,0,0,0,0,0,0,0,0,0,0,0,0,0,0,0,0,0.052681846,0.009393367
1866.5,1866,1867,-0.001614551,0.287329796,0.023957178,-0.026682252,0,-0.020496994,0.032619263,0.206499462,0.082606163,0.017406811,0,0,6.29E-09,0,0,0,2.80E-10,0,0,0,0,0,0,1.16E-09,1.37E-08,6.21E-08,0,0,0,0,0,0,0,0,0,0,0,0,0,0,0,1.22E-07,0,0,0,0,0,0,0,0,0,0,0,0,0,0,0,0,0,0.05353601,0.009697907
1867.5,1867,1868,-0.011082915,0.300203904,0.024538649,-0.028997908,0,-0.02080559,0.034502173,0.210021999,0.085214827,0.01812381,0,0,6.68E-09,0,0,0,2.97E-10,0,0,0,0,0,0,1.23E-09,2.74E-08,6.63E-08,0,0,0,0,0,0,0,0,0,0,0,0,0,0,0,1.22E-07,0,0,0,0,0,0,0,0,0,0,0,0,0,0,0,0,0,0.056801063,0.010016914
1868.5,1868,1869,0.00881853,0.294843285,0.025599976,-0.030833214,0,-0.021116104,0.036876438,0.213031213,0.087546068,0.018894588,0,0,7.07E-09,0,0,0,3.14E-10,0,0,0,0,0,0,1.30E-09,2.74E-08,7.05E-08,0,0,0,0,0,0,0,0,0,0,0,0,0,0,0,1.22E-07,0,0,0,0,0,0,0,0,0,0,0,0,0,0,0,0,0,0.060735442,0.010302693
1869.5,1869,1870,0.043876187,0.009278255,0.024586431,-0.031414488,0,-0.021422288,0.035702458,0.215398252,0.089606004,0.019631566,0,0,7.46E-09,0,0,0,3.32E-10,0,0,0,0,0,0,1.37E-09,2.74E-08,7.48E-08,0,0,0,0,0,0,0,0,0,0,0,0,0,0,0,1.22E-07,0,0,0,0,0,0,0,0,0,0,0,0,0,0,0,0,0,0.059867628,0.010555754
1870.5,1870,1871,0.100356539,0.204612086,0.025290089,-0.032925874,0,-0.021913868,0.037424656,0.217978023,0.091251685,0.020322645,0,0,7.86E-09,0,0,0,3.49E-10,0,0,0,0,0,0,1.45E-09,2.74E-08,7.92E-08,0,0,0,0,0,0,0,0,0,0,0,0,0,0,0,1.22E-07,0,0,0,0,0,0,0,0,0,0,0,0,0,0,0,0,0,0.062445128,0.010758305
1871.5,1871,1872,0.097813209,0.283379875,0.024661757,-0.033816665,0,-0.022593327,0.036389185,0.220748047,0.092363111,0.02111321,0,0,8.25E-09,0,0,0,3.67E-10,0,0,0,0,0,0,1.52E-09,4.11E-08,8.36E-08,0,0,0,0,0,0,0,0,0,0,0,0,0,0,0,1.22E-07,0,0,0,0,0,0,0,0,0,0,0,0,0,0,0,0,0,0.061789418,0.010895359
1872.5,1872,1873,0.087835261,-0.366672335,0.024212918,-0.035454027,0,-0.023264378,0.036030565,0.224178463,0.093247202,0.021870213,0,0,8.64E-09,0,0,0,3.84E-10,0,0,0,0,0,0,1.59E-09,4.11E-08,8.81E-08,0,0,0,0,0,0,0,0,0,0,0,0,0,0,0,1.22E-07,0,0,0,0,0,0,0,0,0,0,0,0,0,0,0,0,0,0.060752499,0.011004517
1873.5,1873,1874,0.061249563,-0.489424672,0.024665518,-0.038738036,0,-0.023920955,0.038588424,0.228160333,0.093914034,0.022614647,0,0,9.04E-09,0,0,0,4.02E-10,0,0,0,0,0,0,1.66E-09,4.11E-08,9.26E-08,0,0,0,0,0,0,0,0,0,0,0,0,0,0,0,1.22E-07,0,0,0,0,0,0,0,0,0,0,0,0,0,0,0,0,0,0.063955927,0.011086956
1874.5,1874,1875,0.029769442,0.04438646,0.024799204,-0.038925134,0,-0.02456251,0.039515915,0.232247038,0.095089351,0.023333467,0,0,9.43E-09,0,0,0,4.19E-10,0,0,0,0,0,0,1.74E-09,5.48E-08,9.72E-08,0,0,0,0,0,0,0,0,0,0,0,0,0,0,0,1.22E-07,0,0,0,0,0,0,0,0,0,0,0,0,0,0,0,0,0,0.066367921,0.011232237
1875.5,1875,1876,0.004925703,0.08518644,0.024365129,-0.039466991,0,-0.025217909,0.038367398,0.236947343,0.096261285,0.024064498,0,0,9.82E-09,0,0,0,4.37E-10,0,0,0,0,0,0,1.81E-09,5.48E-08,1.02E-07,0,0,0,0,0,0,0,0,0,0,0,0,0,0,0,1.22E-07,0,0,0,0,0,0,0,0,0,0,0,0,0,0,0,0,0,0.065453164,0.011377267
1876.5,1876,1877,-0.000139038,0.170300616,0.02342882,-0.040753806,0,-0.025892418,0.038701195,0.241623645,0.097248653,0.024716323,0,0,1.02E-08,0,0,0,4.54E-10,0,0,0,0,0,0,1.88E-09,6.85E-08,1.07E-07,0,0,0,0,0,0,0,0,0,0,0,0,0,0,0,1.22E-07,0,0,0,0,0,0,0,0,0,0,0,0,0,0,0,0,0,0.066221851,0.011499591
1877.5,1877,1878,0.001248711,0.252621868,0.02443069,-0.04206506,0,-0.026550535,0.040080725,0.246360928,0.098327206,0.025280667,0,0,1.06E-08,0,0,0,4.72E-10,0,0,0,0,0,0,1.95E-09,6.85E-08,1.11E-07,0,0,0,0,0,0,0,0,0,0,0,0,0,0,0,1.22E-07,0,0,0,0,0,0,0,0,0,0,0,0,0,0,0,0,0,0.068768499,0.011633306
1878.5,1878,1879,-0.010698786,0.28301771,0.024821324,-0.042900247,0,-0.027193632,0.04093382,0.251285285,0.099574331,0.025882067,0,0,1.10E-08,0,0,0,4.89E-10,0,0,0,0,0,0,2.03E-09,8.22E-08,1.16E-07,0,0,0,0,0,0,0,0,0,0,0,0,0,0,0,1.22E-07,0,0,0,0,0,0,0,0,0,0,0,0,0,0,0,0,0,0.070941831,0.011788076
1879.5,1879,1880,-0.006529791,0.296587283,0.024121439,-0.045653252,0,-0.027827164,0.04199523,0.255930274,0.101091097,0.026454085,0,0,1.14E-08,0,0,0,5.07E-10,0,0,0,0,0,0,2.10E-09,8.22E-08,1.21E-07,0,0,0,0,0,0,0,0,0,0,0,0,0,0,0,1.22E-07,0,0,0,0,0,0,0,0,0,0,0,0,0,0,0,0,0,0.071723613,0.011976513
1880.5,1880,1881,0.021467474,0.157602741,0.022587728,-0.048818849,0,-0.028405848,0.041902543,0.261017096,0.102795288,0.02702978,0,0,1.18E-08,0,0,0,5.24E-10,0,0,0,0,0,0,2.17E-09,9.59E-08,1.26E-07,0,0,0,0,0,0,0,0,0,0,0,0,0,0,0,1.22E-07,0,0,0,0,0,0,0,0,0,0,0,0,0,0,0,0,0,0.071628585,0.012188537
1881.5,1881,1882,0.055247727,0.007106632,0.023679405,-0.050474707,0,-0.028869935,0.043293243,0.266481489,0.104409045,0.027509969,0,0,1.22E-08,0,0,0,5.42E-10,0,0,0,0,0,0,2.24E-09,9.59E-08,1.31E-07,0,0,0,0,0,0,0,0,0,0,0,0,0,0,0,1.22E-07,0,0,0,0,0,0,0,0,0,0,0,0,0,0,0,0,0,0.074305466,0.012389606
1882.5,1882,1883,0.05084018,0.209396291,0.022516835,-0.051828621,0,-0.029340756,0.042730871,0.272259153,0.106004851,0.028002354,0,0,1.26E-08,0,0,0,5.59E-10,0,0,0,0,0,0,2.31E-09,1.10E-07,1.36E-07,0,0,0,0,0,0,0,0,0,0,0,0,0,0,0,1.22E-07,0,0,0,0,0,0,0,0,0,0,0,0,0,0,0,0,0,0.073507292,0.012588742
1883.5,1883,1884,0.044934806,-0.070848327,0.021763516,-0.052759356,0,-0.029811544,0.041848214,0.277227863,0.107659412,0.028465452,0,0,1.30E-08,0,0,0,5.76E-10,0,0,0,0,0,0,2.39E-09,1.23E-07,1.42E-07,0,0,0,0,0,0,0,0,0,0,0,0,0,0,0,1.22E-07,0,0,0,0,0,0,0,0,0,0,0,0,0,0,0,0,0,0.072832107,0.01279551
1884.5,1884,1885,0.054033596,-1.619839268,0.0229008,-0.054552401,0,-0.03027911,0.04386256,0.282298646,0.109445937,0.028924224,0,0,1.34E-08,0,0,0,5.94E-10,0,0,0,0,0,0,2.46E-09,1.37E-07,1.47E-07,0,0,0,0,0,0,0,0,0,0,0,0,0,0,0,1.22E-07,0,0,0,0,0,0,0,0,0,0,0,0,0,0,0,0,0,0.076404464,0.013019117
1885.5,1885,1886,0.040685227,-1.052504381,0.022229393,-0.055242762,0,-0.030745051,0.044065804,0.288125883,0.111461615,0.029366045,0,0,1.37E-08,0,0,0,6.11E-10,0,0,0,0,0,0,2.53E-09,1.37E-07,1.52E-07,0,0,0,0,0,0,0,0,0,0,0,0,0,0,0,1.22E-07,0,0,0,0,0,0,0,0,0,0,0,0,0,0,0,0,0,0.077665242,0.01327183
1886.5,1886,1887,0.010213852,-0.962035357,0.022908119,-0.055455097,0,-0.031222449,0.044373489,0.294327875,0.11342975,0.029766241,0,0,1.41E-08,0,0,0,6.29E-10,0,0,0,0,0,0,2.60E-09,1.51E-07,1.58E-07,0,0,0,0,0,0,0,0,0,0,0,0,0,0,0,1.22E-07,0,0,0,0,0,0,0,0,0,0,0,0,0,0,0,0,0,0.079147079,0.01351903
1887.5,1887,1888,-0.000640465,-0.327257554,0.022980744,-0.057914027,0,-0.031705739,0.045849861,0.300755564,0.115588975,0.030248971,0,0,1.45E-08,0,0,0,6.46E-10,0,0,0,0,0,0,2.68E-09,1.64E-07,1.63E-07,0,0,0,0,0,0,0,0,0,0,0,0,0,0,0,1.22E-07,0,0,0,0,0,0,0,0,0,0,0,0,0,0,0,0,0,0.081749164,0.013790765
1888.5,1888,1889,-0.006300273,0.110378156,0.022987144,-0.063520043,0,-0.032193624,0.04880948,0.307914042,0.1176741,0.030627945,0,0,1.49E-08,0,0,0,6.64E-10,0,0,0,0,0,0,2.75E-09,1.78E-07,1.69E-07,0,0,0,0,0,0,0,0,0,0,0,0,0,0,0,1.22E-07,0,0,0,0,0,0,0,0,0,0,0,0,0,0,0,0,0,0.084958934,0.014053663
1889.5,1889,1890,-0.006582796,0.225479181,0.022504403,-0.062848542,0,-0.032684138,0.047870237,0.315085966,0.119919269,0.031114172,0,0,1.53E-08,0,0,0,6.81E-10,0,0,0,0,0,0,2.82E-09,1.92E-07,1.75E-07,0,0,0,0,0,0,0,0,0,0,0,0,0,0,0,1.22E-07,0,0,0,0,0,0,0,0,0,0,0,0,0,0,0,0,0,0.085790382,0.014337334
1890.5,1890,1891,-0.005640052,0.034448877,0.022467821,-0.067167272,0,-0.033152618,0.049966913,0.32214524,0.122158034,0.031480296,0,0,1.57E-08,0,0,0,6.99E-10,0,0,0,0,0,0,2.89E-09,2.05E-07,1.81E-07,0,0,0,0,0,0,0,0,0,0,0,0,0,0,0,1.22E-07,0,0,0,0,0,0,0,0,0,0,0,0,0,0,0,0,0,0.088235695,0.014620743
1891.5,1891,1892,0.025852933,0.187519646,0.022086254,-0.067519451,0,-0.033610808,0.048895784,0.329469923,0.124431031,0.031813159,0,0,1.61E-08,0,0,0,7.16E-10,0,0,0,0,0,0,2.97E-09,2.19E-07,1.87E-07,1.23E-11,0,0,0,0,0,0,0,0,0,0,0,0,0,0,1.22E-07,0,0,0,0,0,0,0,0,0,0,0,0,0,0,0,0,0,0.087691513,0.01490907
1892.5,1892,1893,0.068948831,0.12050052,0.02183317,-0.067622831,0,-0.034057642,0.04836971,0.336639429,0.127102178,0.032232313,0,0,1.65E-08,0,0,0,7.34E-10,0,0,0,0,0,0,3.04E-09,2.33E-07,1.93E-07,1.14E-10,0,0,0,0,0,0,0,0,0,0,0,0,0,0,1.22E-07,0,0,0,0,0,0,0,0,0,0,0,0,0,0,0,0,0,0.088196148,0.015248683
1893.5,1893,1894,0.081018322,0.210982757,0.021701921,-0.067948674,0,-0.034510826,0.048865113,0.342943055,0.129678585,0.032721614,0,0,1.69E-08,0,0,0,7.51E-10,0,0,0,0,0,0,3.11E-09,2.47E-07,1.99E-07,2.60E-10,0,0,0,0,0,0,0,0,0,0,0,0,0,0,1.22E-07,0,0,0,0,0,0,0,0,0,0,0,0,0,0,0,0,0,0.090401743,0.015577073
1894.5,1894,1895,0.079749175,0.266803553,0.021371916,-0.071982214,0,-0.034963281,0.051379853,0.349324301,0.131880974,0.03330601,0,0,1.73E-08,0,0,0,7.69E-10,0,0,0,0,0,0,3.18E-09,2.60E-07,2.05E-07,4.66E-10,0,0,0,0,0,0,0,0,0,0,0,0,0,0,1.22E-07,0,0,0,0,0,0,0,0,0,0,0,0,0,0,0,0,0,0.09492258,0.015858469
1895.5,1895,1896,0.059732347,-0.056803732,0.021915668,-0.074080887,0,-0.03542383,0.052041432,0.355156649,0.133766341,0.033919287,0,0,1.77E-08,0,0,0,7.86E-10,0,0,0,0,0,0,3.26E-09,2.88E-07,2.12E-07,7.34E-10,0,0,0,0,0,0,0,0,0,0,0,0,0,0,1.22E-07,0,0,0,0,0,0,0,0,0,0,0,0,0,0,0,0,0,0.095881946,0.016099856
1896.5,1896,1897,0.037974151,0.103527741,0.019885579,-0.074347309,0,-0.035863749,0.050199633,0.360941397,0.13482612,0.03439278,0,0,1.81E-08,0,0,0,8.04E-10,0,0,0,0,0,0,3.33E-09,3.01E-07,2.18E-07,1.07E-09,0,0,0,0,0,0,0,0,0,0,0,0,0,0,1.22E-07,0,0,0,0,0,0,0,0,0,0,0,0,0,0,0,0,0,0.093751315,0.016235776
1897.5,1897,1898,0.00872943,0.241951128,0.020904225,-0.078710824,0,-0.036308264,0.053373478,0.366617355,0.135856182,0.034882638,0,0,1.85E-08,0,0,0,8.21E-10,0,0,0,0,0,0,3.40E-09,3.15E-07,2.25E-07,1.47E-09,0,0,0,0,0,0,0,0,0,0,0,0,0,0,1.22E-07,0,0,0,0,0,0,0,0,0,0,0,0,0,0,0,0,0,0.098494018,0.016368024
1898.5,1898,1899,0.015012505,0.277599486,0.020716933,-0.081670444,0,-0.036752787,0.054269504,0.372851584,0.137731677,0.035371413,0,0,1.89E-08,0,0,0,8.39E-10,0,0,0,0,0,0,3.47E-09,3.42E-07,2.32E-07,1.93E-09,0,0,0,0,0,0,0,0,0,0,0,0,0,0,1.22E-07,0,0,0,0,0,0,0,0,0,0,0,0,0,0,0,0,0,0.10014457,0.016608983
1899.5,1899,1900,0.002246175,0.290294797,0.019339423,-0.087808832,0,-0.037212125,0.056382283,0.379870527,0.139958487,0.03599554,0,0,1.92E-08,0,0,0,8.56E-10,0,0,0,0,0,0,3.54E-09,3.56E-07,2.39E-07,2.47E-09,0,0,0,0,0,0,0,0,0,0,0,0,0,0,1.22E-07,0,0,0,0,0,0,0,0,0,0,0,0,0,0,0,0,0,0.101840143,0.016895635
1900.5,1900,1901,0.000472221,0.278295688,0.018339764,-0.090361537,0,-0.037746803,0.056484985,0.387485884,0.142185469,0.036623421,0,0,1.96E-08,0,0,0,8.73E-10,0,0,0,0,0,0,3.62E-09,3.84E-07,2.46E-07,3.07E-09,0,0,0,0,0,0,0,0,0,0,0,-5.27E-12,-4.25E-18,4.56E-18,1.22E-07,-1.10E-14,-4.71E-13,0,0,0,0,0,0,0,0,0,0,0,0,0,0,0,0.102759065,0.017182897
1901.5,1901,1902,-0.008687385,0.289479244,0.019016021,-0.091743952,0,-0.038358419,0.05721803,0.394199054,0.144392335,0.03730461,0,0,2.00E-08,0,0,0,8.91E-10,0,0,0,0,0,0,3.69E-09,3.97E-07,2.54E-07,3.75E-09,0,0,0,0,0,0,0,0,0,0,0,1.52E-11,-4.25E-18,-2.62E-18,1.22E-07,4.64E-14,-4.71E-13,0,0,0,0,0,0,0,0,0,0,0,0,0,0,0,0.104863492,0.017468168
1902.5,1902,1903,-0.005864354,0.242298559,0.018286939,-0.093071368,0,-0.038974665,0.057014765,0.400614884,0.147055555,0.038351409,0,0,2.04E-08,0,0,0,9.08E-10,0,0,0,0,0,0,3.76E-09,7.26E-07,3.20E-07,5.62E-09,0,0,0,0,0,0,0,0,0,0,0,-8.61E-12,0,7.91E-18,1.22E-07,-1.86E-14,-4.71E-13,0,0,0,0,0,0,0,0,0,0,0,0,0,0,0,0.105988377,0.017813294
1903.5,1903,1904,0.015000812,-0.083420028,0.017688137,-0.097207762,0,-0.039580345,0.057729571,0.407251567,0.149793654,0.039590525,0,0,2.08E-08,0,0,0,9.26E-10,0,0,0,0,0,0,3.83E-09,1.10E-06,4.04E-07,9.37E-09,0,0,0,0,0,0,0,0,0,0,0,2.55E-11,0,-4.73E-18,1.22E-07,8.06E-14,-4.71E-13,0,0,0,0,0,0,0,0,0,0,0,0,0,0,0,0.106960448,0.018169077
1904.5,1904,1905,0.04617053,0.085158564,0.01713235,-0.101132155,0,-0.040205278,0.059963262,0.413281676,0.153385696,0.040749503,0,0,2.12E-08,0,0,0,9.43E-10,0,0,0,0,0,0,3.91E-09,1.48E-06,5.01E-07,1.31E-08,0,0,0,0,0,0,0,0,0,0,0,-1.49E-11,0,1.48E-17,1.22E-07,-3.33E-14,-4.71E-13,0,0,0,0,0,0,0,0,0,0,0,0,0,0,0,0.112799949,0.018636975
1905.5,1905,1906,0.044046342,0.235262891,0.0171039,-0.106040358,0,-0.040782592,0.062209955,0.420030411,0.156964839,0.041895089,0,0,2.16E-08,0,0,0,9.61E-10,0,0,0,0,0,0,3.98E-09,1.95E-06,6.22E-07,1.87E-08,0,0,0,0,0,0,0,0,0,0,0,4.54E-11,0,-9.04E-18,1.22E-07,1.08E-14,-4.71E-13,0,0,0,0,0,0,0,0,0,0,0,0,0,0,0,0.116888461,0.019104718
1906.5,1906,1907,0.056215772,0.271769903,0.016725222,-0.110134207,0,-0.041382841,0.063426674,0.427558057,0.160746257,0.043047407,0,0,2.20E-08,0,0,0,9.78E-10,0,0,0,0,0,0,4.05E-09,2.56E-06,7.96E-07,2.25E-08,0,0,0,0,0,0,0,0,0,0,0,-2.72E-11,0,2.91E-17,1.22E-07,-4.09E-13,-4.71E-13,0,0,0,0,0,0,0,0,0,0,0,0,0,0,0,0.119448151,0.019600528
1907.5,1907,1908,0.051431168,-0.115040644,0.016344564,-0.120630043,0,-0.041994196,0.068405267,0.436378694,0.164790549,0.04428424,0,0,2.24E-08,0,0,0,9.96E-10,0,0,0,0,0,0,4.12E-09,3.38E-06,1.04E-06,3.19E-08,0,0,0,0,0,0,0,0,0,0,0,8.53E-11,0,-1.84E-17,1.22E-07,-6.48E-13,-4.71E-13,0,0,0,0,0,0,0,0,0,0,0,0,0,0,0,0.125899096,0.020132697
1908.5,1908,1909,0.048110151,-0.068392823,0.016293978,-0.11777122,0,-0.042584432,0.067705438,0.444857728,0.168066384,0.045681076,0,0,2.28E-08,0,0,0,1.01E-09,0,0,0,0,0,0,4.20E-09,4.44E-06,1.36E-06,4.12E-08,0,0,0,0,0,0,0,0,0,0,0,-5.23E-11,0,6.08E-17,1.22E-07,-1.25E-12,-4.71E-13,0,0,0,0,0,0,0,0,0,0,0,0,0,0,0,0.129460438,0.020565377
1909.5,1909,1910,0.035436341,0.203918208,0.016070454,-0.121095417,0,-0.043168105,0.068469884,0.453284556,0.171586494,0.047092392,0,0,2.32E-08,0,0,0,1.03E-09,0,0,0,0,0,0,4.27E-09,5.12E-06,1.57E-06,4.69E-08,0,0,0,0,0,0,0,0,0,0,0,1.68E-08,0,-3.96E-17,1.22E-07,-1.33E-12,-4.71E-13,0,0,0,0,0,0,0,0,0,0,0,0,0,0,0,0.131834968,0.021031717
1910.5,1910,1911,0.012319851,0.27689102,0.015392426,-0.126866903,0,-0.043569857,0.071401193,0.462173437,0.175144911,0.048604561,0,0,2.36E-08,0,0,0,1.05E-09,0,0,0,0,0,0,4.34E-09,6.62E-06,2.03E-06,6.00E-08,0,0,0,0,0,0,0,0,0,0,0,7.59E-08,0,1.35E-16,1.22E-07,-2.18E-12,-4.71E-13,0,0,0,0,0,0,0,0,0,0,0,0,0,0,0,0.136948824,0.021504695
1911.5,1911,1912,-0.002271015,0.274290112,0.016116153,-0.125123547,0,-0.043758446,0.07033532,0.471276649,0.17822377,0.050291656,0,0,2.40E-08,0,0,0,1.07E-09,0,0,0,0,0,0,4.41E-09,8.85E-06,2.72E-06,7.87E-08,0,0,0,0,0,0,0,0,0,0,0,1.30E-05,0,-9.06E-17,1.22E-07,-1.90E-12,-4.71E-13,0,0,0,0,0,0,0,0,0,0,0,0,0,0,0,0.137913584,0.021915366
1912.5,1912,1913,-0.003769493,-0.332931074,0.016069773,-0.126818358,0,-0.043965142,0.070588878,0.481845708,0.180942913,0.05153211,0,0,2.44E-08,0,0,0,1.08E-09,0,0,0,0,0,0,4.48E-09,1.09E-05,3.36E-06,9.94E-08,0,0,0,0,0,0,0,0,0,0,0,1.73E-05,0,3.18E-16,1.22E-07,-3.34E-12,-4.71E-13,0,0,0,0,0,0,0,0,0,0,0,0,0,0,0,0.139121204,0.022278883
1913.5,1913,1914,-0.005489802,-0.459642656,0.016290424,-0.132248822,0,-0.044170571,0.07371912,0.493073528,0.182669405,0.052956979,0,0,2.47E-08,0,0,0,1.10E-09,0,0,0,0,0,0,4.56E-09,1.37E-05,4.19E-06,1.24E-07,0,0,0,0,0,0,0,0,0,0,0,2.12E-05,6.65E-18,-2.20E-16,1.22E-07,-2.18E-12,-4.71E-13,0,0,0,0,0,0,0,0,0,0,0,0,0,0,0,0.143290134,0.022510507
1914.5,1914,1915,0.002770073,0.080586528,0.0156254,-0.126775401,0,-0.044384222,0.071870353,0.503300482,0.184217665,0.054426111,0,0,2.51E-08,0,0,0,1.12E-09,0,0,0,0,0,0,4.63E-09,1.66E-05,5.11E-06,1.50E-07,0,0,0,0,0,0,0,0,0,0,0,3.89E-05,-2.02E-18,7.96E-16,1.22E-07,-5.06E-12,-4.71E-13,0,0,0,0,0,0,0,0,0,0,0,0,0,0,0,0.146471038,0.022718641
1915.5,1915,1916,0.049694404,0.258268968,0.016647654,-0.124265391,0,-0.044583991,0.070760553,0.513696501,0.186078742,0.055799616,0,0,2.55E-08,0,0,0,1.14E-09,0,0,0,0,0,0,4.70E-09,1.97E-05,6.05E-06,1.78E-07,0,0,0,0,0,0,0,0,0,0,0,6.73E-05,1.46E-17,-5.67E-16,1.22E-07,-1.63E-12,-4.71E-13,0,0,0,0,0,0,0,0,0,0,0,0,0,0,0,0.146696091,0.022969004
1916.5,1916,1917,0.070129036,0.286170311,0.01538597,-0.130716634,0,-0.044772482,0.072482793,0.524688435,0.190636487,0.056896918,0,0,2.59E-08,0,0,0,1.15E-09,0,0,0,0,0,0,4.77E-09,2.33E-05,7.13E-06,2.10E-07,0,0,0,0,0,0,0,0,0,0,0,0.000114446,-6.68E-18,2.11E-15,1.22E-07,-8.25E-12,-4.71E-13,0,0,0,0,0,0,0,0,0,0,0,0,0,0,0,0.149844158,0.023582646
1917.5,1917,1918,0.130807081,0.277983195,0.016383564,-0.136161332,0,-0.044987215,0.076116479,0.535214464,0.193958615,0.058150743,0,0,2.63E-08,0,0,0,1.17E-09,0,0,0,0,0,0,4.85E-09,2.83E-05,8.67E-06,2.55E-07,0,0,0,0,0,0,0,0,0,0,0,0.000168866,3.53E-17,-1.55E-15,1.22E-07,4.42E-12,-4.71E-13,0,0,0,0,0,0,0,0,0,0,0,0,0,0,0,0.156458623,0.024031768
1918.5,1918,1919,0.10912798,0.206412181,0.016045403,-0.135995868,0,-0.045199898,0.07619369,0.543936276,0.198206049,0.058941773,0,0,2.67E-08,0,0,0,1.19E-09,0,0,0,0,0,0,4.92E-09,3.39E-05,1.04E-05,3.06E-07,0,0,0,0,0,0,0,0,0,0,0,0.000208426,-1.94E-17,5.95E-15,1.22E-07,-1.57E-11,-4.71E-13,0,0,0,0,0,0,0,0,0,0,0,0,0,0,0,0.160446367,0.024607446
1919.5,1919,1920,0.062809809,-0.018100849,0.015624075,-0.12135195,0,-0.045442417,0.069640889,0.551166549,0.203045404,0.059145295,0,0,2.71E-08,0,0,0,1.21E-09,0,0,0,0,0,0,4.99E-09,3.95E-05,1.21E-05,3.56E-07,0,0,0,0,0,0,0,0,0,0,0,0.000244606,1.08E-16,-4.50E-15,1.22E-07,3.64E-11,-4.71E-13,0,0,0,0,0,0,0,0,0,0,0,0,0,0,0,0.161908922,0.02526556
1920.5,1920,1921,0.029223114,0.215463682,0.016069142,-0.131139552,0,-0.045757137,0.074338448,0.559747333,0.207825278,0.059478719,0,0,2.75E-08,0,0,0,1.22E-09,0,0,0,0,0,0,5.06E-09,4.46E-05,1.37E-05,4.01E-07,0,0,0,0,0,0,0,0,0,0,0,0.000265773,-5.40E-17,1.78E-14,1.22E-07,-2.46E-11,-4.71E-13,0,0,0,0,0,0,0,0,0,0,0,0,0,0,0,0.168073851,0.025918413
1921.5,1921,1922,0.018636569,0.277452171,0.018044539,-0.115344116,0,-0.046156675,0.068334121,0.566736523,0.212386787,0.059942805,0,0,2.79E-08,0,0,0,1.24E-09,0,0,0,0,0,0,5.14E-09,5.00E-05,1.53E-05,4.50E-07,0,0,0,0,0,0,0,0,0,0,0,0.000280928,3.22E-16,-1.39E-14,1.22E-07,3.97E-07,-4.71E-13,0,0,0,0,0,0,0,0,0,0,0,0,0,0,0,0.168969988,0.026544087
1922.5,1922,1923,0.0045896,0.287711534,0.017269332,-0.117494635,0,-0.046554214,0.068295991,0.573536788,0.216783437,0.060492128,0,0,2.83E-08,0,0,0,1.26E-09,0,0,0,0,0,0,5.21E-09,5.21E-05,1.59E-05,4.69E-07,0,0,0,0,0,0,3.86E-07,0,0,0,0,0.00031492,-1.74E-16,5.65E-14,1.22E-07,1.51E-06,-4.71E-13,0,0,0,0,0,0,0,0,0,0,0,0,0,0,0,0.171804039,0.027149583
1923.5,1923,1924,0.001723946,0.289080229,0.022693242,-0.131530406,0,-0.046981014,0.079803995,0.57994525,0.220608639,0.061716451,0,0,2.87E-08,0,0,0,1.28E-09,0,0,0,0,0,0,5.28E-09,5.58E-05,1.70E-05,5.01E-07,0,0,0,0,0,0,3.86E-07,0,0,0,0,0.000369436,1.03E-15,-4.54E-14,1.22E-07,3.22E-06,-4.71E-13,0,0,0,0,0,0,0,0,0,0,0,0,0,0,0,0.182607475,0.027678787
1924.5,1924,1925,0.010466629,0.060294432,0.020416551,-0.128399966,0,-0.047410594,0.076034383,0.587014479,0.223343522,0.062297129,0,0,2.91E-08,0,0,0,1.29E-09,0,0,0,0,0,0,5.35E-09,6.24E-05,1.91E-05,5.61E-07,0,0,0,0,0,0,7.71E-07,0,0,0,0,0.000420457,-5.79E-16,1.91E-13,1.22E-07,5.41E-06,-4.70E-13,0,0,0,0,0,0,0,0,0,0,0,0,0,0,0,0.180780319,0.02805804
1925.5,1925,1926,0.034401422,0.189349876,0.021057241,-0.129468482,0,-0.047818941,0.077170342,0.590526003,0.225057712,0.062511578,0,0,2.95E-08,0,0,0,1.31E-09,0,0,0,0,0,0,5.43E-09,6.99E-05,2.13E-05,6.28E-07,0,0,0,0,0,0,1.16E-06,0,0,0,0,0.000482907,3.54E-15,-1.58E-13,1.22E-07,7.95E-06,-4.71E-13,0,0,0,0,0,0,0,0,0,0,0,0,0,0,0,0.183811979,0.028296108
1926.5,1926,1927,0.058760567,-0.050906569,0.018489442,-0.13051115,0,-0.048234578,0.075713954,0.593187893,0.225968644,0.062699782,0,0,2.99E-08,0,0,0,1.33E-09,0,0,0,0,0,0,5.50E-09,7.76E-05,2.36E-05,6.96E-07,0,0,0,0,0,0,1.93E-06,0,0,0,0,0.000562324,-2.04E-15,6.82E-13,1.22E-07,1.07E-05,-4.70E-13,0,0,0,0,0,0,0,0,0,0,0,0,0,0,0,0.184715867,0.028422817
1927.5,1927,1928,0.083670515,0.108049483,0.017834132,-0.137038474,0,-0.04868633,0.078541075,0.597502411,0.227338976,0.062918893,0,0,3.02E-08,0,0,0,1.35E-09,0,0,0,0,0,0,5.57E-09,8.59E-05,2.61E-05,7.69E-07,0,0,0,0,0,0,2.31E-06,0,0,0,0,0.000616336,1.29E-14,-5.81E-13,1.22E-07,1.36E-05,-4.73E-13,0,0,0,0,0,0,0,0,0,0,0,0,0,0,0,0.190304736,0.028613571
1928.5,1928,1929,0.079063525,0.260671691,0.014974019,-0.136902372,0,-0.049101445,0.076613408,0.60038322,0.230404434,0.063316353,0,0,3.06E-08,0,0,0,1.36E-09,0,0,0,0,0,0,5.64E-09,9.52E-05,2.89E-05,8.51E-07,0,0,0,0,0,0,3.08E-06,0,0,0,0,0.000693041,-7.66E-15,2.59E-12,1.22E-07,1.65E-05,-4.67E-13,0,0,0,0,0,0,0,0,0,0,0,0,0,0,0,0.193018001,0.029041048
1929.5,1929,1930,0.053254939,0.275704379,0.012383544,-0.144618251,0,-0.049555955,0.078703431,0.603545284,0.234183176,0.063569996,0,2.23E-07,3.10E-08,0,0,0,1.38E-09,0,0,0,0,0,0,5.71E-09,0.000106187,3.22E-05,9.49E-07,0,0,0,0,0,0,3.47E-06,0,0,0,0,0.000806464,4.99E-14,-2.23E-12,1.22E-07,1.92E-05,-4.78E-13,0,0,0,0,0,0,0,0,0,0,0,0,0,0,0,0.198718089,0.029569385
1930.5,1930,1931,0.043400818,0.281720859,0.011303142,-0.139311993,0,-0.049953943,0.076709371,0.605879955,0.237924725,0.063779126,0,1.36E-06,3.14E-08,0,0,0,1.40E-09,0,0,0,0,0,0,5.79E-09,0.000117707,3.56E-05,1.05E-06,0,0,0,5.51E-07,0,0,4.24E-06,0,0,0,0,0.000932478,-3.06E-14,7.24E-12,1.22E-07,2.17E-05,-4.55E-13,0,0,0,0,0,0,0,0,0,0,0,0,0,0,0,0.201946068,0.030094189
1931.5,1931,1932,0.023911581,0.266059356,0.012173056,-0.122394176,5.05E-05,-0.050348643,0.06815715,0.609762727,0.240947923,0.064552646,0,3.65E-07,3.18E-08,0,0,0,1.41E-09,0,0,0,0,0,0,5.86E-09,0.000128295,3.87E-05,1.14E-06,0,0,0,8.87E-06,0,0,5.01E-06,0,0,0,0,0.001080141,2.05E-13,3.99E-08,1.22E-07,2.42E-05,-5.04E-13,0,0,0,0,0,0,0,0,0,0,0,0,0,0,0,0.195604464,0.030519932
1932.5,1932,1933,0.012868291,0.153449044,0.014517704,-0.114193637,0.000100978,-0.050697716,0.067035047,0.615031876,0.243729007,0.064969711,0,1.76E-07,3.22E-08,0,0,0,1.43E-09,0,0,0,0,0,0,5.93E-09,0.000135993,4.09E-05,1.21E-06,0,0,0,3.14E-05,0,0,5.78E-06,0,0,0,0,0.001216656,-1.30E-13,2.30E-07,1.22E-07,2.67E-05,-3.99E-13,0,0,0,0,0,0,0,0,0,0,0,0,0,0,0,0.198248619,0.030912341
1933.5,1933,1934,0.006782947,-0.122166334,0.012233422,-0.117988173,0.000151468,-0.051044659,0.066682307,0.621060065,0.246570528,0.065592593,0,1.91E-07,3.26E-08,0,0,0,1.45E-09,0,0,0,0,0,0,6.00E-09,0.000140637,4.22E-05,1.25E-06,0,0,0,5.24E-05,0,0,6.56E-06,0,0,0,0,0.001365172,8.99E-13,4.80E-07,1.22E-07,2.93E-05,-6.25E-13,0,0,0,0,0,0,0,0,0,0,0,0,0,0,0,0.199150407,0.031314405
1934.5,1934,1935,0.012394527,0.130797656,0.011302032,-0.129489582,0.000201957,-0.051471291,0.072108113,0.628568955,0.249808015,0.065999415,0,2.07E-07,3.30E-08,0,0,0,1.47E-09,0,0,0,0,0,0,6.08E-09,0.000145418,4.36E-05,1.29E-06,0,0,0,7.34E-05,0,0,7.71E-06,2.27E-07,0,0,0,0.001536587,-5.85E-13,7.20E-07,1.22E-07,3.20E-05,-1.32E-13,0,0,0,0,0,0,0,0,0,0,0,0,0,0,0,0.207048422,0.031773461
1935.5,1935,1936,0.040872493,0.261297319,0.009244319,-0.135292689,0.000252446,-0.051913199,0.072922904,0.637252651,0.253085172,0.066502616,0,2.25E-07,3.34E-08,0,0,0,1.48E-09,0,0,0,0,0,0,6.15E-09,0.00015176,4.54E-05,1.35E-06,0,0,0,9.43E-05,0,0,8.48E-06,5.68E-06,0,0,0,0.001748096,4.18E-12,9.60E-07,1.22E-07,3.49E-05,-1.23E-12,0,0,0,0,0,0,0,0,0,0,0,0,0,0,0,0.210196751,0.032239518
1936.5,1936,1937,0.114824423,0.282478171,0.009472043,-0.144978025,0.000302935,-0.052343857,0.078545877,0.652788568,0.256008235,0.067166624,0,2.45E-07,3.38E-08,0,0,0,1.50E-09,0,0,0,0,0,0,6.22E-09,0.000162129,4.83E-05,1.44E-06,0,0,0,0.000115272,0,0,9.25E-06,2.36E-05,0,0,0,0.00201722,-2.81E-12,1.20E-06,1.22E-07,3.79E-05,2.84E-12,0,0,0,0,0,0,0,0,0,0,0,0,0,0,0,0.218472741,0.032656504
1937.5,1937,1938,0.14058126,0.27472394,0.006865446,-0.150517828,0.000353424,-0.052807606,0.078779608,0.667629696,0.25876308,0.068008517,0,2.66E-07,3.42E-08,0,0,0,1.52E-09,0,0,0,0,0,0,6.29E-09,0.000176211,5.22E-05,1.57E-06,0,0,0,0.00013623,0,0,1.00E-05,4.17E-05,0,0,0,0.002308981,2.07E-11,1.44E-06,1.22E-07,4.11E-05,-4.41E-12,0,0,0,0,0,0,0,0,0,0,0,0,0,0,0,0.221594493,0.033050637
1938.5,1938,1939,0.126076064,0.277226994,0.007328691,-0.140158234,0.000403913,-0.053252651,0.073646072,0.678016056,0.261401087,0.068996358,0,2.90E-07,3.46E-08,0,0,0,1.54E-09,0,0,0,0,0,0,6.37E-09,0.000194484,5.73E-05,1.73E-06,0,0,0,0.000157189,0,0,1.08E-05,5.96E-05,0,0,0,0.002595574,-1.43E-11,1.68E-06,1.21E-07,4.43E-05,2.00E-11,0,0,0,0,0,0,0,0,0,0,0,0,0,0,0,0.218579238,0.033429086
1939.5,1939,1940,0.106362099,0.283824583,0.006020308,-0.149908306,0.000454403,-0.053700396,0.078306086,0.688924271,0.265235174,0.069802437,0,3.15E-07,3.50E-08,0,0,0,1.55E-09,0,0,0,0,0,0,6.44E-09,0.000215264,6.30E-05,1.91E-06,0,0,0,0.000178147,1.94E-07,0,1.16E-05,7.74E-05,0,0,0,0.002897959,1.09E-10,1.92E-06,1.22E-07,4.78E-05,-2.28E-11,0,0,0,0,0,0,0,0,0,0,0,0,0,0,0,0.226852822,0.033980128
1940.5,1940,1941,0.084096276,0.285025239,0.003402482,-0.157032876,0.000504892,-0.053865442,0.079137519,0.698801063,0.267188927,0.070758662,0,3.42E-07,3.54E-08,0,0,0,1.57E-09,0,0,0,0,0,0,6.51E-09,0.000240399,6.98E-05,2.13E-06,0,0,0,0.000199106,4.02E-06,0,1.23E-05,9.53E-05,0,0,0,0.003247793,-7.79E-11,2.16E-06,1.20E-07,5.15E-05,1.75E-10,0,0,0,0,0,0,0,0,0,0,0,0,0,0,0,0.229453596,0.034262096
1941.5,1941,1942,0.066804561,0.285018151,0.003350165,-0.16024734,0.000544234,-0.053751149,0.080664878,0.70763232,0.269084126,0.071767051,0,3.72E-07,3.57E-08,0,0,0,1.59E-09,0,0,0,0,0,0,6.58E-09,0.000265919,7.65E-05,2.36E-06,0,0,0,0.000220065,2.10E-05,0,1.27E-05,0.000113188,0,0,0,0.003659092,6.18E-10,2.40E-06,5.80E-07,5.53E-05,3.21E-06,0,0,0,0,0,0,0,0,0,0,0,0,0,0,0,0.232162141,0.034536144
1942.5,1942,1943,0.039776661,0.28481041,0.003083114,-0.165861907,0.000590133,-0.053660044,0.083765136,0.714608451,0.272085323,0.072888725,0,4.04E-07,3.61E-08,0,0,0,1.61E-09,0,0,0,0,0,0,6.65E-09,0.000299835,8.54E-05,2.66E-06,0,0,0,0.000241023,4.91E-05,0,1.35E-05,0.000131059,0,0,0,0.004178218,-5.64E-10,2.64E-06,1.96E-06,5.93E-05,5.92E-06,0,0,0,0,0,0,0,0,0,0,0,0,0,0,0,0.235431542,0.034970622
1943.5,1943,1944,0.019084614,0.059635554,0.00392764,-0.166733841,0.000636032,-0.053641593,0.084717523,0.718742596,0.274779345,0.075495735,0,4.39E-07,3.65E-08,0,0,0,1.62E-09,0,0,0,0,0,0,6.73E-09,0.00034397,9.68E-05,3.06E-06,0,0,0,0.000261982,8.83E-05,0,1.39E-05,0.000148931,0,0,0,0.00479557,6.66E-06,2.88E-06,4.23E-06,6.35E-05,8.11E-06,0,0,0,0,0,0,0,0,0,0,0,0,0,0,0,0.239717678,0.03536303
1944.5,1944,1945,0.017913739,0.120764878,0.004961777,-0.165024724,0.000688489,-0.053559483,0.085071233,0.719015942,0.276958351,0.076397953,0,4.78E-07,3.69E-08,0,0,0,1.64E-09,0,0,0,0,0,0,6.80E-09,0.000403104,0.000111788,3.60E-06,0,9.68E-06,0,0.000282941,0.000138518,0,1.43E-05,0.000166802,0,0,0,0.005504584,2.67E-05,3.12E-06,7.34E-06,6.80E-05,9.76E-06,0,0,0,0,0,0,0,0,0,0,0,0,0,0,0,0.243910623,0.035680014
1945.5,1945,1946,0.053871863,0.240248139,0.006000234,-0.147732063,0.000740945,-0.053488496,0.077439654,0.71827971,0.278795756,0.07733303,0,5.19E-07,3.73E-08,0,0,0,1.66E-09,0,0,0,0,0,0,6.87E-09,0.000444869,0.000121964,3.98E-06,0,0.000209943,1.97E-06,0.000303899,0.000199747,0,1.47E-05,0.000184674,0,0,0,0.005975495,4.46E-05,3.36E-06,1.13E-05,7.27E-05,1.11E-05,0,0,0,0,0,0,0,0,0,0,0,0,0,0,0,0.242691223,0.035947927
1946.5,1946,1947,0.099456132,0.273238282,0.007698971,-0.144054363,0.000806515,-0.053342951,0.076628473,0.718197184,0.281407118,0.078156325,0,5.64E-07,3.77E-08,0,0,0,1.68E-09,0,0,0,0,0,0,6.94E-09,0.000457745,0.000124823,4.09E-06,0,0.000814722,3.40E-05,0.000324858,0.000271917,0,1.50E-05,0.000202545,0,0,0,0.006345051,6.25E-05,3.60E-06,1.60E-05,7.76E-05,1.16E-05,0,0,0,0,0,0,0,0,0,0,0,0,0,0,0,0.242184595,0.036328957
1947.5,1947,1948,0.13974227,0.147048301,0.003785748,-0.152187256,0.000865529,-0.053256984,0.077843536,0.719917608,0.284999324,0.078509673,0,6.13E-07,3.81E-08,0,0,0,1.69E-09,0,0,0,0,0,0,7.02E-09,0.000472594,0.000128227,4.23E-06,0,0.001412077,0.000122261,0.000345817,0.000354971,0,1.50E-05,0.000220417,0,0,0,0.006708441,8.04E-05,3.84E-06,2.15E-05,8.29E-05,1.18E-05,0,0,0,0,0,0,0,0,0,0,0,0,0,0,0,0.249117429,0.036853761
1948.5,1948,1949,0.159483922,0.18790114,0.003504649,-0.159370109,0.000937656,-0.053223564,0.081771972,0.720430584,0.288587768,0.078706599,0,6.67E-07,3.85E-08,0,0,0,1.71E-09,0,0,0,0,0,0,7.09E-09,0.000495935,0.000133543,4.45E-06,0,0.002004797,0.000203767,0.000366775,0.000449879,0,1.50E-05,0.000238288,0,0,0,0.007161599,9.82E-05,4.08E-06,2.76E-05,8.83E-05,1.18E-05,0,0,0,0,0,0,0,0,0,0,0,0,0,0,0,0.258474813,0.037379454
1949.5,1949,1950,0.135981936,0.263661477,-0.000477395,-0.157260042,0.001009783,-0.053078789,0.078782757,0.722448072,0.291408171,0.07889348,0,7.25E-07,3.89E-08,0,0,0,1.73E-09,0,0,0,0,0,2.16E-07,7.16E-09,0.000521235,0.000139094,4.69E-06,0,0.002597517,0.000285271,0.000387734,0.000545887,0,1.50E-05,0.000256161,0,0,0,0.007658308,0.000116095,4.32E-06,3.45E-05,9.42E-05,1.15E-05,0,0,0,0,0,0,0,0,0,0,0,0,0,0,0,0.257556318,0.037793775
1950.5,1950,1951,0.09036488,0.278893501,-0.002041627,-0.169222732,0.001095025,-0.053345077,0.085036541,0.726008266,0.293475586,0.079479621,0,8.10E-07,3.93E-08,0,0,0,1.75E-09,0,0,0,0,0,1.52E-06,7.23E-09,0.000544344,0.000143933,4.91E-06,0,0.003178904,0.000364277,0.000408692,0.000646467,0,1.50E-05,0.000276264,0,0,0,0.008191106,0.000133878,4.56E-06,4.20E-05,0.000100297,1.08E-05,0,0,0,0,0,0,0,0,0,0,0,0,0,0,0,0.269733394,0.038098544
1951.5,1951,1952,0.059987112,0.246269525,-0.005284288,-0.165081248,0.001180266,-0.053971612,0.079195109,0.729645229,0.296442493,0.079982182,0,1.83E-06,3.97E-08,0,0,0,1.76E-09,0,0,0,0,0,4.31E-06,7.31E-09,0.000569055,0.000148891,5.15E-06,0,0.003872783,0.00046737,0.000429412,0.000756554,0,1.50E-05,0.000278497,0,0,0,0.008671606,0.000152319,4.80E-06,5.01E-05,0.00010673,9.90E-06,0,0,0,0,0,0,0,0,0,0,0,0,0,0,0,0.266944057,0.038536512
1952.5,1952,1953,0.037382912,0.247015282,-0.007998184,-0.170496035,0.001272065,-0.054593185,0.080480785,0.735947864,0.299703761,0.080659085,0,5.54E-06,4.01E-08,0,0,0,1.78E-09,0,0,0,0,0,1.18E-05,7.38E-09,0.000596821,0.000154183,5.42E-06,0,0.00470411,0.000633301,0.00045242,0.000865306,0,1.50E-05,0.00027403,0,0,0,0.008931614,0.000172681,5.04E-06,5.88E-05,0.000113601,9.31E-06,0,0,0,0,0,0,0,0,0,0,0,0,0,0,0,0.272799533,0.039019322
1953.5,1953,1954,0.023292666,0.263516884,-0.009916384,-0.175851876,0.001376977,-0.055095305,0.082624952,0.743427545,0.305046817,0.081904594,0,1.23E-05,4.05E-08,0,0,0,1.80E-09,0,0,0,0,0,1.97E-05,7.45E-09,0.000625216,0.000159248,5.70E-06,0,0.005585184,0.000867794,0.000477407,0.000976771,0,1.50E-05,0.000275892,0,0,1.05E-07,0.009242142,0.000194235,5.31E-06,6.83E-05,0.000120926,8.54E-06,0,0,0,0,0,0,0,0,0,0,0,0,0,0,0,0.281885388,0.039813337
1954.5,1954,1955,0.015741072,0.274151714,-0.010252611,-0.178747997,0.001488447,-0.055705984,0.084222001,0.750446217,0.311554262,0.082764366,0,2.18E-05,4.09E-08,0,0,0,1.82E-09,0,0,0,0,0,2.76E-05,7.52E-09,0.000656311,0.000164424,6.01E-06,0,0.006576673,0.00116698,0.000506351,0.00108797,0,1.50E-05,0.000287063,0,0,1.57E-06,0.009586345,0.0002252,5.58E-06,7.90E-05,0.000128722,7.94E-06,0,0,0,0,0,0,0,0,0,0,0,0,0,0,0,0.288362086,0.040784526
1955.5,1955,1956,0.033717795,0.273344327,-0.013049164,-0.186806561,0.001606474,-0.056254689,0.086776256,0.756570849,0.318695028,0.083949128,0,3.38E-05,4.12E-08,0,0,0,1.83E-09,0,0,0,0,0,3.54E-05,7.60E-09,0.000687734,0.000169221,6.31E-06,0,0.007690242,0.00153546,0.000542303,0.00119917,0,1.50E-05,0.000313902,0,0,9.72E-06,0.009962824,0.000259122,5.85E-06,9.05E-05,0.000137023,7.31E-06,0,0,0,0,0,0,0,0,0,0,0,0,0,0,0,0.299936823,0.041856574
1956.5,1956,1957,0.107698952,0.10425456,-0.014376611,-0.200624557,0.001737614,-0.05672193,0.094267481,0.761960938,0.327084003,0.085315461,0,4.84E-05,4.16E-08,0,0,0,1.85E-09,0,0,0,0,0,4.33E-05,7.67E-09,0.000719171,0.000173601,6.61E-06,0,0.008969078,0.001997174,0.000581898,0.001310914,0,1.50E-05,0.000353264,0,0,2.60E-05,0.010370661,0.0002856,6.12E-06,0.000102627,0.00014577,6.67E-06,0,0,0,0,0,0,0,0,0,0,0,0,0,0,0,0.31497777,0.043124153
1957.5,1957,1958,0.182980449,0.10369557,-0.014602248,-0.20944868,0.001875312,-0.057257625,0.10001967,0.767563564,0.335558945,0.086607529,0,6.54E-05,4.20E-08,0,0,0,1.87E-09,0,0,0,0,0,5.12E-05,7.74E-09,0.000749293,0.000177413,6.88E-06,0,0.010448589,0.002542695,0.000627701,0.001417208,0,1.50E-05,0.000401057,0,0,5.07E-05,0.010807221,0.000312317,6.39E-06,0.000115165,0.000154972,6.27E-06,0,0,0,0,0,0,0,0,0,0,0,0,0,0,0,0.327261415,0.044413602
1958.5,1958,1959,0.178155559,0.235544757,-0.010426961,-0.203980735,0.002026124,-0.057449657,0.098625822,0.774321241,0.342217316,0.087645012,0,8.48E-05,4.24E-08,0,0,0,1.89E-09,0,0,0,0,0,5.91E-05,7.81E-09,0.000776004,0.000180468,7.11E-06,0,0.012045846,0.003083818,0.000682197,0.001524954,0,1.50E-05,0.000471986,0,0,7.92E-05,0.011271327,0.00033952,6.66E-06,0.000128186,0.000164582,5.86E-06,0,0,0,0,0,0,0,0,0,0,0,0,0,0,0,0.323255313,0.045433036
1959.5,1959,1960,0.127077168,0.272145345,-0.010511071,-0.208612208,0.002183493,-0.05752137,0.10121817,0.783211834,0.347861709,0.088505401,0,0.000106579,4.28E-08,0,0,0,1.90E-09,0,0,0,0,0,6.70E-05,7.88E-09,0.000802002,0.000183189,7.32E-06,0,0.013751642,0.003585027,0.000745072,0.001625076,0,1.58E-05,0.000567729,0,0,0.000111408,0.011763418,0.000367107,6.92E-06,0.00014198,0.000174552,5.44E-06,0,0,0,0,0,0,0,0,0,0,0,0,0,0,0,0.327805366,0.046301588
1960.5,1960,1961,0.103598179,0.279097916,-0.01084826,-0.21515033,0.002360533,-0.057715496,0.105012887,0.79906224,0.351719625,0.089692094,0,0.000130657,4.32E-08,0,0,0,1.92E-09,0,0,0,0,0,7.48E-05,1.04E-08,0.000831275,0.000186037,7.54E-06,4.91E-09,0.015742142,0.004171858,0.000816105,0.001717558,0,1.74E-05,0.000670006,0,0,0.000153045,0.012280655,0.00039476,7.23E-06,0.000156472,0.000184841,5.02E-06,5.04E-10,3.02E-09,0,0,0,0,0,0,0,0,0,0,0,0,0,0.33521633,0.046898306
1961.5,1961,1962,0.05019054,0.280073417,-0.018873416,-0.224088412,0.002740262,-0.057899911,0.105111166,0.812062454,0.354739379,0.090973429,0,0.000156978,4.36E-08,0,0,0,1.94E-09,0,0,0,0,0,8.66E-05,1.10E-07,0.000861945,0.000188805,7.74E-06,7.58E-07,0.018048923,0.004958676,0.000897541,0.001815674,0,2.04E-05,0.000785649,0,0,0.000196016,0.012823798,0.000421971,7.53E-06,0.000171478,0.000195371,4.61E-06,4.03E-09,2.42E-08,0,0,0,0,0,0,0,0,0,0,0,0,0,0.3464006,0.047367157
1962.5,1962,1963,0.028764749,0.280019864,-0.01856386,-0.223183943,0.003183203,-0.058123746,0.105204654,0.826422978,0.362129339,0.092330265,0,0.000185488,4.40E-08,0,0,0,1.96E-09,0,0,0,0,0,0.000102396,2.63E-07,0.000892573,0.000191396,7.92E-06,2.96E-06,0.020658943,0.005966087,0.000991628,0.00191815,0,2.55E-05,0.000932046,0,0,0.000249353,0.013388091,0.000448319,7.83E-06,0.000187233,0.00020613,4.19E-06,8.06E-09,4.83E-08,0,0,0,0,0,0,0,0,0,0,0,0,0,0.351569741,0.04851721
1963.5,1963,1964,0.022431819,-0.497256907,-0.026083663,-0.239971222,0.003533402,-0.058468574,0.11147682,0.838047184,0.372328174,0.093829009,0,0.000216131,4.44E-08,0,0,0,1.97E-09,0,0,0,0,0,0.000122088,4.46E-07,0.00092527,0.000194039,8.09E-06,6.49E-06,0.023711112,0.007220091,0.001100546,0.002021634,4.89E-08,3.28E-05,0.00111808,0,0,0.000315867,0.013965339,0.000473459,8.16E-06,0.000203465,0.000217059,3.77E-06,1.21E-08,9.06E-08,0,0,0,0,0,0,0,0,0,0,0,0,0,0.374043903,0.050115327
1964.5,1964,1965,0.02057299,-0.409586806,-0.027477526,-0.232393386,0.003877622,-0.058620279,0.105877421,0.85114777,0.381536368,0.095233417,0,0.000248852,4.48E-08,0,0,0,1.99E-09,0,0,0,0,0,0.00014178,6.67E-07,0.000959501,0.000196708,8.25E-06,1.12E-05,0.027294936,0.008729815,0.001223815,0.002126931,1.19E-06,4.36E-05,0.001341193,0,0,0.000382645,0.014558772,0.000497007,8.49E-06,0.000220075,0.000228215,3.36E-06,1.61E-08,1.39E-07,0,0,0,0,0,0,0,0,0,0,0,0,0,0.375766212,0.051569692
1965.5,1965,1966,0.024525223,0.070097512,-0.032230797,-0.236570187,0.004339321,-0.058766279,0.106232228,0.860344529,0.389086192,0.096651896,0,0.000283597,4.52E-08,0,0,0,2.01E-09,0,0,0,0,0,0.000157533,9.49E-07,0.000998924,0.000199726,8.41E-06,1.71E-05,0.031393779,0.010477325,0.001365654,0.002239324,6.54E-06,5.78E-05,0.001605789,0,0,0.000466179,0.015147403,0.000518725,8.79E-06,0.000236988,0.000239625,2.89E-06,2.33E-08,1.99E-07,0,7.07E-09,0,0,1.44E-08,1.62E-08,0,0,0,0,0,0,0,0.387797312,0.052770614
1966.5,1966,1967,0.047620158,0.213478068,-0.034171116,-0.2379662,0.004914513,-0.05882047,0.106665458,0.880776204,0.395214297,0.098260422,0,0.000320307,4.56E-08,0,0,0,2.03E-09,0,0,0,0,0,0.000173287,1.29E-06,0.001041388,0.000202962,8.58E-06,2.39E-05,0.035985578,0.012430961,0.001531306,0.002360638,1.35E-05,7.52E-05,0.001927903,0,0,0.000596682,0.015711814,0.000538449,9.11E-06,0.000254253,0.000251258,2.73E-06,4.96E-08,7.81E-07,0,8.47E-08,0,0,1.25E-07,1.48E-07,0,0,0,0,0,0,0,0.394773602,0.053751458
1967.5,1967,1968,0.075188198,0.251228466,-0.037318096,-0.246024202,0.006047918,-0.059245654,0.11017347,0.892191769,0.401775973,0.099863971,0,0.000358929,4.60E-08,0,0,0,2.04E-09,0,0,0,0,0,0.00018904,1.74E-06,0.001089632,0.000206722,8.77E-06,3.17E-05,0.041146838,0.014616401,0.001719404,0.002488694,2.17E-05,9.56E-05,0.002315631,0,0,0.000792928,0.016255582,0.000556222,9.48E-06,0.000271628,0.000263114,2.79E-06,9.30E-08,2.37E-06,0,2.34E-07,0,0,2.70E-07,3.32E-07,0,0,0,0,0,0,0,0.410971964,0.054806924
1968.5,1968,1969,0.083093803,0.129496461,-0.038967666,-0.246191005,0.007132595,-0.060282627,0.110468362,0.90954305,0.411198966,0.101457237,0,0.000399409,4.64E-08,0,0,0,2.06E-09,0,0,0,0,0,0.00021267,2.28E-06,0.001145356,0.000211276,9.00E-06,4.02E-05,0.046949283,0.017091144,0.001934753,0.002622777,3.37E-05,0.000118382,0.002795061,0,0,0.001038809,0.016778408,0.000572016,9.84E-06,0.000289074,0.000275214,4.20E-06,1.50E-07,4.62E-06,1.48E-09,4.60E-07,0,0,4.33E-07,5.59E-07,0,0,0,0,0,0,0,0.420287058,0.056331351
1969.5,1969,1970,0.093178381,0.029425099,-0.039219638,-0.24633629,0.007764487,-0.061045452,0.111771795,0.925947337,0.42071906,0.103059123,0,0.000441691,4.67E-08,3.95E-10,2.26E-09,0,2.08E-09,0,0,0,0,9.36E-09,0.0002363,2.96E-06,0.00120712,0.000216702,9.25E-06,4.93E-05,0.053439084,0.019937068,0.002181309,0.002762167,4.89E-05,0.000142675,0.003333528,0,0,0.001317683,0.01728163,0.000585865,1.02E-05,0.000306493,0.000287615,9.23E-06,2.14E-07,7.21E-06,1.19E-08,7.72E-07,0,0,6.20E-07,8.21E-07,0,0,0,0,0,0,0,0.428512657,0.057883171
1970.5,1970,1971,0.09223828,0.204949431,-0.045890366,-0.259701486,0.008081109,-0.061528648,0.116702004,0.955144263,0.432332781,0.104662419,0,0.000485716,4.71E-08,2.78E-09,1.59E-08,0,2.10E-09,9.94E-12,0,0,0,6.72E-08,0.000255992,3.80E-06,0.001280952,0.000223872,9.57E-06,5.90E-05,0.060591583,0.023209739,0.002465745,0.002906144,6.94E-05,0.000168125,0.003900089,0,2.87E-07,0.001590259,0.017766519,0.00059797,1.06E-05,0.000323834,0.000300277,1.60E-05,3.28E-07,9.86E-06,2.52E-08,1.17E-06,0,0,8.29E-07,1.11E-06,0,0,0,0,0,0,0,0.448807507,0.05979167
1971.5,1971,1972,0.05300413,0.263424751,-0.043657051,-0.264008539,0.009884584,-0.061776984,0.121376319,0.966761388,0.44292388,0.106301526,0,0.000531433,4.75E-08,3.27E-09,1.84E-08,0,2.60E-07,1.79E-08,0,2.73E-08,0,8.38E-08,0.000279622,4.82E-06,0.00136403,0.000232937,9.96E-06,6.92E-05,0.068306422,0.026833941,0.002792015,0.00305444,9.36E-05,0.000193961,0.004503642,0,5.67E-06,0.001872266,0.018232936,0.000608416,1.09E-05,0.000341056,0.000313274,2.37E-05,1.41E-06,1.26E-05,1.56E-07,1.66E-06,0,0,1.06E-06,1.43E-06,0,0,0,0,0,0,0,0.460288648,0.061547746
1972.5,1972,1973,0.063917583,0.27523326,-0.046891088,-0.283903853,0.010774786,-0.061772343,0.13213485,1.003712147,0.452457801,0.107967633,0,0.000578785,4.79E-08,3.37E-09,1.88E-08,0,9.49E-07,6.51E-08,0,9.91E-08,0,6.68E-08,0.00030719,6.02E-06,0.001457286,0.000244405,1.04E-05,7.96E-05,0.07663341,0.030837597,0.00316628,0.003208068,0.000118794,0.000220954,0.005168563,0,1.88E-05,0.002241154,0.018680743,0.00061741,1.13E-05,0.000358106,0.000326715,3.21E-05,4.20E-06,1.58E-05,5.86E-07,2.21E-06,0,0,1.31E-06,1.78E-06,0,0,0,0,0,0,0,0.484243516,0.063141464
1973.5,1973,1974,0.036206579,0.269437799,-0.046032302,-0.277519121,0.011520611,-0.062123718,0.130215984,1.052001886,0.459527945,0.109681134,0,0.000627718,4.83E-08,3.48E-09,1.91E-08,0,1.92E-06,1.32E-07,0,2.01E-07,0,4.80E-08,0.000334759,7.41E-06,0.001562212,0.000258837,1.10E-05,9.03E-05,0.085798681,0.035402555,0.003595016,0.003368225,0.000149427,0.000248718,0.00593564,0,3.10E-05,0.002727683,0.01911107,0.000625118,1.17E-05,0.000374941,0.000340529,4.30E-05,8.70E-06,1.95E-05,1.27E-06,2.83E-06,0,0,1.57E-06,2.16E-06,0,0,0,0,0,0,0,0.484746238,0.064331938
1974.5,1974,1975,0.027714889,0.267710251,-0.042830254,-0.277803156,0.011518434,-0.062404914,0.132718126,1.067786008,0.466407902,0.111453186,0,0.000678172,4.87E-08,3.59E-09,1.94E-08,0,3.04E-06,2.08E-07,0,3.17E-07,0,2.77E-08,0.000362327,9.00E-06,0.001683836,0.000277369,1.17E-05,0.000101046,0.095913279,0.040564353,0.00408612,0.003536109,0.000185309,0.000277638,0.006709444,0,4.34E-05,0.003307174,0.019526712,0.000631597,1.21E-05,0.000391516,0.000354765,5.92E-05,1.45E-05,2.38E-05,2.17E-06,3.50E-06,0,0,1.85E-06,2.56E-06,0,0,0,0,0,0,0,0.48540496,0.065496934
1975.5,1975,1976,0.021268687,0.254731281,-0.038959873,-0.273363845,0.011906916,-0.062418828,0.133318813,1.068945552,0.474444824,0.113281198,0,0.000730098,4.91E-08,3.69E-09,2.02E-08,4.39E-10,4.16E-06,2.85E-07,0,4.34E-07,0,2.36E-08,0.000393834,1.08E-05,0.001822885,0.000300393,1.27E-05,0.0001118,0.106209171,0.045777733,0.004651031,0.003712925,0.000225735,0.000307716,0.007499825,0,5.25E-05,0.003842488,0.019927461,0.000637081,1.25E-05,0.000407784,0.000369528,8.29E-05,2.15E-05,2.86E-05,3.25E-06,4.23E-06,0,0,2.14E-06,2.96E-06,0,0,0,0,0,0,0,0.483098124,0.066865373
1976.5,1976,1977,0.01918275,0.255413662,-0.040652341,-0.290717338,0.012284632,-0.062449931,0.143467684,1.082267697,0.483335818,0.115162341,0,0.000783435,4.95E-08,3.80E-09,1.73E-06,3.51E-09,5.13E-06,3.52E-07,0,5.35E-07,0,1.03E-07,0.000428793,1.28E-05,0.001948687,0.000321683,1.37E-05,0.000122428,0.116052317,0.050830599,0.005296847,0.003905104,0.000276945,0.000337793,0.008398463,0,6.19E-05,0.004411104,0.020311747,0.000641757,1.30E-05,0.000423694,0.000384813,0.000113788,3.62E-05,3.48E-05,4.48E-06,5.01E-06,0,0,2.46E-06,3.37E-06,0,0,0,0,0,0,0,0.50034167,0.068389018
1977.5,1977,1978,0.038801124,0.272469788,-0.036940729,-0.293431475,0.013416143,-0.062873325,0.14873502,1.115967864,0.492773974,0.117093563,0,0.000838134,4.99E-08,3.91E-09,6.28E-06,7.02E-09,5.82E-06,3.99E-07,0,6.07E-07,0,1.42E-06,0.000468311,1.51E-05,0.002087913,0.000344116,1.49E-05,0.000132819,0.125514422,0.055747339,0.006069081,0.004113012,0.000335566,0.000368256,0.009355091,0,7.13E-05,0.005175234,0.020681048,0.000645676,1.34E-05,0.000439204,0.000400638,0.000152202,6.26E-05,4.25E-05,5.83E-06,5.83E-06,0,0,2.80E-06,3.78E-06,0,0,0,0,0,0,0,0.509524085,0.07001789
1978.5,1978,1979,0.088663319,0.27565514,-0.032394063,-0.300859087,0.014260751,-0.063484648,0.157092502,1.146694922,0.502464969,0.119102258,0,0.000894132,5.03E-08,4.02E-09,1.26E-05,1.05E-08,6.08E-06,4.17E-07,0,6.34E-07,0,0,0.00051986,1.76E-05,0.002245029,0.000370251,1.64E-05,0.00014286,0.134483421,0.060315212,0.006691272,0.004328762,0.000400385,0.000399105,0.010640584,0,8.04E-05,0.006167893,0.021036494,0.000648951,1.39E-05,0.000454265,0.000417023,0.000196628,9.57E-05,5.13E-05,7.27E-06,6.69E-06,0,0,3.15E-06,4.18E-06,3.97E-05,0,7.94E-06,0.000143421,0,0,0,0.520496843,0.071702887
1979.5,1979,1980,0.144257321,0.244910656,-0.034027451,-0.305104788,0.015219855,-0.063674146,0.159604789,1.178210643,0.512112879,0.121191787,0,0.000950645,5.07E-08,1.62E-05,1.98E-05,1.40E-08,6.08E-06,4.17E-07,0,3.17E-07,0,1.13E-06,0.000606501,5.93E-05,0.002398158,0.000396958,1.80E-05,0.000154144,0.142698316,0.064241241,0.007412282,0.004544446,0.00047019,0.000430725,0.012060037,0,9.22E-05,0.007032128,0.021378503,0.000651697,1.43E-05,0.000468832,0.000433993,0.000243744,0.000131081,6.04E-05,8.75E-06,7.57E-06,0,0,3.52E-06,4.57E-06,4.27E-05,0,8.44E-06,0.000158452,0,0,0,0.527919867,0.073393151
1980.5,1980,1981,0.148724253,0.189675943,-0.038891435,-0.302155468,0.015732421,-0.06385767,0.1551981,1.216225681,0.521440508,0.12374486,3.48E-05,0.001039792,4.08E-06,3.56E-05,2.24E-05,1.76E-08,4.18E-06,4.17E-07,0,1.62E-08,0,8.51E-07,0.000675822,0.000100997,0.002659325,0.000440533,2.00E-05,0.000165876,0.151397782,0.067971306,0.008453616,0.004419554,0.000597006,0.000463502,0.013270056,0,0.000110829,0.007728673,0.021661103,0.000653978,1.48E-05,0.000482853,0.000451568,0.000293891,0.000156993,6.32E-05,1.03E-05,8.49E-06,4.99E-06,0,3.91E-06,4.95E-06,4.60E-05,0,9.03E-06,0.000179965,3.20E-06,0,0,0.528694618,0.075040435
1981.5,1981,1982,0.156633684,0.148605397,-0.037479899,-0.293896849,0.015788109,-0.064078443,0.151059351,1.238267671,0.530165855,0.12694459,6.90E-05,0.001131063,5.64E-06,4.29E-05,4.88E-05,2.11E-08,1.14E-06,4.17E-07,0,4.05E-08,0,8.51E-07,0.00076798,0.000111829,0.002816577,0.000469902,2.24E-05,0.000177976,0.159770583,0.071326032,0.009748685,0.004621329,0.000685704,0.000498978,0.014263668,4.33E-05,0.000202625,0.008232986,0.022022786,0.000655865,1.53E-05,0.000496293,0.000469819,0.000362974,0.000187456,7.18E-05,1.23E-05,9.90E-06,4.99E-06,0,4.58E-06,5.35E-06,4.99E-05,0,9.70E-06,0.000197824,3.63E-06,0,0,0.525554473,0.076593882
1982.5,1982,1983,0.088977645,-0.14842938,-0.039116893,-0.308753694,0.016469605,-0.064244091,0.160941428,1.251815361,0.538017726,0.131422569,7.87E-05,0.001221007,1.02E-05,2.49E-05,4.48E-05,2.46E-08,7.59E-07,4.17E-07,0,8.55E-08,1.86E-09,1.13E-06,0.000868014,0.000118562,0.002952598,0.000495645,2.49E-05,0.000190841,0.168013883,0.074669144,0.011497066,0.004814565,0.000781225,0.000537153,0.015133973,4.40E-05,0.000210419,0.008625555,0.022286939,0.000657424,1.58E-05,0.000509094,0.000488666,0.000419229,0.000225197,8.09E-05,1.44E-05,1.16E-05,4.99E-06,0,5.42E-06,5.62E-06,5.46E-05,0,1.04E-05,0.000215683,5.55E-06,0,0,0.544376867,0.078004401
1983.5,1983,1984,0.089711417,-0.482397001,-0.03134717,-0.285547206,0.017201619,-0.064540007,0.150445419,1.282504924,0.544782921,0.133593191,9.80E-05,0.001323686,4.36E-06,4.63E-05,4.46E-05,2.81E-08,4.18E-06,4.17E-07,0,9.51E-07,1.57E-08,1.70E-06,0.000958596,0.00012471,0.00309177,0.000522113,2.66E-05,0.000204894,0.176531129,0.078350907,0.0126041,0.005052372,0.00088698,0.000580341,0.016061441,4.20E-05,0.00021445,0.008978867,0.022588928,0.000658747,1.63E-05,0.000521217,0.000508063,0.000483819,0.00026928,8.76E-05,1.67E-05,1.33E-05,4.99E-06,0,6.27E-06,5.62E-06,6.01E-05,0,1.11E-05,0.000230025,6.83E-06,0,0,0.523539107,0.079222835
1984.5,1984,1985,0.037470349,-0.181187411,-0.029937467,-0.294241436,0.018785563,-0.064800954,0.157507923,1.31051553,0.550604946,0.13619722,7.09E-05,0.001436182,4.50E-06,3.77E-05,4.83E-05,3.16E-08,6.46E-06,4.17E-07,0,1.59E-06,3.67E-08,2.27E-06,0.001056267,0.000136128,0.003237927,0.000553658,2.85E-05,0.00022036,0.184470597,0.081721934,0.014366721,0.005309765,0.000999559,0.000626229,0.01717087,3.78E-05,0.000226811,0.009396176,0.022893973,0.000659848,1.68E-05,0.000532608,0.000527982,0.000549033,0.000322824,9.69E-05,1.92E-05,1.53E-05,4.99E-06,0,7.36E-06,6.01E-06,6.67E-05,0,1.21E-05,0.00025071,6.83E-06,0,0,0.5346981,0.080278192
1985.5,1985,1986,0.021337482,0.034504956,-0.03009172,-0.297897162,0.019838809,-0.064934058,0.160521371,1.337149233,0.556685499,0.138286788,9.45E-05,0.001550004,8.61E-06,4.87E-05,5.58E-05,3.51E-07,6.46E-06,4.17E-07,0,1.27E-06,5.86E-08,2.55E-06,0.001169692,0.000153986,0.003379016,0.00058629,3.07E-05,0.000237243,0.192908149,0.085821408,0.016467195,0.00552555,0.001122371,0.000677515,0.01867086,4.54E-05,0.000234873,0.009758983,0.023177632,0.000660778,1.74E-05,0.000543228,0.000548317,0.000613831,0.000385621,0.000106206,2.21E-05,1.73E-05,4.99E-06,0,8.81E-06,6.28E-06,7.56E-05,0,1.34E-05,0.000271396,6.83E-06,0,0,0.540659404,0.081383996
1986.5,1986,1987,0.022221071,0.02832236,-0.02597625,-0.300058587,0.021466282,-0.064953296,0.165238665,1.362954436,0.562816072,0.141731582,9.80E-05,0.001667276,5.35E-06,4.70E-05,6.70E-05,3.08E-06,6.84E-06,4.17E-07,0,3.17E-07,1.29E-07,2.55E-06,0.001296507,0.000171845,0.0035149,0.000618922,3.34E-05,0.000280172,0.20233689,0.090012166,0.018641862,0.005813396,0.001255419,0.000735742,0.020491079,5.76E-05,0.000263628,0.010050123,0.023540724,0.000661522,1.80E-05,0.000553028,0.000569022,0.000685713,0.000461934,0.000115939,2.49E-05,1.95E-05,9.98E-06,0,1.07E-05,7.37E-06,8.67E-05,0,1.48E-05,0.000288358,8.11E-06,0,0,0.549717137,0.082507338
1987.5,1987,1988,0.037582187,0.123065579,-0.028053481,-0.310215269,0.022948353,-0.065032367,0.171730774,1.393701342,0.567635661,0.142455303,8.34E-05,0.001782956,3.08E-06,4.63E-05,7.16E-05,7.22E-06,8.36E-06,4.17E-07,0,9.51E-07,3.43E-07,2.27E-06,0.001425685,0.000183262,0.003652702,0.000651192,3.60E-05,0.000294137,0.212403179,0.094582125,0.021267978,0.0061253,0.0013987,0.000793969,0.021813596,5.34E-05,0.000264165,0.010395127,0.023818038,0.000662165,1.85E-05,0.000561961,0.000590258,0.000764054,0.000544486,0.000124159,2.77E-05,2.15E-05,9.98E-06,0,1.29E-05,8.53E-06,9.94E-05,0,1.64E-05,0.000306562,8.54E-06,0,0,0.560778812,0.083389394
1988.5,1988,1989,0.076264648,0.189319669,-0.022327451,-0.312509245,0.024634212,-0.065112762,0.178269726,1.438046461,0.573712699,0.145122963,8.78E-05,0.001913494,5.35E-06,5.15E-05,8.52E-05,1.26E-05,7.60E-06,4.17E-07,0,9.51E-07,7.41E-07,2.27E-06,0.001555651,0.000192338,0.003793243,0.000684549,3.90E-05,0.000307229,0.223669851,0.098960344,0.024196737,0.006386109,0.001552216,0.000846797,0.023145989,4.89E-05,0.000269003,0.0108684,0.024076785,0.000662694,1.91E-05,0.000569977,0.000613124,0.00084302,0.000624958,0.000135191,3.08E-05,2.40E-05,1.50E-05,0,1.54E-05,1.05E-05,0.000113336,0,1.82E-05,0.000330557,9.39E-06,0,0,0.56973147,0.0845105
1989.5,1989,1990,0.150664282,0.235256969,-0.020665416,-0.308021201,0.026218779,-0.064978111,0.176738307,1.467029356,0.580212157,0.149109383,9.73E-05,0.002060216,8.33E-06,5.15E-05,9.87E-05,1.93E-05,5.32E-06,4.17E-07,0,9.51E-07,1.30E-06,2.27E-06,0.001695856,0.000197022,0.003936387,0.000718269,4.16E-05,0.000319449,0.233103573,0.102517201,0.026992618,0.006605564,0.001709143,0.000893456,0.024834225,5.47E-05,0.000302594,0.011236776,0.024347385,0.000663123,1.97E-05,0.000577031,0.000626436,0.000924486,0.000700335,0.000146871,3.36E-05,2.66E-05,2.00E-05,0,1.79E-05,1.24E-05,0.000128604,0,2.05E-05,0.00035207,1.00E-05,0,0,0.572785333,0.085718159
1990.5,1990,1991,0.137981427,0.229850202,-0.021127649,-0.312550053,0.026975459,-0.064635293,0.180499128,1.489525767,0.583822282,0.152613437,0.00010709,0.002206143,7.19E-06,4.22E-05,0.000112006,2.75E-05,5.32E-06,4.17E-07,0,1.59E-06,2.00E-06,2.55E-06,0.00185024,0.000197901,0.004077613,0.000751626,4.42E-05,0.000330795,0.240649554,0.105179139,0.029609094,0.006799,0.001862659,0.000933945,0.026692153,6.17E-05,0.000409013,0.011633453,0.024515133,0.000663481,2.04E-05,0.000583784,0.000623041,0.001014911,0.000771762,0.000158984,3.64E-05,2.91E-05,2.00E-05,9.36E-06,2.04E-05,1.47E-05,0.000145829,0,2.31E-05,0.000376479,1.13E-05,0,0,0.577754747,0.086394882
1991.5,1991,1992,0.121568999,-0.395368564,-0.029467166,-0.334806712,0.026787057,-0.064151265,0.198719991,1.513011841,0.590141549,0.155251134,9.73E-05,0.002347559,7.76E-06,5.53E-05,0.00012484,4.64E-05,1.56E-05,4.17E-07,0,2.54E-06,2.83E-06,3.97E-06,0.002018014,0.000201121,0.004214867,0.000784258,4.72E-05,0.000341705,0.246626568,0.107003414,0.031816037,0.006919829,0.002009352,0.000967493,0.028495912,5.79E-05,0.000616207,0.011836493,0.024476688,0.000663768,2.10E-05,0.000590721,0.000594204,0.001101795,0.000838614,0.000168285,3.95E-05,3.17E-05,2.50E-05,1.08E-05,2.36E-05,1.71E-05,0.000164621,0,2.57E-05,0.000387374,1.30E-05,0,0,0.617265639,0.087575049
1992.5,1992,1993,0.102291727,-1.30225354,-0.014910775,-0.299481948,0.029583726,-0.06369418,0.17637354,1.525338412,0.593704991,0.157223542,8.29E-05,0.00249322,9.75E-06,4.02E-05,0.000130673,6.54E-05,1.29E-05,4.17E-07,0,1.59E-06,3.80E-06,6.52E-06,0.002184213,0.000213417,0.00433171,0.00081544,5.06E-05,0.000351743,0.252130403,0.108139383,0.033624976,0.006995351,0.00214581,0.000996799,0.030168635,6.28E-05,0.000869354,0.011949801,0.024391602,0.00066401,2.17E-05,0.000597519,0.000550341,0.001183538,0.000900684,0.000177154,4.23E-05,3.45E-05,2.99E-05,1.22E-05,2.67E-05,2.02E-05,0.000179497,0,2.83E-05,0.000397027,1.47E-05,0,0,0.581677467,0.088244319
1993.5,1993,1994,0.065841654,-0.559100325,-0.010627988,-0.304064869,0.03235248,-0.063533213,0.18318825,1.538349949,0.59462682,0.158422463,0.000120215,0.002653474,6.77E-06,5.29E-05,0.000144091,7.79E-05,1.29E-05,8.33E-07,0,3.38E-07,4.88E-06,1.02E-05,0.002350411,0.000224835,0.004439376,0.000846622,5.44E-05,0.000360907,0.255641899,0.108699319,0.034500209,0.007053669,0.002278858,0.001022635,0.031437811,0.000169224,0.00102207,0.011426226,0.024217966,0.000664274,2.24E-05,0.00060383,0.000543345,0.001260074,0.000952564,0.000185373,4.54E-05,3.73E-05,3.49E-05,1.37E-05,2.92E-05,2.33E-05,0.000187327,0,3.03E-05,0.000401716,1.71E-05,0,0,0.590193704,0.088419573
1994.5,1994,1995,0.039325465,-0.030688803,-0.01297987,-0.319435418,0.03445215,-0.063203204,0.198012649,1.564652314,0.597221477,0.160467151,0.000222542,0.002818504,6.06E-06,6.64E-05,0.000161942,9.19E-05,1.67E-05,8.33E-07,0,6.38E-07,6.08E-06,1.45E-05,0.002526062,0.000235374,0.004540741,0.000877804,5.89E-05,0.000370072,0.258471019,0.108733551,0.035031929,0.007093595,0.00240167,0.001040758,0.033046249,0.000421498,0.00134854,0.010496636,0.024029552,0.000631703,2.30E-05,0.000609329,0.000540374,0.001348415,0.000996231,0.000192944,4.82E-05,3.99E-05,3.99E-05,1.51E-05,3.24E-05,2.68E-05,0.000191242,0,4.61E-05,0.000410049,2.03E-05,0,0,0.616523656,0.088910038
1995.5,1995,1996,0.029841491,0.16559435,0.005259797,-0.307007916,0.036787736,-0.062830432,0.197867141,1.596783225,0.599536046,0.162720044,0.000425688,0.002995473,1.00E-05,9.04E-05,0.00019216,0.000107508,1.71E-05,1.67E-06,0,1.27E-06,7.39E-06,1.93E-05,0.002719435,0.000249134,0.004642654,0.000911523,6.41E-05,0.000379236,0.261733473,0.108253897,0.03511283,0.007113527,0.002510837,0.001053483,0.03456935,0.000783467,0.00167528,0.009410405,0.023849105,0.000667453,2.19E-05,0.000613678,0.00053347,0.001421756,0.001033868,0.000197486,5.13E-05,4.27E-05,4.49E-05,1.65E-05,3.52E-05,3.02E-05,0.000193003,0,7.62E-05,0.000419257,2.18E-05,0,0,0.606818187,0.089349553
1996.5,1996,1997,0.021828471,0.24422234,0.004642321,-0.297989061,0.038938727,-0.062564893,0.190861461,1.627374366,0.600491166,0.165947797,0.000752184,0.003184381,1.67E-05,0.00013516,0.000238246,0.000127763,2.01E-05,2.50E-06,0,6.39E-07,8.79E-06,2.47E-05,0.002909264,0.000265236,0.004744978,0.000948869,7.09E-05,0.000388401,0.264532708,0.107874901,0.035122051,0.007125884,0.002596124,0.00106081,0.036184788,0.001211543,0.001950613,0.008194292,0.023602735,0.000577562,2.30E-05,0.000616532,0.000489866,0.001478706,0.001066618,0.00020138,5.44E-05,4.58E-05,5.49E-05,1.80E-05,3.80E-05,3.37E-05,0.000193395,0,9.37E-05,0.000419174,2.26E-05,0,0,0.607204908,0.089537303
1997.5,1997,1998,0.035482027,0.269965854,-0.012681337,-0.326502759,0.040922858,-0.06258106,0.211718515,1.646593295,0.602051183,0.169104888,0.001224796,0.003387882,8.04E-06,0.000197629,0.000299615,0.000149577,2.51E-05,3.33E-06,0,1.27E-06,1.03E-05,3.01E-05,0.003090823,0.000276068,0.004844425,0.000990928,7.84E-05,0.000397565,0.266445353,0.107418883,0.034987707,0.007137489,0.002660941,0.001069293,0.037515919,0.001638392,0.002256494,0.006966261,0.023378994,0.00060521,2.26E-05,0.000617651,0.000421475,0.001549129,0.001096146,0.000204841,5.75E-05,4.84E-05,5.99E-05,1.94E-05,4.09E-05,3.72E-05,0.000193003,0,9.79E-05,0.000421781,2.35E-05,0,0,0.663337969,0.089838615
1998.5,1998,1999,0.078880431,0.272041395,-0.00700067,-0.323172723,0.042576495,-0.062507467,0.212545739,1.692459623,0.606852615,0.171983236,0.00181077,0.003595628,1.77E-05,0.000288007,0.000383503,0.000176064,3.08E-05,4.58E-06,0,3.17E-06,1.31E-05,3.57E-05,0.003263323,0.000290706,0.004942092,0.001035888,8.70E-05,0.000407166,0.267820066,0.106836533,0.034816684,0.007147217,0.002712113,0.001078162,0.039181397,0.002035142,0.002518774,0.005849358,0.023155484,0.00076637,2.43E-05,0.000592941,0.000384056,0.001614969,0.001122346,0.000205706,6.05E-05,5.09E-05,6.99E-05,2.08E-05,4.34E-05,4.11E-05,0.000192025,0,0.000102069,0.0004247,2.41E-05,0,0,0.652591146,0.090750004
1999.5,1999,2000,0.117798231,0.276405243,-0.001798782,-0.293173869,0.045167504,-0.062565818,0.185426101,1.728451817,0.610409516,0.175691368,0.002526599,0.003807885,2.45E-05,0.000373029,0.000472408,0.000208784,3.57E-05,5.83E-06,1.41E-09,3.49E-06,1.61E-05,4.20E-05,0.003430703,0.000303002,0.005036608,0.001082298,9.64E-05,0.000416767,0.269035393,0.106232789,0.03462617,0.007151975,0.002753051,0.001085489,0.04072937,0.00244605,0.002781726,0.004887972,0.022891104,0.000710758,2.26E-05,0.000596556,0.000378815,0.001669766,0.00114709,0.000206139,6.39E-05,5.35E-05,7.98E-05,2.23E-05,4.59E-05,4.50E-05,0.000190655,2.56E-05,0.000106332,0.000424792,2.58E-05,0,0,0.630560071,0.091431639
2000.5,2000,2001,0.161620518,0.277214787,-0.005091305,-0.27997512,0.048723143,-0.062448917,0.172390932,1.748245452,0.610960928,0.179399748,0.003302709,0.004025448,3.24E-05,0.00047801,0.000571463,0.00024462,4.29E-05,7.50E-06,5.10E-06,3.31E-06,1.54E-05,4.90E-05,0.003589419,0.000313249,0.005128795,0.001128708,0.000106489,0.000425932,0.270096313,0.105619875,0.034412183,0.007151414,0.002783754,0.001090887,0.042224025,0.002830091,0.003076976,0.004087364,0.022636192,0.000646461,2.27E-05,0.000578629,0.000306837,0.001716853,0.001172251,0.000206571,6.67E-05,5.57E-05,8.48E-05,2.37E-05,4.87E-05,4.85E-05,0.000188893,2.49E-05,0.000110679,0.000427366,2.58E-05,2.81E-06,0,0.626247239,0.091546077
2001.5,2001,2002,0.134559656,0.270631246,-0.002493321,-0.280093079,0.049859087,-0.061803046,0.173995453,1.775468206,0.610228899,0.182189673,0.004118078,0.004208785,4.29E-05,0.000605382,0.000682069,0.000283572,5.36E-05,9.17E-06,2.04E-06,4.82E-06,1.54E-05,5.67E-05,0.003749316,0.000324373,0.005217969,0.001172218,0.000116988,0.00043466,0.270569493,0.104954798,0.034191488,0.007148177,0.002811046,0.001097057,0.043986903,0.003154827,0.003348003,0.003403686,0.022409218,0.000569718,1.97E-05,0.000556891,0.000274823,0.00175019,0.001194084,0.000206787,7.00E-05,5.83E-05,9.48E-05,2.48E-05,5.13E-05,5.20E-05,0.00018674,2.45E-05,0.000115026,0.000426797,2.65E-05,3.02E-06,0,0.631046761,0.091415328
2002.5,2002,2003,0.15190074,0.279121338,-0.011888099,-0.299125997,0.048920031,-0.06099852,0.186604032,1.809693216,0.610612041,0.184596752,0.005007783,0.004390264,5.85E-05,0.000744761,0.000812742,0.000339664,6.57E-05,1.12E-05,1.02E-06,7.83E-06,1.89E-05,6.55E-05,0.003919453,0.000339597,0.005309061,0.001215002,0.000128237,0.000444261,0.270813555,0.104163593,0.033882348,0.007141328,0.002831515,0.001104384,0.045579852,0.003450801,0.003563855,0.002835993,0.022169775,0.000587069,1.74E-05,0.00063814,0.000269412,0.001771442,0.001216573,0.000206355,7.31E-05,6.03E-05,9.98E-05,2.58E-05,5.35E-05,5.51E-05,0.000184391,2.39E-05,0.000119373,0.000425102,2.86E-05,3.34E-06,0,0.650220375,0.091494426
2003.5,2003,2004,0.07852006,0.258652593,-0.015732082,-0.30694535,0.050677532,-0.060484389,0.189238363,1.852832541,0.612517482,0.187214994,0.00597043,0.004580234,8.00E-05,0.000913346,0.000956133,0.000403545,7.91E-05,1.33E-05,1.39E-05,1.87E-05,2.68E-05,7.57E-05,0.004090378,0.000359212,0.005408645,0.001255974,0.000139111,0.000454298,0.27072888,0.103294754,0.033571532,0.007149888,0.002841749,0.00111171,0.047098188,0.00370419,0.003740548,0.002368499,0.021946496,0.000600525,1.63E-05,0.000663325,0.000275725,0.001786027,0.001234752,0.000205273,7.57E-05,6.17E-05,0.000104796,2.69E-05,5.60E-05,5.78E-05,0.000182238,2.32E-05,0.000123803,0.000423406,3.14E-05,3.65E-06,0,0.6549831,0.091862341
2004.5,2004,2005,0.050767591,0.272312876,-0.004792781,-0.309345188,0.057639828,-0.060425624,0.19541008,1.883171864,0.61219219,0.189651503,0.006968037,0.004805226,0.000115514,0.001092153,0.001124375,0.00048815,9.54E-05,1.54E-05,5.13E-05,3.89E-05,3.57E-05,8.76E-05,0.00427036,0.000381462,0.005517426,0.001294618,0.000151016,0.000464772,0.270504742,0.102478079,0.033217331,0.007148042,0.002846104,0.001126438,0.048524038,0.003863938,0.003922892,0.001968465,0.021718599,0.000615387,1.58E-05,0.000648999,0.000263099,0.001801237,0.001262795,0.000208978,7.80E-05,6.34E-05,0.000109786,2.80E-05,5.82E-05,5.97E-05,0.00018028,2.28E-05,0.000128401,0.000424884,3.76E-05,3.96E-06,0.000359579,0.666895701,0.091807489
2005.5,2005,2006,0.026971812,0.235133558,-0.004753052,-0.318594385,0.060549764,-0.060405196,0.201834913,1.917045084,0.611235428,0.192298208,0.008024765,0.005058077,0.000167843,0.0012867,0.001311984,0.000576026,0.000115536,1.75E-05,0.00011928,6.60E-05,4.62E-05,0.000101498,0.004447586,0.000396116,0.005611253,0.001329324,0.000161709,0.000476555,0.27014114,0.101641231,0.032968552,0.007102527,0.002849758,0.001136471,0.050249981,0.003940858,0.004077918,0.001646144,0.021498206,0.000602379,1.64E-05,0.000696298,0.000261859,0.001808737,0.001274499,0.000208321,8.00E-05,6.45E-05,0.000114776,2.90E-05,6.04E-05,6.20E-05,0.000178518,2.28E-05,0.000133082,0.000432331,4.68E-05,4.38E-06,0.000373962,0.675367672,0.091633682
2006.5,2006,2007,0.024353504,0.209355654,-0.014177537,-0.321855047,0.063071582,-0.059189179,0.199824511,1.953074088,0.611292661,0.195419554,0.009037588,0.005337194,0.000224643,0.001504936,0.001525729,0.000680106,0.000138719,2.12E-05,0.000205256,9.58E-05,5.66E-05,0.000117658,0.00463584,0.000416628,0.005701534,0.001362238,0.000171455,0.00048921,0.269379071,0.100754055,0.032712019,0.007070039,0.002851773,0.001145571,0.052237296,0.004043083,0.004293636,0.001376396,0.021240522,0.000562228,1.50E-05,0.000705664,0.000263099,0.001802903,0.001288819,0.000205955,8.18E-05,6.56E-05,0.000119767,3.01E-05,6.26E-05,6.32E-05,0.000177344,2.25E-05,0.000135841,0.000424884,5.68E-05,5.00E-06,0.000379716,0.684873394,0.09165315
2007.5,2007,2008,0.017474546,0.192466678,-0.001716987,-0.318710391,0.066382966,-0.057746722,0.205121742,1.981995127,0.614460433,0.198169732,0.010060632,0.005578371,0.000295509,0.001784018,0.00175114,0.00079634,0.000163423,2.30E-05,0.000281234,0.000122931,6.70E-05,0.00013637,0.004851268,0.000433232,0.005798844,0.001396411,0.00018013,0.000502302,0.268308189,0.099890922,0.032374794,0.007082195,0.0028525,0.001151556,0.054573403,0.004188339,0.004565874,0.001149913,0.020979606,0.000622198,1.41E-05,0.000758439,0.00028835,0.001788944,0.001303438,0.000203715,8.34E-05,6.65E-05,0.000124757,3.11E-05,6.48E-05,6.48E-05,0.000176561,2.25E-05,0.000136259,0.00042447,6.58E-05,6.05E-06,0.000388346,0.691955628,0.092261167
2008.5,2008,2009,0.020711479,0.214698374,0.00117453,-0.30685744,0.067700961,-0.057482583,0.197336466,2.016873546,0.617388622,0.201494246,0.011111436,0.005798322,0.000373444,0.002106748,0.002004903,0.000887878,0.000189267,2.57E-05,0.00035014,0.000144926,7.79E-05,0.000157917,0.005076148,0.000443929,0.005894629,0.001427486,0.000187883,0.000516704,0.267157614,0.099089936,0.032065654,0.007112175,0.002854213,0.001156029,0.056988591,0.004314086,0.004880906,0.000965344,0.020713726,0.000626441,1.28E-05,0.00085982,0.000278543,0.001768733,0.001316147,0.000201747,8.47E-05,6.76E-05,0.000124757,3.22E-05,6.73E-05,6.59E-05,0.000175778,2.25E-05,0.000136259,0.000428607,6.75E-05,7.19E-06,0.000359579,0.685043036,0.09282674
2009.5,2009,2010,0.020306089,0.178787332,0.006155717,-0.291119414,0.065882732,-0.057262608,0.190365687,2.041119658,0.619625544,0.204078595,0.012195227,0.005986965,0.000451824,0.002455925,0.002266484,0.000921532,0.000218151,2.86E-05,0.000403945,0.000170632,8.78E-05,0.000181449,0.005293939,0.000458917,0.005980215,0.00145454,0.000194955,0.000532414,0.265902441,0.098323386,0.03180451,0.007124821,0.002856292,0.001162146,0.059221192,0.004428574,0.005177232,0.000811382,0.020416328,0.000577418,1.14E-05,0.000849929,0.000255547,0.001742481,0.001322475,0.000199616,8.59E-05,6.85E-05,0.000129747,3.33E-05,6.92E-05,6.67E-05,0.000173821,2.25E-05,0.00014002,0.000428607,6.58E-05,8.23E-06,0.000330813,0.673640061,0.09325981
2010.5,2010,2011,0.036826257,0.222013439,0.015102419,-0.296817588,0.072990779,-0.056899927,0.204517776,2.077826831,0.621982266,0.207302744,0.013366594,0.006168975,0.000588283,0.002854429,0.00252153,0.000959706,0.000248936,3.12E-05,0.000456255,0.000173246,9.68E-05,0.000207249,0.005520395,0.000477897,0.006065595,0.001481793,0.000201662,0.000549434,0.264433091,0.097549093,0.031529323,0.007117081,0.002858338,0.001170499,0.0614529,0.00456324,0.005497439,0.000678764,0.020150909,0.000590824,1.10E-05,0.000989164,0.000278768,0.001715395,0.001333376,0.000196912,8.70E-05,6.79E-05,0.000129747,3.43E-05,7.17E-05,6.75E-05,0.000164425,2.25E-05,0.000153813,0.000439364,7.17E-05,8.76E-06,0.00031643,0.686877573,0.093718355
2011.5,2011,2012,0.069516447,0.170488244,0.006043489,-0.291943265,0.07652509,-0.055837192,0.191643028,2.108184356,0.624411132,0.21100126,0.01457327,0.006381497,0.000727915,0.003338929,0.002801078,0.001020004,0.000276465,3.41E-05,0.000515999,0.00019044,0.000105703,0.000234749,0.005750001,0.000500853,0.006158347,0.001510418,0.000208137,0.000568636,0.263123129,0.096699612,0.031253717,0.007087428,0.002862136,0.001180393,0.063493084,0.004763343,0.005706151,0.000565782,0.019876601,0.000522634,1.08E-05,0.000995692,0.000297819,0.001685392,0.001341028,0.000193903,8.82E-05,6.96E-05,0.000134737,3.52E-05,7.36E-05,6.83E-05,0.00016325,2.25E-05,0.000165517,0.000430262,8.65E-05,9.38E-06,0.000310677,0.691354868,0.094192903
2012.5,2012,2013,0.091271763,0.21891405,0.004483687,-0.297688714,0.077119476,-0.054701313,0.198479505,2.140998637,0.626675431,0.214180014,0.015703753,0.006621347,0.000867295,0.003865778,0.003102793,0.001046102,0.000307503,3.79E-05,0.000579104,0.000209671,0.000113293,0.000263668,0.005980395,0.000527427,0.006256363,0.001539137,0.000214233,0.000588711,0.261758377,0.095888642,0.030985028,0.007036734,0.002867022,0.001191132,0.065124755,0.004986744,0.005824995,0.000470492,0.019611067,0.000572416,1.02E-05,0.000987095,0.000319913,0.001650805,0.001354735,0.000191042,8.95E-05,7.02E-05,0.000134737,3.61E-05,7.55E-05,6.90E-05,0.000167753,2.18E-05,0.000180564,0.000439364,9.67E-05,9.69E-06,0.0003078,0.699271048,0.0946354
2013.5,2013,2014,0.097712588,0.264404429,0.009236536,-0.280301986,0.079517055,-0.054459721,0.187415566,2.185218003,0.629090674,0.21755637,0.016859556,0.006890913,0.001062598,0.004473918,0.003414076,0.001043297,0.000343098,4.19E-05,0.000639973,0.000228819,0.000118446,0.000294571,0.006231662,0.000558051,0.006355109,0.001567644,0.00022005,0.000609658,0.260239219,0.095200337,0.030706278,0.007011114,0.002871477,0.00120172,0.066767595,0.005186959,0.005925362,0.000391611,0.019364813,0.000569328,9.39E-06,0.00124052,0.000353166,0.001607676,0.001364282,0.000188092,9.08E-05,7.07E-05,0.000139728,3.69E-05,7.74E-05,6.98E-05,0.000165795,2.18E-05,0.000200626,0.000427366,9.67E-05,9.59E-06,0.000302047,0.688831234,0.095108282
2014.5,2014,2015,0.10881154,0.217776116,0.005416171,-0.281870857,0.08285084,-0.054226511,0.19039411,2.216237155,0.633207324,0.22162285,0.018076453,0.00717348,0.001283435,0.005125705,0.003736209,0.001021484,0.000381479,4.57E-05,0.00069716,0.000249094,0.000121987,0.000328593,0.006497107,0.000588865,0.006454488,0.001596766,0.000225724,0.000631478,0.258804736,0.094640197,0.030450163,0.007001921,0.002877606,0.001210565,0.068234104,0.005306909,0.005958556,0.000327468,0.019108285,0.000589941,8.48E-06,0.001251734,0.000416292,0.001566214,0.001371144,0.00018505,9.21E-05,7.13E-05,0.000139728,3.78E-05,7.92E-05,7.06E-05,0.000164425,2.28E-05,0.000214001,0.000424884,9.20E-05,8.65E-06,0.000296293,0.701558159,0.095911415
2015.5,2015,2016,0.117981115,0.172813032,0.001775952,-0.278204088,0.087219791,-0.053927155,0.189566619,2.253007418,0.638194644,0.224969803,0.019377095,0.007440128,0.001509899,0.00587079,0.004098828,0.001027872,0.000416632,4.92E-05,0.000757892,0.000271378,0.000126178,0.000368839,0.006753101,0.000616996,0.006557757,0.001626382,0.000231413,0.000654608,0.25730052,0.094120809,0.03018357,0.006984841,0.00288723,0.001218008,0.069498514,0.005400216,0.005965684,0.000277204,0.018845868,0.000621665,8.30E-06,0.00122631,0.000433088,0.001522877,0.001374887,0.000182286,9.75E-05,7.92E-05,0.000137233,3.87E-05,7.69E-05,7.14E-05,0.000161293,2.25E-05,0.000227376,0.000434399,9.16E-05,9.21E-06,0.000293417,0.71516959,0.096883268
2016.5,2016,2017,0.05318564,0.213332249,0.009080599,-0.257970236,0.09167946,-0.053840721,0.175832946,2.30711643,0.641847469,0.227896469,0.020786684,0.007681039,0.001774145,0.006646542,0.004469847,0.001037688,0.000458272,5.31E-05,0.000824257,0.00029539,0.000130992,0.000412039,0.007015001,0.00064653,0.006669384,0.001657285,0.00023724,0.000679919,0.255651861,0.093558836,0.02994506,0.00698303,0.002899778,0.0012266,0.070744756,0.00546465,0.005995718,0.000234466,0.018586337,0.000689877,9.33E-06,0.001277415,0.00047784,0.001480581,0.001374887,0.000180099,9.79E-05,7.83E-05,0.000140227,3.96E-05,7.96E-05,7.21E-05,0.000160118,2.28E-05,0.000245767,0.000430262,9.76E-05,9.21E-06,0.000288239,0.696028606,0.097598928
2017.5,2017,2018,0.033184486,0.244437299,0.011215497,-0.252938304,0.095919888,-0.053805585,0.175533223,2.340914189,0.644992061,0.231191956,0.022242269,0.007952993,0.002126491,0.007543337,0.004861518,0.001062228,0.000504526,5.76E-05,0.000896213,0.000314122,0.000135181,0.000462359,0.007285567,0.000677321,0.006790495,0.001690573,0.000243364,0.000707413,0.253993239,0.093174949,0.029734426,0.006978741,0.002919387,0.001237698,0.071795751,0.005464726,0.006012291,0.000199275,0.018375642,0.000625335,8.20E-06,0.001392041,0.000536569,0.001440577,0.001376758,0.000175856,0.000100045,8.04E-05,0.000141225,4.04E-05,8.06E-05,7.29E-05,0.000158944,2.32E-05,0.000264158,0.000427904,0.000100993,9.21E-06,0.000283636,0.700497958,0.098218914
2018.5,2018,2019,0.030146717,0.219675232,0.007364513,-0.247915603,0.096886044,-0.053634578,0.170324425,2.378295226,0.648777792,0.235329173,0.023657666,0.008266867,0.002549158,0.008538785,0.005232653,0.001092767,0.000554021,6.25E-05,0.000971748,0.000331023,0.000139111,0.000520366,0.007556525,0.000705348,0.006917693,0.001724199,0.000249726,0.000735779,0.252513928,0.092828555,0.02949445,0.006978741,0.002940864,0.001251049,0.07268903,0.005433604,0.005995569,0.000171077,0.018183072,0.000609081,7.60E-06,0.001420207,0.000515603,0.001404324,0.001376966,0.000174558,0.000102149,8.24E-05,0.000142223,4.13E-05,8.17E-05,7.37E-05,0.00015777,2.35E-05,0.000282549,0.000426787,0.000100779,9.21E-06,0.000279034,0.70143838,0.098967853
2019.5,2019,2020,0.0296367,0.083817162,-0.000691661,-0.260084238,0.105770746,-0.05316296,0.179474798,2.416575604,0.652467479,0.238670739,0.025003602,0.008694208,0.003001344,0.009596973,0.005602283,0.001111406,0.000608629,6.75E-05,0.001045262,0.000343197,0.000143472,0.000585514,0.007827989,0.000731175,0.007047834,0.001757387,0.000256295,0.000763709,0.250519069,0.09219516,0.029257827,0.00698303,0.002958462,0.001265055,0.073473929,0.005434148,0.005980991,0.000145914,0.018011509,0.000603357,7.15E-06,0.001485964,0.000449208,0.001358089,0.001379358,0.000171564,0.000104252,8.44E-05,0.000143221,4.22E-05,8.27E-05,7.45E-05,0.000156595,2.37E-05,0.000300939,0.00042567,9.87E-05,9.21E-06,0.000274431,0.718691611,0.099697861
2020.5,2020,2021,0.037216144,0.040029583,0.015402686,-0.226697574,0.052722574,-0.052929083,0.166235166,2.453256687,0.657767246,0.242816391,0.02625437,0.009016063,0.003458896,0.010630679,0.005961421,0.001104309,0.000666152,7.21E-05,0.001109489,0.00034835,0.000147612,0.000657486,0.008097952,0.000758274,0.007180349,0.001790894,0.000263068,0.000790505,0.248516619,0.091238962,0.028936712,0.00697721,0.002969876,0.001277595,0.073824196,0.005463776,0.005914404,0.000126704,0.017757122,0.000632334,7.72E-06,0.00150525,0.000408118,0.001314052,0.001378001,0.000170693,0.000106356,8.65E-05,0.000144219,4.31E-05,8.37E-05,7.52E-05,0.000156595,2.40E-05,0.000334377,0.000424553,9.87E-05,9.21E-06,0.000269828,0.692906962,0.100748026
2021.5,2021,2022,0.056846698,0.141777477,0.001573213,-0.243551996,0.063435346,-0.052957756,0.173958444,2.488057643,0.665170091,0.247292848,0.027594165,0.009322687,0.003975908,0.011767538,0.006344498,0.001127283,0.000732538,7.66E-05,0.001162687,0.000357377,0.00015122,0.000735095,0.008387196,0.000790796,0.007315421,0.001826032,0.000269887,0.000817911,0.246585974,0.090297764,0.028643291,0.00697721,0.002984982,0.001288447,0.074106367,0.00548685,0.005857421,0.000110582,0.017497773,0.000634222,7.47E-06,0.001669534,0.000394682,0.001279232,0.00138096,0.000170198,0.00010846,8.85E-05,0.000145217,4.39E-05,8.48E-05,7.60E-05,0.000156595,2.43E-05,0.000367815,0.000423436,9.87E-05,9.21E-06,0.000265226,0.714945979,0.10221793
2022.5,2022,2023,0.123893107,-0.026447167,0.014622115,-0.219349794,0.080554702,-0.052936308,0.157552686,2.524526545,0.672238027,0.251862163,0.028906773,0.009573832,0.004578117,0.013042954,0.006779521,0.001149897,0.000800866,8.15E-05,0.00120784,0.000363749,0.000154023,0.000816338,0.00868799,0.00082475,0.007451046,0.001862741,0.000276761,0.000845317,0.244765431,0.089375726,0.028433705,0.00697721,0.003010354,0.001298449,0.074075809,0.005486177,0.005781686,0.000100256,0.017263062,0.000597315,6.90E-06,0.001670847,0.000352007,0.001240052,0.001381685,0.000169706,0.000110563,9.05E-05,0.000146215,4.48E-05,8.58E-05,7.68E-05,0.000156595,2.45E-05,0.000401252,0.000422319,9.87E-05,9.21E-06,0.000260623,0.706773642,0.103629986
2023.5,2023,2024,0.197520364,0.210458009,-0.011367091,-0.259828056,0.101393039,-0.05281437,0.187023208,2.559295672,0.676692341,0.255658289,0.030080937,0.009816761,0.005236993,0.014349045,0.007220423,0.001151271,0.000867719,8.66E-05,0.001245152,0.000362162,0.000154087,0.000899469,0.008986989,0.000854358,0.007584329,0.001898399,0.000283806,0.000872723,0.242735345,0.088355755,0.028182201,0.00697721,0.003034943,0.001307634,0.073643729,0.005458946,0.005717158,9.00E-05,0.017066779,0.000567958,6.59E-06,0.001698222,0.000320046,0.001200743,0.001373511,0.000168936,0.000112667,9.26E-05,0.000147213,4.57E-05,8.68E-05,7.76E-05,0.000156595,2.48E-05,0.00043469,0.000421202,9.87E-05,9.21E-06,0.00025602,0.751685917,0.104526773
2024.5,2024,2025,0.217320044,0.208152277,0.006716549,-0.250146322,0.111506771,-0.052760568,0.185651847,2.611304846,0.680007551,0.259385311,0.031295061,0.010030166,0.00599038,0.01578673,0.007623348,0.001201002,0.000939672,9.19E-05,0.001275883,0.000349346,0.000152227,0.00098323,0.009286706,0.000881543,0.007715829,0.001932837,0.000291013,0.00090013,0.240630569,0.087391741,0.027930698,0.006974881,0.003051727,0.001315888,0.073033064,0.005432693,0.005641294,8.05E-05,0.016843692,0.000622433,7.32E-06,0.001852812,0.000339012,0.001161479,0.001367415,0.000167949,0.00011477,9.46E-05,0.000148211,4.66E-05,8.79E-05,7.83E-05,0.000156595,2.51E-05,0.000468128,0.000420085,9.87E-05,9.21E-06,0.000251418,0.753762931,0.105199254
2025.5,2025,2026,0.192289945,0.196826653,0.001918036,-0.225702203,0.116012095,-0.052622064,0.15701094,2.654373106,0.683209649,0.264278688,0.032596707,0.010308586,0.006545275,0.016983472,0.008045775,0.001211965,0.001006055,9.66E-05,0.001324786,0.00035823,0.000155463,0.001063082,0.0096438,0.000914974,0.007851356,0.001969056,0.000297849,0.000927536,0.238759969,0.086441055,0.027683386,0.006973717,0.003074476,0.001326334,0.073123162,0.005438668,0.005576447,6.77E-05,0.016608329,0.000585032,6.70E-06,0.001896476,0.000298919,0.001124021,0.001367728,0.000167472,0.000116874,9.66E-05,0.000149209,4.74E-05,8.89E-05,7.91E-05,0.000156595,2.54E-05,0.000501565,0.000418968,9.87E-05,9.21E-06,0.000246815,0.723535708,0.105854664
