time,timebound_lower,timebound_upper,solar,volcanic,aerosol-radiation_interactions,aerosol-cloud_interactions,contrails,land_use,BC_on_snow,CO2,CH4,N2O,HFC-134a,HFC-23,HFC-32,HFC-125,HFC-143a,HFC-152a,HFC-227ea,HFC-236fa,HFC-245fa,HFC-365mfc,HFC-43-10mee,NF3,SF6,SO2F2,CF4,C2F6,C3F8,c-C4F8,CFC-12,CFC-11,CFC-113,CFC-114,CFC-115,CFC-13,HCFC-22,HCFC-141b,HCFC-142b,CH3CCl3,CCl4,CH3Cl,CH3Br,CH2Cl2,CHCl3,Halon-1211,Halon-1301,Halon-2402,n-C4F10,n-C5F12,n-C6F14,i-C6F14,C7F16,C8F18,CFC-112,CFC-112a,CFC-113a,CFC-114a,HCFC-133a,HCFC-31,HCFC-124,O3,H2O_stratospheric
1750.5,1750,1751,0.010893838,0.175711988,0,0,0,0,0,0,0,0,0,0,0,0,0,0,0,0,0,0,0,0,0,0,0,0,0,0,0,0,0,0,0,0,0,0,0,0,0,0,0,0,0,0,0,0,0,0,0,0,0,0,0,0,0,0,0,0,0,0,0
1751.5,1751,1752,0.000312382,0.182076214,-0.000405383,0.000303412,0,-0.000255458,-0.00083803,0.001246897,0.000406138,6.41E-05,0,0,0,0,0,0,0,0,0,0,0,0,0,0,0,0,0,0,0,0,0,0,0,0,0,0,0,0,0,0,0,3.73E-10,0,0,0,0,0,0,0,0,0,0,0,0,0,0,0,0,0,-0.000662158,-8.47E-08
1752.5,1752,1753,-0.013644349,0.18007464,-0.000404578,0.000422575,0,-0.000509766,-0.001117671,0.002493497,0.000812031,0.000128178,0,0,0,0,0,0,0,0,0,0,0,0,0,0,0,0,0,0,0,0,0,0,0,0,0,0,0,0,0,0,0,7.46E-10,0,0,0,0,0,0,0,0,0,0,0,0,0,0,0,0,0,-0.00061431,-1.69E-07
1753.5,1753,1754,-0.035419916,0.071859891,-0.000406104,0.000309057,0,-0.000763081,-0.000838161,0.0037398,0.001217678,0.000192257,0,0,0,0,0,0,0,0,0,0,0,0,0,0,0,0,0,0,0,0,0,0,0,0,0,0,0,0,0,0,0,1.12E-09,0,0,0,0,0,0,0,0,0,0,0,0,0,0,0,0,0,-0.000223226,-2.54E-07
1754.5,1754,1755,-0.06407617,-0.0350894,-0.00092102,-0.009262462,0,-0.001015318,-1.44E-07,0.004985806,0.001623081,0.000256328,0,0,0,0,0,0,0,0,0,0,0,0,0,0,0,0,0,0,0,0,0,0,0,0,0,0,0,0,0,0,0,1.49E-09,0,0,0,0,0,0,0,0,0,0,0,0,0,0,0,0,0,0.000373738,-3.39E-07
1755.5,1755,1756,-0.079164061,0.080981899,0.000198321,-0.001544599,0,-0.001266882,-1.56E-07,0.006231515,0.00202824,0.000320392,0,0,0,0,0,0,0,0,0,0,0,0,0,0,0,0,0,0,0,0,0,0,0,0,0,0,0,0,0,0,0,1.87E-09,0,0,0,0,0,0,0,0,0,0,0,0,0,0,0,0,0,0.00051929,-4.24E-07
1756.5,1756,1757,-0.080675767,-0.039208088,-0.000541447,0.000281489,0,-0.00151784,-0.000893553,0.007476928,0.002433155,0.000384449,0,0,0,0,0,0,0,0,0,0,0,0,0,0,0,0,0,0,0,0,0,0,0,0,0,0,0,0,0,0,0,2.24E-09,0,0,0,0,0,0,0,0,0,0,0,0,0,0,0,0,0,0.000104031,-5.08E-07
1757.5,1757,1758,-0.045052648,0.144917684,-0.001589397,-0.026327065,0,-0.001768552,-2.18E-06,0.008722045,0.002837826,0.000448499,0,0,0,0,0,0,0,0,0,0,0,0,0,0,0,0,0,0,0,0,0,0,0,0,0,0,0,0,0,0,0,2.61E-09,0,0,0,0,0,0,0,0,0,0,0,0,0,0,0,0,0,0.001379519,-5.93E-07
1758.5,1758,1759,-0.014737788,0.177668027,-0.000497828,-0.01122052,0,-0.002016972,-1.09E-06,0.009966865,0.003242254,0.000512542,0,0,0,0,0,0,0,0,0,0,0,0,0,0,0,0,0,0,0,0,0,0,0,0,0,0,0,0,0,0,0,2.99E-09,0,0,0,0,0,0,0,0,0,0,0,0,0,0,0,0,0,0.001168908,-6.78E-07
1759.5,1759,1760,-0.004183723,0.180050473,-0.000859748,-0.012722861,0,-0.002266092,-9.73E-07,0.01121139,0.00364644,0.000576577,0,0,0,0,0,0,0,0,0,0,0,0,0,0,0,0,0,0,0,0,0,0,0,0,0,0,0,0,0,0,0,3.36E-09,0,0,0,0,0,0,0,0,0,0,0,0,0,0,0,0,0,0.001052594,-7.63E-07
1760.5,1760,1761,0.000998,0.064991288,-0.002572103,-0.030423803,0,-0.00252393,-1.42E-06,0.012455619,0.004050383,0.000640606,0,0,0,0,0,0,0,0,0,0,0,0,0,0,0,0,0,0,0,0,0,0,0,0,0,0,0,0,0,0,0,3.73E-09,0,0,0,0,0,0,0,0,0,0,0,0,0,0,0,0,0,0.001239899,-8.47E-07
1761.5,1761,1762,0.011745482,-1.538656226,-0.001622578,-0.023905737,0,-0.002789027,-1.85E-06,0.013699552,0.004454084,0.000704627,0,0,0,0,0,0,0,0,0,0,0,0,0,0,0,0,0,0,0,0,0,0,0,0,0,0,0,0,0,0,0,4.10E-09,0,0,0,0,0,0,0,0,0,0,0,0,0,0,0,0,0,0.001582381,-9.32E-07
1762.5,1762,1763,0.002240721,-0.669956274,-0.000686064,-0.007755702,0,-0.003057159,-4.05E-07,0.014943189,0.004857543,0.000768641,0,0,0,0,0,0,0,0,0,0,0,0,0,0,0,0,0,0,0,0,0,0,0,0,0,0,0,0,0,0,0,4.48E-09,0,0,0,0,0,0,0,0,0,0,0,0,0,0,0,0,0,0.001035677,-1.02E-06
1763.5,1763,1764,-0.015075575,0.022887244,-0.000692624,-0.008828627,0,-0.003323899,-6.45E-07,0.016186531,0.005260762,0.000832648,0,0,0,0,0,0,0,0,0,0,0,0,0,0,0,0,0,0,0,0,0,0,0,0,0,0,0,0,0,0,0,4.85E-09,0,0,0,0,0,0,0,0,0,0,0,0,0,0,0,0,0,0.00129215,-1.10E-06
1764.5,1764,1765,-0.027276766,0.147949148,0.000129563,0.000335678,0,-0.003593368,-0.000656577,0.017429578,0.005663739,0.000896648,0,0,0,0,0,0,0,0,0,0,0,0,0,0,0,0,0,0,0,0,0,0,0,0,0,0,0,0,0,0,0,5.22E-09,0,0,0,0,0,0,0,0,0,0,0,0,0,0,0,0,0,0.001006096,-1.19E-06
1765.5,1765,1766,-0.056917878,0.177303599,-0.001661809,-0.021098582,0,-0.003861023,-1.37E-06,0.01867233,0.006066476,0.000960641,0,0,0,0,0,0,0,0,0,0,0,0,0,0,0,0,0,0,0,0,0,0,0,0,0,0,0,0,0,0,0,5.60E-09,0,0,0,0,0,0,0,0,0,0,0,0,0,0,0,0,0,0.001708282,-1.27E-06
1766.5,1766,1767,-0.075014627,-0.308786632,0.000150646,-0.008496019,0,-0.004130025,-8.55E-07,0.019914787,0.006468974,0.001024626,0,0,0,0,0,0,0,0,0,0,0,0,0,0,0,0,0,0,0,0,0,0,0,0,0,0,0,0,0,0,0,5.97E-09,0,0,0,0,0,0,0,0,0,0,0,0,0,0,0,0,0,0.001681131,-1.36E-06
1767.5,1767,1768,-0.028898436,0.003074391,-1.57E-05,-0.009546475,0,-0.004402752,-9.61E-07,0.021156949,0.006871231,0.001088605,0,0,0,0,0,0,0,0,0,0,0,0,0,0,0,0,0,0,0,0,0,0,0,0,0,0,0,0,0,0,0,6.34E-09,0,0,0,0,0,0,0,0,0,0,0,0,0,0,0,0,0,0.001779179,-1.44E-06
1768.5,1768,1769,0.008994526,0.14846187,-0.004031494,-0.054464447,0,-0.004673185,-3.87E-06,0.022398817,0.007273249,0.001152576,0,0,0,0,0,0,0,0,0,0,0,0,0,0,0,0,0,0,0,0,0,0,0,0,0,0,0,0,0,0,0,6.72E-09,0,0,0,0,0,0,0,0,0,0,0,0,0,0,0,0,0,0.002893369,-1.53E-06
1769.5,1769,1770,0.023158326,0.057248569,-0.00205851,-0.027798855,0,-0.004941272,-2.04E-06,0.02364039,0.007675028,0.00121654,0,0,0,0,0,0,0,0,0,0,0,0,0,0,0,0,0,0,0,0,0,0,0,0,0,0,0,0,0,0,0,7.09E-09,0,0,0,0,0,0,0,0,0,0,0,0,0,0,0,0,0,0.002311492,-1.61E-06
1770.5,1770,1771,0.023148483,0.144987044,-0.002109826,-0.028815429,0,-0.005229829,-2.13E-06,0.024881668,0.008076569,0.001280498,0,0,0,0,0,0,0,0,0,0,0,0,0,0,0,0,0,0,0,0,0,0,0,0,0,0,0,0,0,0,0,7.46E-09,0,0,0,0,0,0,0,0,0,0,0,0,0,0,0,0,0,0.002461847,-1.69E-06
1771.5,1771,1772,0.018440981,0.177422814,0.000157642,-0.005855947,0,-0.005543284,-5.88E-07,0.026122653,0.008477872,0.001344448,0,0,0,0,0,0,0,0,0,0,0,0,0,0,0,0,0,0,0,0,0,0,0,0,0,0,0,0,0,0,0,7.84E-09,0,0,0,0,0,0,0,0,0,0,0,0,0,0,0,0,0,0.001991944,-1.78E-06
1772.5,1772,1773,0.01010519,0.182499537,0.000343735,-0.000536513,0,-0.005860479,-5.33E-08,0.027363344,0.008878936,0.001408391,0,0,0,0,0,0,0,0,0,0,0,0,0,0,0,0,0,0,0,0,0,0,0,0,0,0,0,0,0,0,0,8.21E-09,0,0,0,0,0,0,0,0,0,0,0,0,0,0,0,0,0,0.001862966,-1.86E-06
1773.5,1773,1774,-0.016627111,0.183255416,0.000326016,-0.003125545,0,-0.006177873,-3.15E-07,0.02860374,0.009279764,0.001472327,0,0,0,0,0,0,0,0,0,0,0,0,0,0,0,0,0,0,0,0,0,0,0,0,0,0,0,0,0,0,0,8.58E-09,0,0,0,0,0,0,0,0,0,0,0,0,0,0,0,0,0,0.001954815,-1.95E-06
1774.5,1774,1775,-0.030851475,0.183362909,-0.003058351,-0.040123777,0,-0.006495082,-2.88E-06,0.029843843,0.009680354,0.001536255,0,0,0,0,0,0,0,0,0,0,0,0,0,0,0,0,0,0,0,0,0,0,0,0,0,0,0,0,0,0,0,8.96E-09,0,0,0,0,0,0,0,0,0,0,0,0,0,0,0,0,0,0.002853207,-2.03E-06
1775.5,1775,1776,-0.075230928,0.183376363,-0.00120048,-0.027034987,0,-0.006810565,-2.67E-06,0.031083653,0.010080708,0.001600177,0,0,0,0,0,0,0,0,0,0,0,0,0,0,0,0,0,0,0,0,0,0,0,0,0,0,0,0,0,0,0,9.33E-09,0,0,0,0,0,0,0,0,0,0,0,0,0,0,0,0,0,0.002894088,-2.12E-06
1776.5,1776,1777,-0.060795852,0.183377111,-9.05E-05,-0.011837197,0,-0.007130959,-1.19E-06,0.032323169,0.010480825,0.001664092,0,0,0,0,0,0,0,0,0,0,0,0,0,0,0,0,0,0,0,0,0,0,0,0,0,0,0,0,0,0,0,9.70E-09,0,0,0,0,0,0,0,0,0,0,0,0,0,0,0,0,0,0.002315354,-2.20E-06
1777.5,1777,1778,0.004024056,0.183376581,-0.001728312,-0.036838525,0,-0.007454301,-3.59E-06,0.033562392,0.010880707,0.001727999,0,0,0,0,0,0,0,0,0,0,0,0,0,0,0,0,0,0,0,0,0,0,0,0,0,0,0,0,0,0,0,1.01E-08,0,0,0,0,0,0,0,0,0,0,0,0,0,0,0,0,0,0.003246692,-2.29E-06
1778.5,1778,1779,0.029485493,0.180989336,-0.003119936,-0.053426935,0,-0.007777714,-4.76E-06,0.034801322,0.011280353,0.0017919,0,0,0,0,0,0,0,0,0,0,0,0,0,0,0,0,0,0,0,0,0,0,0,0,0,0,0,0,0,0,0,1.04E-08,0,0,0,0,0,0,0,0,0,0,0,0,0,0,0,0,0,0.00380368,-2.37E-06
1779.5,1779,1780,0.027973747,0.128145548,-0.001496142,-0.032676822,0,-0.008101931,-3.22E-06,0.036039959,0.011679763,0.001855793,0,0,0,0,0,0,0,0,0,0,0,0,0,0,0,0,0,0,0,0,0,0,0,0,0,0,0,0,0,0,0,1.08E-08,0,0,0,0,0,0,0,0,0,0,0,0,0,0,0,0,0,0.003153003,-2.46E-06
1780.5,1780,1781,0.016254745,0.16630608,-0.003911204,-0.055757568,0,-0.008433747,-4.35E-06,0.037278303,0.012078939,0.001919679,0,0,0,0,0,0,0,0,0,0,0,0,0,0,0,0,0,0,0,0,0,0,0,0,0,0,0,0,0,0,0,1.12E-08,0,0,0,0,0,0,0,0,0,0,0,0,0,0,0,0,0,0.003502659,-2.54E-06
1781.5,1781,1782,0.011423474,0.180681776,-0.002608736,-0.047442686,0,-0.008757878,-4.39E-06,0.038516354,0.012477881,0.001983559,0,0,0,0,0,0,0,0,0,0,0,0,0,0,0,0,0,0,0,0,0,0,0,0,0,0,0,0,0,0,0,1.16E-08,0,0,0,0,0,0,0,0,0,0,0,0,0,0,0,0,0,0.003684587,-2.63E-06
1782.5,1782,1783,-0.01721485,0.182986015,-0.002087409,-0.035755718,0,-0.009089343,-3.24E-06,0.039754113,0.012876588,0.002047431,0,0,0,0,0,0,0,0,0,0,0,0,0,0,0,0,0,0,0,0,0,0,0,0,0,0,0,0,0,0,0,1.19E-08,0,0,0,0,0,0,0,0,0,0,0,0,0,0,0,0,0,0.00323902,-2.71E-06
1783.5,1783,1784,-0.039506602,-2.61533898,-0.001512271,-0.029545898,0,-0.00942217,-2.88E-06,0.04099158,0.013275062,0.002111296,0,0,0,0,0,0,0,0,0,0,0,0,0,0,0,0,0,0,0,0,0,0,0,0,0,0,0,0,0,0,0,1.23E-08,0,0,0,0,0,0,0,0,0,0,0,0,0,0,0,0,0,0.003251716,-2.80E-06
1784.5,1784,1785,-0.07050359,-3.833551032,0.000385058,-0.024638401,0,-0.009756177,-2.50E-06,0.042228754,0.013673302,0.002175154,0,0,0,0,0,0,0,0,0,0,0,0,0,0,0,0,0,0,0,0,0,0,0,0,0,0,0,0,0,0,0,1.27E-08,0,0,0,0,0,0,0,0,0,0,0,0,0,0,0,0,0,0.003332703,-2.88E-06
1785.5,1785,1786,-0.057918895,-0.390633826,-0.002263146,-0.039049047,0,-0.010089104,-3.56E-06,0.043465637,0.014071309,0.002239005,0,0,0,0,0,0,0,0,0,0,0,0,0,0,0,0,0,0,0,0,0,0,0,0,0,0,0,0,0,0,0,1.31E-08,0,0,0,0,0,0,0,0,0,0,0,0,0,0,0,0,0,0.003651336,-2.97E-06
1786.5,1786,1787,0.002363496,0.02246841,-0.000802351,-0.032413824,0,-0.010423768,-3.30E-06,0.044702227,0.014469084,0.002302849,0,0,0,0,0,0,0,0,0,0,0,0,0,0,0,0,0,0,0,0,0,0,0,0,0,0,0,0,0,0,0,1.34E-08,0,0,0,0,0,0,0,0,0,0,0,0,0,0,0,0,0,0.003656166,-3.05E-06
1787.5,1787,1788,0.023709764,0.051110458,-0.002173797,-0.044923604,0,-0.010761069,-4.41E-06,0.045938526,0.014866626,0.002366686,0,0,0,0,0,0,0,0,0,0,0,0,0,0,0,0,0,0,0,0,0,0,0,0,0,0,0,0,0,0,0,1.38E-08,0,0,0,0,0,0,0,0,0,0,0,0,0,0,0,0,0,0.004121078,-3.14E-06
1788.5,1788,1789,0.027814522,0.114960902,-0.006013086,-0.089163948,0,-0.011100655,-7.31E-06,0.047174534,0.015263936,0.002430516,0,0,0,0,0,0,0,0,0,0,0,0,0,0,0,0,0,0,0,0,0,0,0,0,0,0,0,0,0,0,0,1.42E-08,0,0,0,0,0,0,0,0,0,0,0,0,0,0,0,0,0,0.005198854,-3.22E-06
1789.5,1789,1790,0.022903984,0.166639343,-0.003977502,-0.062654463,0,-0.011439555,-5.41E-06,0.048410249,0.015661015,0.002494339,0,0,0,0,0,0,0,0,0,0,0,0,0,0,0,0,0,0,0,0,0,0,0,0,0,0,0,0,0,0,0,1.46E-08,0,0,0,0,0,0,0,0,0,0,0,0,0,0,0,0,0,0.004593293,-3.30E-06
1790.5,1790,1791,0.013767604,0.00346502,-0.004326732,-0.067594372,0,-0.011829284,-5.80E-06,0.049645674,0.016057863,0.002558155,0,0,0,0,0,0,0,0,0,0,0,0,0,0,0,0,0,0,0,0,0,0,0,0,0,0,0,0,0,0,0,1.49E-08,0,0,0,0,0,0,0,0,0,0,0,0,0,0,0,0,0,0.004828304,-3.39E-06
1791.5,1791,1792,0.000883597,0.1159493,-0.001757745,-0.04029609,0,-0.012263113,-4.06E-06,0.050880808,0.01645448,0.002621964,0,0,0,0,0,0,0,0,0,0,0,0,0,0,0,0,0,0,0,0,0,0,0,0,0,0,0,0,0,0,0,1.53E-08,0,0,0,0,0,0,0,0,0,0,0,0,0,0,0,0,0,0.0043202,-3.47E-06
1792.5,1792,1793,-0.002604217,0.170193899,-0.000867785,-0.03636829,0,-0.012714779,-3.71E-06,0.05211565,0.016850866,0.002685766,0,0,0,0,0,0,0,0,0,0,0,0,0,0,0,0,0,0,0,0,0,0,0,0,0,0,0,0,0,0,0,1.57E-08,0,0,0,0,0,0,0,0,0,0,0,0,0,0,0,0,0,0.004335007,-3.56E-06
1793.5,1793,1794,-0.011962539,0.167875115,-0.001032063,-0.033650386,0,-0.013168348,-3.42E-06,0.053350202,0.017247022,0.002749561,0,0,0,0,0,0,0,0,0,0,0,0,0,0,0,0,0,0,0,0,0,0,0,0,0,0,0,0,0,0,0,1.60E-08,0,0,0,0,0,0,0,0,0,0,0,0,0,0,0,0,0,0.004240819,-3.64E-06
1794.5,1794,1795,-0.02312776,0.170981913,-0.005193643,-0.073956043,0,-0.013628431,-5.97E-06,0.054584463,0.017642948,0.002813349,0,0,0,0,0,0,0,0,0,0,0,0,0,0,0,0,0,0,0,0,0,0,0,0,0,0,0,0,0,0,0,1.64E-08,0,0,0,0,0,0,0,0,0,0,0,0,0,0,0,0,0,0.005170471,-3.73E-06
1795.5,1795,1796,-0.058064535,-0.187295645,-0.003378416,-0.060021233,0,-0.014087119,-5.58E-06,0.055818433,0.018038645,0.002877129,0,0,0,0,0,0,0,0,0,0,0,0,0,0,0,0,0,0,0,0,0,0,0,0,0,0,0,0,0,0,0,1.68E-08,0,0,0,0,0,0,0,0,0,0,0,0,0,0,0,0,0,0.005173586,-3.81E-06
1796.5,1796,1797,-0.067898185,0.01160119,-0.001960269,-0.037243354,0,-0.01455487,-3.64E-06,0.057052114,0.018434113,0.002940903,0,0,0,0,0,0,0,0,0,0,0,0,0,0,0,0,0,0,0,0,0,0,0,0,0,0,0,0,0,0,0,1.72E-08,0,0,0,0,0,0,0,0,0,0,0,0,0,0,0,0,0,0.004452949,-3.90E-06
1797.5,1797,1798,-0.084300982,0.111109698,-0.003769356,-0.066430304,0,-0.015017245,-6.17E-06,0.058285504,0.018829352,0.00300467,0,0,0,0,0,0,0,0,0,0,0,0,0,0,0,0,0,0,0,0,0,0,0,0,0,0,0,0,0,0,0,1.75E-08,0,0,0,0,0,0,0,0,0,0,0,0,0,0,0,0,0,0.005499339,-3.98E-06
1798.5,1798,1799,-0.090558404,0.172172629,-0.004977549,-0.080011264,0,-0.015475199,-7.07E-06,0.059518603,0.019224363,0.00306843,0,0,0,0,0,0,0,0,0,0,0,0,0,0,0,0,0,0,0,0,0,0,0,0,0,0,0,0,0,0,0,1.79E-08,0,0,0,0,0,0,0,0,0,0,0,0,0,0,0,0,0,0.005992188,-4.07E-06
1799.5,1799,1800,-0.087829293,0.181735372,-0.004486011,-0.06954962,0,-0.015933934,-6.03E-06,0.060751413,0.019619146,0.003132183,0,0,0,0,0,0,0,0,0,0,0,0,0,0,0,0,0,0,0,0,0,0,0,0,0,0,0,0,0,0,0,1.83E-08,0,0,0,0,0,0,0,0,0,0,0,0,0,0,0,0,0,0.005526513,-4.15E-06
1800.5,1800,1801,-0.070870216,-0.111318272,-0.005866778,-0.081107984,0,-0.016475507,-6.44E-06,0.061983934,0.020013701,0.003195929,0,0,0,0,0,0,0,0,0,0,0,0,0,0,0,0,0,0,0,0,0,0,0,0,0,0,0,0,0,0,0,1.87E-08,0,0,0,0,0,0,0,0,0,0,0,0,0,0,0,0,0,0.005681753,-4.24E-06
1801.5,1801,1802,-0.02467788,0.118368607,-0.004710192,-0.075255596,0,-0.017083955,-6.67E-06,0.063216164,0.020408029,0.003259668,0,0,0,0,0,0,0,0,0,0,0,0,0,0,0,0,0,0,0,0,0,0,0,0,0,0,0,0,0,0,0,1.90E-08,0,0,0,0,0,0,0,0,0,0,0,0,0,0,0,0,0,0.005899657,-4.32E-06
1802.5,1802,1803,-0.023718437,0.165995539,-0.004993212,-0.072290894,0,-0.017698243,-6.11E-06,0.064448105,0.020802129,0.0033234,0,0,0,0,0,0,0,0,0,0,0,0,0,0,0,0,0,0,0,0,0,0,0,0,0,0,0,0,0,0,0,1.94E-08,0,0,0,0,0,0,0,0,0,0,0,0,0,0,0,0,0,0.005591033,-4.41E-06
1803.5,1803,1804,-0.03319337,0.178031368,-0.003508143,-0.05703599,0,-0.018317687,-5.26E-06,0.065679757,0.021196003,0.003387125,0,0,0,0,0,0,0,0,0,0,0,0,0,0,0,0,0,0,0,0,0,0,0,0,0,0,0,0,0,0,0,1.98E-08,0,0,0,0,0,0,0,0,0,0,0,0,0,0,0,0,0,0.005386045,-4.49E-06
1804.5,1804,1805,-0.02856871,0.179670276,-0.002601904,-0.059569105,0,-0.018922242,-6.08E-06,0.06691112,0.021589651,0.003450843,0,0,0,0,0,0,0,0,0,0,0,0,0,0,0,0,0,0,0,0,0,0,0,0,0,0,0,0,0,0,0,2.01E-08,0,0,0,0,0,0,0,0,0,0,0,0,0,0,0,0,0,0.005803139,-4.58E-06
1805.5,1805,1806,-0.034687135,0.113429071,-0.005171563,-0.078737909,0,-0.019543955,-6.89E-06,0.068142193,0.021983073,0.003514554,0,0,0,0,0,0,0,0,0,0,0,0,0,0,0,0,0,0,0,0,0,0,0,0,0,0,0,0,0,0,0,2.05E-08,0,0,0,0,0,0,0,0,0,0,0,0,0,0,0,0,0,0.006013555,-4.66E-06
1806.5,1806,1807,-0.047643122,0.169039916,-0.004320791,-0.076318211,0,-0.020164495,-7.30E-06,0.069372978,0.022376269,0.003578258,0,0,0,0,0,0,0,0,0,0,0,0,0,0,0,0,0,0,0,0,0,0,0,0,0,0,0,0,0,0,0,2.09E-08,0,0,0,0,0,0,0,0,0,0,0,0,0,0,0,0,0,0.006210976,-4.75E-06
1807.5,1807,1808,-0.0774355,0.181242328,-0.005358126,-0.088012622,0,-0.020786037,-8.09E-06,0.070603474,0.02276924,0.003641955,0,0,0,0,0,0,0,0,0,0,0,0,0,0,0,0,0,0,0,0,0,0,0,0,0,0,0,0,0,0,0,2.13E-08,0,0,0,0,0,0,0,0,0,0,0,0,0,0,0,0,0,0.006508672,-4.83E-06
1808.5,1808,1809,-0.085454065,0.183073245,-0.009087832,-0.132267368,0,-0.021408438,-1.11E-05,0.071833681,0.023161986,0.003705645,0,0,0,0,0,0,0,0,0,0,0,0,0,0,0,0,0,0,0,0,0,0,0,0,0,0,0,0,0,0,0,2.16E-08,0,0,0,0,0,0,0,0,0,0,0,0,0,0,0,0,0,0.00762759,-4.91E-06
1809.5,1809,1810,-0.093988536,-4.280005619,-0.007398092,-0.109723608,0,-0.022036438,-9.41E-06,0.0730636,0.023554507,0.003769328,0,0,0,0,0,0,0,0,0,0,0,0,0,0,0,0,0,0,0,0,0,0,0,0,0,0,0,0,0,0,0,2.20E-08,0,0,0,0,0,0,0,0,0,0,0,0,0,0,0,0,0,0.007039064,-5.00E-06
1810.5,1810,1811,-0.102580753,-4.991395806,-0.007932372,-0.117254169,0,-0.022704623,-1.00E-05,0.074293231,0.023946804,0.003833004,0,0,0,0,0,0,0,0,0,0,0,0,0,0,0,0,0,0,0,0,0,0,0,0,0,0,0,0,0,0,0,2.24E-08,0,0,0,0,0,0,0,0,0,0,0,0,0,0,0,0,0,0.007271336,-5.08E-06
1811.5,1811,1812,-0.101352007,-2.054310562,-0.005938514,-0.097891691,0,-0.023419578,-9.03E-06,0.075522574,0.024338878,0.003896673,0,0,0,0,0,0,0,0,0,0,0,0,0,0,0,0,0,0,0,0,0,0,0,0,0,0,0,0,0,0,0,2.28E-08,0,0,0,0,0,0,0,0,0,0,0,0,0,0,0,0,0,0.007011921,-5.17E-06
1812.5,1812,1813,-0.0924433,-0.977336282,-0.004480858,-0.082959947,0,-0.024130521,-8.17E-06,0.076751628,0.024730727,0.003960336,0,0,0,0,0,0,0,0,0,0,0,0,0,0,0,0,0,0,0,0,0,0,0,0,0,0,0,0,0,0,0,2.31E-08,0,0,0,0,0,0,0,0,0,0,0,0,0,0,0,0,0,0.006786436,-5.25E-06
1813.5,1813,1814,-0.078686842,-0.927028818,-0.005336368,-0.089892029,0,-0.02484097,-8.46E-06,0.077980395,0.025122354,0.004023991,0,0,0,0,0,0,0,0,0,0,0,0,0,0,0,0,0,0,0,0,0,0,0,0,0,0,0,0,0,0,0,2.35E-08,0,0,0,0,0,0,0,0,0,0,0,0,0,0,0,0,0,0.006845909,-5.34E-06
1814.5,1814,1815,-0.073925697,-1.040939782,-0.009460949,-0.132911089,0,-0.025552975,-1.10E-05,0.079208874,0.025513757,0.00408764,0,0,0,0,0,0,0,0,0,0,0,0,0,0,0,0,0,0,0,0,0,0,0,0,0,0,0,0,0,0,0,2.39E-08,0,0,0,0,0,0,0,0,0,0,0,0,0,0,0,0,0,0.007755042,-5.42E-06
1815.5,1815,1816,-0.051535078,-3.869460215,-0.007986277,-0.123211202,0,-0.026271211,-1.10E-05,0.080437066,0.025904938,0.004151281,0,0,0,0,0,0,0,0,0,0,0,0,0,0,0,0,0,0,0,0,0,0,0,0,0,0,0,0,0,0,0,2.43E-08,0,0,0,0,0,0,0,0,0,0,0,0,0,0,0,0,0,0.007840361,-5.51E-06
1816.5,1816,1817,-0.02995527,-7.208219143,-0.007614015,-0.113859751,0,-0.026992677,-1.00E-05,0.08166497,0.026295897,0.004214916,0,0,0,0,0,0,0,0,0,0,0,0,0,0,0,0,0,0,0,0,0,0,0,0,0,0,0,0,0,0,0,2.46E-08,0,0,0,0,0,0,0,0,0,0,0,0,0,0,0,0,0,0.007435429,-5.59E-06
1817.5,1817,1818,-0.033507778,-5.253427542,-0.008330435,-0.129053888,0,-0.027718241,-1.16E-05,0.082892587,0.026686634,0.004278544,0,0,0,0,0,0,0,0,0,0,0,0,0,0,0,0,0,0,0,0,0,0,0,0,0,0,0,0,0,0,0,2.50E-08,0,0,0,0,0,0,0,0,0,0,0,0,0,0,0,0,0,0.008072018,-5.68E-06
1818.5,1818,1819,-0.042634871,-2.86963976,-0.010441529,-0.153172352,0,-0.028444154,-1.33E-05,0.084119917,0.027077149,0.004342164,0,0,0,0,0,0,0,0,0,0,0,0,0,0,0,0,0,0,0,0,0,0,0,0,0,0,0,0,0,0,0,2.54E-08,0,0,0,0,0,0,0,0,0,0,0,0,0,0,0,0,0,0.008859667,-5.76E-06
1819.5,1819,1820,-0.052048671,-0.943285706,-0.009325527,-0.138904763,0,-0.029164476,-1.22E-05,0.08534696,0.027467443,0.004405778,0,0,0,0,0,0,0,0,0,0,0,0,0,0,0,0,0,0,0,0,0,0,0,0,0,0,0,0,0,0,0,2.57E-08,0,0,0,0,0,0,0,0,0,0,0,0,0,0,0,0,0,0.008292962,-5.85E-06
1820.5,1820,1821,-0.071783379,-0.013744034,-0.011270494,-0.156529011,0,-0.029961082,-1.30E-05,0.086573716,0.027857516,0.004469385,0,0,0,0,0,0,0,0,0,0,0,0,0,0,0,0,0,0,0,0,0,0,0,0,0,0,0,0,0,0,0,2.61E-08,0,0,0,0,0,0,0,0,0,0,0,0,0,0,0,0,0,0.008547029,-5.93E-06
1821.5,1821,1822,-0.087522191,0.035483806,-0.010606034,-0.156299308,0,-0.030834125,-1.36E-05,0.087800185,0.028247369,0.004532985,0,0,0,0,0,0,0,0,0,0,0,0,0,0,0,0,0,0,0,0,0,0,0,0,0,0,0,0,0,0,0,2.65E-08,0,0,0,0,0,0,0,0,0,0,0,0,0,0,0,0,0,0.008869748,-6.02E-06
1822.5,1822,1823,-0.091399048,0.026921783,-0.010382594,-0.147734976,0,-0.031714944,-1.25E-05,0.089026368,0.028637001,0.004596578,0,0,0,0,0,0,0,0,0,0,0,0,0,0,0,0,0,0,0,0,0,0,0,0,0,0,0,0,0,0,0,2.69E-08,0,0,0,0,0,0,0,0,0,0,0,0,0,0,0,0,0,0.008313911,-6.10E-06
1823.5,1823,1824,-0.099396411,-0.54308704,-0.008874726,-0.133214131,0,-0.032594152,-1.19E-05,0.090252265,0.029026413,0.004660164,0,0,0,0,0,0,0,0,0,0,0,0,0,0,0,0,0,0,0,0,0,0,0,0,0,0,0,0,0,0,0,2.72E-08,0,0,0,0,0,0,0,0,0,0,0,0,0,0,0,0,0,0.008149301,-6.19E-06
1824.5,1824,1825,-0.090231295,-0.068372433,-0.008471312,-0.139729274,0,-0.033478342,-1.32E-05,0.091477875,0.029415606,0.004723744,0,0,0,0,0,0,0,0,0,0,0,0,0,0,0,0,0,0,0,0,0,0,0,0,0,0,0,0,0,0,0,2.76E-08,0,0,0,0,0,0,0,0,0,0,0,0,0,0,0,0,0,0.008680149,-6.27E-06
1825.5,1825,1826,-0.069938106,0.056852154,-0.010687221,-0.156989046,0,-0.034359355,-1.38E-05,0.092703199,0.02980458,0.004787316,0,0,0,0,0,0,0,0,0,0,0,0,0,0,0,0,0,0,0,0,0,0,0,0,0,0,0,0,0,0,0,2.80E-08,0,0,0,0,0,0,0,0,0,0,0,0,0,0,0,0,0,0.008791436,-6.35E-06
1826.5,1826,1827,-0.041463895,0.153513355,-0.009530125,-0.15042233,0,-0.035239934,-1.39E-05,0.093928238,0.030193334,0.004850882,0,0,0,0,0,0,0,0,0,0,0,0,0,0,0,0,0,0,0,0,0,0,0,0,0,0,0,0,0,0,0,2.84E-08,0,0,0,0,0,0,0,0,0,0,0,0,0,0,0,0,0,0.008802189,-6.44E-06
1827.5,1827,1828,-0.021795971,0.166323589,-0.010742736,-0.165141132,0,-0.036122766,-1.51E-05,0.09515299,0.03058187,0.00491444,0,0,0,0,0,0,0,0,0,0,0,0,0,0,0,0,0,0,0,0,0,0,0,0,0,0,0,0,0,0,0,2.87E-08,0,0,0,0,0,0,0,0,0,0,0,0,0,0,0,0,0,0.009192818,-6.52E-06
1828.5,1828,1829,-0.011224926,0.123889751,-0.014962918,-0.21147755,0,-0.037016346,-1.83E-05,0.096377457,0.030970188,0.004977992,0,0,0,0,0,0,0,0,0,0,0,0,0,0,0,0,0,0,0,0,0,0,0,0,0,0,0,0,0,0,0,2.91E-08,0,0,0,0,0,0,0,0,0,0,0,0,0,0,0,0,0,0.010303041,-6.61E-06
1829.5,1829,1830,-0.003313863,0.136715255,-0.013335392,-0.19141348,0,-0.037904872,-1.68E-05,0.097601639,0.031358288,0.005041537,0,0,0,0,0,0,0,0,0,0,0,0,0,0,0,0,0,0,0,0,0,0,0,0,0,0,0,0,0,0,0,2.95E-08,0,0,0,0,0,0,0,0,0,0,0,0,0,0,0,0,0,0.009772589,-6.69E-06
1830.5,1830,1831,-0.000757667,0.171558923,-0.014671949,-0.203251145,0,-0.038966239,-1.79E-05,0.098825535,0.03174617,0.005105075,0,0,0,0,0,0,0,0,0,0,0,0,0,0,0,0,0,0,0,0,0,0,0,0,0,0,0,0,0,0,0,2.99E-08,0,0,0,0,0,0,0,0,0,0,0,0,0,0,0,0,0,0.010074214,-6.78E-06
1831.5,1831,1832,-0.019905709,-0.675496211,-0.011905922,-0.17739289,0,-0.040203631,-1.64E-05,0.100049146,0.032133835,0.005168606,0,0,0,0,0,0,0,0,0,0,0,0,0,0,0,0,0,0,0,0,0,0,0,0,0,0,0,0,0,0,0,3.02E-08,0,0,0,0,0,0,0,0,0,0,0,0,0,0,0,0,0,0.00957046,-6.86E-06
1832.5,1832,1833,-0.046896205,-3.563274489,-0.011165249,-0.172123983,0,-0.041444693,-1.63E-05,0.101272472,0.032521283,0.005232131,0,0,0,0,0,0,0,0,0,0,0,0,0,0,0,0,0,0,0,0,0,0,0,0,0,0,0,0,0,0,0,3.06E-08,0,0,0,0,0,0,0,0,0,0,0,0,0,0,0,0,0,0.009585463,-6.95E-06
1833.5,1833,1834,-0.081137411,-1.627039681,-0.012030527,-0.179487516,0,-0.042676794,-1.66E-05,0.102495513,0.032908514,0.005295648,0,0,0,0,0,0,0,0,0,0,0,0,0,0,0,0,0,0,0,0,0,0,0,0,0,0,0,0,0,0,0,3.10E-08,0,0,0,0,0,0,0,0,0,0,0,0,0,0,0,0,0,0.009600609,-7.03E-06
1834.5,1834,1835,-0.079907016,-0.209338685,-0.015781055,-0.217713158,0,-0.043913251,-1.91E-05,0.103718269,0.033295529,0.005359159,0,0,0,0,0,0,0,0,0,0,0,0,0,0,0,0,0,0,0,0,0,0,0,0,0,0,0,0,0,0,0,3.13E-08,0,0,0,0,0,0,0,0,0,0,0,0,0,0,0,0,0,0.010387488,-7.12E-06
1835.5,1835,1836,-0.030594373,-2.478767162,-0.014006041,-0.206059523,0,-0.045154841,-1.90E-05,0.104940741,0.033682328,0.005422662,0,0,0,0,0,0,0,0,0,0,0,0,0,0,0,0,0,0,0,0,0,0,0,0,0,0,0,0,0,0,0,3.17E-08,0,0,0,0,0,0,0,0,0,0,0,0,0,0,0,0,0,0.010353692,-7.20E-06
1836.5,1836,1837,0.013739583,-2.430127404,-0.014905561,-0.210101669,0,-0.046389182,-1.92E-05,0.106162928,0.034068911,0.005486159,0,0,0,0,0,0,0,0,0,0,0,0,0,0,0,0,0,0,0,0,0,0,0,0,0,0,0,0,0,0,0,3.21E-08,0,0,0,0,0,0,0,0,0,0,0,0,0,0,0,0,0,0.01016846,-7.29E-06
1837.5,1837,1838,0.028888548,-0.634150802,-0.015558852,-0.224582165,0,-0.047629,-2.08E-05,0.107384831,0.034455278,0.005549649,0,0,0,0,0,0,0,0,0,0,0,0,0,0,0,0,0,0,0,0,0,0,0,0,0,0,0,0,0,0,0,3.25E-08,0,0,0,0,0,0,0,0,0,0,0,0,0,0,0,0,0,0.010823329,-7.37E-06
1838.5,1838,1839,0.01267808,-0.597894778,-0.0174633,-0.246363896,0,-0.04886457,-2.26E-05,0.10860645,0.034841431,0.005613132,0,0,0,0,0,0,0,0,0,0,0,0,0,0,0,0,0,0,0,0,0,0,0,0,0,0,0,0,0,0,0,3.28E-08,0,0,0,0,0,0,0,0,0,0,0,0,0,0,0,0,0,0.011487306,-7.46E-06
1839.5,1839,1840,0.005212833,0.011985051,-0.016819671,-0.23683633,0,-0.050099356,-2.18E-05,0.109827785,0.035227369,0.005676609,0,0,0,0,0,0,0,0,0,0,0,0,0,0,0,0,0,0,0,0,0,0,0,0,0,0,0,0,0,0,0,3.32E-08,0,0,0,0,0,0,0,0,0,0,0,0,0,0,0,0,0,0.011018211,-7.54E-06
1840.5,1840,1841,-0.011182394,0.150496465,-0.017547295,-0.239035275,0,-0.051290389,-2.16E-05,0.111048836,0.035613092,0.005740078,0,0,0,0,0,0,0,0,0,0,0,0,0,0,0,0,0,0,0,0,0,0,0,0,0,0,0,0,0,0,0,3.36E-08,0,0,0,0,0,0,0,0,0,0,0,0,0,0,0,0,0,0.010789025,-7.63E-06
1841.5,1841,1842,-0.036455872,0.17783893,-0.018632875,-0.258494216,0,-0.052428162,-2.38E-05,0.112269603,0.035998601,0.005803541,0,0,0,0,0,0,0,0,0,0,0,0,0,0,0,0,0,0,0,0,0,0,0,0,0,0,0,0,0,0,0,3.40E-08,0,0,0,0,0,0,0,0,0,0,0,0,0,0,0,0,0,0.011637974,-7.71E-06
1842.5,1842,1843,-0.054977336,0.182514541,-0.018054568,-0.24499208,0,-0.053567592,-2.23E-05,0.113490086,0.036383897,0.005866997,0,0,0,0,0,0,0,0,0,0,0,0,0,0,0,0,0,0,0,0,0,0,0,0,0,0,0,0,0,0,0,3.43E-08,0,0,0,0,0,0,0,0,0,0,0,0,0,0,0,0,0,0.011042814,-7.80E-06
1843.5,1843,1844,-0.077740619,-0.184800132,-0.016012793,-0.22373715,0,-0.054709045,-2.10E-05,0.114710286,0.036768979,0.005930446,0,0,0,0,0,0,0,0,0,0,0,0,0,0,0,0,0,0,0,0,0,0,0,0,0,0,0,0,0,0,0,3.47E-08,0,0,0,0,0,0,0,0,0,0,0,0,0,0,0,0,0,0.010563444,-7.88E-06
1844.5,1844,1845,-0.077606227,0.055622833,-0.01599182,-0.231953584,0,-0.055846154,-2.26E-05,0.115930203,0.037153847,0.005993888,0,0,0,0,0,0,0,0,0,0,0,0,0,0,0,0,0,0,0,0,0,0,0,0,0,0,0,0,0,0,0,3.51E-08,0,0,0,0,0,0,0,0,0,0,0,0,0,0,0,0,0,0.011124723,-7.96E-06
1845.5,1845,1846,-0.048198551,0.099076005,-0.019043554,-0.25603493,0,-0.056984088,-2.40E-05,0.117149837,0.037538503,0.006057323,0,0,0,0,0,0,0,0,0,0,0,0,0,0,0,0,0,0,0,0,0,0,0,0,0,0,0,0,0,0,0,3.54E-08,0,0,0,0,0,0,0,0,0,0,0,0,0,0,0,0,0,0.011390417,-8.05E-06
1846.5,1846,1847,-0.02298507,-0.506623838,-0.017790356,-0.250467921,0,-0.058123659,-2.42E-05,0.118369187,0.037922946,0.006120752,0,0,0,0,0,0,0,0,0,0,0,0,0,0,0,0,0,0,0,0,0,0,0,0,0,0,0,0,0,0,0,3.58E-08,0,0,0,0,0,0,0,0,0,0,0,0,0,0,0,0,0,0.011384959,-8.13E-06
1847.5,1847,1848,-0.001389292,0.019509644,-0.020438734,-0.27756562,0,-0.059263301,-2.65E-05,0.119588255,0.038307177,0.006184173,0,0,0,0,0,0,0,0,0,0,0,0,0,0,0,0,0,0,0,0,0,0,0,0,0,0,0,0,0,0,0,3.62E-08,0,0,0,0,0,0,0,0,0,0,0,0,0,0,0,0,0,0.012031968,-8.22E-06
1848.5,1848,1849,0.015370852,0.151699872,-0.024020839,-0.312713005,0,-0.060405504,-2.91E-05,0.12080704,0.038691196,0.006247588,0,0,0,0,0,0,0,0,0,0,0,0,0,0,0,0,0,0,0,0,0,0,0,0,0,0,0,0,0,0,0,3.66E-08,0,0,0,0,0,0,0,0,0,0,0,0,0,0,0,0,0,0.012910331,-8.30E-06
1849.5,1849,1850,0.01065965,0.178057626,-0.023059742,-0.300554927,0,-0.061545031,-2.83E-05,0.122025543,0.039075004,0.006310996,0,0,0,0,0,0,0,0,0,0,0,0,0,0,0,0,0,0,0,0,0,0,0,0,0,0,0,0,0,0,0,3.69E-08,0,0,0,0,0,0,0,0,0,0,0,0,0,0,0,0,0,0.012607147,-8.39E-06
1850.5,1850,1851,-0.004747311,0.182481047,-0.02400699,-0.31207941,0,-0.063183607,-2.93E-05,0.123243763,0.0394586,0.006374398,0,0,0,0,0,0,0,0,0,0,0,0,0,0,0,0,0,0,0,0,0,0,0,0,0,0,0,0,0,0,0,3.73E-08,0,0,0,0,0,0,0,0,0,0,0,0,0,0,0,0,0,0.012824984,-8.47E-06
1851.5,1851,1852,-0.011438059,0.183044785,-0.021007416,-0.284813457,0,-0.065310318,-2.77E-05,0.125305747,0.039540973,0.006630834,0,0,1.73E-10,0,0,0,7.63E-12,0,0,0,0,0,0,3.18E-11,0,1.44E-09,0,0,0,0,0,0,0,0,0,0,0,0,0,0,0,3.73E-08,0,0,0,0,0,0,0,0,0,0,0,0,0,0,0,0,0,0.01224398,-8.49E-06
1852.5,1852,1853,-0.016687956,0.183005841,-0.019758255,-0.273317566,0,-0.067441751,-2.72E-05,0.127637637,0.039909361,0.006887188,0,0,3.45E-10,0,0,0,1.53E-11,0,0,0,0,0,0,6.36E-11,-1.39E-17,3.10E-09,0,0,0,0,0,0,0,0,0,0,0,0,0,0,0,3.73E-08,0,0,0,0,0,0,0,0,0,0,0,0,0,0,0,0,0,0.012014068,-8.57E-06
1853.5,1853,1854,-0.034416694,0.001284825,-0.021102803,-0.286329408,0,-0.069574202,-2.83E-05,0.129731764,0.040517789,0.00721296,0,0,5.18E-10,0,0,0,2.29E-11,0,0,0,0,0,0,9.54E-11,-4.10E-17,4.76E-09,0,0,0,0,0,0,0,0,0,0,0,0,0,0,0,3.73E-08,0,0,0,0,0,0,0,0,0,0,0,0,0,0,0,0,0,0.012352354,-8.71E-06
1854.5,1854,1855,-0.0605107,-0.31288829,-0.026226395,-0.33197112,0,-0.071707675,-3.19E-05,0.131521431,0.041168204,0.007548184,0,0,6.91E-10,0,0,0,3.05E-11,0,0,0,0,0,0,1.27E-10,-6.81E-17,6.43E-09,0,0,0,0,0,0,0,0,0,0,0,0,0,0,0,3.73E-08,0,0,0,0,0,0,0,0,0,0,0,0,0,0,0,0,0,0.01341888,-8.85E-06
1855.5,1855,1856,-0.089194552,0.068288651,-0.024209614,-0.317288513,0,-0.073839677,-3.14E-05,0.132972412,0.041950508,0.007908676,0,0,8.63E-10,0,0,0,3.82E-11,0,0,0,0,0,0,1.59E-10,-8.13E-17,8.10E-09,0,0,0,0,0,0,0,0,0,0,0,0,0,0,0,3.73E-08,0,0,0,0,0,0,0,0,0,0,0,0,0,0,0,0,0,0.013397212,-9.03E-06
1856.5,1856,1857,-0.09556393,0.118723016,-0.024696577,-0.314061111,0,-0.075966228,-3.09E-05,0.134642462,0.042665792,0.008272019,0,0,1.04E-09,0,0,0,4.58E-11,0,0,0,0,0,0,1.91E-10,-1.08E-16,9.79E-09,0,0,0,0,0,0,0,0,0,0,0,0,0,0,0,3.73E-08,0,0,0,0,0,0,0,0,0,0,0,0,0,0,0,0,0,0.013093073,-9.18E-06
1857.5,1857,1858,-0.069014918,-0.957267602,-0.026859516,-0.342507273,0,-0.078099862,-3.39E-05,0.137105071,0.043473724,0.008600719,0,0,1.21E-09,0,0,0,5.34E-11,0,0,0,0,0,0,2.22E-10,-1.36E-16,1.15E-08,0,0,0,0,0,0,0,0,0,0,0,0,0,0,0,3.73E-08,0,0,0,0,0,0,0,0,0,0,0,0,0,0,0,0,0,0.01439404,-9.36E-06
1858.5,1858,1859,-0.025157951,-0.482047506,-0.028244509,-0.356700847,0,-0.080233058,-3.52E-05,0.13973486,0.044400749,0.008878809,0,0,1.38E-09,0,0,0,6.11E-11,0,0,0,0,0,0,2.54E-10,-1.64E-16,1.32E-08,0,0,0,0,0,0,0,0,0,0,0,0,0,0,0,3.73E-08,0,0,0,0,0,0,0,0,0,0,0,0,0,0,0,0,0,0.015085113,-9.57E-06
1859.5,1859,1860,0.003375763,0.060340173,-0.028895235,-0.355924407,0,-0.082369224,-3.50E-05,0.142549434,0.045393248,0.009339754,0,0,1.55E-09,0,0,0,6.87E-11,0,0,0,0,0,0,2.86E-10,-1.92E-16,1.49E-08,0,0,0,0,0,0,0,0,0,0,0,0,0,0,0,3.73E-08,0,0,0,0,0,0,0,0,0,0,0,0,0,0,0,0,0,0.01491819,-9.79E-06
1860.5,1860,1861,0.010494307,0.152084768,-0.030398179,-0.361231905,0,-0.084128165,-3.54E-05,0.145665266,0.046323739,0.009869845,0,0,1.73E-09,0,0,0,7.63E-11,0,0,0,0,0,0,3.18E-10,-2.05E-16,1.66E-08,0,0,0,0,0,0,0,0,0,0,0,0,0,0,0,3.73E-08,0,0,0,0,0,0,0,0,0,0,0,0,0,0,0,0,0,0.015026576,-1.00E-05
1861.5,1861,1862,0.000724882,0.175047455,-0.030281944,-0.364019075,0,-0.085522645,-3.64E-05,0.148779196,0.04733558,0.010472101,0,0,1.90E-09,0,0,0,8.40E-11,0,0,0,0,0,0,3.50E-10,-2.33E-16,1.84E-08,0,0,0,0,0,0,0,0,0,0,0,0,0,0,0,3.73E-08,0,0,0,0,0,0,0,0,0,0,0,0,0,0,0,0,0,0.015715271,-1.02E-05
1862.5,1862,1863,-0.00831026,-1.552811902,-0.030428112,-0.359810716,0,-0.086913887,-3.57E-05,0.151436827,0.048608197,0.011048883,0,0,2.07E-09,0,0,0,9.16E-11,0,0,0,0,0,0,3.81E-10,6.00E-09,2.01E-08,0,0,0,0,0,0,0,0,0,0,0,0,0,0,0,3.73E-08,0,0,0,0,0,0,0,0,0,0,0,0,0,0,0,0,0,0.015646338,-1.05E-05
1863.5,1863,1864,-0.027311436,-1.422542931,-0.029370752,-0.342372214,0,-0.08830148,-3.47E-05,0.154160391,0.050122912,0.011559271,0,0,2.24E-09,0,0,0,9.92E-11,0,0,0,0,0,0,4.13E-10,6.00E-09,2.19E-08,0,0,0,0,0,0,0,0,0,0,0,0,0,0,0,3.73E-08,0,0,0,0,0,0,0,0,0,0,0,0,0,0,0,0,0,0.015590047,-1.08E-05
1864.5,1864,1865,-0.03498683,-0.156018969,-0.030371847,-0.352646378,0,-0.089691898,-3.65E-05,0.156882552,0.051779032,0.012050563,0,0,2.42E-09,0,0,0,1.07E-10,0,0,0,0,0,0,4.45E-10,6.00E-09,2.37E-08,0,0,0,0,0,0,0,0,0,0,0,0,0,0,0,3.73E-08,0,0,0,0,0,0,0,0,0,0,0,0,0,0,0,0,0,0.01653291,-1.12E-05
1865.5,1865,1866,-0.051776881,0.127460983,-0.034630382,-0.386011327,0,-0.091082132,-3.89E-05,0.159620707,0.053360297,0.012576047,0,0,2.59E-09,0,0,0,1.15E-10,0,0,0,0,0,0,4.77E-10,6.00E-09,2.55E-08,0,0,0,0,0,0,0,0,0,0,0,0,0,0,0,3.73E-08,0,0,0,0,0,0,0,0,0,0,0,0,0,0,0,0,0,0.017585423,-1.16E-05
1866.5,1866,1867,-0.072177655,0.171703042,-0.033705713,-0.376867887,0,-0.092470957,-3.87E-05,0.162272852,0.055023066,0.013126465,0,0,2.76E-09,0,0,0,1.22E-10,0,0,0,0,0,0,5.09E-10,6.00E-09,2.74E-08,0,0,0,0,0,0,0,0,0,0,0,0,0,0,0,3.73E-08,0,0,0,0,0,0,0,0,0,0,0,0,0,0,0,0,0,0.017870546,-1.20E-05
1867.5,1867,1868,-0.089852751,0.179396374,-0.037028863,-0.401462824,0,-0.09385511,-4.09E-05,0.165040957,0.056760668,0.013667154,0,0,2.94E-09,0,0,0,1.30E-10,0,0,0,0,0,0,5.40E-10,1.20E-08,2.92E-08,0,0,0,0,0,0,0,0,0,0,0,0,0,0,0,3.73E-08,0,0,0,0,0,0,0,0,0,0,0,0,0,0,0,0,0,0.018960435,-1.23E-05
1868.5,1868,1869,-0.056990878,0.176192966,-0.040819848,-0.435152812,0,-0.095244685,-4.38E-05,0.167405679,0.058313482,0.014248397,0,0,3.11E-09,0,0,0,1.37E-10,0,0,0,0,0,0,5.72E-10,1.20E-08,3.11E-08,0,0,0,0,0,0,0,0,0,0,0,0,0,0,0,3.73E-08,0,0,0,0,0,0,0,0,0,0,0,0,0,0,0,0,0,0.020273747,-1.27E-05
1869.5,1869,1870,-0.019298709,0.005544516,-0.039760946,-0.414252904,0,-0.096634381,-4.24E-05,0.169265762,0.059685583,0.014804152,0,0,3.28E-09,0,0,0,1.45E-10,0,0,0,0,0,0,6.04E-10,1.20E-08,3.30E-08,0,0,0,0,0,0,0,0,0,0,0,0,0,0,0,3.73E-08,0,0,0,0,0,0,0,0,0,0,0,0,0,0,0,0,0,0.019984067,-1.30E-05
1870.5,1870,1871,0.015073659,0.122272448,-0.042531581,-0.438268512,0,-0.098889708,-4.44E-05,0.171293016,0.060781754,0.015325294,0,0,3.45E-09,0,0,0,1.53E-10,0,0,0,0,0,0,6.36E-10,1.20E-08,3.49E-08,0,0,0,0,0,0,0,0,0,0,0,0,0,0,0,3.73E-08,0,0,0,0,0,0,0,0,0,0,0,0,0,0,0,0,0,0.020844448,-1.33E-05
1871.5,1871,1872,0.013521692,0.169342641,-0.041453394,-0.414940209,0,-0.101992291,-4.32E-05,0.173469775,0.061522062,0.015921459,0,0,3.63E-09,0,0,0,1.60E-10,0,0,0,0,0,0,6.67E-10,1.80E-08,3.68E-08,0,0,0,0,0,0,0,0,0,0,0,0,0,0,0,3.73E-08,0,0,0,0,0,0,0,0,0,0,0,0,0,0,0,0,0,0.020625569,-1.34E-05
1872.5,1872,1873,0.008069765,-0.613593597,-0.041863981,-0.40256438,0,-0.105085305,-4.27E-05,0.176165489,0.062110946,0.016492314,0,0,3.80E-09,0,0,0,1.68E-10,0,0,0,0,0,0,6.99E-10,1.80E-08,3.88E-08,0,0,0,0,0,0,0,0,0,0,0,0,0,0,0,3.73E-08,0,0,0,0,0,0,0,0,0,0,0,0,0,0,0,0,0,0.020279441,-1.36E-05
1873.5,1873,1874,-0.008288362,-0.819008735,-0.046955616,-0.438237409,0,-0.108175163,-4.58E-05,0.179294549,0.062555116,0.017053691,0,0,3.97E-09,0,0,0,1.76E-10,0,0,0,0,0,0,7.31E-10,1.80E-08,4.08E-08,0,0,0,0,0,0,0,0,0,0,0,0,0,0,0,3.73E-08,0,0,0,0,0,0,0,0,0,0,0,0,0,0,0,0,0,0.021348759,-1.37E-05
1874.5,1874,1875,-0.034798046,0.026524539,-0.048687294,-0.456815995,0,-0.111258996,-4.69E-05,0.182505992,0.063337981,0.017595753,0,0,4.14E-09,0,0,0,1.83E-10,0,0,0,0,0,0,7.63E-10,2.40E-08,4.28E-08,0,0,0,0,0,0,0,0,0,0,0,0,0,0,0,3.73E-08,0,0,0,0,0,0,0,0,0,0,0,0,0,0,0,0,0,0.022153892,-1.38E-05
1875.5,1875,1876,-0.066903672,0.050905862,-0.047272285,-0.431772464,0,-0.114337155,-4.55E-05,0.186199619,0.064118594,0.018147023,0,0,4.32E-09,0,0,0,1.91E-10,0,0,0,0,0,0,7.95E-10,2.40E-08,4.49E-08,0,0,0,0,0,0,0,0,0,0,0,0,0,0,0,3.73E-08,0,0,0,0,0,0,0,0,0,0,0,0,0,0,0,0,0,0.021848543,-1.40E-05
1876.5,1876,1877,-0.075769159,0.10176854,-0.049639332,-0.442901389,0,-0.117429299,-4.59E-05,0.189874384,0.064776269,0.018638564,0,0,4.49E-09,0,0,0,1.98E-10,0,0,0,0,0,0,8.26E-10,3.00E-08,4.69E-08,0,0,0,0,0,0,0,0,0,0,0,0,0,0,0,3.73E-08,0,0,0,0,0,0,0,0,0,0,0,0,0,0,0,0,0,0.022105134,-1.42E-05
1877.5,1877,1878,-0.074062188,0.150962218,-0.051135151,-0.454354937,0,-0.120504029,-4.76E-05,0.193597069,0.065494681,0.019064136,0,0,4.66E-09,0,0,0,2.06E-10,0,0,0,0,0,0,8.58E-10,3.00E-08,4.91E-08,0,0,0,0,0,0,0,0,0,0,0,0,0,0,0,3.73E-08,0,0,0,0,0,0,0,0,0,0,0,0,0,0,0,0,0,0.022955215,-1.43E-05
1878.5,1878,1879,-0.095537459,0.169126218,-0.052366525,-0.464452726,0,-0.123602337,-4.86E-05,0.197466761,0.066325377,0.019517651,0,0,4.83E-09,0,0,0,2.14E-10,0,0,0,0,0,0,8.90E-10,3.60E-08,5.12E-08,0,0,0,0,0,0,0,0,0,0,0,0,0,0,0,3.73E-08,0,0,0,0,0,0,0,0,0,0,0,0,0,0,0,0,0,0.023680683,-1.45E-05
1879.5,1879,1880,-0.088389941,0.177235147,-0.056307865,-0.481517068,0,-0.12668665,-4.98E-05,0.201116919,0.067335679,0.01994901,0,0,5.01E-09,0,0,0,2.21E-10,0,0,0,0,0,0,9.22E-10,3.60E-08,5.34E-08,0,0,0,0,0,0,0,0,0,0,0,0,0,0,0,3.73E-08,0,0,0,0,0,0,0,0,0,0,0,0,0,0,0,0,0,0.023941645,-1.48E-05
1880.5,1880,1881,-0.047356912,0.094180521,-0.059676339,-0.478202951,0,-0.129340678,-4.97E-05,0.205114281,0.068470822,0.02038314,0,0,5.18E-09,0,0,0,2.29E-10,0,0,0,0,0,0,9.54E-10,4.20E-08,5.56E-08,0,0,0,0,0,0,0,0,0,0,0,0,0,0,0,3.73E-08,0,0,0,0,0,0,0,0,0,0,0,0,0,0,0,0,0,0.023909924,-1.50E-05
1881.5,1881,1882,-0.015852897,0.004246794,-0.061263431,-0.486586078,0,-0.131542368,-5.14E-05,0.209408349,0.069545728,0.020745251,0,0,5.35E-09,0,0,0,2.37E-10,0,0,0,0,0,0,9.85E-10,4.20E-08,5.78E-08,0,0,0,0,0,0,0,0,0,0,0,0,0,0,0,3.73E-08,0,0,0,0,0,0,0,0,0,0,0,0,0,0,0,0,0,0.024803479,-1.53E-05
1882.5,1882,1883,-0.019625923,0.125131402,-0.062822191,-0.479897814,0,-0.133739472,-5.07E-05,0.213948593,0.070608677,0.021116558,0,0,5.52E-09,0,0,0,2.44E-10,0,0,0,0,0,0,1.02E-09,4.80E-08,6.01E-08,0,0,0,0,0,0,0,0,0,0,0,0,0,0,0,3.73E-08,0,0,0,0,0,0,0,0,0,0,0,0,0,0,0,0,0,0.024537044,-1.55E-05
1883.5,1883,1884,-0.025006481,-0.118558386,-0.063259472,-0.462545158,0,-0.135932084,-4.97E-05,0.217853139,0.071710762,0.02146578,0,0,5.70E-09,0,0,0,2.52E-10,0,0,0,0,0,0,1.05E-09,5.40E-08,6.24E-08,0,0,0,0,0,0,0,0,0,0,0,0,0,0,0,3.73E-08,0,0,0,0,0,0,0,0,0,0,0,0,0,0,0,0,0,0.024311665,-1.58E-05
1884.5,1884,1885,-0.017999426,-2.710657199,-0.065629995,-0.483361331,0,-0.138130153,-5.20E-05,0.221837898,0.072900747,0.02181174,0,0,5.87E-09,0,0,0,2.60E-10,0,0,0,0,0,0,1.08E-09,6.00E-08,6.47E-08,0,0,0,0,0,0,0,0,0,0,0,0,0,0,0,3.73E-08,0,0,0,0,0,0,0,0,0,0,0,0,0,0,0,0,0,0.025504133,-1.60E-05
1885.5,1885,1886,-0.029748087,-1.761272637,-0.067249685,-0.491653919,0,-0.140325131,-5.23E-05,0.226417098,0.074243368,0.022144916,0,0,6.04E-09,0,0,0,2.67E-10,0,0,0,0,0,0,1.11E-09,6.00E-08,6.71E-08,0,0,0,0,0,0,0,0,0,0,0,0,0,0,0,3.73E-08,0,0,0,0,0,0,0,0,0,0,0,0,0,0,0,0,0,0.025924986,-1.64E-05
1886.5,1886,1887,-0.0656195,-1.609880757,-0.066953788,-0.488443209,0,-0.142535115,-5.26E-05,0.231290791,0.075554321,0.022446704,0,0,6.22E-09,0,0,0,2.75E-10,0,0,0,0,0,0,1.14E-09,6.60E-08,6.96E-08,0,0,0,0,0,0,0,0,0,0,0,0,0,0,0,3.73E-08,0,0,0,0,0,0,0,0,0,0,0,0,0,0,0,0,0,0.026419629,-1.67E-05
1887.5,1887,1888,-0.083214475,-0.547636462,-0.070516326,-0.506833797,0,-0.144721823,-5.44E-05,0.236341842,0.076992558,0.022810731,0,0,6.39E-09,0,0,0,2.82E-10,0,0,0,0,0,0,1.18E-09,7.21E-08,7.20E-08,0,0,0,0,0,0,0,0,0,0,0,0,0,0,0,3.73E-08,0,0,0,0,0,0,0,0,0,0,0,0,0,0,0,0,0,0.027288216,-1.70E-05
1888.5,1888,1889,-0.093300104,0.065959972,-0.078368829,-0.542400885,0,-0.146917028,-5.79E-05,0.241967167,0.078381437,0.023096514,0,0,6.56E-09,0,0,0,2.90E-10,0,0,0,0,0,0,1.21E-09,7.81E-08,7.45E-08,0,0,0,0,0,0,0,0,0,0,0,0,0,0,0,3.73E-08,0,0,0,0,0,0,0,0,0,0,0,0,0,0,0,0,0,0.028359651,-1.73E-05
1889.5,1889,1890,-0.094409243,0.134742243,-0.077431841,-0.529498139,0,-0.149108232,-5.68E-05,0.247603059,0.079876919,0.023463178,0,0,6.73E-09,0,0,0,2.98E-10,0,0,0,0,0,0,1.24E-09,8.41E-08,7.71E-08,0,0,0,0,0,0,0,0,0,0,0,0,0,0,0,3.73E-08,0,0,0,0,0,0,0,0,0,0,0,0,0,0,0,0,0,0.028637192,-1.77E-05
1890.5,1890,1891,-0.093294406,0.02058602,-0.083639206,-0.552389527,0,-0.151251166,-5.93E-05,0.253150427,0.081368136,0.023739272,0,0,6.91E-09,0,0,0,3.05E-10,0,0,0,0,0,0,1.27E-09,9.01E-08,7.97E-08,0,0,0,0,0,0,0,0,0,0,0,0,0,0,0,3.73E-08,0,0,0,0,0,0,0,0,0,0,0,0,0,0,0,0,0,0.029453448,-1.80E-05
1891.5,1891,1892,-0.048342531,0.112058318,-0.08385516,-0.531305855,0,-0.153357028,-5.80E-05,0.258906361,0.082882155,0.023990284,0,0,7.08E-09,0,0,0,3.13E-10,0,0,0,0,0,0,1.30E-09,9.61E-08,8.23E-08,5.41E-12,0,0,0,0,0,0,0,0,0,0,0,0,0,0,3.73E-08,0,0,0,0,0,0,0,0,0,0,0,0,0,0,0,0,0,0.029271797,-1.84E-05
1892.5,1892,1893,-0.010773193,0.072008911,-0.084044083,-0.5223646,0,-0.155449832,-5.74E-05,0.264540352,0.084661377,0.024306367,0,0,7.25E-09,0,0,0,3.21E-10,0,0,0,0,0,0,1.33E-09,1.02E-07,8.50E-08,5.03E-11,0,0,0,0,0,0,0,0,0,0,0,0,0,0,3.73E-08,0,0,0,0,0,0,0,0,0,0,0,0,0,0,0,0,0,0.029440247,-1.88E-05
1893.5,1893,1894,-0.00323004,0.126079445,-0.084685,-0.531476253,0,-0.157554348,-5.80E-05,0.269493912,0.086377494,0.024675349,0,0,7.42E-09,0,0,0,3.28E-10,0,0,0,0,0,0,1.37E-09,1.08E-07,8.77E-08,1.14E-10,0,0,0,0,0,0,0,0,0,0,0,0,0,0,3.73E-08,0,0,0,0,0,0,0,0,0,0,0,0,0,0,0,0,0,0.030176484,-1.92E-05
1894.5,1894,1895,-0.004430448,0.159436934,-0.090989138,-0.567306187,0,-0.15965444,-6.10E-05,0.274508467,0.087844481,0.025116042,0,0,7.60E-09,0,0,0,3.36E-10,0,0,0,0,0,0,1.40E-09,1.14E-07,9.05E-08,2.05E-10,0,0,0,0,0,0,0,0,0,0,0,0,0,0,3.73E-08,0,0,0,0,0,0,0,0,0,0,0,0,0,0,0,0,0,0.031685558,-1.95E-05
1895.5,1895,1896,-0.018533603,-0.095056003,-0.093727905,-0.564883466,0,-0.161748219,-6.17E-05,0.279091683,0.089100303,0.025578513,0,0,7.77E-09,0,0,0,3.44E-10,0,0,0,0,0,0,1.43E-09,1.26E-07,9.33E-08,3.23E-10,0,0,0,0,0,0,0,0,0,0,0,0,0,0,3.73E-08,0,0,0,0,0,0,0,0,0,0,0,0,0,0,0,0,0,0.032005799,-1.98E-05
1896.5,1896,1897,-0.038008187,0.061866289,-0.095339306,-0.549639397,0,-0.163850635,-5.96E-05,0.283637494,0.08980621,0.025935574,0,0,7.94E-09,0,0,0,3.51E-10,0,0,0,0,0,0,1.46E-09,1.32E-07,9.62E-08,4.69E-10,0,0,0,0,0,0,0,0,0,0,0,0,0,0,3.73E-08,0,0,0,0,0,0,0,0,0,0,0,0,0,0,0,0,0,0.031294585,-2.00E-05
1897.5,1897,1898,-0.074299721,0.144585578,-0.101256593,-0.580447216,0,-0.165950441,-6.33E-05,0.288097816,0.090492323,0.026304976,0,0,8.11E-09,0,0,0,3.59E-10,0,0,0,0,0,0,1.49E-09,1.38E-07,9.91E-08,6.45E-10,0,0,0,0,0,0,0,0,0,0,0,0,0,0,3.73E-08,0,0,0,0,0,0,0,0,0,0,0,0,0,0,0,0,0,0.032877719,-2.02E-05
1898.5,1898,1899,-0.065887675,0.165888386,-0.106069766,-0.589149848,0,-0.168028524,-6.44E-05,0.292996841,0.09174157,0.026673561,0,0,8.29E-09,0,0,0,3.66E-10,0,0,0,0,0,0,1.53E-09,1.50E-07,1.02E-07,8.50E-10,0,0,0,0,0,0,0,0,0,0,0,0,0,0,3.73E-08,0,0,0,0,0,0,0,0,0,0,0,0,0,0,0,0,0,0.033428681,-2.05E-05
1899.5,1899,1900,-0.085602384,0.173474872,-0.116655424,-0.620139925,0,-0.170105394,-6.69E-05,0.298512516,0.093224824,0.027144215,0,0,8.46E-09,0,0,0,3.74E-10,0,0,0,0,0,0,1.56E-09,1.56E-07,1.05E-07,1.08E-09,0,0,0,0,0,0,0,0,0,0,0,0,0,0,3.73E-08,0,0,0,0,0,0,0,0,0,0,0,0,0,0,0,0,0,0.03399467,-2.08E-05
1900.5,1900,1901,-0.089160824,0.166304424,-0.12164781,-0.624605718,0,-0.172601995,-6.70E-05,0.304496869,0.094708193,0.0276177,0,0,8.63E-09,0,0,0,3.82E-10,0,0,0,0,0,0,1.59E-09,1.68E-07,1.08E-07,1.35E-09,0,0,0,0,0,0,0,0,0,0,0,-1.20E-11,-1.40E-17,2.01E-18,3.73E-08,-3.60E-14,-1.08E-12,0,0,0,0,0,0,0,0,0,0,0,0,0,0,0,0.03430141,-2.12E-05
1901.5,1901,1902,-0.105338923,0.172987512,-0.124676021,-0.627621423,0,-0.175492011,-6.79E-05,0.309772259,0.096178162,0.028131384,0,0,8.81E-09,0,0,0,3.89E-10,0,0,0,0,0,0,1.62E-09,1.74E-07,1.12E-07,1.65E-09,0,0,0,0,0,0,0,0,0,0,0,6.69E-12,-1.40E-17,-5.95E-18,3.73E-08,1.42E-14,-1.08E-12,0,0,0,0,0,0,0,0,0,0,0,0,0,0,0,0.035003877,-2.15E-05
1902.5,1902,1903,-0.100886916,0.144793196,-0.127681625,-0.629107363,0,-0.178388011,-6.76E-05,0.314813992,0.097952104,0.028920774,0,0,8.98E-09,0,0,0,3.97E-10,0,0,0,0,0,0,1.65E-09,3.18E-07,1.41E-07,2.47E-09,0,0,0,0,0,0,0,0,0,0,0,-1.96E-11,0,3.48E-18,3.73E-08,-6.07E-14,-1.08E-12,0,0,0,0,0,0,0,0,0,0,0,0,0,0,0,0.035379368,-2.20E-05
1903.5,1903,1904,-0.068839542,-0.139596011,-0.136540736,-0.640186666,0,-0.1812635,-6.85E-05,0.320029277,0.099775922,0.029855191,0,0,9.15E-09,0,0,0,4.05E-10,0,0,0,0,0,0,1.68E-09,4.80E-07,1.78E-07,4.12E-09,0,0,0,0,0,0,0,0,0,0,0,1.12E-11,0,-1.07E-17,3.73E-08,2.47E-14,-1.08E-12,0,0,0,0,0,0,0,0,0,0,0,0,0,0,0,0.035703849,-2.24E-05
1904.5,1904,1905,-0.034165357,0.050889203,-0.141657367,-0.666211531,0,-0.184160424,-7.11E-05,0.324767899,0.102168542,0.030729176,0,0,9.32E-09,0,0,0,4.12E-10,0,0,0,0,0,0,1.72E-09,6.48E-07,2.21E-07,5.77E-09,0,0,0,0,0,0,0,0,0,0,0,-3.38E-11,0,6.49E-18,3.73E-08,-1.09E-13,-1.08E-12,0,0,0,0,0,0,0,0,0,0,0,0,0,0,0,0.0376531,-2.30E-05
1905.5,1905,1906,-0.03668988,0.14058881,-0.150582249,-0.690180628,0,-0.187064185,-7.38E-05,0.330071237,0.10455257,0.031593061,0,0,9.50E-09,0,0,0,4.20E-10,0,0,0,0,0,0,1.75E-09,8.53E-07,2.74E-07,8.25E-09,0,0,0,0,0,0,0,0,0,0,0,2.00E-11,0,-2.05E-17,3.73E-08,3.29E-15,-1.08E-12,0,0,0,0,0,0,0,0,0,0,0,0,0,0,0,0.039017862,-2.35E-05
1906.5,1906,1907,-0.026336346,0.162404733,-0.159063538,-0.706313618,0,-0.189935461,-7.53E-05,0.335986664,0.107071331,0.032462023,0,0,9.67E-09,0,0,0,4.28E-10,0,0,0,0,0,0,1.78E-09,1.12E-06,3.51E-07,9.90E-09,0,0,0,0,0,0,0,0,0,0,0,-6.18E-11,0,1.28E-17,3.73E-08,-1.34E-12,-1.08E-12,0,0,0,0,0,0,0,0,0,0,0,0,0,0,0,0.039872297,-2.42E-05
1907.5,1907,1908,-0.030976707,-0.192510305,-0.176923535,-0.760377246,0,-0.192816554,-8.12E-05,0.342918159,0.10976519,0.033394719,0,0,9.84E-09,0,0,0,4.35E-10,0,0,0,0,0,0,1.81E-09,1.48E-06,4.59E-07,1.40E-08,0,0,0,0,0,0,0,0,0,0,0,3.76E-11,0,-4.17E-17,3.73E-08,-2.12E-12,-1.08E-12,0,0,0,0,0,0,0,0,0,0,0,0,0,0,0,0.04202565,-2.48E-05
1908.5,1908,1909,-0.034339134,-0.114449317,-0.171199349,-0.750432194,0,-0.195705423,-8.03E-05,0.349581213,0.111947188,0.034448071,0,0,1.00E-08,0,0,0,4.43E-10,0,0,0,0,0,0,1.84E-09,1.95E-06,6.01E-07,1.81E-08,0,0,0,0,0,0,0,0,0,0,0,-1.19E-10,0,2.68E-17,3.73E-08,-4.08E-12,-1.08E-12,0,0,0,0,0,0,0,0,0,0,0,0,0,0,0,0.043214441,-2.53E-05
1909.5,1909,1910,-0.047423888,0.121857799,-0.178297144,-0.761564276,0,-0.198612185,-8.12E-05,0.356203242,0.114291896,0.035512344,0,0,1.02E-08,0,0,0,4.50E-10,0,0,0,0,0,0,1.88E-09,2.25E-06,6.92E-07,2.06E-08,0,0,0,0,0,0,0,0,0,0,0,7.41E-09,0,-8.99E-17,3.73E-08,-4.35E-12,-1.08E-12,0,0,0,0,0,0,0,0,0,0,0,0,0,0,0,0.044007069,-2.59E-05
1910.5,1910,1911,-0.076765472,0.165465019,-0.188395721,-0.793965131,0,-0.200470895,-8.47E-05,0.363188365,0.116662118,0.036652669,0,0,1.04E-08,0,0,0,4.58E-10,0,0,0,0,0,0,1.91E-09,2.90E-06,8.96E-07,2.64E-08,0,0,0,0,0,0,0,0,0,0,0,3.34E-08,0,5.95E-17,3.73E-08,-7.11E-12,-1.08E-12,0,0,0,0,0,0,0,0,0,0,0,0,0,0,0,0.045714096,-2.65E-05
1911.5,1911,1912,-0.100217708,0.163910765,-0.187519446,-0.780955837,0,-0.201321438,-8.34E-05,0.370341915,0.118712912,0.037924907,0,0,1.05E-08,0,0,0,4.66E-10,0,0,0,0,0,0,1.94E-09,3.88E-06,1.20E-06,3.46E-08,0,0,0,0,0,0,0,0,0,0,0,5.71E-06,0,-2.06E-16,3.73E-08,-6.20E-12,-1.08E-12,0,0,0,0,0,0,0,0,0,0,0,0,0,0,0,0.046036137,-2.70E-05
1912.5,1912,1913,-0.103364372,-0.557130593,-0.192773494,-0.78610346,0,-0.202161091,-8.38E-05,0.378647367,0.120524104,0.038860332,0,0,1.07E-08,0,0,0,4.73E-10,0,0,0,0,0,0,1.97E-09,4.79E-06,1.48E-06,4.37E-08,0,0,0,0,0,0,0,0,0,0,0,7.62E-06,0,1.40E-16,3.73E-08,-1.09E-11,-1.08E-12,0,0,0,0,0,0,0,0,0,0,0,0,0,0,0,0.046439245,-2.75E-05
1913.5,1913,1914,-0.106831988,-0.769171176,-0.201912849,-0.815224649,0,-0.202998485,-8.75E-05,0.387470491,0.121674101,0.039934825,0,0,1.09E-08,0,0,0,4.81E-10,0,0,0,0,0,0,2.00E-09,5.99E-06,1.85E-06,5.44E-08,0,0,0,0,0,0,0,0,0,0,0,9.31E-06,2.02E-18,-5.00E-16,3.73E-08,-7.11E-12,-1.08E-12,0,0,0,0,0,0,0,0,0,0,0,0,0,0,0,0.047830852,-2.77E-05
1914.5,1914,1915,-0.093744304,0.048157038,-0.187866072,-0.794865338,0,-0.203863801,-8.53E-05,0.395507107,0.12270538,0.041042697,0,0,1.10E-08,0,0,0,4.89E-10,0,0,0,0,0,0,2.03E-09,7.30E-06,2.25E-06,6.60E-08,0,0,0,0,0,0,0,0,0,0,0,1.71E-05,-6.65E-18,3.50E-16,3.73E-08,-1.65E-11,-1.08E-12,0,0,0,0,0,0,0,0,0,0,0,0,0,0,0,0.048892651,-2.80E-05
1915.5,1915,1916,-0.036377079,0.154336821,-0.184782127,-0.778302787,0,-0.20470036,-8.40E-05,0.40367658,0.123945024,0.042078456,0,0,1.12E-08,0,0,0,4.96E-10,0,0,0,0,0,0,2.07E-09,8.65E-06,2.67E-06,7.83E-08,0,0,0,0,0,0,0,0,0,0,0,2.96E-05,4.45E-18,-1.29E-15,3.73E-08,-5.31E-12,-1.08E-12,0,0,0,0,0,0,0,0,0,0,0,0,0,0,0,0.048967775,-2.83E-05
1916.5,1916,1917,-0.019997915,0.171010155,-0.2005104,-0.80662336,0,-0.205565064,-8.60E-05,0.412314338,0.126980888,0.042905931,0,0,1.14E-08,0,0,0,5.04E-10,0,0,0,0,0,0,2.10E-09,1.02E-05,3.14E-06,9.24E-08,0,0,0,0,0,0,0,0,0,0,0,5.04E-05,-2.19E-17,9.30E-16,3.73E-08,-2.69E-11,-1.08E-12,0,0,0,0,0,0,0,0,0,0,0,0,0,0,0,0.050018613,-2.91E-05
1917.5,1917,1918,0.016551234,0.166117684,-0.209539086,-0.836170187,0,-0.206443667,-9.03E-05,0.420585976,0.129193722,0.04385144,0,0,1.16E-08,0,0,0,5.11E-10,0,0,0,0,0,0,2.13E-09,1.24E-05,3.82E-06,1.12E-07,0,0,0,0,0,0,0,0,0,0,0,7.43E-05,1.07E-17,-3.52E-15,3.73E-08,1.35E-12,-1.08E-12,0,0,0,0,0,0,0,0,0,0,0,0,0,0,0,0.052226549,-2.96E-05
1918.5,1918,1919,0.004463969,0.123348152,-0.208249159,-0.836388782,0,-0.207326622,-9.04E-05,0.427439811,0.132022891,0.044447955,0,0,1.17E-08,0,0,0,5.19E-10,0,0,0,0,0,0,2.16E-09,1.49E-05,4.58E-06,1.34E-07,0,0,0,0,0,0,0,0,0,0,0,9.17E-05,-6.39E-17,2.62E-15,3.73E-08,-5.12E-11,-1.08E-12,0,0,0,0,0,0,0,0,0,0,0,0,0,0,0,0.053557675,-3.03E-05
1919.5,1919,1920,-0.026973289,-0.030290163,-0.179020613,-0.767028964,0,-0.208185043,-8.26E-05,0.433121555,0.135246333,0.04460143,0,0,1.19E-08,0,0,0,5.27E-10,0,0,0,0,0,0,2.19E-09,1.73E-05,5.34E-06,1.57E-07,0,0,0,0,0,0,0,0,0,0,0,0.000107632,3.30E-17,-1.02E-14,3.73E-08,1.12E-11,-1.08E-12,0,0,0,0,0,0,0,0,0,0,0,0,0,0,0,0.054045882,-3.11E-05
1920.5,1920,1921,-0.06056286,0.128757163,-0.198024363,-0.814313996,0,-0.209539431,-8.82E-05,0.439864567,0.138430155,0.044852866,0,0,1.21E-08,0,0,0,5.34E-10,0,0,0,0,0,0,2.22E-09,1.96E-05,6.02E-06,1.76E-07,0,0,0,0,0,0,0,0,0,0,0,0.000116947,-1.78E-16,7.84E-15,3.73E-08,-8.04E-11,-1.08E-12,0,0,0,0,0,0,0,0,0,0,0,0,0,0,0,0.056103761,-3.19E-05
1921.5,1921,1922,-0.074307147,0.165800353,-0.167524609,-0.738203722,0,-0.211368417,-8.11E-05,0.44535686,0.141468526,0.045202833,0,0,1.23E-08,0,0,0,5.42E-10,0,0,0,0,0,0,2.26E-09,2.19E-05,6.74E-06,1.98E-07,0,0,0,0,0,0,0,0,0,0,0,0.000123615,9.80E-17,-3.15E-14,3.73E-08,1.22E-07,-1.08E-12,0,0,0,0,0,0,0,0,0,0,0,0,0,0,0,0.056402896,-3.27E-05
1922.5,1922,1923,-0.095519503,0.171931161,-0.174146256,-0.742989667,0,-0.213205804,-8.10E-05,0.450700693,0.144397087,0.045617077,0,0,1.24E-08,0,0,0,5.50E-10,0,0,0,0,0,0,2.29E-09,2.28E-05,7.01E-06,2.06E-07,0,0,0,0,0,0,1.69E-07,0,0,0,0,0.000138572,-5.71E-16,2.49E-14,3.73E-08,4.63E-07,-1.08E-12,0,0,0,0,0,0,0,0,0,0,0,0,0,0,0,0.057348914,-3.35E-05
1923.5,1923,1924,-0.100848289,0.172749068,-0.193044559,-0.827479522,0,-0.215056004,-9.47E-05,0.455736635,0.146945012,0.046540338,0,0,1.26E-08,0,0,0,5.57E-10,0,0,0,0,0,0,2.32E-09,2.44E-05,7.51E-06,2.20E-07,0,0,0,0,0,0,1.69E-07,0,0,0,0,0.000162561,3.13E-16,-1.03E-13,3.73E-08,9.87E-07,-1.08E-12,0,0,0,0,0,0,0,0,0,0,0,0,0,0,0,0.060955147,-3.41E-05
1924.5,1924,1925,-0.087766953,0.036030852,-0.191688139,-0.803300971,0,-0.216925842,-9.02E-05,0.461291826,0.148766688,0.046978227,0,0,1.28E-08,0,0,0,5.65E-10,0,0,0,0,0,0,2.35E-09,2.74E-05,8.40E-06,2.47E-07,0,0,0,0,0,0,3.39E-07,0,0,0,0,0.000185011,-1.90E-15,8.39E-14,3.73E-08,1.66E-06,-1.07E-12,0,0,0,0,0,0,0,0,0,0,0,0,0,0,0,0.060345234,-3.46E-05
1925.5,1925,1926,-0.057382208,0.11315203,-0.193338419,-0.809754386,0,-0.218775569,-9.16E-05,0.464051276,0.149908491,0.047139943,0,0,1.29E-08,0,0,0,5.73E-10,0,0,0,0,0,0,2.38E-09,3.07E-05,9.40E-06,2.76E-07,0,0,0,0,0,0,5.08E-07,0,0,0,0,0.000212491,1.08E-15,-3.58E-13,3.73E-08,2.43E-06,-1.08E-12,0,0,0,0,0,0,0,0,0,0,0,0,0,0,0,0.061357215,-3.49E-05
1926.5,1926,1927,-0.033724692,-0.085187623,-0.198918793,-0.811236806,0,-0.220642192,-8.98E-05,0.466143062,0.150515253,0.047281867,0,0,1.31E-08,0,0,0,5.80E-10,0,0,0,0,0,0,2.42E-09,3.40E-05,1.04E-05,3.06E-07,0,0,0,0,0,0,8.47E-07,0,0,0,0,0.000247436,-6.70E-15,3.00E-13,3.73E-08,3.28E-06,-1.07E-12,0,0,0,0,0,0,0,0,0,0,0,0,0,0,0,0.061658937,-3.50E-05
1927.5,1927,1928,-0.015038373,0.064568399,-0.211657828,-0.842520161,0,-0.222505709,-9.32E-05,0.469533526,0.151428016,0.047447099,0,0,1.33E-08,0,0,0,5.88E-10,0,0,0,0,0,0,2.45E-09,3.76E-05,1.15E-05,3.38E-07,0,0,0,0,0,0,1.02E-06,0,0,0,0,0.000271202,3.92E-15,-1.32E-12,3.73E-08,4.17E-06,-1.08E-12,0,0,0,0,0,0,0,0,0,0,0,0,0,0,0,0.063524525,-3.53E-05
1928.5,1928,1929,-0.018567952,0.155772645,-0.213826583,-0.839096198,0,-0.224435477,-9.09E-05,0.471797344,0.153469885,0.047746823,0,0,1.35E-08,0,0,0,5.95E-10,0,0,0,0,0,0,2.48E-09,4.17E-05,1.27E-05,3.74E-07,0,0,0,0,0,0,1.36E-06,0,0,0,0,0.000304954,-2.52E-14,1.14E-12,3.73E-08,5.05E-06,-1.07E-12,0,0,0,0,0,0,0,0,0,0,0,0,0,0,0,0.064430224,-3.58E-05
1929.5,1929,1930,-0.040168518,0.164755905,-0.230281337,-0.875138849,0,-0.226350932,-9.34E-05,0.474282179,0.155986863,0.047938095,0,9.77E-08,1.36E-08,0,0,0,6.03E-10,0,0,0,0,0,0,2.51E-09,4.65E-05,1.42E-05,4.17E-07,0,0,0,0,0,0,1.52E-06,0,0,0,0,0.000354863,1.52E-14,-5.07E-12,3.73E-08,5.89E-06,-1.09E-12,0,0,0,0,0,0,0,0,0,0,0,0,0,0,0,0.066332938,-3.64E-05
1930.5,1930,1931,-0.050304288,0.168351243,-0.216240684,-0.854042635,0,-0.228121648,-9.10E-05,0.476116827,0.158479069,0.0480958,0,5.95E-07,1.38E-08,0,0,0,6.11E-10,0,0,0,0,0,0,2.54E-09,5.16E-05,1.57E-05,4.63E-07,0,0,0,2.42E-07,0,0,1.86E-06,0,0,0,0,0.000410312,-1.00E-13,3.19E-12,3.73E-08,6.65E-06,-1.04E-12,0,0,0,0,0,0,0,0,0,0,0,0,0,0,0,0.067410451,-3.71E-05
1931.5,1931,1932,-0.073314996,0.158992215,-0.187702198,-0.76381093,9.83E-06,-0.229731019,-8.09E-05,0.479168014,0.160492788,0.04867911,0,1.60E-07,1.40E-08,0,0,0,6.18E-10,0,0,0,0,0,0,2.57E-09,5.62E-05,1.70E-05,5.03E-07,0,0,0,3.90E-06,0,0,2.20E-06,0,0,0,0,0.000475287,6.25E-14,1.76E-08,3.73E-08,7.40E-06,-1.15E-12,0,0,0,0,0,0,0,0,0,0,0,0,0,0,0,0.065293596,-3.76E-05
1932.5,1932,1933,-0.088929062,0.091698348,-0.167996122,-0.733121158,1.97E-05,-0.231376852,-7.95E-05,0.483308653,0.162345238,0.048993619,0,7.71E-08,1.42E-08,0,0,0,6.26E-10,0,0,0,0,0,0,2.61E-09,5.96E-05,1.80E-05,5.33E-07,0,0,0,1.38E-05,0,0,2.54E-06,0,0,0,0,0.000535357,-4.26E-13,1.01E-07,3.73E-08,8.17E-06,-9.13E-13,0,0,0,0,0,0,0,0,0,0,0,0,0,0,0,0.066176226,-3.81E-05
1933.5,1933,1934,-0.098641317,-0.204434513,-0.177308747,-0.744862067,2.95E-05,-0.233013393,-7.91E-05,0.488045766,0.164237944,0.049463334,0,8.38E-08,1.43E-08,0,0,0,6.34E-10,0,0,0,0,0,0,2.64E-09,6.16E-05,1.86E-05,5.51E-07,0,0,0,2.30E-05,0,0,2.88E-06,0,0,0,0,0.000600708,2.73E-13,2.11E-07,3.73E-08,8.98E-06,-1.43E-12,0,0,0,0,0,0,0,0,0,0,0,0,0,0,0,0.066477247,-3.86E-05
1934.5,1934,1935,-0.090819907,0.078162292,-0.197719816,-0.805157559,3.93E-05,-0.234661475,-8.56E-05,0.493946455,0.166394399,0.049770118,0,9.11E-08,1.45E-08,0,0,0,6.41E-10,0,0,0,0,0,0,2.67E-09,6.37E-05,1.92E-05,5.69E-07,0,0,0,3.22E-05,0,0,3.39E-06,9.95E-08,0,0,0,0.000676134,-1.92E-12,3.17E-07,3.73E-08,9.81E-06,-3.01E-13,0,0,0,0,0,0,0,0,0,0,0,0,0,0,0,0.069113638,-3.92E-05
1935.5,1935,1936,-0.05555398,0.156146509,-0.21253562,-0.829123739,4.92E-05,-0.23633544,-8.65E-05,0.500770338,0.168577277,0.050149582,0,9.90E-08,1.47E-08,0,0,0,6.49E-10,0,0,0,0,0,0,2.70E-09,6.65E-05,2.00E-05,5.94E-07,0,0,0,4.15E-05,0,0,3.73E-06,2.49E-06,0,0,0,0.000769203,1.27E-12,4.23E-07,3.73E-08,1.07E-05,-2.80E-12,0,0,0,0,0,0,0,0,0,0,0,0,0,0,0,0.070164563,-3.97E-05
1936.5,1936,1937,0.001501953,0.168803799,-0.22957524,-0.881042518,5.90E-05,-0.238004364,-9.32E-05,0.512978881,0.170524298,0.05065031,0,1.08E-07,1.48E-08,0,0,0,6.57E-10,0,0,0,0,0,0,2.73E-09,7.11E-05,2.13E-05,6.34E-07,0,0,0,5.07E-05,0,0,4.07E-06,1.04E-05,0,0,0,0.000887624,-9.23E-12,5.28E-07,3.73E-08,1.16E-05,1.24E-12,0,0,0,0,0,0,0,0,0,0,0,0,0,0,0,0.072927124,-4.02E-05
1937.5,1937,1938,0.01553797,0.164170012,-0.2459897,-0.903034966,6.88E-05,-0.239693214,-9.35E-05,0.52464144,0.17235927,0.051285181,0,1.17E-07,1.50E-08,0,0,0,6.64E-10,0,0,0,0,0,0,2.77E-09,7.72E-05,2.30E-05,6.89E-07,0,0,0,5.99E-05,0,0,4.40E-06,1.83E-05,0,0,0,0.001016006,6.30E-12,6.34E-07,3.74E-08,1.26E-05,-1.01E-11,0,0,0,0,0,0,0,0,0,0,0,0,0,0,0,0.073969178,-4.07E-05
1938.5,1938,1939,0.007249425,0.165665792,-0.22721971,-0.849141974,7.86E-05,-0.241459277,-8.74E-05,0.532803322,0.174116418,0.052030111,0,1.27E-07,1.52E-08,0,0,0,6.72E-10,0,0,0,0,0,0,2.80E-09,8.52E-05,2.52E-05,7.60E-07,0,0,0,6.91E-05,0,0,4.74E-06,2.61E-05,0,0,0,0.001142114,-4.71E-11,7.40E-07,3.72E-08,1.36E-05,8.74E-12,0,0,0,0,0,0,0,0,0,0,0,0,0,0,0,0.072962673,-4.12E-05
1939.5,1939,1940,-0.004712743,0.16960839,-0.245292328,-0.900294223,8.85E-05,-0.243200336,-9.29E-05,0.541375292,0.176670261,0.052637975,0,1.38E-07,1.54E-08,0,0,0,6.79E-10,0,0,0,0,0,0,2.83E-09,9.44E-05,2.77E-05,8.40E-07,0,0,0,7.83E-05,8.51E-08,0,5.08E-06,3.40E-05,0,0,0,0.00127517,3.31E-11,8.45E-07,3.75E-08,1.46E-05,-5.21E-11,0,0,0,0,0,0,0,0,0,0,0,0,0,0,0,0.07572443,-4.19E-05
1940.5,1940,1941,-0.02005255,0.17032588,-0.268938163,-0.937918868,9.83E-05,-0.243625435,-9.39E-05,0.549136742,0.177971635,0.053359063,0,1.50E-07,1.55E-08,0,0,0,6.87E-10,0,0,0,0,0,0,2.86E-09,0.000105376,3.07E-05,9.38E-07,0,0,0,8.75E-05,1.77E-06,0,5.42E-06,4.18E-05,0,0,0,0.001429105,-2.56E-10,9.51E-07,3.68E-08,1.58E-05,7.68E-11,0,0,0,0,0,0,0,0,0,0,0,0,0,0,0,0.07659258,-4.22E-05
1941.5,1941,1942,-0.033929015,0.170321645,-0.278739165,-0.957765513,0.000105967,-0.242715197,-9.57E-05,0.556076582,0.179234007,0.054119489,0,1.63E-07,1.57E-08,0,0,0,6.95E-10,0,0,0,0,0,0,2.89E-09,0.000116562,3.37E-05,1.04E-06,0,0,0,9.67E-05,9.23E-06,0,5.59E-06,4.96E-05,0,0,0,0.001610086,1.88E-10,1.06E-06,1.78E-07,1.69E-05,1.41E-06,0,0,0,0,0,0,0,0,0,0,0,0,0,0,0,0.077496703,-4.26E-05
1942.5,1942,1943,-0.060648311,0.170197503,-0.28670309,-0.983511774,0.000114904,-0.24173894,-9.94E-05,0.561558614,0.181233071,0.054965343,0,1.77E-07,1.59E-08,0,0,0,7.02E-10,0,0,0,0,0,0,2.92E-09,0.000131429,3.76E-05,1.17E-06,0,0,0,0.000105946,2.16E-05,0,5.93E-06,5.75E-05,0,0,0,0.001838514,-1.85E-09,1.16E-06,6.00E-07,1.82E-05,2.59E-06,0,0,0,0,0,0,0,0,0,0,0,0,0,0,0,0.078588043,-4.31E-05
1943.5,1943,1944,-0.086633449,0.035637119,-0.289773598,-0.989934397,0.000123841,-0.240821348,-0.000100514,0.564807337,0.18302753,0.056931287,0,1.93E-07,1.61E-08,0,0,0,7.10E-10,0,0,0,0,0,0,2.96E-09,0.000150775,4.27E-05,1.35E-06,0,0,0,0.000115159,3.88E-05,0,6.10E-06,6.53E-05,0,0,0,0.002110164,2.03E-06,1.27E-06,1.30E-06,1.94E-05,3.55E-06,0,0,0,0,0,0,0,0,0,0,0,0,0,0,0,0.080018774,-4.36E-05
1944.5,1944,1945,-0.088752431,0.072166887,-0.282175193,-0.97832492,0.000134055,-0.23994412,-0.000100933,0.565022139,0.184478942,0.057611649,0,2.10E-07,1.62E-08,0,0,0,7.18E-10,0,0,0,0,0,0,2.99E-09,0.000176696,4.92E-05,1.58E-06,0,4.23E-06,0,0.000124372,6.09E-05,0,6.27E-06,7.31E-05,0,0,0,0.002422146,8.14E-06,1.37E-06,2.25E-06,2.08E-05,4.27E-06,0,0,0,0,0,0,0,0,0,0,0,0,0,0,0,0.081418396,-4.40E-05
1945.5,1945,1946,-0.047638747,0.143567903,-0.243981499,-0.88818706,0.000144269,-0.239102931,-9.19E-05,0.564443589,0.185702817,0.058316791,0,2.28E-07,1.64E-08,0,0,0,7.25E-10,0,0,0,0,0,0,3.02E-09,0.000195003,5.37E-05,1.75E-06,0,9.19E-05,8.67E-07,0.000133585,8.78E-05,0,6.44E-06,8.10E-05,0,0,0,0.002629358,1.36E-05,1.48E-06,3.46E-06,2.22E-05,4.84E-06,0,0,0,0,0,0,0,0,0,0,0,0,0,0,0,0.081011356,-4.43E-05
1946.5,1946,1947,-0.011864391,0.16328221,-0.236605404,-0.870441092,0.000157036,-0.238291172,-9.09E-05,0.564378737,0.187442217,0.058937637,0,2.48E-07,1.66E-08,0,0,0,7.33E-10,0,0,0,0,0,0,3.05E-09,0.000200647,5.50E-05,1.80E-06,0,0.000356442,1.49E-05,0.000142797,0.000119514,0,6.61E-06,8.88E-05,0,0,0,0.002791971,1.90E-05,1.58E-06,4.90E-06,2.38E-05,5.08E-06,0,0,0,0,0,0,0,0,0,0,0,0,0,0,0,0.080842241,-4.48E-05
1947.5,1947,1948,0.011925519,0.087873381,-0.262078237,-0.916115067,0.000168526,-0.237522011,-9.24E-05,0.565730693,0.189834946,0.059204096,0,2.69E-07,1.67E-08,0,0,0,7.40E-10,0,0,0,0,0,0,3.08E-09,0.000207156,5.65E-05,1.86E-06,0,0.000617786,5.37E-05,0.00015201,0.000156019,0,6.61E-06,9.67E-05,0,0,0,0.002951871,2.45E-05,1.69E-06,6.58E-06,2.54E-05,5.17E-06,0,0,0,0,0,0,0,0,0,0,0,0,0,0,0,0.08315645,-4.54E-05
1948.5,1948,1949,0.021847265,0.112286292,-0.273935047,-0.949898767,0.00018257,-0.236716017,-9.70E-05,0.566133804,0.19222517,0.059352598,0,2.93E-07,1.69E-08,0,0,0,7.48E-10,0,0,0,0,0,0,3.11E-09,0.000217387,5.88E-05,1.96E-06,0,0.000877102,8.95E-05,0.000161223,0.000197734,0,6.61E-06,0.000104495,0,0,0,0.003151272,2.99E-05,1.80E-06,8.47E-06,2.71E-05,5.18E-06,0,0,0,0,0,0,0,0,0,0,0,0,0,0,0,0.086279984,-4.61E-05
1949.5,1949,1950,0.009083898,0.157559286,-0.270553693,-0.939285901,0.000196614,-0.236051319,-9.35E-05,0.5677192,0.194103809,0.059493525,0,3.18E-07,1.71E-08,0,0,0,7.56E-10,0,0,0,0,0,9.51E-08,3.15E-09,0.000228477,6.13E-05,2.06E-06,0,0.001136418,0.000125357,0.000170436,0.000239931,0,6.61E-06,0.000112333,0,0,0,0.003369835,3.53E-05,1.90E-06,1.06E-05,2.88E-05,5.04E-06,0,0,0,0,0,0,0,0,0,0,0,0,0,0,0,0.085973387,-4.66E-05
1950.5,1950,1951,-0.01981894,0.166661666,-0.292825671,-1.002540311,0.000213211,-0.236950686,-0.000100892,0.570516896,0.195480892,0.059935533,0,3.56E-07,1.73E-08,0,0,0,7.63E-10,0,0,0,0,0,6.66E-07,3.18E-09,0.000238606,6.34E-05,2.16E-06,0,0.001390775,0.000160075,0.000179648,0.000284139,0,6.61E-06,0.000121149,0,0,0,0.003604279,4.07E-05,2.01E-06,1.29E-05,3.07E-05,4.72E-06,0,0,0,0,0,0,0,0,0,0,0,0,0,0,0,0.090038146,-4.70E-05
1951.5,1951,1952,-0.044887775,0.147166173,-0.305343833,-0.992406173,0.000229808,-0.239559867,-9.40E-05,0.57337492,0.197457117,0.060314514,0,8.02E-07,1.74E-08,0,0,0,7.71E-10,0,0,0,0,0,1.89E-06,3.21E-09,0.000249438,6.56E-05,2.27E-06,0,0.001694349,0.000205377,0.000188756,0.000332525,0,6.61E-06,0.000122128,0,0,0,0.00381571,4.64E-05,2.11E-06,1.54E-05,3.27E-05,4.33E-06,0,0,0,0,0,0,0,0,0,0,0,0,0,0,0,0.089107054,-4.75E-05
1952.5,1952,1953,-0.068853763,0.147611824,-0.314852853,-1.014242115,0.000247682,-0.242077526,-9.55E-05,0.578327701,0.199629412,0.060824967,0,2.43E-06,1.76E-08,0,0,0,7.79E-10,0,0,0,0,0,5.19E-06,3.24E-09,0.000261609,6.79E-05,2.39E-06,0,0.002058056,0.000278293,0.00019887,0.000380325,0,6.61E-06,0.000120169,0,0,0,0.00393012,5.26E-05,2.22E-06,1.80E-05,3.48E-05,4.07E-06,0,0,0,0,0,0,0,0,0,0,0,0,0,0,0,0.091061637,-4.81E-05
1953.5,1953,1954,-0.086683883,0.15747288,-0.324788476,-1.039265812,0.00026811,-0.244396584,-9.80E-05,0.584205436,0.203188363,0.061764204,0,5.42E-06,1.78E-08,0,0,0,7.86E-10,0,0,0,0,0,8.65E-06,3.27E-09,0.000274056,7.02E-05,2.51E-06,0,0.002443527,0.000381336,0.000209853,0.000429316,0,6.61E-06,0.000120986,0,0,4.60E-08,0.00406676,5.91E-05,2.34E-06,2.09E-05,3.70E-05,3.74E-06,0,0,0,0,0,0,0,0,0,0,0,0,0,0,0,0.094094533,-4.91E-05
1954.5,1954,1955,-0.097830525,0.16382806,-0.33299284,-1.056234784,0.000289814,-0.246891212,-9.99E-05,0.589720898,0.207522902,0.062412558,0,9.57E-06,1.80E-08,0,0,0,7.94E-10,0,0,0,0,0,1.21E-05,3.31E-09,0.000287686,7.24E-05,2.64E-06,0,0.002877305,0.000512808,0.000222576,0.000478191,0,6.61E-06,0.000125884,0,0,6.89E-07,0.004218217,6.85E-05,2.46E-06,2.42E-05,3.94E-05,3.47E-06,0,0,0,0,0,0,0,0,0,0,0,0,0,0,0,0.096256482,-5.03E-05
1955.5,1955,1956,-0.074857635,0.163345581,-0.361141281,-1.109613773,0.000312795,-0.249514689,-0.000102956,0.594533799,0.212279288,0.063305986,0,1.48E-05,1.81E-08,0,0,0,8.02E-10,0,0,0,0,0,1.56E-05,3.34E-09,0.00030146,7.46E-05,2.78E-06,0,0.003364493,0.00067473,0.000238379,0.000527066,0,6.61E-06,0.000137654,0,0,4.27E-06,0.004383877,7.89E-05,2.58E-06,2.78E-05,4.20E-05,3.20E-06,0,0,0,0,0,0,0,0,0,0,0,0,0,0,0,0.100120179,-5.16E-05
1956.5,1956,1957,-0.010372739,0.062300622,-0.388883991,-1.178879861,0.000338329,-0.251841617,-0.000111844,0.598769477,0.217867093,0.064336337,0,2.12E-05,1.83E-08,0,0,0,8.09E-10,0,0,0,0,0,1.90E-05,3.37E-09,0.00031524,7.65E-05,2.91E-06,0,0.003923986,0.000877622,0.000255784,0.000576181,0,6.61E-06,0.000154915,0,0,1.14E-05,0.004563334,8.69E-05,2.69E-06,3.15E-05,4.46E-05,2.92E-06,0,0,0,0,0,0,0,0,0,0,0,0,0,0,0,0.10514091,-5.31E-05
1957.5,1957,1958,0.030756063,0.06196658,-0.401957249,-1.219864582,0.00036514,-0.254013202,-0.000118669,0.603172172,0.22351216,0.065310685,0,2.87E-05,1.85E-08,0,0,0,8.17E-10,0,0,0,0,0,2.25E-05,3.40E-09,0.000328443,7.82E-05,3.03E-06,0,0.004571274,0.001117342,0.000275917,0.0006229,0,6.61E-06,0.000175873,0,0,2.23E-05,0.004755431,9.50E-05,2.81E-06,3.53E-05,4.75E-05,2.75E-06,0,0,0,0,0,0,0,0,0,0,0,0,0,0,0,0.109241243,-5.47E-05
1958.5,1958,1959,0.028131606,0.140757248,-0.402864725,-1.205319553,0.000394504,-0.255270325,-0.000117015,0.608482536,0.227947228,0.06609305,0,3.72E-05,1.86E-08,0,0,0,8.24E-10,0,0,0,0,0,2.60E-05,3.43E-09,0.000340152,7.95E-05,3.13E-06,0,0.005270077,0.001355128,0.000299872,0.000670257,0,6.61E-06,0.000206977,0,0,3.48E-05,0.004959649,0.000103328,2.93E-06,3.93E-05,5.04E-05,2.56E-06,0,0,0,0,0,0,0,0,0,0,0,0,0,0,0,0.107903989,-5.60E-05
1959.5,1959,1960,0.000573459,0.162629091,-0.420685337,-1.239606143,0.000425145,-0.256127577,-0.000120091,0.615469005,0.231706896,0.066741869,0,4.68E-05,1.88E-08,0,0,0,8.32E-10,0,0,0,0,0,2.94E-05,3.46E-09,0.000351548,8.07E-05,3.22E-06,0,0.006016365,0.001575375,0.00032751,0.000714263,0,6.94E-06,0.000248964,0,0,4.90E-05,0.00517618,0.000111724,3.05E-06,4.35E-05,5.34E-05,2.38E-06,0,0,0,0,0,0,0,0,0,0,0,0,0,0,0,0.109422816,-5.71E-05
1960.5,1960,1961,-0.014826473,0.166783821,-0.444903803,-1.28805223,0.000459617,-0.257175923,-0.000124593,0.627924682,0.234276612,0.067636753,0,5.74E-05,1.90E-08,0,0,0,8.40E-10,0,0,0,0,0,3.29E-05,4.57E-09,0.000364379,8.20E-05,3.32E-06,2.16E-09,0.006887212,0.001833248,0.000358734,0.000754911,0,7.62E-06,0.000293814,0,0,6.73E-05,0.005403776,0.00012014,3.18E-06,4.80E-05,5.66E-05,2.20E-06,2.22E-10,1.33E-09,0,0,0,0,0,0,0,0,0,0,0,0,0,0.111896627,-5.78E-05
1961.5,1961,1962,-0.059665878,0.167366762,-0.460113181,-1.316718961,0.000533553,-0.257961643,-0.00012471,0.638140601,0.236288038,0.068603007,0,6.89E-05,1.92E-08,0,0,0,8.47E-10,0,0,0,0,0,3.81E-05,4.82E-08,0.000377823,8.32E-05,3.40E-06,3.33E-07,0.007896433,0.002179001,0.000394531,0.000798036,0,8.98E-06,0.000344527,0,0,8.62E-05,0.005642772,0.000128421,3.31E-06,5.26E-05,5.98E-05,2.02E-06,1.78E-09,1.07E-08,0,0,0,0,0,0,0,0,0,0,0,0,0,0.115629984,-5.84E-05
1962.5,1962,1963,-0.084889839,0.16733476,-0.472144527,-1.333018829,0.000619798,-0.259404658,-0.000124821,0.649425488,0.241210409,0.069626196,0,8.14E-05,1.93E-08,0,0,0,8.55E-10,0,0,0,0,0,4.50E-05,1.16E-07,0.000391249,8.43E-05,3.48E-06,1.30E-06,0.00903832,0.00262169,0.000435889,0.000843077,0,1.12E-05,0.000408726,0,0,0.000109607,0.005891075,0.00013644,3.45E-06,5.74E-05,6.31E-05,1.83E-06,3.56E-09,2.13E-08,0,0,0,0,0,0,0,0,0,0,0,0,0,0.117355465,-5.98E-05
1963.5,1963,1964,-0.093657998,-0.832115286,-0.501691436,-1.404162413,0.000687985,-0.260879673,-0.000132262,0.658560103,0.248003742,0.070756398,0,9.49E-05,1.95E-08,0,0,0,8.63E-10,0,0,0,0,0,5.37E-05,1.96E-07,0.000405581,8.55E-05,3.56E-06,2.85E-06,0.010373649,0.003172739,0.000483765,0.00088856,2.14E-08,1.44E-05,0.000490306,0,0,0.000138844,0.006145077,0.000144091,3.59E-06,6.24E-05,6.65E-05,1.65E-06,5.34E-09,4.01E-08,0,0,0,0,0,0,0,0,0,0,0,0,0,0.124857435,-6.18E-05
1964.5,1964,1965,-0.096861009,-0.685407155,-0.520669034,-1.414513382,0.000755007,-0.261786905,-0.000125619,0.668854897,0.25413722,0.071815461,0,0.000109261,1.97E-08,0,0,0,8.70E-10,0,0,0,0,0,6.23E-05,2.93E-07,0.000420586,8.67E-05,3.63E-06,4.93E-06,0.011941578,0.00383616,0.000537951,0.000934841,5.20E-07,1.91E-05,0.000588147,0,0,0.000168197,0.006406202,0.000151257,3.74E-06,6.75E-05,6.99E-05,1.47E-06,7.11E-09,6.15E-08,0,0,0,0,0,0,0,0,0,0,0,0,0,0.125432349,-6.36E-05
1965.5,1965,1966,-0.091984232,0.041888994,-0.537289909,-1.442025367,0.000844904,-0.262676788,-0.00012604,0.676081959,0.259166076,0.072885136,0,0.000124515,1.99E-08,0,0,0,8.78E-10,0,0,0,0,0,6.92E-05,4.17E-07,0.000437866,8.80E-05,3.70E-06,7.50E-06,0.013734828,0.004604072,0.000600298,0.000984241,2.87E-06,2.54E-05,0.000704179,0,0,0.000204916,0.006665213,0.000157867,3.87E-06,7.26E-05,7.34E-05,1.26E-06,1.03E-08,8.79E-08,0,3.12E-09,0,0,6.30E-09,7.10E-09,0,0,0,0,0,0,0,0.129448381,-6.50E-05
1966.5,1966,1967,-0.064955685,0.127570597,-0.551154754,-1.463617185,0.000956899,-0.263408245,-0.000126554,0.692137721,0.26324794,0.074098124,0,0.000140633,2.00E-08,0,0,0,8.86E-10,0,0,0,0,0,7.62E-05,5.69E-07,0.00045648,8.94E-05,3.78E-06,1.05E-05,0.015743748,0.005462562,0.000673114,0.001037562,5.90E-06,3.30E-05,0.000845434,0,0,0.00026228,0.006913567,0.00016387,4.01E-06,7.79E-05,7.69E-05,1.20E-06,2.19E-08,3.45E-07,0,3.73E-08,0,0,5.47E-08,6.50E-08,0,0,0,0,0,0,0,0.131777096,-6.62E-05
1967.5,1967,1968,-0.039167856,0.150129546,-0.558977578,-1.482597636,0.001177583,-0.265654056,-0.000130716,0.70110838,0.2676186,0.075307359,0,0.000157591,2.02E-08,0,0,0,8.93E-10,0,0,0,0,0,8.31E-05,7.63E-07,0.000477627,9.11E-05,3.86E-06,1.39E-05,0.018001807,0.006422914,0.000755796,0.001093846,9.52E-06,4.20E-05,0.001015462,0,0,0.000348543,0.007152838,0.000169279,4.17E-06,8.33E-05,8.06E-05,1.22E-06,4.10E-08,1.05E-06,0,1.03E-07,0,0,1.18E-07,1.46E-07,0,0,0,0,0,0,0,0.137184178,-6.75E-05
1968.5,1968,1969,-0.033082937,0.077384722,-0.581742656,-1.518159598,0.001388779,-0.270344645,-0.000131066,0.714743485,0.273895154,0.07650884,0,0.000175364,2.04E-08,0,0,0,9.01E-10,0,0,0,0,0,9.35E-05,1.00E-06,0.000502053,9.31E-05,3.96E-06,1.76E-05,0.020540386,0.007510396,0.000850456,0.001152779,1.48E-05,5.20E-05,0.001225704,0,0,0.000456624,0.007382894,0.000174085,4.33E-06,8.86E-05,8.43E-05,1.84E-06,6.62E-08,2.04E-06,6.52E-10,2.03E-07,0,0,1.89E-07,2.46E-07,0,0,0,0,0,0,0,0.140293596,-6.94E-05
1969.5,1969,1970,-0.025890676,0.017583902,-0.602211064,-1.55310556,0.001511814,-0.273822683,-0.000132612,0.727634416,0.280236385,0.077716822,0,0.000193928,2.05E-08,1.74E-10,9.96E-10,0,9.08E-10,0,0,0,0,4.11E-09,0.000103855,1.30E-06,0.000529126,9.55E-05,4.07E-06,2.16E-05,0.023379684,0.008760985,0.000958835,0.001214044,2.14E-05,6.27E-05,0.001461836,0,0,0.000579207,0.007604323,0.0001783,4.49E-06,9.39E-05,8.81E-05,4.04E-06,9.43E-08,3.19E-06,5.22E-09,3.40E-07,0,0,2.71E-07,3.61E-07,0,0,0,0,0,0,0,0.143039335,-7.13E-05
1970.5,1970,1971,-0.026979511,0.122474039,-0.645516175,-1.631723366,0.001573463,-0.275962206,-0.000138462,0.750578149,0.287972158,0.078925866,0,0.000213257,2.07E-08,1.22E-09,6.99E-09,0,9.16E-10,4.36E-12,0,0,0,2.95E-08,0.00011251,1.67E-06,0.00056149,9.86E-05,4.21E-06,2.59E-05,0.026508914,0.010199102,0.001083864,0.001277326,3.04E-05,7.39E-05,0.001710287,0,1.26E-07,0.000699022,0.007817686,0.000181984,4.65E-06,9.93E-05,9.19E-05,7.02E-06,1.45E-07,4.36E-06,1.11E-08,5.17E-07,0,0,3.63E-07,4.89E-07,0,0,0,0,0,0,0,0.149813842,-7.37E-05
1971.5,1971,1972,-0.062082098,0.157417823,-0.645604085,-1.638003493,0.001924616,-0.277203661,-0.000144008,0.7597072,0.295026774,0.080161916,0,0.00023333,2.09E-08,1.44E-09,8.12E-09,0,1.14E-07,7.86E-09,0,1.19E-08,0,3.68E-08,0.000122895,2.12E-06,0.000597906,0.000102623,4.38E-06,3.03E-05,0.029884168,0.011791692,0.001227282,0.001342506,4.10E-05,8.52E-05,0.00197496,0,2.49E-06,0.000822982,0.00802292,0.000185163,4.81E-06,0.000104534,9.59E-05,1.04E-05,6.23E-07,5.58E-06,6.85E-08,7.30E-07,0,0,4.63E-07,6.30E-07,0,0,0,0,0,0,0,0.153646295,-7.59E-05
1972.5,1972,1973,-0.051835045,0.164474373,-0.669937498,-1.69788261,0.002097946,-0.277988964,-0.000156772,0.788744104,0.301377215,0.081418326,0,0.00025412,2.11E-08,1.48E-09,8.27E-09,0,4.15E-07,2.86E-08,0,4.33E-08,0,2.93E-08,0.000135011,2.65E-06,0.000638783,0.000107675,4.59E-06,3.49E-05,0.033527239,0.013551027,0.001391797,0.001410029,5.21E-05,9.71E-05,0.002266545,0,8.26E-06,0.000985132,0.008219965,0.000187901,4.98E-06,0.00010976,0.000100037,1.41E-05,1.86E-06,7.00E-06,2.58E-07,9.74E-07,0,0,5.70E-07,7.84E-07,0,0,0,0,0,0,0,0.161642531,-7.78E-05
1973.5,1973,1974,-0.081965091,0.161011111,-0.694019558,-1.729897978,0.002243164,-0.279913608,-0.000154495,0.826691484,0.306086561,0.082710476,0,0.000275604,2.12E-08,1.53E-09,8.42E-09,0,8.40E-07,5.79E-08,0,8.77E-08,0,2.10E-08,0.000147128,3.26E-06,0.000684777,0.000114034,4.84E-06,3.96E-05,0.037537059,0.015557015,0.001580255,0.001480422,6.55E-05,0.000109252,0.002602927,0,1.36E-05,0.001198993,0.00840932,0.000190247,5.17E-06,0.00011492,0.000104266,1.88E-05,3.84E-06,8.64E-06,5.58E-07,1.25E-06,0,0,6.86E-07,9.51E-07,0,0,0,0,0,0,0,0.161810342,-7.93E-05
1974.5,1974,1975,-0.093092983,0.15997876,-0.684431369,-1.716329229,0.002242741,-0.281363343,-0.000157464,0.839095074,0.310669225,0.084046779,0,0.000297756,2.14E-08,1.58E-09,8.57E-09,0,1.33E-06,9.15E-08,0,1.39E-07,0,1.22E-08,0.000159244,3.96E-06,0.000738089,0.000122198,5.17E-06,4.43E-05,0.041962212,0.017825274,0.001796129,0.001554212,8.12E-05,0.000121955,0.00294226,0,1.90E-05,0.001453717,0.008592212,0.000192218,5.33E-06,0.00012,0.000108625,2.59E-05,6.42E-06,1.05E-05,9.53E-07,1.54E-06,0,0,8.08E-07,1.12E-06,0,0,0,0,0,0,0,0.162030226,-8.07E-05
1975.5,1975,1976,-0.102308288,0.152222764,-0.673151156,-1.696174821,0.002318381,-0.282230802,-0.000158177,0.840006275,0.316022531,0.085425282,0,0.000320555,2.16E-08,1.63E-09,8.88E-09,1.34E-10,1.82E-06,1.25E-07,0,1.90E-07,0,1.03E-08,0.000173092,4.75E-06,0.000799039,0.000132341,5.61E-06,4.91E-05,0.046466681,0.0201162,0.002044447,0.001631927,9.89E-05,0.000135167,0.003288862,0,2.30E-05,0.001689022,0.008768551,0.000193887,5.52E-06,0.000124986,0.000113146,3.63E-05,9.49E-06,1.26E-05,1.43E-06,1.87E-06,0,0,9.37E-07,1.30E-06,0,0,0,0,0,0,0,0.161260195,-8.24E-05
1976.5,1976,1977,-0.10584227,0.152630543,-0.707166372,-1.767397357,0.002391926,-0.283241324,-0.000170218,0.850475176,0.321944725,0.086843851,0,0.000343973,2.18E-08,1.67E-09,7.65E-07,1.07E-09,2.24E-06,1.54E-07,0,2.34E-07,0,4.52E-08,0.000188456,5.63E-06,0.000854183,0.000141721,6.05E-06,5.37E-05,0.050773073,0.022336591,0.002328327,0.001716394,0.000121352,0.000148379,0.003682937,0,2.71E-05,0.001938965,0.008937646,0.00019531,5.72E-06,0.000129863,0.000117826,4.98E-05,1.60E-05,1.54E-05,1.97E-06,2.21E-06,0,0,1.08E-06,1.48E-06,0,0,0,0,0,0,0,0.167016163,-8.43E-05
1977.5,1977,1978,-0.081130385,0.162822972,-0.709956964,-1.778420365,0.002612241,-0.285441079,-0.000176467,0.876957677,0.328231378,0.088300184,0,0.000367989,2.19E-08,1.72E-09,2.77E-06,2.14E-09,2.54E-06,1.75E-07,0,2.65E-07,0,6.22E-07,0.000205825,6.62E-06,0.000915211,0.000151604,6.57E-06,5.83E-05,0.054912759,0.024497164,0.002667777,0.001807776,0.000147038,0.00016176,0.004102442,0,3.13E-05,0.002274849,0.009100147,0.000196503,5.90E-06,0.000134616,0.000122671,6.66E-05,2.76E-05,1.88E-05,2.57E-06,2.57E-06,0,0,1.22E-06,1.66E-06,0,0,0,0,0,0,0,0.170081292,-8.63E-05
1978.5,1978,1979,-0.033241724,0.164726481,-0.71237981,-1.795359903,0.002776694,-0.28828138,-0.000186383,0.901103829,0.334686445,0.08981494,0,0.000392575,2.21E-08,1.77E-09,5.57E-06,3.21E-09,2.66E-06,1.83E-07,0,2.77E-07,0,0,0.00022848,7.72E-06,0.000984081,0.000163118,7.19E-06,6.27E-05,0.05883671,0.026504433,0.002941272,0.001902603,0.000175441,0.000175311,0.004666163,0,3.52E-05,0.002711187,0.009256551,0.0001975,6.10E-06,0.000139233,0.000127688,8.61E-05,4.23E-05,2.27E-05,3.20E-06,2.95E-06,0,0,1.38E-06,1.84E-06,1.74E-05,0,3.50E-06,6.30E-05,0,0,0,0.173744045,-8.84E-05
1979.5,1979,1980,0.003554236,0.146354138,-0.727508381,-1.82154631,0.00296344,-0.289421148,-0.000189364,0.925869733,0.341112812,0.091390652,0,0.000417388,2.23E-08,7.14E-06,8.73E-06,4.29E-09,2.66E-06,1.83E-07,0,1.39E-07,0,4.98E-07,0.00026656,2.60E-05,0.001051203,0.000174884,7.91E-06,6.76E-05,0.06243074,0.028229656,0.003258205,0.001997402,0.000206028,0.0001892,0.005288629,0,4.04E-05,0.003091074,0.009407043,0.000198335,6.31E-06,0.000143697,0.000132884,0.000106675,5.79E-05,2.67E-05,3.85E-06,3.34E-06,0,0,1.54E-06,2.01E-06,1.87E-05,0,3.72E-06,6.96E-05,0,0,0,0.176221882,-9.05E-05
1980.5,1980,1981,0.005705619,0.113346882,-0.728684247,-1.815178588,0.003063241,-0.290793166,-0.000184136,0.955742976,0.347325844,0.093315923,1.53E-05,0.000456529,1.79E-06,1.57E-05,9.87E-06,5.36E-09,1.83E-06,1.83E-07,0,7.08E-09,0,3.73E-07,0.000297027,4.44E-05,0.001165683,0.000194082,8.78E-06,7.28E-05,0.06623677,0.029868766,0.003715943,0.001942508,0.000261596,0.000203598,0.005819253,0,4.86E-05,0.00339725,0.009531394,0.000199029,6.52E-06,0.000147995,0.000138265,0.000128622,6.93E-05,2.79E-05,4.51E-06,3.74E-06,2.19E-06,0,1.71E-06,2.18E-06,2.01E-05,0,3.98E-06,7.91E-05,9.85E-07,0,0,0.176480497,-9.25E-05
1981.5,1981,1982,0.009878967,0.088803873,-0.704317376,-1.767262312,0.003074084,-0.292810795,-0.000179225,0.973064167,0.353137703,0.095728838,3.03E-05,0.000496602,2.48E-06,1.89E-05,2.15E-05,6.43E-09,4.98E-07,1.83E-07,0,1.77E-08,0,3.73E-07,0.00033753,4.91E-05,0.001234612,0.000207021,9.86E-06,7.81E-05,0.069899884,0.03134294,0.004285215,0.002031194,0.000300462,0.000219181,0.006254976,1.91E-05,8.88E-05,0.003618929,0.009690543,0.000199604,6.73E-06,0.000152114,0.000143854,0.000158857,8.28E-05,3.17E-05,5.42E-06,4.36E-06,2.19E-06,0,2.00E-06,2.35E-06,2.19E-05,0,4.28E-06,8.69E-05,1.12E-06,0,0,0.175432303,-9.44E-05
1982.5,1982,1983,-0.034803518,-0.24838339,-0.699772489,-1.788916038,0.003206777,-0.294226293,-0.00019095,0.983710308,0.358367749,0.099105678,3.46E-05,0.000536092,4.47E-06,1.09E-05,1.97E-05,7.50E-09,3.32E-07,1.83E-07,0,3.74E-08,8.16E-10,4.98E-07,0.000381496,5.21E-05,0.001294235,0.000218362,1.10E-05,8.37E-05,0.07350634,0.03281201,0.005053747,0.002116126,0.000342317,0.00023595,0.006636627,1.94E-05,9.22E-05,0.003791488,0.009806776,0.000200078,6.96E-06,0.000156038,0.000149624,0.000183477,9.94E-05,3.58E-05,6.32E-06,5.11E-06,2.19E-06,0,2.37E-06,2.47E-06,2.39E-05,0,4.57E-06,9.47E-05,1.71E-06,0,0,0.181715298,-9.61E-05
1983.5,1983,1984,-0.034674924,-0.807248553,-0.674363337,-1.71462628,0.003349307,-0.296020076,-0.000178497,1.007826995,0.362873971,0.100742543,4.31E-05,0.000581174,1.92E-06,2.04E-05,1.96E-05,8.57E-09,1.83E-06,1.83E-07,0,4.16E-07,6.91E-09,7.46E-07,0.000421307,5.48E-05,0.00135524,0.000230023,1.17E-05,8.99E-05,0.077232649,0.034429895,0.005540365,0.002220649,0.000388657,0.000254921,0.007043345,1.85E-05,9.40E-05,0.003946791,0.009939659,0.000200481,7.18E-06,0.000159753,0.000155563,0.000211745,0.000118883,3.87E-05,7.33E-06,5.86E-06,2.19E-06,0,2.74E-06,2.47E-06,2.63E-05,0,4.90E-06,0.000101046,2.10E-06,0,0,0.174759566,-9.76E-05
1984.5,1984,1985,-0.086664499,-0.303201046,-0.683541746,-1.741077196,0.003657715,-0.297723058,-0.000186876,1.029838486,0.366751959,0.10270624,3.12E-05,0.000630566,1.98E-06,1.66E-05,2.13E-05,9.64E-09,2.82E-06,1.83E-07,0,6.93E-07,1.61E-08,9.95E-07,0.000464234,5.98E-05,0.001419306,0.00024392,1.25E-05,9.67E-05,0.080706179,0.035911232,0.006315157,0.00233378,0.000437986,0.000275077,0.007529858,1.66E-05,9.94E-05,0.004130226,0.010073886,0.000200816,7.41E-06,0.000163245,0.000161662,0.000240286,0.000142522,4.28E-05,8.46E-06,6.73E-06,2.19E-06,0,3.21E-06,2.64E-06,2.92E-05,0,5.35E-06,0.000110133,2.10E-06,0,0,0.178484485,-9.89E-05
1985.5,1985,1986,-0.108060214,0.020619532,-0.687553547,-1.751952899,0.003862791,-0.299182327,-0.000190451,1.050767968,0.370802149,0.104281982,4.16E-05,0.000680541,3.78E-06,2.14E-05,2.46E-05,1.07E-07,2.82E-06,1.83E-07,0,5.55E-07,2.58E-08,1.12E-06,0.000514084,6.77E-05,0.001481151,0.000258297,1.35E-05,0.000104101,0.084397621,0.037712672,0.007238459,0.002428623,0.000491801,0.000297605,0.008187641,1.99E-05,0.00010297,0.004289703,0.010198702,0.000201099,7.66E-06,0.0001665,0.000167889,0.000268645,0.000170246,4.69E-05,9.70E-06,7.61E-06,2.19E-06,0,3.85E-06,2.76E-06,3.31E-05,0,5.90E-06,0.00011922,2.10E-06,0,0,0.180474393,-0.000100302
1986.5,1986,1987,-0.107405832,0.016924925,-0.684673239,-1.754255396,0.004179674,-0.300374899,-0.000196048,1.071046394,0.374885657,0.106879699,4.31E-05,0.00073203,2.35E-06,2.07E-05,2.95E-05,9.41E-07,2.99E-06,1.83E-07,0,1.39E-07,5.68E-08,1.12E-06,0.00056982,7.55E-05,0.001540714,0.000272673,1.47E-05,0.000122938,0.08852271,0.039554225,0.008194375,0.002555139,0.000550099,0.000323182,0.008985852,2.54E-05,0.000115576,0.004417678,0.010358471,0.000201325,7.91E-06,0.000169504,0.000174228,0.000300104,0.000203937,5.12E-05,1.09E-05,8.60E-06,4.38E-06,0,4.67E-06,3.24E-06,3.80E-05,0,6.53E-06,0.000126672,2.49E-06,0,0,0.183497902,-0.000101686
1987.5,1987,1988,-0.088213372,0.073541744,-0.701393446,-1.79486197,0.004468247,-0.301405876,-0.000203751,1.095208142,0.378095933,0.107425456,3.67E-05,0.00078282,1.36E-06,2.04E-05,3.16E-05,2.20E-06,3.65E-06,1.83E-07,0,4.16E-07,1.51E-07,9.95E-07,0.000626595,8.05E-05,0.001601117,0.00028689,1.58E-05,0.000129066,0.092926728,0.041562411,0.009348733,0.002692228,0.000612882,0.000348759,0.009565809,2.35E-05,0.000115812,0.004569329,0.010480496,0.000201521,8.16E-06,0.000172241,0.000180731,0.000334391,0.000240382,5.49E-05,1.22E-05,9.48E-06,4.38E-06,0,5.64E-06,3.75E-06,4.35E-05,0,7.23E-06,0.000134668,2.63E-06,0,0,0.187190337,-0.000102773
1988.5,1988,1989,-0.048438447,0.113133979,-0.703826208,-1.807862499,0.004796498,-0.302350857,-0.000211509,1.130055734,0.382143782,0.109437138,3.86E-05,0.000840134,2.35E-06,2.27E-05,3.75E-05,3.86E-06,3.32E-06,1.83E-07,0,4.16E-07,3.26E-07,9.95E-07,0.000683715,8.45E-05,0.001662722,0.000301586,1.72E-05,0.000134811,0.097855915,0.043486341,0.010636123,0.002806861,0.00068015,0.000371964,0.010150097,2.15E-05,0.000117933,0.004777363,0.010594351,0.000201682,8.43E-06,0.000174699,0.000187732,0.00036895,0.000275909,5.97E-05,1.35E-05,1.06E-05,6.57E-06,0,6.74E-06,4.60E-06,4.96E-05,0,8.04E-06,0.000145209,2.89E-06,0,0,0.190178771,-0.000104155
1989.5,1989,1990,0.003781005,0.140585271,-0.699353073,-1.793353879,0.005105027,-0.302511257,-0.000209692,1.152831276,0.386473,0.112443294,4.28E-05,0.000904553,3.66E-06,2.27E-05,4.35E-05,5.89E-06,2.32E-06,1.83E-07,0,4.16E-07,5.70E-07,9.95E-07,0.000745336,8.66E-05,0.001725467,0.000316441,1.83E-05,0.000140173,0.101983183,0.045049337,0.011865104,0.002903317,0.000748912,0.000392459,0.010890431,2.41E-05,0.00013266,0.004939288,0.010713421,0.000201813,8.69E-06,0.00017686,0.000191808,0.000404604,0.000309188,6.49E-05,1.48E-05,1.17E-05,8.76E-06,0,7.83E-06,5.46E-06,5.63E-05,0,9.03E-06,0.000154659,3.08E-06,0,0,0.191198164,-0.000105643
1990.5,1990,1991,-0.004172601,0.137354285,-0.701381778,-1.80560198,0.00525236,-0.302571214,-0.000214154,1.170509562,0.388877665,0.115085699,4.71E-05,0.000968624,3.16E-06,1.86E-05,4.94E-05,8.38E-06,2.32E-06,1.83E-07,0,6.93E-07,8.78E-07,1.12E-06,0.000813188,8.70E-05,0.001787372,0.000331137,1.95E-05,0.000145152,0.105284562,0.046219078,0.013015224,0.002988337,0.00081618,0.000410245,0.011705179,2.71E-05,0.000179314,0.005113653,0.010787234,0.000201922,8.97E-06,0.00017893,0.000190768,0.000444179,0.000340721,7.03E-05,1.60E-05,1.28E-05,8.76E-06,4.11E-06,8.93E-06,6.48E-06,6.39E-05,0,1.02E-05,0.000165382,3.48E-06,0,0,0.192856975,-0.000106477
1991.5,1991,1992,-0.015136071,-0.661614189,-0.716235357,-1.93295218,0.005215676,-0.301402619,-0.000235772,1.188965554,0.39308686,0.117074785,4.28E-05,0.001030713,3.41E-06,2.43E-05,5.50E-05,1.42E-05,6.81E-06,1.83E-07,0,1.11E-06,1.25E-06,1.74E-06,0.000886925,8.84E-05,0.001847535,0.000345514,2.08E-05,0.000149939,0.107899515,0.047020723,0.013985326,0.003041445,0.000880457,0.000424981,0.012496173,2.55E-05,0.00027015,0.005202902,0.010770318,0.000202009,9.26E-06,0.000181057,0.000181939,0.000482204,0.000370236,7.44E-05,1.74E-05,1.40E-05,1.10E-05,4.74E-06,1.03E-05,7.50E-06,7.21E-05,0,1.14E-05,0.000170168,4.00E-06,0,0,0.206045878,-0.000107932
1992.5,1992,1993,-0.029113119,-2.179205681,-0.660340136,-1.73149021,0.005760212,-0.30017725,-0.000209259,1.198652106,0.395460429,0.118562177,3.65E-05,0.001094667,4.28E-06,1.77E-05,5.76E-05,2.00E-05,5.65E-06,1.83E-07,0,6.93E-07,1.67E-06,2.86E-06,0.00095997,9.38E-05,0.001898752,0.000359251,2.23E-05,0.000154343,0.110307451,0.047519904,0.014780479,0.003074638,0.000940251,0.000437854,0.013229704,2.76E-05,0.000381131,0.005252709,0.010732878,0.000202083,9.55E-06,0.00018314,0.000168508,0.000517979,0.000397638,7.83E-05,1.86E-05,1.52E-05,1.31E-05,5.37E-06,1.17E-05,8.87E-06,7.86E-05,0,1.25E-05,0.000174408,4.53E-06,0,0,0.194166396,-0.000108757
1993.5,1993,1994,-0.060615747,-0.935604754,-0.651923795,-1.737979753,0.006299313,-0.300030988,-0.000217345,1.208876923,0.39607445,0.119466282,5.29E-05,0.001165028,2.98E-06,2.33E-05,6.35E-05,2.38E-05,5.65E-06,3.66E-07,0,1.48E-07,2.15E-06,4.48E-06,0.001033015,9.88E-05,0.001945946,0.000372989,2.39E-05,0.000158365,0.111843737,0.047765958,0.015165204,0.003100271,0.000998549,0.000449203,0.013786269,7.44E-05,0.000448083,0.005022564,0.010656474,0.000202163,9.84E-06,0.000185074,0.000166366,0.000551475,0.000420543,8.19E-05,2.00E-05,1.65E-05,1.53E-05,6.00E-06,1.28E-05,1.02E-05,8.20E-05,0,1.34E-05,0.000176468,5.25E-06,0,0,0.197009151,-0.000108973
1994.5,1994,1995,-0.090088281,-0.051354987,-0.655694611,-1.822818007,0.006708137,-0.299812657,-0.000234933,1.229546032,0.397802723,0.12100818,9.79E-05,0.001237485,2.66E-06,2.92E-05,7.14E-05,2.81E-05,7.31E-06,3.66E-07,0,2.79E-07,2.67E-06,6.34E-06,0.001110215,0.000103426,0.001990379,0.000386726,2.59E-05,0.000162386,0.113081481,0.047781,0.015398931,0.003117819,0.001052363,0.000457164,0.01449161,0.000185375,0.00059121,0.004613949,0.010573567,0.000192251,1.01E-05,0.00018676,0.000165457,0.000590138,0.000439821,8.53E-05,2.12E-05,1.76E-05,1.75E-05,6.63E-06,1.42E-05,1.18E-05,8.37E-05,0,2.03E-05,0.000180129,6.24E-06,0,0,0.205798201,-0.000109577
1995.5,1995,1996,-0.102387125,0.098956161,-0.624139555,-1.739369142,0.007162896,-0.299362652,-0.00023476,1.254795369,0.399344432,0.122707086,0.000187254,0.001315185,4.41E-06,3.98E-05,8.47E-05,3.28E-05,7.47E-06,7.32E-07,0,5.55E-07,3.25E-06,8.46E-06,0.001195203,0.000109472,0.002035051,0.000401582,2.82E-05,0.000166407,0.11450881,0.047570225,0.015434492,0.00312658,0.001100198,0.000462753,0.015159528,0.000344568,0.000734455,0.00413648,0.010494166,0.000203131,9.63E-06,0.000188093,0.000163343,0.000622236,0.000456437,8.73E-05,2.26E-05,1.88E-05,1.97E-05,7.27E-06,1.54E-05,1.33E-05,8.45E-05,0,3.36E-05,0.000184174,6.69E-06,0,0,0.202558474,-0.000110119
1996.5,1996,1997,-0.113858634,0.145942813,-0.607070425,-1.692619602,0.007581713,-0.299925124,-0.000226449,1.278834713,0.399980627,0.125141132,0.000330875,0.001398126,7.34E-06,5.95E-05,0.00010502,3.90E-05,8.80E-06,1.10E-06,0,2.79E-07,3.86E-06,1.08E-05,0.001278634,0.000116547,0.002079903,0.000418035,3.12E-05,0.000170429,0.11573348,0.047403682,0.015438546,0.003132011,0.001137569,0.000465972,0.015867938,0.000532836,0.000855164,0.00360192,0.010385758,0.000175773,1.01E-05,0.000188968,0.000149992,0.00064716,0.000470896,8.90E-05,2.39E-05,2.02E-05,2.41E-05,7.90E-06,1.66E-05,1.48E-05,8.47E-05,0,4.13E-05,0.000184137,6.96E-06,0,0,0.202687563,-0.00011035
1997.5,1997,1998,-0.096245452,0.161326667,-0.651051778,-1.924011034,0.007968041,-0.300782411,-0.000251194,1.293937467,0.401019737,0.127521892,0.000538771,0.001487475,3.54E-06,8.70E-05,0.000132072,4.57E-05,1.10E-05,1.46E-06,0,5.55E-07,4.52E-06,1.32E-05,0.001358429,0.000121307,0.002123495,0.000436564,3.45E-05,0.00017445,0.116570265,0.047203293,0.015379492,0.003137111,0.001165971,0.000469698,0.016451672,0.000720564,0.000989264,0.003062121,0.010287306,0.000184188,9.95E-06,0.000189311,0.000129051,0.000677981,0.000483932,9.05E-05,2.53E-05,2.13E-05,2.63E-05,8.53E-06,1.79E-05,1.64E-05,8.45E-05,0,4.32E-05,0.000185282,7.22E-06,0,0,0.221425016,-0.000110722
1998.5,1998,1999,-0.051021846,0.162566973,-0.637941368,-1.896740917,0.008290019,-0.301477447,-0.000252176,1.329980465,0.404217919,0.129692453,0.000796533,0.001578688,7.77E-06,0.000126735,0.00016905,5.37E-05,1.35E-05,2.01E-06,0,1.39E-06,5.74E-06,1.57E-05,0.001434244,0.000127739,0.002166306,0.000456372,3.83E-05,0.000178663,0.117171704,0.04694739,0.015304316,0.003141387,0.001188393,0.000473594,0.017182026,0.000895054,0.001104249,0.002571171,0.010188957,0.000233235,1.07E-05,0.000181737,0.000117594,0.000706796,0.000495499,9.09E-05,2.66E-05,2.24E-05,3.07E-05,9.16E-06,1.90E-05,1.81E-05,8.41E-05,0,4.50E-05,0.000186564,7.42E-06,0,0,0.217837681,-0.000111845
1999.5,1999,2000,-0.021086551,0.165174728,-0.584160785,-1.659449543,0.008794511,-0.30249498,-0.00022,1.358264103,0.406587132,0.132488753,0.001111416,0.00167188,1.08E-05,0.000164149,0.00020824,6.37E-05,1.56E-05,2.56E-06,6.19E-10,1.53E-06,7.07E-06,1.84E-05,0.001507808,0.000133142,0.002207736,0.000476819,4.24E-05,0.000182876,0.117703411,0.046682085,0.015220572,0.003143479,0.001206331,0.000476812,0.017860851,0.001075771,0.00121953,0.002148579,0.010072623,0.00021631,9.95E-06,0.000182845,0.000115989,0.000730778,0.000506423,9.11E-05,2.81E-05,2.36E-05,3.50E-05,9.79E-06,2.01E-05,1.98E-05,8.35E-05,1.12E-05,4.69E-05,0.000186605,7.94E-06,0,0,0.210483615,-0.000112685
2000.5,2000,2001,0.006185374,0.165658497,-0.573830354,-1.595562541,0.009486825,-0.303299529,-0.000204534,1.373818476,0.406954421,0.13528524,0.001452817,0.001767403,1.42E-05,0.000210345,0.000251904,7.47E-05,1.88E-05,3.29E-06,2.24E-06,1.45E-06,6.76E-06,2.15E-05,0.001577564,0.000137644,0.002248145,0.000497265,4.68E-05,0.000186897,0.118167566,0.046412751,0.01512651,0.003143232,0.001219785,0.000479183,0.018516295,0.001244672,0.00134897,0.00179666,0.009960456,0.000196742,1.00E-05,0.00017735,9.40E-05,0.000751386,0.000517531,9.13E-05,2.93E-05,2.46E-05,3.72E-05,1.04E-05,2.13E-05,2.13E-05,8.27E-05,1.09E-05,4.88E-05,0.000187736,7.94E-06,8.62E-07,0,0.209043974,-0.000112826
2001.5,2001,2002,-0.010559031,0.161724293,-0.575393979,-1.599744918,0.009708004,-0.3027023,-0.000206438,1.395210851,0.406466825,0.137389121,0.001811486,0.001847899,1.89E-05,0.000266394,0.000300659,8.65E-05,2.34E-05,4.03E-06,8.95E-07,2.11E-06,6.76E-06,2.49E-05,0.00164784,0.000142533,0.002287233,0.000516434,5.15E-05,0.000190727,0.118374583,0.046120495,0.0150295,0.003141809,0.001231744,0.000481894,0.019289361,0.001387491,0.00146779,0.00149614,0.009860582,0.000173386,8.65E-06,0.000170687,8.41E-05,0.000765976,0.00052717,9.14E-05,3.08E-05,2.57E-05,4.16E-05,1.09E-05,2.24E-05,2.28E-05,8.18E-05,1.08E-05,5.07E-05,0.000187486,8.14E-06,9.25E-07,0,0.210646074,-0.000112665
2002.5,2002,2003,-9.19E-05,0.166797817,-0.595664003,-1.71637239,0.009525161,-0.301877313,-0.000221397,1.422105788,0.406722032,0.139204297,0.002202855,0.001927578,2.57E-05,0.000327727,0.000358261,0.000103665,2.87E-05,4.94E-06,4.48E-07,3.42E-06,8.29E-06,2.87E-05,0.001722616,0.000149222,0.002327162,0.000535283,5.64E-05,0.00019494,0.11848136,0.045772814,0.014893612,0.003138799,0.001240713,0.000485112,0.019987909,0.00151766,0.001562421,0.001246602,0.009755222,0.000178667,7.68E-06,0.00019559,8.25E-05,0.000775277,0.000537099,9.12E-05,3.22E-05,2.66E-05,4.38E-05,1.14E-05,2.34E-05,2.42E-05,8.07E-05,1.05E-05,5.27E-05,0.000186741,8.80E-06,1.02E-06,0,0.217046308,-0.000112762
2003.5,2003,2004,-0.053715144,0.154566069,-0.621228554,-1.759682268,0.009867362,-0.302180318,-0.000224523,1.456005835,0.407991225,0.141178712,0.00262631,0.002010986,3.52E-05,0.000401912,0.000421468,0.000123161,3.45E-05,5.86E-06,6.12E-06,8.17E-06,1.18E-05,3.32E-05,0.001797738,0.000157841,0.002370814,0.000553333,6.12E-05,0.000199344,0.118444315,0.045391019,0.014756987,0.003142561,0.001245197,0.00048833,0.020653737,0.001629101,0.001639885,0.001041108,0.009656974,0.000182762,7.17E-06,0.00020331,8.44E-05,0.00078166,0.000545124,9.07E-05,3.33E-05,2.72E-05,4.60E-05,1.18E-05,2.45E-05,2.54E-05,7.98E-05,1.02E-05,5.46E-05,0.000185996,9.65E-06,1.12E-06,0,0.218636126,-0.000113216
2004.5,2004,2005,-0.082375654,0.162729204,-0.632180017,-1.754087659,0.011222982,-0.303044278,-0.000231845,1.479847293,0.407774552,0.143016082,0.003065144,0.002109771,5.08E-05,0.000480595,0.00049563,0.000148982,4.17E-05,6.77E-06,2.25E-05,1.70E-05,1.57E-05,3.84E-05,0.001876841,0.000167618,0.002418497,0.000570358,6.64E-05,0.00020394,0.118346254,0.045032146,0.014601291,0.00314175,0.001247106,0.000494799,0.021279009,0.001699358,0.001719826,0.000865267,0.009556693,0.000187285,6.97E-06,0.000198919,8.06E-05,0.000788317,0.000557505,9.24E-05,3.43E-05,2.79E-05,4.82E-05,1.23E-05,2.54E-05,2.63E-05,7.89E-05,1.00E-05,5.66E-05,0.000186645,1.16E-05,1.21E-06,0.000158444,0.222612602,-0.000113148
2005.5,2005,2006,-0.111967993,0.140511523,-0.660647852,-1.806627257,0.011789573,-0.303831583,-0.000239468,1.506465784,0.407137263,0.145011961,0.003529984,0.002220787,7.38E-05,0.000566204,0.000578329,0.000175802,5.05E-05,7.68E-06,5.24E-05,2.88E-05,2.03E-05,4.45E-05,0.001954733,0.000174057,0.002459624,0.000585648,7.11E-05,0.00020911,0.118187178,0.044664408,0.014491936,0.003121745,0.001248706,0.000499206,0.022035878,0.001733187,0.00178779,0.000723587,0.009459715,0.000183326,7.23E-06,0.000213416,8.02E-05,0.0007916,0.000562672,9.21E-05,3.52E-05,2.84E-05,5.04E-05,1.27E-05,2.64E-05,2.73E-05,7.82E-05,1.00E-05,5.87E-05,0.000189916,1.44E-05,1.34E-06,0.000164782,0.225440582,-0.000112934
2006.5,2006,2007,-0.116202814,0.125107118,-0.672191212,-1.832331346,0.012280593,-0.300583888,-0.000237083,1.534778349,0.407175385,0.147365766,0.003975511,0.002343335,9.87E-05,0.000662237,0.000672549,0.000207567,6.06E-05,9.33E-06,9.01E-05,4.19E-05,2.49E-05,5.16E-05,0.002037471,0.000183071,0.002499198,0.000600149,7.54E-05,0.000214664,0.117853771,0.044274554,0.014379172,0.003107466,0.001249589,0.000503204,0.022907365,0.001778145,0.001882363,0.000605015,0.009346329,0.000171107,6.62E-06,0.000216287,8.06E-05,0.000789046,0.000568994,9.10E-05,3.60E-05,2.89E-05,5.26E-05,1.32E-05,2.74E-05,2.78E-05,7.76E-05,9.88E-06,5.99E-05,0.000186645,1.75E-05,1.53E-06,0.000167317,0.228613632,-0.000112958
2007.5,2007,2008,-0.126618236,0.115014574,-0.657782668,-1.806205866,0.012925348,-0.29715914,-0.000243368,1.557505281,0.409285404,0.149439674,0.004425534,0.002449226,0.000129874,0.000785045,0.000771912,0.000243042,7.14E-05,1.01E-05,0.000123485,5.37E-05,2.94E-05,5.98E-05,0.002132152,0.000190367,0.002541853,0.000615204,7.92E-05,0.000220408,0.117385259,0.043895266,0.014230938,0.003112808,0.001249908,0.000505832,0.023931807,0.001842029,0.002001714,0.000505461,0.009231519,0.000189358,6.22E-06,0.000232462,8.83E-05,0.000782937,0.000575448,9.00E-05,3.67E-05,2.93E-05,5.48E-05,1.37E-05,2.83E-05,2.85E-05,7.73E-05,9.88E-06,6.01E-05,0.000186463,2.02E-05,1.85E-06,0.00017112,0.230977712,-0.000113707
2008.5,2008,2009,-0.122645394,0.12829983,-0.631265699,-1.738842402,0.013181974,-0.297175233,-0.000234131,1.584913685,0.411235838,0.151946687,0.004887769,0.002545797,0.000164126,0.00092706,0.000883772,0.000270979,8.27E-05,1.13E-05,0.000153741,6.34E-05,3.42E-05,6.93E-05,0.002230988,0.000195067,0.002583839,0.000628895,8.26E-05,0.000226728,0.11688188,0.043543287,0.01409505,0.003125985,0.001250659,0.000507798,0.024990928,0.001897332,0.002139826,0.000424331,0.009114526,0.000190649,5.62E-06,0.000263536,8.53E-05,0.000774092,0.000581059,8.92E-05,3.72E-05,2.98E-05,5.48E-05,1.41E-05,2.94E-05,2.90E-05,7.70E-05,9.88E-06,6.01E-05,0.000188281,2.07E-05,2.20E-06,0.000158444,0.228670259,-0.000114404
2009.5,2009,2010,-0.123748835,0.106840046,-0.580463597,-1.651092903,0.012827948,-0.297442951,-0.00022586,1.603966934,0.412725828,0.153895543,0.005364513,0.002628622,0.000198574,0.001080714,0.000999078,0.00028125,9.53E-05,1.26E-05,0.000177365,7.46E-05,3.86E-05,7.96E-05,0.002326708,0.000201652,0.002621354,0.000640814,8.58E-05,0.000233621,0.11633274,0.043206441,0.013980259,0.003131544,0.00125157,0.000510484,0.025969979,0.001947684,0.002269738,0.000356655,0.008983664,0.000175729,5.02E-06,0.000260504,7.82E-05,0.000762602,0.000583853,8.82E-05,3.78E-05,3.02E-05,5.69E-05,1.46E-05,3.02E-05,2.93E-05,7.61E-05,9.88E-06,6.18E-05,0.000188281,2.02E-05,2.52E-06,0.000145769,0.224863898,-0.000114938
2010.5,2010,2011,-0.102077862,0.132671179,-0.571558331,-1.69674497,0.014211948,-0.297397781,-0.000242651,1.632812422,0.414295615,0.156326872,0.005879782,0.002708535,0.000258546,0.001256073,0.001111503,0.0002929,0.000108786,1.37E-05,0.000200334,7.57E-05,4.25E-05,9.09E-05,0.002426236,0.000209992,0.00265878,0.000652821,8.87E-05,0.00024109,0.115689897,0.042866192,0.013859296,0.003128142,0.001252466,0.000514154,0.026948639,0.00200691,0.002410119,0.000298361,0.008866873,0.000179809,4.86E-06,0.00030318,8.54E-05,0.000750748,0.000588666,8.70E-05,3.82E-05,2.99E-05,5.69E-05,1.51E-05,3.13E-05,2.97E-05,7.20E-05,9.88E-06,6.78E-05,0.000193006,2.21E-05,2.68E-06,0.000139431,0.229282636,-0.000115503
2011.5,2011,2012,-0.066313199,0.101880663,-0.582325301,-1.655278372,0.014900109,-0.295083891,-0.000227376,1.656668185,0.415913456,0.159115921,0.006410582,0.002801844,0.000319914,0.001469274,0.00123473,0.000311303,0.000120816,1.50E-05,0.000226566,8.33E-05,4.64E-05,0.000103003,0.002527149,0.000220079,0.002699436,0.000665431,9.16E-05,0.000249515,0.115116787,0.042492903,0.013738148,0.003115108,0.00125413,0.0005185,0.027843311,0.002094915,0.00250162,0.000248698,0.008746171,0.000159057,4.76E-06,0.00030518,9.12E-05,0.000737617,0.000592044,8.57E-05,3.88E-05,3.07E-05,5.91E-05,1.55E-05,3.22E-05,3.00E-05,7.15E-05,9.88E-06,7.30E-05,0.000189008,2.66E-05,2.87E-06,0.000136896,0.230777175,-0.000116088
2012.5,2012,2013,-0.046869689,0.130819041,-0.57848943,-1.697699328,0.015015842,-0.293034707,-0.000235487,1.682454533,0.417421681,0.161513017,0.006907866,0.002907152,0.00038117,0.00170111,0.001367727,0.000319268,0.00013438,1.66E-05,0.000254275,9.17E-05,4.98E-05,0.000115692,0.002628408,0.000231756,0.002742401,0.000678084,9.42E-05,0.000258324,0.114519706,0.042136537,0.013620041,0.003092827,0.001256271,0.000523217,0.02855884,0.002193167,0.002553722,0.000206812,0.00862933,0.000174207,4.50E-06,0.000302545,9.80E-05,0.00072248,0.000598095,8.44E-05,3.94E-05,3.09E-05,5.91E-05,1.58E-05,3.30E-05,3.03E-05,7.34E-05,9.58E-06,7.96E-05,0.000193006,2.97E-05,2.97E-06,0.000135628,0.23341963,-0.000116633
2013.5,2013,2014,-0.041996656,0.158003261,-0.543081653,-1.592212388,0.015482671,-0.293772496,-0.00022236,1.717203304,0.419030448,0.164059126,0.007416288,0.003025507,0.000467005,0.001968718,0.001504942,0.000318412,0.000149935,1.84E-05,0.000281001,0.00010003,5.20E-05,0.000129252,0.002738841,0.000245213,0.002785684,0.000690643,9.68E-05,0.000267516,0.113855072,0.041834073,0.013497511,0.003081567,0.001258223,0.000527868,0.029279266,0.002281221,0.002597723,0.000172138,0.008520973,0.000173268,4.13E-06,0.00038022,0.000108136,0.000703605,0.00060231,8.31E-05,3.99E-05,3.12E-05,6.13E-05,1.62E-05,3.38E-05,3.07E-05,7.26E-05,9.58E-06,8.85E-05,0.000187736,2.97E-05,2.94E-06,0.000133093,0.229934776,-0.000117216
2014.5,2014,2015,-0.033702762,0.130139032,-0.53349721,-1.623653599,0.016131789,-0.294104867,-0.000225894,1.741578992,0.421772504,0.167125655,0.007951585,0.00314957,0.000564061,0.002255533,0.00164694,0.000311755,0.000166708,2.01E-05,0.000306111,0.000108894,5.36E-05,0.00014418,0.002855505,0.000258753,0.002829246,0.000703473,9.93E-05,0.00027709,0.113227483,0.04158793,0.013384931,0.003077526,0.001260909,0.000531753,0.029922367,0.002333975,0.002612276,0.000143943,0.008408094,0.000179541,3.73E-06,0.000383658,0.000127464,0.000685459,0.000605339,8.18E-05,4.05E-05,3.14E-05,6.13E-05,1.66E-05,3.46E-05,3.10E-05,7.20E-05,1.00E-05,9.44E-05,0.000186645,2.83E-05,2.65E-06,0.000130558,0.234183077,-0.000118206
2015.5,2015,2016,-0.027463953,0.103269914,-0.516970543,-1.638706916,0.016982462,-0.293991654,-0.000224912,1.770474057,0.425094503,0.16964959,0.008523719,0.003266644,0.00066359,0.002583403,0.001806785,0.000313705,0.00018207,2.16E-05,0.000332778,0.000118635,5.54E-05,0.000161839,0.002968016,0.000271114,0.002874513,0.000716521,0.00010179,0.000287239,0.112569386,0.041359694,0.013267745,0.003070019,0.001265126,0.000535022,0.030476843,0.002375012,0.002615401,0.000121849,0.008292624,0.000189195,3.65E-06,0.000375865,0.000132607,0.000666492,0.000606992,8.06E-05,4.29E-05,3.49E-05,6.02E-05,1.70E-05,3.36E-05,3.14E-05,7.06E-05,9.88E-06,0.000100293,0.000190825,2.82E-05,2.82E-06,0.00012929,0.23872663,-0.000119404
2016.5,2016,2017,-0.086246122,0.127483458,-0.478281449,-1.485436448,0.017850799,-0.294669444,-0.000208618,1.81299438,0.42752761,0.171856588,0.009143778,0.003372418,0.000779725,0.002924767,0.001970332,0.000316701,0.000200266,2.33E-05,0.000361917,0.000129133,5.76E-05,0.000180794,0.003083122,0.000284092,0.002923443,0.000730136,0.000104353,0.000298346,0.111848095,0.041112745,0.013162904,0.003069223,0.001270624,0.000538796,0.031023351,0.00240335,0.002628568,0.000103063,0.008178425,0.000209955,4.11E-06,0.000391529,0.000146309,0.000647981,0.000606992,7.96E-05,4.31E-05,3.45E-05,6.15E-05,1.74E-05,3.48E-05,3.17E-05,7.01E-05,1.00E-05,0.000108404,0.000189008,3.00E-05,2.82E-06,0.000127009,0.232337289,-0.000120286
2017.5,2017,2018,-0.110796023,0.146071268,-0.461828959,-1.470369514,0.018676447,-0.295216316,-0.000208262,1.839553571,0.429622189,0.174341712,0.00978407,0.003491821,0.000934578,0.003319396,0.002142982,0.00032419,0.000220479,2.53E-05,0.000393512,0.000137322,5.94E-05,0.000202874,0.003202036,0.000297622,0.002976531,0.000744801,0.000107047,0.00031041,0.111122445,0.040944053,0.013070316,0.003067338,0.001279216,0.000543672,0.031484239,0.002403383,0.002635834,8.76E-05,0.008085714,0.000190313,3.61E-06,0.000426662,0.000164292,0.000630473,0.000607818,7.77E-05,4.40E-05,3.54E-05,6.20E-05,1.78E-05,3.52E-05,3.21E-05,6.96E-05,1.02E-05,0.000116516,0.000187972,3.10E-05,2.82E-06,0.000124981,0.233829178,-0.00012105
2018.5,2018,2019,-0.11521996,0.131273909,-0.452424898,-1.446366922,0.018864567,-0.295334203,-0.000202082,1.868928599,0.432143823,0.177461585,0.010406684,0.00362963,0.001120338,0.003757436,0.002306581,0.00033351,0.000242109,2.75E-05,0.000426678,0.00014471,6.11E-05,0.000228326,0.003321124,0.000309936,0.003032287,0.000759615,0.000109846,0.000322857,0.110475244,0.040791836,0.01296483,0.003067338,0.001288627,0.000549536,0.031875964,0.002389696,0.002628503,7.52E-05,0.008000979,0.000185366,3.35E-06,0.000435295,0.000157872,0.000614607,0.00060791,7.71E-05,4.49E-05,3.63E-05,6.24E-05,1.82E-05,3.57E-05,3.24E-05,6.91E-05,1.03E-05,0.000124628,0.000187481,3.10E-05,2.82E-06,0.000122953,0.234143095,-0.000121973
2019.5,2019,2020,-0.116428945,0.050087606,-0.469098493,-1.5841879,0.020594496,-0.296470469,-0.000212939,1.899010354,0.434601483,0.179981458,0.010998742,0.003817257,0.001319071,0.004223085,0.002469515,0.000339199,0.000265973,2.96E-05,0.000458956,0.000150032,6.30E-05,0.000256912,0.003440433,0.000321285,0.003089332,0.000774236,0.000112735,0.000335113,0.10960249,0.040513502,0.012860818,0.003069223,0.001296338,0.000555688,0.032220162,0.002389935,0.002622112,6.41E-05,0.007925487,0.000183624,3.15E-06,0.000455449,0.000137543,0.000594372,0.000608966,7.58E-05,4.59E-05,3.72E-05,6.29E-05,1.85E-05,3.62E-05,3.27E-05,6.86E-05,1.04E-05,0.00013274,0.00018699,3.03E-05,2.82E-06,0.000120924,0.239902296,-0.000122873
2020.5,2020,2021,-0.106779674,0.023920948,-0.390067965,-1.392856155,0.01026555,-0.297279074,-0.000197231,1.927835339,0.4381316,0.183107691,0.011548938,0.00395857,0.001520161,0.004677961,0.002627825,0.000337033,0.000291111,3.17E-05,0.000487157,0.000152285,6.49E-05,0.000288491,0.003559083,0.000333193,0.003147418,0.000788998,0.000115714,0.00034687,0.108726415,0.040093318,0.012719666,0.003066665,0.00130134,0.000561196,0.032373763,0.002402965,0.00259292,5.57E-05,0.007813551,0.000192442,3.40E-06,0.00046136,0.000124961,0.000575099,0.000608367,7.54E-05,4.68E-05,3.81E-05,6.33E-05,1.89E-05,3.66E-05,3.31E-05,6.86E-05,1.05E-05,0.000147489,0.0001865,3.03E-05,2.82E-06,0.000118896,0.231295271,-0.000124167
2021.5,2021,2022,-0.083622469,0.084723633,-0.426981909,-1.556861653,0.012351421,-0.297591417,-0.000206394,1.95518287,0.443062555,0.186483385,0.012138296,0.004093196,0.001747385,0.005178228,0.002796688,0.000344045,0.000320121,3.37E-05,0.000510516,0.000156231,6.64E-05,0.000322545,0.003686207,0.000347483,0.003206626,0.000804479,0.000118714,0.000358896,0.107881755,0.039679726,0.012590687,0.003066665,0.001307959,0.000565963,0.032497502,0.002413113,0.002567938,4.86E-05,0.007699431,0.000193017,3.29E-06,0.000511714,0.000120847,0.00055986,0.000609673,7.52E-05,4.77E-05,3.90E-05,6.37E-05,1.93E-05,3.71E-05,3.34E-05,6.86E-05,1.07E-05,0.000162238,0.000186009,3.03E-05,2.82E-06,0.000116868,0.238651988,-0.000125979
2022.5,2022,2023,-0.025054967,-0.044256987,-0.387288441,-1.30428688,0.01568471,-0.297949393,-0.000186929,1.983841117,0.44777043,0.189929103,0.012715694,0.004203463,0.002012051,0.005739466,0.002988448,0.000350947,0.000349981,3.58E-05,0.000530342,0.000159016,6.77E-05,0.000358192,0.003818407,0.000362403,0.003266075,0.000820651,0.000121738,0.000370922,0.107085265,0.039274553,0.01249856,0.003066665,0.001319076,0.000570357,0.032484101,0.002412817,0.002534735,4.41E-05,0.007596153,0.000181785,3.04E-06,0.000512116,0.000107781,0.000542713,0.000609993,7.50E-05,4.86E-05,3.99E-05,6.42E-05,1.97E-05,3.75E-05,3.38E-05,6.86E-05,1.08E-05,0.000176987,0.000185518,3.03E-05,2.82E-06,0.00011484,0.235924027,-0.000127719
2023.5,2023,2024,0.019916798,0.125765865,-0.472950578,-1.825879637,0.019742118,-0.298930995,-0.000221895,2.011163636,0.4507374,0.192791759,0.013232193,0.004310122,0.002301623,0.006314203,0.0031828,0.000351366,0.000379196,3.80E-05,0.000546725,0.000158322,6.77E-05,0.000394669,0.003949819,0.000375413,0.003324498,0.000836361,0.000124836,0.000382948,0.106197099,0.038826345,0.012388007,0.003066665,0.001329851,0.000574391,0.032294624,0.002400841,0.002506445,3.96E-05,0.007509784,0.00017285,2.90E-06,0.000520506,9.80E-05,0.000525509,0.000606385,7.47E-05,4.96E-05,4.08E-05,6.46E-05,2.01E-05,3.80E-05,3.41E-05,6.86E-05,1.09E-05,0.000191736,0.000185028,3.03E-05,2.82E-06,0.000112812,0.250915935,-0.000128824
2024.5,2024,2025,0.030008196,0.124388001,-0.437226463,-1.646078416,0.021711351,-0.29973903,-0.000220268,2.052033849,0.452945625,0.195602304,0.013766269,0.00440382,0.002632732,0.006946847,0.003360411,0.000366544,0.00041064,4.03E-05,0.000560218,0.00015272,6.69E-05,0.000431421,0.004081545,0.000387359,0.00338214,0.000851533,0.000128006,0.000394973,0.105276256,0.038402726,0.012277454,0.003065641,0.001337205,0.000578017,0.032026832,0.002389295,0.002473186,3.54E-05,0.00741162,0.000189429,3.22E-06,0.000567888,0.000103802,0.000508325,0.000603693,7.42E-05,5.05E-05,4.17E-05,6.50E-05,2.05E-05,3.84E-05,3.44E-05,6.86E-05,1.10E-05,0.000206485,0.000184537,3.03E-05,2.82E-06,0.000110784,0.251609251,-0.000129653
2025.5,2025,2026,0.017060098,0.117620015,-0.397771477,-1.368793628,0.022588577,-0.300333536,-0.000186286,2.085878051,0.455078508,0.199292396,0.014338846,0.004526062,0.002876604,0.007473465,0.003546619,0.000369889,0.000439649,4.24E-05,0.000581691,0.000156603,6.83E-05,0.000466459,0.00423849,0.000402049,0.003441546,0.00086749,0.000131013,0.000406999,0.104457865,0.037984964,0.012168743,0.00306513,0.001347173,0.000582606,0.032066342,0.002391923,0.002444757,2.98E-05,0.007308055,0.000178047,2.95E-06,0.000581272,9.15E-05,0.000491931,0.000603831,7.40E-05,5.14E-05,4.26E-05,6.55E-05,2.08E-05,3.89E-05,3.48E-05,6.86E-05,1.11E-05,0.000221234,0.000184046,3.03E-05,2.82E-06,0.000108756,0.241519276,-0.000130461
