time,timebound_lower,timebound_upper,solar,volcanic,aerosol-radiation_interactions,aerosol-cloud_interactions,contrails,land_use,BC_on_snow,CO2,CH4,N2O,HFC-134a,HFC-23,HFC-32,HFC-125,HFC-143a,HFC-152a,HFC-227ea,HFC-236fa,HFC-245fa,HFC-365mfc,HFC-43-10mee,NF3,SF6,SO2F2,CF4,C2F6,C3F8,c-C4F8,CFC-12,CFC-11,CFC-113,CFC-114,CFC-115,CFC-13,HCFC-22,HCFC-141b,HCFC-142b,CH3CCl3,CCl4,CH3Cl,CH3Br,CH2Cl2,CHCl3,Halon-1211,Halon-1301,Halon-2402,n-C4F10,n-C5F12,n-C6F14,i-C6F14,C7F16,C8F18,CFC-112,CFC-112a,CFC-113a,CFC-114a,HCFC-133a,HCFC-31,HCFC-124,O3,H2O_stratospheric
1750.5,1750,1751,0.02159121,0.234943996,0,0,0,0,0,0,0,0,0,0,0,0,0,0,0,0,0,0,0,0,0,0,0,0,0,0,0,0,0,0,0,0,0,0,0,0,0,0,0,0,0,0,0,0,0,0,0,0,0,0,0,0,0,0,0,0,0,0,0
1751.5,1751,1752,0.000780029,0.243453584,0.00063088,0.003830106,0,-0.000102748,-0.000373548,0.001417292,0.00050833,7.45E-05,0,0,0,0,0,0,0,0,0,0,0,0,0,0,0,0,0,0,0,0,0,0,0,0,0,0,0,0,0,0,0,7.96E-10,0,0,0,0,0,0,0,0,0,0,0,0,0,0,0,0,0,-0.000441436,3.45E-05
1752.5,1752,1753,-0.009079541,0.240777285,0.001155533,0.005575433,0,-0.000208278,-0.000498196,0.002834247,0.001016353,0.000148952,0,0,0,0,0,0,0,0,0,0,0,0,0,0,0,0,0,0,0,0,0,0,0,0,0,0,0,0,0,0,0,1.59E-09,0,0,0,0,0,0,0,0,0,0,0,0,0,0,0,0,0,-0.000409538,6.90E-05
1753.5,1753,1754,-0.023619287,0.096083654,0.000637431,0.003859007,0,-0.000316458,-0.000373606,0.004250863,0.00152407,0.000223415,0,0,0,0,0,0,0,0,0,0,0,0,0,0,0,0,0,0,0,0,0,0,0,0,0,0,0,0,0,0,0,2.39E-09,0,0,0,0,0,0,0,0,0,0,0,0,0,0,0,0,0,-0.000148817,0.000103439
1754.5,1754,1755,-0.042745605,-0.028037303,-0.000531038,-0.000976127,0,-0.000427292,5.40E-05,0.005667143,0.00203148,0.00029787,0,0,0,0,0,0,0,0,0,0,0,0,0,0,0,0,0,0,0,0,0,0,0,0,0,0,0,0,0,0,0,3.18E-09,0,0,0,0,0,0,0,0,0,0,0,0,0,0,0,0,0,0.000746417,0.000137919
1755.5,1755,1756,-0.052807983,0.108280664,0.000479028,0.000156222,0,-0.000540779,5.87E-05,0.007083086,0.002538584,0.000372317,0,0,0,0,0,0,0,0,0,0,0,0,0,0,0,0,0,0,0,0,0,0,0,0,0,0,0,0,0,0,0,3.98E-09,0,0,0,0,0,0,0,0,0,0,0,0,0,0,0,0,0,0.001037109,0.000172398
1756.5,1756,1757,-0.05380642,-0.031328236,0.000482264,0.003795751,0,-0.000656862,-0.000398297,0.008498691,0.003045384,0.000446755,0,0,0,0,0,0,0,0,0,0,0,0,0,0,0,0,0,0,0,0,0,0,0,0,0,0,0,0,0,0,0,4.77E-09,0,0,0,0,0,0,0,0,0,0,0,0,0,0,0,0,0,0.000207768,0.000206878
1757.5,1757,1758,-0.029968726,0.19376902,2.72E-05,-0.005437454,0,-0.000775529,0.000820756,0.00991396,0.003551878,0.000521185,0,0,0,0,0,0,0,0,0,0,0,0,0,0,0,0,0,0,0,0,0,0,0,0,0,0,0,0,0,0,0,5.57E-09,0,0,0,0,0,0,0,0,0,0,0,0,0,0,0,0,0,0.00275513,0.000241358
1758.5,1758,1759,-0.009531958,0.23755941,0.000232809,-0.002010205,0,-0.000896742,0.000409323,0.011328892,0.004058068,0.000595607,0,0,0,0,0,0,0,0,0,0,0,0,0,0,0,0,0,0,0,0,0,0,0,0,0,0,0,0,0,0,0,6.37E-09,0,0,0,0,0,0,0,0,0,0,0,0,0,0,0,0,0,0.002334504,0.000275837
1759.5,1759,1760,-0.001700464,0.240744971,-0.000103893,-0.002647809,0,-0.001020472,0.000365449,0.012743487,0.004563954,0.00067002,0,0,0,0,0,0,0,0,0,0,0,0,0,0,0,0,0,0,0,0,0,0,0,0,0,0,0,0,0,0,0,7.16E-09,0,0,0,0,0,0,0,0,0,0,0,0,0,0,0,0,0,0.002102206,0.000310317
1760.5,1760,1761,0.004430566,0.086899665,-0.001037109,-0.00558696,0,-0.001152944,0.000534438,0.014157747,0.005069537,0.000744425,0,0,0,0,0,0,0,0,0,0,0,0,0,0,0,0,0,0,0,0,0,0,0,0,0,0,0,0,0,0,0,7.96E-09,0,0,0,0,0,0,0,0,0,0,0,0,0,0,0,0,0,0.002476285,0.000344797
1761.5,1761,1762,0.023978101,-1.229424548,-0.000191689,-0.00510281,0,-0.001294102,0.000695488,0.01557167,0.005574818,0.000818822,0,0,0,0,0,0,0,0,0,0,0,0,0,0,0,0,0,0,0,0,0,0,0,0,0,0,0,0,0,0,0,8.75E-09,0,0,0,0,0,0,0,0,0,0,0,0,0,0,0,0,0,0.00316028,0.000379276
1762.5,1762,1763,0.00691106,-0.535311706,-0.00028117,-0.001513442,0,-0.001437682,0.000152341,0.016985257,0.006079795,0.00089321,0,0,0,0,0,0,0,0,0,0,0,0,0,0,0,0,0,0,0,0,0,0,0,0,0,0,0,0,0,0,0,9.55E-09,0,0,0,0,0,0,0,0,0,0,0,0,0,0,0,0,0,0.002068421,0.000413756
1763.5,1763,1764,-0.00932915,0.030602469,-0.000174949,-0.001938801,0,-0.001583703,0.000242396,0.018398509,0.006584471,0.000967591,0,0,0,0,0,0,0,0,0,0,0,0,0,0,0,0,0,0,0,0,0,0,0,0,0,0,0,0,0,0,0,1.03E-08,0,0,0,0,0,0,0,0,0,0,0,0,0,0,0,0,0,0.002580641,0.000448236
1764.5,1764,1765,-0.017706666,0.197822381,0.001709443,0.004477556,0,-0.001732112,-0.000292666,0.019811425,0.007088846,0.001041962,0,0,0,0,0,0,0,0,0,0,0,0,0,0,0,0,0,0,0,0,0,0,0,0,0,0,0,0,0,0,0,1.11E-08,0,0,0,0,0,0,0,0,0,0,0,0,0,0,0,0,0,0.002009343,0.000482715
1765.5,1765,1766,-0.037691016,0.237072134,-0.000471871,-0.004438836,0,-0.001882878,0.000514602,0.021224006,0.007592919,0.001116326,0,0,0,0,0,0,0,0,0,0,0,0,0,0,0,0,0,0,0,0,0,0,0,0,0,0,0,0,0,0,0,1.19E-08,0,0,0,0,0,0,0,0,0,0,0,0,0,0,0,0,0,0.003411726,0.000517195
1766.5,1766,1767,-0.04981267,-0.24672819,0.000724865,-0.00020087,0,-0.002035964,0.000321248,0.022636251,0.008096693,0.001190681,0,0,0,0,0,0,0,0,0,0,0,0,0,0,0,0,0,0,0,0,0,0,0,0,0,0,0,0,0,0,0,1.27E-08,0,0,0,0,0,0,0,0,0,0,0,0,0,0,0,0,0,0.0033575,0.000551675
1767.5,1767,1768,-0.0186115,0.004110759,0.000590519,-0.000309114,0,-0.002191352,0.000360954,0.024048161,0.008600166,0.001265029,0,0,0,0,0,0,0,0,0,0,0,0,0,0,0,0,0,0,0,0,0,0,0,0,0,0,0,0,0,0,0,1.35E-08,0,0,0,0,0,0,0,0,0,0,0,0,0,0,0,0,0,0.003553319,0.000586154
1768.5,1768,1769,0.019999951,0.19850794,-0.000844864,-0.011693504,0,-0.002349018,0.001453752,0.025459737,0.009103339,0.001339367,0,0,0,0,0,0,0,0,0,0,0,0,0,0,0,0,0,0,0,0,0,0,0,0,0,0,0,0,0,0,0,1.43E-08,0,0,0,0,0,0,0,0,0,0,0,0,0,0,0,0,0,0.005778543,0.000620634
1769.5,1769,1770,0.046988964,0.076546898,-0.000422897,-0.006040771,0,-0.002508931,0.000765018,0.026870978,0.009606214,0.001413698,0,0,0,0,0,0,0,0,0,0,0,0,0,0,0,0,0,0,0,0,0,0,0,0,0,0,0,0,0,0,0,1.51E-08,0,0,0,0,0,0,0,0,0,0,0,0,0,0,0,0,0,0.004616436,0.000655114
1770.5,1770,1771,0.047066968,0.19386176,-0.000409458,-0.006248513,0,-0.002684149,0.000800562,0.028281884,0.01010879,0.00148802,0,0,0,0,0,0,0,0,0,0,0,0,0,0,0,0,0,0,0,0,0,0,0,0,0,0,0,0,0,0,0,1.59E-08,0,0,0,0,0,0,0,0,0,0,0,0,0,0,0,0,0,0.004916721,0.000689594
1771.5,1771,1772,0.038096633,0.237231535,0.000636375,-0.000201602,0,-0.002874648,0.000221044,0.029692456,0.010611068,0.001562334,0,0,0,0,0,0,0,0,0,0,0,0,0,0,0,0,0,0,0,0,0,0,0,0,0,0,0,0,0,0,0,1.67E-08,0,0,0,0,0,0,0,0,0,0,0,0,0,0,0,0,0,0.003978246,0.000724073
1772.5,1772,1773,0.022808056,0.244019608,0.001300398,0.000332752,0,-0.003067319,2.00E-05,0.031102693,0.011113049,0.00163664,0,0,0,0,0,0,0,0,0,0,0,0,0,0,0,0,0,0,0,0,0,0,0,0,0,0,0,0,0,0,0,1.75E-08,0,0,0,0,0,0,0,0,0,0,0,0,0,0,0,0,0,0.003720655,0.000758553
1773.5,1773,1774,-0.009126343,0.245030292,0.001015149,7.71E-05,0,-0.003262135,0.000118225,0.032512597,0.011614732,0.001710938,0,0,0,0,0,0,0,0,0,0,0,0,0,0,0,0,0,0,0,0,0,0,0,0,0,0,0,0,0,0,0,1.83E-08,0,0,0,0,0,0,0,0,0,0,0,0,0,0,0,0,0,0.003904094,0.000793033
1774.5,1774,1775,-0.019360328,0.24517402,-0.000707735,-0.008701479,0,-0.003459048,0.00108235,0.033922167,0.012116119,0.001785227,0,0,0,0,0,0,0,0,0,0,0,0,0,0,0,0,0,0,0,0,0,0,0,0,0,0,0,0,0,0,0,1.91E-08,0,0,0,0,0,0,0,0,0,0,0,0,0,0,0,0,0,0.005698332,0.000827512
1775.5,1775,1776,-0.049594264,0.245192009,0.000578421,-0.00471731,0,-0.003658046,0.001002891,0.035331403,0.012617209,0.001859508,0,0,0,0,0,0,0,0,0,0,0,0,0,0,0,0,0,0,0,0,0,0,0,0,0,0,0,0,0,0,0,1.99E-08,0,0,0,0,0,0,0,0,0,0,0,0,0,0,0,0,0,0.005779979,0.000861992
1776.5,1776,1777,-0.039781496,0.245193009,0.000669899,-0.000463098,0,-0.003859109,0.000447823,0.036740306,0.013118004,0.001933781,0,0,0,0,0,0,0,0,0,0,0,0,0,0,0,0,0,0,0,0,0,0,0,0,0,0,0,0,0,0,0,2.07E-08,0,0,0,0,0,0,0,0,0,0,0,0,0,0,0,0,0,0.004624149,0.000896472
1777.5,1777,1778,0.013978126,0.2451923,0.000692315,-0.006740856,0,-0.004062199,0.001349902,0.038148875,0.013618503,0.002008046,0,0,0,0,0,0,0,0,0,0,0,0,0,0,0,0,0,0,0,0,0,0,0,0,0,0,0,0,0,0,0,2.15E-08,0,0,0,0,0,0,0,0,0,0,0,0,0,0,0,0,0,0.006484188,0.000930951
1778.5,1778,1779,0.060233865,0.242000323,0.000270932,-0.010926002,0,-0.004267315,0.001786612,0.039557112,0.014118708,0.002082302,0,0,0,0,0,0,0,0,0,0,0,0,0,0,0,0,0,0,0,0,0,0,0,0,0,0,0,0,0,0,0,2.23E-08,0,0,0,0,0,0,0,0,0,0,0,0,0,0,0,0,0,0.007596586,0.000965431
1779.5,1779,1780,0.05742576,0.171343045,0.000655498,-0.00577194,0,-0.004474388,0.001208984,0.040965015,0.014618618,0.00215655,0,0,0,0,0,0,0,0,0,0,0,0,0,0,0,0,0,0,0,0,0,0,0,0,0,0,0,0,0,0,0,2.31E-08,0,0,0,0,0,0,0,0,0,0,0,0,0,0,0,0,0,0.006297074,0.000999911
1780.5,1780,1781,0.03563174,0.222367383,-0.000544022,-0.011931518,0,-0.004682791,0.001633191,0.042372586,0.015118234,0.00223079,0,0,0,0,0,0,0,0,0,0,0,0,0,0,0,0,0,0,0,0,0,0,0,0,0,0,0,0,0,0,0,2.39E-08,0,0,0,0,0,0,0,0,0,0,0,0,0,0,0,0,0,0.006995397,0.00103439
1781.5,1781,1782,0.02716062,0.241589085,0.000446177,-0.00944122,0,-0.004892476,0.001649907,0.043779824,0.015617557,0.002305022,0,0,0,0,0,0,0,0,0,0,0,0,0,0,0,0,0,0,0,0,0,0,0,0,0,0,0,0,0,0,0,2.47E-08,0,0,0,0,0,0,0,0,0,0,0,0,0,0,0,0,0,0.007358737,0.00106887
1782.5,1782,1783,-0.008003101,0.244670075,0.000191497,-0.007195606,0,-0.005104068,0.001219056,0.045186729,0.016116587,0.002379246,0,0,0,0,0,0,0,0,0,0,0,0,0,0,0,0,0,0,0,0,0,0,0,0,0,0,0,0,0,0,0,2.55E-08,0,0,0,0,0,0,0,0,0,0,0,0,0,0,0,0,0,0.006468865,0.00110335
1783.5,1783,1784,-0.024555324,-2.089720815,0.000428524,-0.005497598,0,-0.005317542,0.001081421,0.046593302,0.016615324,0.002453461,0,0,0,0,0,0,0,0,0,0,0,0,0,0,0,0,0,0,0,0,0,0,0,0,0,0,0,0,0,0,0,2.63E-08,0,0,0,0,0,0,0,0,0,0,0,0,0,0,0,0,0,0.00649422,0.001137829
1784.5,1784,1785,-0.045912527,-3.063102508,0.00204287,-0.000472695,0,-0.005532826,0.000940112,0.047999543,0.017113769,0.002527669,0,0,0,0,0,0,0,0,0,0,0,0,0,0,0,0,0,0,0,0,0,0,0,0,0,0,0,0,0,0,0,2.71E-08,0,0,0,0,0,0,0,0,0,0,0,0,0,0,0,0,0,0.006655966,0.001172309
1785.5,1785,1786,-0.037223,-0.312126131,0.000233225,-0.00787077,0,-0.005749935,0.001339123,0.049405453,0.017611923,0.002601868,0,0,0,0,0,0,0,0,0,0,0,0,0,0,0,0,0,0,0,0,0,0,0,0,0,0,0,0,0,0,0,2.79E-08,0,0,0,0,0,0,0,0,0,0,0,0,0,0,0,0,0,0.007292329,0.001206789
1786.5,1786,1787,0.014149732,0.030042447,0.001289609,-0.00347915,0,-0.005968807,0.001239234,0.05081103,0.018109785,0.002676058,0,0,0,0,0,0,0,0,0,0,0,0,0,0,0,0,0,0,0,0,0,0,0,0,0,0,0,0,0,0,0,2.86E-08,0,0,0,0,0,0,0,0,0,0,0,0,0,0,0,0,0,0.007301976,0.001241268
1787.5,1787,1788,0.050686304,0.068339647,0.00079402,-0.008331607,0,-0.006189444,0.001658481,0.052216276,0.018607357,0.002750241,0,0,0,0,0,0,0,0,0,0,0,0,0,0,0,0,0,0,0,0,0,0,0,0,0,0,0,0,0,0,0,2.94E-08,0,0,0,0,0,0,0,0,0,0,0,0,0,0,0,0,0,0.008230483,0.001275748
1788.5,1788,1789,0.058502197,0.153713892,-0.000488989,-0.019207075,0,-0.006411822,0.002745928,0.05362119,0.019104638,0.002824416,0,0,0,0,0,0,0,0,0,0,0,0,0,0,0,0,0,0,0,0,0,0,0,0,0,0,0,0,0,0,0,3.02E-08,0,0,0,0,0,0,0,0,0,0,0,0,0,0,0,0,0,0.010382982,0.001310228
1789.5,1789,1790,0.049578663,0.222812988,-4.28E-05,-0.01325248,0,-0.006635893,0.002030982,0.055025773,0.01960163,0.002898582,0,0,0,0,0,0,0,0,0,0,0,0,0,0,0,0,0,0,0,0,0,0,0,0,0,0,0,0,0,0,0,3.10E-08,0,0,0,0,0,0,0,0,0,0,0,0,0,0,0,0,0,0.009173575,0.001344707
1790.5,1790,1791,0.033385254,0.004633068,-8.27E-05,-0.014334278,0,-0.006892684,0.00217725,0.056430026,0.020098332,0.00297274,0,0,0,0,0,0,0,0,0,0,0,0,0,0,0,0,0,0,0,0,0,0,0,0,0,0,0,0,0,0,0,3.18E-08,0,0,0,0,0,0,0,0,0,0,0,0,0,0,0,0,0,0.009642932,0.001379187
1791.5,1791,1792,0.013619312,0.155035477,0.000921497,-0.006939677,0,-0.007182203,0.001526756,0.057833947,0.020594745,0.00304689,0,0,0,0,0,0,0,0,0,0,0,0,0,0,0,0,0,0,0,0,0,0,0,0,0,0,0,0,0,0,0,3.26E-08,0,0,0,0,0,0,0,0,0,0,0,0,0,0,0,0,0,0.008628163,0.001413667
1792.5,1792,1793,0.00932915,0.227565775,0.001483349,-0.003869664,0,-0.007473357,0.001392878,0.059237537,0.02109087,0.003121032,0,0,0,0,0,0,0,0,0,0,0,0,0,0,0,0,0,0,0,0,0,0,0,0,0,0,0,0,0,0,0,3.34E-08,0,0,0,0,0,0,0,0,0,0,0,0,0,0,0,0,0,0.008657735,0.001448146
1793.5,1793,1794,-0.00079563,0.224465335,0.001156543,-0.004387078,0,-0.007766097,0.001286379,0.060640797,0.021586707,0.003195166,0,0,0,0,0,0,0,0,0,0,0,0,0,0,0,0,0,0,0,0,0,0,0,0,0,0,0,0,0,0,0,3.42E-08,0,0,0,0,0,0,0,0,0,0,0,0,0,0,0,0,0,0.008469625,0.001482626
1794.5,1794,1795,-0.010561597,0.228619425,-0.000649411,-0.016228418,0,-0.008060384,0.002243458,0.062043727,0.022082256,0.003269291,0,0,0,0,0,0,0,0,0,0,0,0,0,0,0,0,0,0,0,0,0,0,0,0,0,0,0,0,0,0,0,3.50E-08,0,0,0,0,0,0,0,0,0,0,0,0,0,0,0,0,0,0.010326297,0.001517106
1795.5,1795,1796,-0.03645857,-0.149653873,0.000511891,-0.01221876,0,-0.008356238,0.002097301,0.063446326,0.022577518,0.003343409,0,0,0,0,0,0,0,0,0,0,0,0,0,0,0,0,0,0,0,0,0,0,0,0,0,0,0,0,0,0,0,3.58E-08,0,0,0,0,0,0,0,0,0,0,0,0,0,0,0,0,0,0.010332517,0.001551585
1796.5,1796,1797,-0.043244824,0.015511918,0.000501642,-0.007235067,0,-0.008653554,0.001368282,0.064848595,0.023072493,0.003417518,0,0,0,0,0,0,0,0,0,0,0,0,0,0,0,0,0,0,0,0,0,0,0,0,0,0,0,0,0,0,0,3.66E-08,0,0,0,0,0,0,0,0,0,0,0,0,0,0,0,0,0,0.008893285,0.001586065
1797.5,1797,1798,-0.054446045,0.148564458,0.000538497,-0.013670672,0,-0.008952409,0.00231655,0.066250535,0.023567182,0.003491619,0,0,0,0,0,0,0,0,0,0,0,0,0,0,0,0,0,0,0,0,0,0,0,0,0,0,0,0,0,0,0,3.74E-08,0,0,0,0,0,0,0,0,0,0,0,0,0,0,0,0,0,0.010983101,0.001620545
1798.5,1798,1799,-0.058673806,0.230211529,0.000117878,-0.017129274,0,-0.009252692,0.002655091,0.067652144,0.024061585,0.003565712,0,0,0,0,0,0,0,0,0,0,0,0,0,0,0,0,0,0,0,0,0,0,0,0,0,0,0,0,0,0,0,3.82E-08,0,0,0,0,0,0,0,0,0,0,0,0,0,0,0,0,0,0.011967402,0.001655024
1799.5,1799,1800,-0.056723733,0.242997845,-9.64E-05,-0.015065268,0,-0.009554377,0.002264341,0.069053425,0.024555703,0.003639797,0,0,0,0,0,0,0,0,0,0,0,0,0,0,0,0,0,0,0,0,0,0,0,0,0,0,0,0,0,0,0,3.90E-08,0,0,0,0,0,0,0,0,0,0,0,0,0,0,0,0,0,0.011037372,0.001689504
1800.5,1800,1801,-0.04496089,-0.088946065,-0.000897813,-0.018135997,0,-0.009900892,0.002420191,0.070454375,0.025049536,0.003713874,0,0,0,0,0,0,0,0,0,0,0,0,0,0,0,0,0,0,0,0,0,0,0,0,0,0,0,0,0,0,0,3.98E-08,0,0,0,0,0,0,0,0,0,0,0,0,0,0,0,0,0,0.011347412,0.001723984
1801.5,1801,1802,-0.010436792,0.158270325,9.29E-05,-0.016192368,0,-0.010292272,0.002507219,0.071854997,0.025543084,0.003787943,0,0,0,0,0,0,0,0,0,0,0,0,0,0,0,0,0,0,0,0,0,0,0,0,0,0,0,0,0,0,0,4.06E-08,0,0,0,0,0,0,0,0,0,0,0,0,0,0,0,0,0,0.011782603,0.001758463
1802.5,1802,1803,-0.009438355,0.221952159,-0.000455782,-0.016194998,0,-0.010684958,0.002293817,0.07325529,0.026036348,0.003862003,0,0,0,0,0,0,0,0,0,0,0,0,0,0,0,0,0,0,0,0,0,0,0,0,0,0,0,0,0,0,0,4.14E-08,0,0,0,0,0,0,0,0,0,0,0,0,0,0,0,0,0,0.01116623,0.001792943
1803.5,1803,1804,-0.01702024,0.238045232,0.000190484,-0.012338307,0,-0.011078967,0.001977895,0.074655253,0.026529328,0.003936056,0,0,0,0,0,0,0,0,0,0,0,0,0,0,0,0,0,0,0,0,0,0,0,0,0,0,0,0,0,0,0,4.22E-08,0,0,0,0,0,0,0,0,0,0,0,0,0,0,0,0,0,0.010756835,0.001827423
1804.5,1804,1805,-0.013120093,0.24023661,0.001409534,-0.010727017,0,-0.01147428,0.002283296,0.076054888,0.027022025,0.0040101,0,0,0,0,0,0,0,0,0,0,0,0,0,0,0,0,0,0,0,0,0,0,0,0,0,0,0,0,0,0,0,4.30E-08,0,0,0,0,0,0,0,0,0,0,0,0,0,0,0,0,0,0.01158984,0.001861903
1805.5,1805,1806,-0.01784707,0.151665686,-0.000158737,-0.017367192,0,-0.011870789,0.002588784,0.077454195,0.02751444,0.004084136,0,0,0,0,0,0,0,0,0,0,0,0,0,0,0,0,0,0,0,0,0,0,0,0,0,0,0,0,0,0,0,4.38E-08,0,0,0,0,0,0,0,0,0,0,0,0,0,0,0,0,0,0.012010076,0.001896382
1806.5,1806,1807,-0.02764424,0.226022787,0.000723515,-0.015939107,0,-0.012268612,0.002743218,0.078853173,0.028006572,0.004158165,0,0,0,0,0,0,0,0,0,0,0,0,0,0,0,0,0,0,0,0,0,0,0,0,0,0,0,0,0,0,0,4.46E-08,0,0,0,0,0,0,0,0,0,0,0,0,0,0,0,0,0,0.012404358,0.001930862
1807.5,1807,1808,-0.04890784,0.242338597,0.00035739,-0.01895594,0,-0.012667592,0.0030383,0.080251823,0.028498422,0.004232185,0,0,0,0,0,0,0,0,0,0,0,0,0,0,0,0,0,0,0,0,0,0,0,0,0,0,0,0,0,0,0,4.54E-08,0,0,0,0,0,0,0,0,0,0,0,0,0,0,0,0,0,0.012998907,0.001965342
1808.5,1808,1809,-0.054414846,0.24478671,-0.000730652,-0.029358895,0,-0.013067782,0.004180962,0.081650145,0.02898999,0.004306197,0,0,0,0,0,0,0,0,0,0,0,0,0,0,0,0,0,0,0,0,0,0,0,0,0,0,0,0,0,0,0,4.62E-08,0,0,0,0,0,0,0,0,0,0,0,0,0,0,0,0,0,0.015233574,0.001999821
1809.5,1809,1810,-0.060202662,-3.419830814,-0.000435572,-0.024245947,0,-0.013469092,0.003533654,0.083048139,0.029481277,0.004380201,0,0,0,0,0,0,0,0,0,0,0,0,0,0,0,0,0,0,0,0,0,0,0,0,0,0,0,0,0,0,0,4.70E-08,0,0,0,0,0,0,0,0,0,0,0,0,0,0,0,0,0,0.014058189,0.002034301
1810.5,1810,1811,-0.06608409,-3.988249246,-0.000502593,-0.025937585,0,-0.013896334,0.003760526,0.084445805,0.029972284,0.004454196,0,0,0,0,0,0,0,0,0,0,0,0,0,0,0,0,0,0,0,0,0,0,0,0,0,0,0,0,0,0,0,4.77E-08,0,0,0,0,0,0,0,0,0,0,0,0,0,0,0,0,0,0.014522076,0.002068781
1811.5,1811,1812,-0.06514805,-1.641445172,0.000435813,-0.021040046,0,-0.0143494,0.003392295,0.085843144,0.030463011,0.004528184,0,0,0,0,0,0,0,0,0,0,0,0,0,0,0,0,0,0,0,0,0,0,0,0,0,0,0,0,0,0,0,4.85E-08,0,0,0,0,0,0,0,0,0,0,0,0,0,0,0,0,0,0.01400398,0.00210326
1812.5,1812,1813,-0.058923416,-0.780915968,0.001084593,-0.017013257,0,-0.014803588,0.003067698,0.087240156,0.030953457,0.004602164,0,0,0,0,0,0,0,0,0,0,0,0,0,0,0,0,0,0,0,0,0,0,0,0,0,0,0,0,0,0,0,4.93E-08,0,0,0,0,0,0,0,0,0,0,0,0,0,0,0,0,0,0.01355365,0.00213774
1813.5,1813,1814,-0.04920425,-0.740719055,0.000577448,-0.019220317,0,-0.015258782,0.003177513,0.08863684,0.031443624,0.004676136,0,0,0,0,0,0,0,0,0,0,0,0,0,0,0,0,0,0,0,0,0,0,0,0,0,0,0,0,0,0,0,5.01E-08,0,0,0,0,0,0,0,0,0,0,0,0,0,0,0,0,0,0.013672427,0.00217222
1814.5,1814,1815,-0.04572532,-0.831736745,-0.001102131,-0.02994396,0,-0.015715016,0.00414134,0.090033198,0.031933513,0.004750099,0,0,0,0,0,0,0,0,0,0,0,0,0,0,0,0,0,0,0,0,0,0,0,0,0,0,0,0,0,0,0,5.09E-08,0,0,0,0,0,0,0,0,0,0,0,0,0,0,0,0,0,0.015488117,0.002206699
1815.5,1815,1816,-0.029235499,-3.091794837,-2.50E-05,-0.027159511,0,-0.016172221,0.004122969,0.091429229,0.032423122,0.004824055,0,0,0,0,0,0,0,0,0,0,0,0,0,0,0,0,0,0,0,0,0,0,0,0,0,0,0,0,0,0,0,5.17E-08,0,0,0,0,0,0,0,0,0,0,0,0,0,0,0,0,0,0.015658514,0.002241179
1816.5,1816,1817,-0.011840845,-5.759546163,-0.000288295,-0.025517031,0,-0.016630417,0.0037708,0.092824933,0.032912454,0.004898002,0,0,0,0,0,0,0,0,0,0,0,0,0,0,0,0,0,0,0,0,0,0,0,0,0,0,0,0,0,0,0,5.25E-08,0,0,0,0,0,0,0,0,0,0,0,0,0,0,0,0,0,0.014849796,0.002275659
1817.5,1817,1818,-0.01463335,-4.197619112,4.51E-05,-0.028548325,0,-0.017089517,0.004355199,0.09422031,0.033401508,0.004971942,0,0,0,0,0,0,0,0,0,0,0,0,0,0,0,0,0,0,0,0,0,0,0,0,0,0,0,0,0,0,0,5.33E-08,0,0,0,0,0,0,0,0,0,0,0,0,0,0,0,0,0,0.016121171,0.002310138
1818.5,1818,1819,-0.021872021,-2.292913456,-0.000571169,-0.034400793,0,-0.017549467,0.005007213,0.095615361,0.033890284,0.005045873,0,0,0,0,0,0,0,0,0,0,0,0,0,0,0,0,0,0,0,0,0,0,0,0,0,0,0,0,0,0,0,5.41E-08,0,0,0,0,0,0,0,0,0,0,0,0,0,0,0,0,0,0.017694239,0.002344618
1819.5,1819,1820,-0.029048292,-0.753708712,-0.000369118,-0.031054299,0,-0.018010375,0.004574229,0.097010086,0.034378784,0.005119796,0,0,0,0,0,0,0,0,0,0,0,0,0,0,0,0,0,0,0,0,0,0,0,0,0,0,0,0,0,0,0,5.49E-08,0,0,0,0,0,0,0,0,0,0,0,0,0,0,0,0,0,0.016562433,0.002379098
1820.5,1820,1821,-0.043494433,-0.010981824,-0.001367096,-0.035559485,0,-0.018518348,0.00488163,0.098404485,0.034867007,0.005193712,0,0,0,0,0,0,0,0,0,0,0,0,0,0,0,0,0,0,0,0,0,0,0,0,0,0,0,0,0,0,0,5.57E-08,0,0,0,0,0,0,0,0,0,0,0,0,0,0,0,0,0,0.017069848,0.002413577
1821.5,1821,1822,-0.054648854,0.047445296,-0.000515297,-0.035039174,0,-0.019073285,0.00512484,0.099798558,0.035354954,0.005267619,0,0,0,0,0,0,0,0,0,0,0,0,0,0,0,0,0,0,0,0,0,0,0,0,0,0,0,0,0,0,0,5.65E-08,0,0,0,0,0,0,0,0,0,0,0,0,0,0,0,0,0,0.017714371,0.002448057
1822.5,1822,1823,-0.057285354,0.035997039,-0.000969717,-0.033473489,0,-0.019629064,0.004712948,0.101192306,0.035842625,0.005341518,0,0,0,0,0,0,0,0,0,0,0,0,0,0,0,0,0,0,0,0,0,0,0,0,0,0,0,0,0,0,0,5.73E-08,0,0,0,0,0,0,0,0,0,0,0,0,0,0,0,0,0,0.016604273,0.002482537
1823.5,1823,1824,-0.06279236,-0.433940037,-0.000225455,-0.029987214,0,-0.020185548,0.004465424,0.102585728,0.036330021,0.00541541,0,0,0,0,0,0,0,0,0,0,0,0,0,0,0,0,0,0,0,0,0,0,0,0,0,0,0,0,0,0,0,5.81E-08,0,0,0,0,0,0,0,0,0,0,0,0,0,0,0,0,0,0.016275518,0.002517016
1824.5,1824,1825,-0.056240115,-0.054631273,0.000835416,-0.030518834,0,-0.020742811,0.004967999,0.103978824,0.036817142,0.005489293,0,0,0,0,0,0,0,0,0,0,0,0,0,0,0,0,0,0,0,0,0,0,0,0,0,0,0,0,0,0,0,5.89E-08,0,0,0,0,0,0,0,0,0,0,0,0,0,0,0,0,0,0.01733571,0.002551496
1825.5,1825,1826,-0.04149756,0.076016853,-0.0004976,-0.035563842,0,-0.021300824,0.005200153,0.105371596,0.037303989,0.005563168,0,0,0,0,0,0,0,0,0,0,0,0,0,0,0,0,0,0,0,0,0,0,0,0,0,0,0,0,0,0,0,5.97E-08,0,0,0,0,0,0,0,0,0,0,0,0,0,0,0,0,0,0.01755797,0.002585976
1826.5,1826,1827,-0.019469531,0.205262267,0.000425018,-0.033394632,0,-0.02185945,0.005235027,0.106764043,0.037790562,0.005637035,0,0,0,0,0,0,0,0,0,0,0,0,0,0,0,0,0,0,0,0,0,0,0,0,0,0,0,0,0,0,0,6.05E-08,0,0,0,0,0,0,0,0,0,0,0,0,0,0,0,0,0,0.017579445,0.002620455
1827.5,1827,1828,-0.001809668,0.222390793,0.000152963,-0.037098198,0,-0.022418759,0.005676224,0.108156164,0.038276861,0.005710895,0,0,0,0,0,0,0,0,0,0,0,0,0,0,0,0,0,0,0,0,0,0,0,0,0,0,0,0,0,0,0,6.13E-08,0,0,0,0,0,0,0,0,0,0,0,0,0,0,0,0,0,0.018359597,0.002654935
1828.5,1828,1829,0.009609961,0.16565263,-0.001221801,-0.048377911,0,-0.022978707,0.006880815,0.109547961,0.038762887,0.005784746,0,0,0,0,0,0,0,0,0,0,0,0,0,0,0,0,0,0,0,0,0,0,0,0,0,0,0,0,0,0,0,6.21E-08,0,0,0,0,0,0,0,0,0,0,0,0,0,0,0,0,0,0.020576897,0.002689415
1829.5,1829,1830,0.019563135,0.182801575,-0.000865501,-0.043741697,0,-0.023539268,0.006303308,0.110939434,0.03924864,0.005858589,0,0,0,0,0,0,0,0,0,0,0,0,0,0,0,0,0,0,0,0,0,0,0,0,0,0,0,0,0,0,0,6.29E-08,0,0,0,0,0,0,0,0,0,0,0,0,0,0,0,0,0,0.019517496,0.002723894
1830.5,1830,1831,0.02318247,0.229390944,-0.001347853,-0.04791236,0,-0.024205786,0.00671322,0.112330582,0.039734121,0.005932424,0,0,0,0,0,0,0,0,0,0,0,0,0,0,0,0,0,0,0,0,0,0,0,0,0,0,0,0,0,0,0,6.37E-08,0,0,0,0,0,0,0,0,0,0,0,0,0,0,0,0,0,0.020119891,0.002758374
1831.5,1831,1832,0.001123242,-0.539738253,-0.000116762,-0.041086007,0,-0.024978315,0.006146708,0.113721406,0.04021933,0.006006252,0,0,0,0,0,0,0,0,0,0,0,0,0,0,0,0,0,0,0,0,0,0,0,0,0,0,0,0,0,0,0,6.45E-08,0,0,0,0,0,0,0,0,0,0,0,0,0,0,0,0,0,0.01911381,0.002792854
1832.5,1832,1833,-0.022761256,-2.847144836,0.000415896,-0.03956812,0,-0.025751272,0.006118611,0.115111906,0.040704267,0.006080071,0,0,0,0,0,0,0,0,0,0,0,0,0,0,0,0,0,0,0,0,0,0,0,0,0,0,0,0,0,0,0,6.53E-08,0,0,0,0,0,0,0,0,0,0,0,0,0,0,0,0,0,0.019143775,0.002827333
1833.5,1833,1834,-0.04870503,-1.300045124,-5.86E-05,-0.041673382,0,-0.026524804,0.006252952,0.116502083,0.041188933,0.006153882,0,0,0,0,0,0,0,0,0,0,0,0,0,0,0,0,0,0,0,0,0,0,0,0,0,0,0,0,0,0,0,6.61E-08,0,0,0,0,0,0,0,0,0,0,0,0,0,0,0,0,0,0.019174024,0.002861813
1834.5,1834,1835,-0.04764419,-0.16726681,-0.001479683,-0.051223508,0,-0.027298813,0.007180783,0.117891935,0.041673329,0.006227686,0,0,0,0,0,0,0,0,0,0,0,0,0,0,0,0,0,0,0,0,0,0,0,0,0,0,0,0,0,0,0,6.68E-08,0,0,0,0,0,0,0,0,0,0,0,0,0,0,0,0,0,0.020745553,0.002896293
1835.5,1835,1836,-0.008159107,-1.98059654,-0.000222614,-0.047985007,0,-0.028073232,0.007145152,0.119281464,0.042157453,0.006301481,0,0,0,0,0,0,0,0,0,0,0,0,0,0,0,0,0,0,0,0,0,0,0,0,0,0,0,0,0,0,0,6.76E-08,0,0,0,0,0,0,0,0,0,0,0,0,0,0,0,0,0,0.020678057,0.002930772
1836.5,1836,1837,0.045928124,-1.941732166,-0.000867056,-0.050202764,0,-0.028848003,0.00719808,0.12067067,0.042641308,0.006375268,0,0,0,0,0,0,0,0,0,0,0,0,0,0,0,0,0,0,0,0,0,0,0,0,0,0,0,0,0,0,0,6.84E-08,0,0,0,0,0,0,0,0,0,0,0,0,0,0,0,0,0,0.020308118,0.002965252
1837.5,1837,1838,0.07081106,-0.506702244,-0.000414373,-0.05313417,0,-0.029623213,0.007827694,0.122059553,0.043124893,0.006449048,0,0,0,0,0,0,0,0,0,0,0,0,0,0,0,0,0,0,0,0,0,0,0,0,0,0,0,0,0,0,0,6.92E-08,0,0,0,0,0,0,0,0,0,0,0,0,0,0,0,0,0,0.021616001,0.002999732
1838.5,1838,1839,0.04491409,-0.477732781,-0.000902334,-0.058581006,0,-0.030398837,0.008478539,0.123448112,0.043608209,0.006522819,0,0,0,0,0,0,0,0,0,0,0,0,0,0,0,0,0,0,0,0,0,0,0,0,0,0,0,0,0,0,0,7.00E-08,0,0,0,0,0,0,0,0,0,0,0,0,0,0,0,0,0,0.022942074,0.003034212
1839.5,1839,1840,0.03408728,0.016025177,-0.000877666,-0.056643128,0,-0.031174661,0.008174574,0.124836349,0.044091257,0.006596583,0,0,0,0,0,0,0,0,0,0,0,0,0,0,0,0,0,0,0,0,0,0,0,0,0,0,0,0,0,0,0,7.08E-08,0,0,0,0,0,0,0,0,0,0,0,0,0,0,0,0,0,0.022005212,0.003068691
1840.5,1840,1841,0.013166895,0.201228392,-0.001525214,-0.057922991,0,-0.03192096,0.0081088,0.126224263,0.044574036,0.006670339,0,0,0,0,0,0,0,0,0,0,0,0,0,0,0,0,0,0,0,0,0,0,0,0,0,0,0,0,0,0,0,7.16E-08,0,0,0,0,0,0,0,0,0,0,0,0,0,0,0,0,0,0.02154749,0.003103171
1841.5,1841,1842,-0.012074854,0.237787924,-0.001138362,-0.062286922,0,-0.032637615,0.008929681,0.127611855,0.045056546,0.006744086,0,0,0,0,0,0,0,0,0,0,0,0,0,0,0,0,0,0,0,0,0,0,0,0,0,0,0,0,0,0,0,7.24E-08,0,0,0,0,0,0,0,0,0,0,0,0,0,0,0,0,0,0.023242982,0.003137651
1842.5,1842,1843,-0.027425831,0.24403967,-0.001537843,-0.059975436,0,-0.033354379,0.008385389,0.128999124,0.04553879,0.006817826,0,0,0,0,0,0,0,0,0,0,0,0,0,0,0,0,0,0,0,0,0,0,0,0,0,0,0,0,0,0,0,7.32E-08,0,0,0,0,0,0,0,0,0,0,0,0,0,0,0,0,0,0.022054349,0.00317213
1843.5,1843,1844,-0.044851687,-0.147659896,-0.000750373,-0.05519951,0,-0.034071455,0.007896374,0.130386071,0.046020766,0.006891558,0,0,0,0,0,0,0,0,0,0,0,0,0,0,0,0,0,0,0,0,0,0,0,0,0,0,0,0,0,0,0,7.40E-08,0,0,0,0,0,0,0,0,0,0,0,0,0,0,0,0,0,0.021096966,0.00320661
1844.5,1844,1845,-0.044617675,0.07437313,0.000134004,-0.057100728,0,-0.034788775,0.008489721,0.131772696,0.046502475,0.006965282,0,0,0,0,0,0,0,0,0,0,0,0,0,0,0,0,0,0,0,0,0,0,0,0,0,0,0,0,0,0,0,7.48E-08,0,0,0,0,0,0,0,0,0,0,0,0,0,0,0,0,0,0.022217934,0.00324109
1845.5,1845,1846,-0.0213104,0.132474242,-0.001460566,-0.064658231,0,-0.035506151,0.009001209,0.133158999,0.046983917,0.007038998,0,0,0,0,0,0,0,0,0,0,0,0,0,0,0,0,0,0,0,0,0,0,0,0,0,0,0,0,0,0,0,7.56E-08,0,0,0,0,0,0,0,0,0,0,0,0,0,0,0,0,0,0.02274857,0.003275569
1846.5,1846,1847,0.001950073,-0.404805032,-0.000362726,-0.062587087,0,-0.03622369,0.009093755,0.134544981,0.047465094,0.007112706,0,0,0,0,0,0,0,0,0,0,0,0,0,0,0,0,0,0,0,0,0,0,0,0,0,0,0,0,0,0,0,7.64E-08,0,0,0,0,0,0,0,0,0,0,0,0,0,0,0,0,0,0.02273767,0.003310049
1847.5,1847,1848,0.027457032,0.026086289,-0.001109024,-0.070351873,0,-0.036941348,0.009967246,0.135930641,0.047946005,0.007186406,0,0,0,0,0,0,0,0,0,0,0,0,0,0,0,0,0,0,0,0,0,0,0,0,0,0,0,0,0,0,0,7.72E-08,0,0,0,0,0,0,0,0,0,0,0,0,0,0,0,0,0,0.024029855,0.003344529
1848.5,1848,1849,0.051918752,0.202837464,-0.002436696,-0.079618404,0,-0.037659113,0.010914293,0.13731598,0.04842665,0.007260098,0,0,0,0,0,0,0,0,0,0,0,0,0,0,0,0,0,0,0,0,0,0,0,0,0,0,0,0,0,0,0,7.80E-08,0,0,0,0,0,0,0,0,0,0,0,0,0,0,0,0,0,0.025784093,0.003379008
1849.5,1849,1850,0.045023292,0.238080341,-0.002164862,-0.077621974,0,-0.038376916,0.010630965,0.138700997,0.048907031,0.007333782,0,0,0,0,0,0,0,0,0,0,0,0,0,0,0,0,0,0,0,0,0,0,0,0,0,0,0,0,0,0,0,7.88E-08,0,0,0,0,0,0,0,0,0,0,0,0,0,0,0,0,0,0.025178583,0.003413488
1850.5,1850,1851,0.024056105,0.243994885,-0.002316131,-0.080306524,0,-0.03939352,0.011008615,0.140085694,0.049387147,0.007407459,0,0,0,0,0,0,0,0,0,0,0,0,0,0,0,0,0,0,0,0,0,0,0,0,0,0,0,0,0,0,0,7.96E-08,0,0,0,0,0,0,0,0,0,0,0,0,0,0,0,0,0,0.025613641,0.003447968
1851.5,1851,1852,0.016084205,0.244748657,-0.000919336,-0.073427571,0,-0.040708746,0.010416004,0.14242946,0.049490248,0.007705454,0,0,2.83E-10,0,0,0,1.26E-11,0,0,0,0,0,0,5.21E-11,0,2.36E-09,0,0,0,0,0,0,0,0,0,0,0,0,0,0,0,7.96E-08,0,0,0,0,0,0,0,0,0,0,0,0,0,0,0,0,0,0.024453277,0.003455399
1852.5,1852,1853,0.010327588,0.244696585,-0.000264079,-0.070948095,0,-0.042023902,0.010219134,0.145080015,0.049951329,0.008003354,0,0,5.66E-10,0,0,0,2.51E-11,0,0,0,0,0,0,1.04E-10,-9.97E-18,5.06E-09,0,0,0,0,0,0,0,0,0,0,0,0,0,0,0,7.96E-08,0,0,0,0,0,0,0,0,0,0,0,0,0,0,0,0,0,0.023994106,0.003488554
1853.5,1853,1854,-0.007410279,0.001717936,-0.000691709,-0.074799541,0,-0.043339067,0.010628766,0.147460315,0.050712849,0.008381922,0,0,8.49E-10,0,0,0,3.77E-11,0,0,0,0,0,0,1.56E-10,-2.95E-17,7.78E-09,0,0,0,0,0,0,0,0,0,0,0,0,0,0,0,7.96E-08,0,0,0,0,0,0,0,0,0,0,0,0,0,0,0,0,0,0.02466972,0.003543341
1854.5,1854,1855,-0.029687915,-0.250005517,-0.002717705,-0.088982038,0,-0.044654181,0.011971739,0.14949455,0.051526921,0.008771473,0,0,1.13E-09,0,0,0,5.02E-11,0,0,0,0,0,0,2.08E-10,-4.90E-17,1.05E-08,0,0,0,0,0,0,0,0,0,0,0,0,0,0,0,7.96E-08,0,0,0,0,0,0,0,0,0,0,0,0,0,0,0,0,0,0.026799751,0.003601962
1855.5,1855,1856,-0.051731545,0.091308559,-0.001397485,-0.085175845,0,-0.045969121,0.011812538,0.151143816,0.052506068,0.009190388,0,0,1.41E-09,0,0,0,6.28E-11,0,0,0,0,0,0,2.60E-10,-5.85E-17,1.32E-08,0,0,0,0,0,0,0,0,0,0,0,0,0,0,0,7.96E-08,0,0,0,0,0,0,0,0,0,0,0,0,0,0,0,0,0,0.026756475,0.003672538
1856.5,1856,1857,-0.056271315,0.158744204,-0.002084458,-0.086395581,0,-0.047283933,0.011625778,0.153042087,0.053401331,0.009612616,0,0,1.70E-09,0,0,0,7.54E-11,0,0,0,0,0,0,3.12E-10,-7.81E-17,1.60E-08,0,0,0,0,0,0,0,0,0,0,0,0,0,0,0,7.96E-08,0,0,0,0,0,0,0,0,0,0,0,0,0,0,0,0,0,0.026149058,0.003737142
1857.5,1857,1858,-0.03595935,-0.764880594,-0.002111297,-0.09320808,0,-0.048598767,0.012718338,0.155841225,0.054412554,0.009994586,0,0,1.98E-09,0,0,0,8.79E-11,0,0,0,0,0,0,3.64E-10,-9.80E-17,1.88E-08,0,0,0,0,0,0,0,0,0,0,0,0,0,0,0,7.96E-08,0,0,0,0,0,0,0,0,0,0,0,0,0,0,0,0,0,0.028747308,0.003810185
1858.5,1858,1859,0.00293291,-0.385167933,-0.002474238,-0.097187043,0,-0.049913059,0.013208751,0.158830389,0.055572837,0.010317745,0,0,2.26E-09,0,0,0,1.00E-10,0,0,0,0,0,0,4.17E-10,-1.18E-16,2.15E-08,0,0,0,0,0,0,0,0,0,0,0,0,0,0,0,7.96E-08,0,0,0,0,0,0,0,0,0,0,0,0,0,0,0,0,0,0.030127497,0.003894088
1859.5,1859,1860,0.037581813,0.080680672,-0.00309448,-0.099134155,0,-0.051227484,0.013154798,0.16202959,0.056815068,0.010853392,0,0,2.55E-09,0,0,0,1.13E-10,0,0,0,0,0,0,4.69E-10,-1.38E-16,2.44E-08,0,0,0,0,0,0,0,0,0,0,0,0,0,0,0,7.96E-08,0,0,0,0,0,0,0,0,0,0,0,0,0,0,0,0,0,0.029794123,0.003984061
1860.5,1860,1861,0.048034206,0.203352107,-0.00408704,-0.103421093,0,-0.052319094,0.013289314,0.165571217,0.057979688,0.011469392,0,0,2.83E-09,0,0,0,1.26E-10,0,0,0,0,0,0,5.21E-10,-1.48E-16,2.72E-08,0,0,0,0,0,0,0,0,0,0,0,0,0,0,0,7.96E-08,0,0,0,0,0,0,0,0,0,0,0,0,0,0,0,0,0,0.030010589,0.004068542
1861.5,1861,1862,0.0345709,0.23405545,-0.003429857,-0.104941077,0,-0.053188307,0.013682401,0.169110683,0.059246129,0.012169252,0,0,3.11E-09,0,0,0,1.38E-10,0,0,0,0,0,0,5.73E-10,-1.67E-16,3.00E-08,0,0,0,0,0,0,0,0,0,0,0,0,0,0,0,7.96E-08,0,0,0,0,0,0,0,0,0,0,0,0,0,0,0,0,0,0.031386027,0.004160542
1862.5,1862,1863,0.02315127,-1.240735285,-0.003927374,-0.104573309,0,-0.054057206,0.013421259,0.172131493,0.060838961,0.01283951,0,0,3.40E-09,0,0,0,1.51E-10,0,0,0,0,0,0,6.25E-10,9.86E-09,3.29E-08,0,0,0,0,0,0,0,0,0,0,0,0,0,0,0,7.96E-08,0,0,0,0,0,0,0,0,0,0,0,0,0,0,0,0,0,0.031248356,0.00427642
1863.5,1863,1864,0.002043677,-1.136647141,-0.003658684,-0.102777595,0,-0.054925864,0.013051253,0.175227248,0.062734808,0.013432614,0,0,3.68E-09,0,0,0,1.63E-10,0,0,0,0,0,0,6.77E-10,9.86E-09,3.58E-08,0,0,0,0,0,0,0,0,0,0,0,0,0,0,0,7.96E-08,0,0,0,0,0,0,0,0,0,0,0,0,0,0,0,0,0,0.031135935,0.004414597
1864.5,1864,1865,-0.005288599,-0.124663032,-0.003432168,-0.107305661,0,-0.055794051,0.013717907,0.178321407,0.064807639,0.014003526,0,0,3.96E-09,0,0,0,1.76E-10,0,0,0,0,0,0,7.29E-10,9.86E-09,3.88E-08,0,0,0,0,0,0,0,0,0,0,0,0,0,0,0,7.96E-08,0,0,0,0,0,0,0,0,0,0,0,0,0,0,0,0,0,0.033018988,0.004566008
1865.5,1865,1866,-0.020265162,0.170427715,-0.005483799,-0.118204436,0,-0.056661664,0.014605443,0.181433745,0.06678678,0.014614172,0,0,4.24E-09,0,0,0,1.88E-10,0,0,0,0,0,0,7.81E-10,9.86E-09,4.17E-08,0,0,0,0,0,0,0,0,0,0,0,0,0,0,0,7.96E-08,0,0,0,0,0,0,0,0,0,0,0,0,0,0,0,0,0,0.035121033,0.004710917
1866.5,1866,1867,-0.036879785,0.229583645,-0.004865736,-0.116925495,0,-0.057529156,0.014539875,0.18444832,0.068867934,0.015253793,0,0,4.53E-09,0,0,0,2.01E-10,0,0,0,0,0,0,8.33E-10,9.86E-09,4.47E-08,0,0,0,0,0,0,0,0,0,0,0,0,0,0,0,7.96E-08,0,0,0,0,0,0,0,0,0,0,0,0,0,0,0,0,0,0.035690473,0.004863648
1867.5,1867,1868,-0.050452296,0.239870377,-0.00624701,-0.126339529,0,-0.058396109,0.015379172,0.187594702,0.071042751,0.015882108,0,0,4.81E-09,0,0,0,2.14E-10,0,0,0,0,0,0,8.85E-10,1.97E-08,4.77E-08,0,0,0,0,0,0,0,0,0,0,0,0,0,0,0,7.96E-08,0,0,0,0,0,0,0,0,0,0,0,0,0,0,0,0,0,0.037867163,0.005023635
1868.5,1868,1869,-0.024056105,0.235587109,-0.007621486,-0.136224918,0,-0.059262631,0.016437489,0.190282576,0.072986284,0.01655755,0,0,5.09E-09,0,0,0,2.26E-10,0,0,0,0,0,0,9.37E-10,1.97E-08,5.08E-08,0,0,0,0,0,0,0,0,0,0,0,0,0,0,0,7.96E-08,0,0,0,0,0,0,0,0,0,0,0,0,0,0,0,0,0,0.040490067,0.005166958
1869.5,1869,1870,0.012246461,0.007413557,-0.007579851,-0.134238909,0,-0.060128493,0.015914193,0.192396849,0.074703632,0.017203373,0,0,5.38E-09,0,0,0,2.39E-10,0,0,0,0,0,0,9.89E-10,1.97E-08,5.39E-08,0,0,0,0,0,0,0,0,0,0,0,0,0,0,0,7.96E-08,0,0,0,0,0,0,0,0,0,0,0,0,0,0,0,0,0,0.039911528,0.005293872
1870.5,1870,1871,0.057846975,0.16349014,-0.00862034,-0.141751028,0,-0.061510948,0.016681854,0.194701138,0.07607562,0.017808974,0,0,5.66E-09,0,0,0,2.51E-10,0,0,0,0,0,0,1.04E-09,1.97E-08,5.70E-08,0,0,0,0,0,0,0,0,0,0,0,0,0,0,0,7.96E-08,0,0,0,0,0,0,0,0,0,0,0,0,0,0,0,0,0,0.041629852,0.005395454
1871.5,1871,1872,0.055772096,0.22642756,-0.008350268,-0.139894876,0,-0.063409645,0.016220299,0.197175364,0.077002204,0.018501755,0,0,5.94E-09,0,0,0,2.64E-10,0,0,0,0,0,0,1.09E-09,2.96E-08,6.02E-08,0,0,0,0,0,0,0,0,0,0,0,0,0,0,0,7.96E-08,0,0,0,0,0,0,0,0,0,0,0,0,0,0,0,0,0,0.041192714,0.005464189
1872.5,1872,1873,0.048049808,-0.490276527,-0.008800552,-0.141806762,0,-0.065307882,0.016060445,0.200239461,0.077739263,0.019165126,0,0,6.23E-09,0,0,0,2.76E-10,0,0,0,0,0,0,1.15E-09,2.96E-08,6.34E-08,0,0,0,0,0,0,0,0,0,0,0,0,0,0,0,7.96E-08,0,0,0,0,0,0,0,0,0,0,0,0,0,0,0,0,0,0.040501438,0.005518933
1873.5,1873,1874,0.026505396,-0.654408325,-0.011138278,-0.155160455,0,-0.067205578,0.017200599,0.203796125,0.078295194,0.019817482,0,0,6.51E-09,0,0,0,2.89E-10,0,0,0,0,0,0,1.20E-09,2.96E-08,6.67E-08,0,0,0,0,0,0,0,0,0,0,0,0,0,0,0,7.96E-08,0,0,0,0,0,0,0,0,0,0,0,0,0,0,0,0,0,0.042637045,0.005560278
1874.5,1874,1875,-0.002605298,0.035465884,-0.011900315,-0.15874378,0,-0.069102401,0.017614023,0.207446429,0.079275044,0.020447393,0,0,6.79E-09,0,0,0,3.01E-10,0,0,0,0,0,0,1.25E-09,3.94E-08,7.00E-08,0,0,0,0,0,0,0,0,0,0,0,0,0,0,0,7.96E-08,0,0,0,0,0,0,0,0,0,0,0,0,0,0,0,0,0,0.044245032,0.005633138
1875.5,1875,1876,-0.030998364,0.068066082,-0.011497343,-0.156138905,0,-0.070998806,0.017102077,0.21164481,0.080252074,0.021088003,0,0,7.07E-09,0,0,0,3.14E-10,0,0,0,0,0,0,1.30E-09,3.94E-08,7.33E-08,0,0,0,0,0,0,0,0,0,0,0,0,0,0,0,7.96E-08,0,0,0,0,0,0,0,0,0,0,0,0,0,0,0,0,0,0.043635198,0.005705873
1876.5,1876,1877,-0.037956227,0.136074423,-0.013136553,-0.161156591,0,-0.07289424,0.017250865,0.215821751,0.081075233,0.021659206,0,0,7.36E-09,0,0,0,3.27E-10,0,0,0,0,0,0,1.35E-09,4.93E-08,7.67E-08,0,0,0,0,0,0,0,0,0,0,0,0,0,0,0,7.96E-08,0,0,0,0,0,0,0,0,0,0,0,0,0,0,0,0,0,0.044147653,0.005767221
1877.5,1877,1878,-0.03639617,0.201851149,-0.013366967,-0.166020969,0,-0.074789161,0.017865784,0.220053161,0.081974412,0.022153747,0,0,7.64E-09,0,0,0,3.39E-10,0,0,0,0,0,0,1.41E-09,4.93E-08,8.02E-08,0,0,0,0,0,0,0,0,0,0,0,0,0,0,0,7.96E-08,0,0,0,0,0,0,0,0,0,0,0,0,0,0,0,0,0,0.045845409,0.00583428
1878.5,1878,1879,-0.053104397,0.226138181,-0.013800102,-0.169496012,0,-0.076683264,0.018246047,0.224451668,0.083014127,0.02268076,0,0,7.92E-09,0,0,0,3.52E-10,0,0,0,0,0,0,1.46E-09,5.92E-08,8.37E-08,0,0,0,0,0,0,0,0,0,0,0,0,0,0,0,7.96E-08,0,0,0,0,0,0,0,0,0,0,0,0,0,0,0,0,0,0.047294288,0.0059119
1879.5,1879,1880,-0.04737898,0.236980607,-0.016087489,-0.178782622,0,-0.078576727,0.018719165,0.228600641,0.08427864,0.023182027,0,0,8.21E-09,0,0,0,3.64E-10,0,0,0,0,0,0,1.51E-09,5.92E-08,8.72E-08,0,0,0,0,0,0,0,0,0,0,0,0,0,0,0,7.96E-08,0,0,0,0,0,0,0,0,0,0,0,0,0,0,0,0,0,0.047815473,0.006006404
1880.5,1880,1881,-0.012995289,0.125928505,-0.018501053,-0.186301781,0,-0.080200956,0.01867785,0.233144264,0.085699406,0.023686515,0,0,8.49E-09,0,0,0,3.77E-10,0,0,0,0,0,0,1.56E-09,6.90E-08,9.08E-08,0,0,0,0,0,0,0,0,0,0,0,0,0,0,0,7.96E-08,0,0,0,0,0,0,0,0,0,0,0,0,0,0,0,0,0,0.047752122,0.006112738
1881.5,1881,1882,0.01967234,0.005678376,-0.018757162,-0.191550204,0,-0.081555598,0.019297748,0.238025139,0.08704478,0.02410731,0,0,8.77E-09,0,0,0,3.89E-10,0,0,0,0,0,0,1.61E-09,6.90E-08,9.45E-08,0,0,0,0,0,0,0,0,0,0,0,0,0,0,0,7.96E-08,0,0,0,0,0,0,0,0,0,0,0,0,0,0,0,0,0,0.049536699,0.006213576
1882.5,1882,1883,0.015569385,0.167312839,-0.020129538,-0.194249793,0,-0.082909558,0.019047074,0.243185832,0.088375188,0.024538793,0,0,9.06E-09,0,0,0,4.02E-10,0,0,0,0,0,0,1.67E-09,7.89E-08,9.82E-08,0,0,0,0,0,0,0,0,0,0,0,0,0,0,0,7.96E-08,0,0,0,0,0,0,0,0,0,0,0,0,0,0,0,0,0,0.049004586,0.006313446
1883.5,1883,1884,0.009890772,-0.094731096,-0.020745132,-0.19436786,0,-0.084262687,0.018653633,0.247623956,0.089754578,0.024944612,0,0,9.34E-09,0,0,0,4.14E-10,0,0,0,0,0,0,1.72E-09,8.87E-08,1.02E-07,0,0,0,0,0,0,0,0,0,0,0,0,0,0,0,7.96E-08,0,0,0,0,0,0,0,0,0,0,0,0,0,0,0,0,0,0.048554466,0.006417144
1884.5,1884,1885,0.017956275,-2.165882441,-0.021337225,-0.201654086,0,-0.085615018,0.019551518,0.252153254,0.091243986,0.025346639,0,0,9.62E-09,0,0,0,4.27E-10,0,0,0,0,0,0,1.77E-09,9.86E-08,1.06E-07,0,0,0,0,0,0,0,0,0,0,0,0,0,0,0,7.96E-08,0,0,0,0,0,0,0,0,0,0,0,0,0,0,0,0,0,0.050936023,0.006529286
1885.5,1885,1886,0.005382202,-1.407300591,-0.022484366,-0.204809739,0,-0.086966279,0.019642113,0.257358226,0.092924437,0.025733811,0,0,9.90E-09,0,0,0,4.40E-10,0,0,0,0,0,0,1.82E-09,9.86E-08,1.10E-07,0,0,0,0,0,0,0,0,0,0,0,0,0,0,0,7.96E-08,0,0,0,0,0,0,0,0,0,0,0,0,0,0,0,0,0,0.051776537,0.006656025
1886.5,1886,1887,-0.027659839,-1.286334718,-0.022018504,-0.204729784,0,-0.088316497,0.019779263,0.262897936,0.094565252,0.026084508,0,0,1.02E-08,0,0,0,4.52E-10,0,0,0,0,0,0,1.87E-09,1.08E-07,1.14E-07,0,0,0,0,0,0,0,0,0,0,0,0,0,0,0,7.96E-08,0,0,0,0,0,0,0,0,0,0,0,0,0,0,0,0,0,0.052764423,0.00678
1887.5,1887,1888,-0.041934375,-0.437575137,-0.02375693,-0.213562716,0,-0.089665618,0.020437348,0.268639241,0.096365376,0.02650753,0,0,1.05E-08,0,0,0,4.65E-10,0,0,0,0,0,0,1.93E-09,1.18E-07,1.18E-07,0,0,0,0,0,0,0,0,0,0,0,0,0,0,0,7.96E-08,0,0,0,0,0,0,0,0,0,0,0,0,0,0,0,0,0,0.054499136,0.006916279
1888.5,1888,1889,-0.049703468,0.088194889,-0.027701635,-0.232660193,0,-0.091014081,0.021756584,0.275033297,0.098103724,0.026839629,0,0,1.08E-08,0,0,0,4.77E-10,0,0,0,0,0,0,1.98E-09,1.28E-07,1.22E-07,0,0,0,0,0,0,0,0,0,0,0,0,0,0,0,7.96E-08,0,0,0,0,0,0,0,0,0,0,0,0,0,0,0,0,0,0.056638971,0.007048127
1889.5,1889,1890,-0.050405495,0.180163467,-0.027472317,-0.229293482,0,-0.092361293,0.021337921,0.281439364,0.099975499,0.027265716,0,0,1.10E-08,0,0,0,4.90E-10,0,0,0,0,0,0,2.03E-09,1.38E-07,1.26E-07,0,0,0,0,0,0,0,0,0,0,0,0,0,0,0,7.96E-08,0,0,0,0,0,0,0,0,0,0,0,0,0,0,0,0,0,0.057193267,0.007190392
1890.5,1890,1891,-0.049391456,0.027525509,-0.030591255,-0.243813684,0,-0.093680516,0.022272503,0.287744811,0.101841935,0.027586555,0,0,1.13E-08,0,0,0,5.02E-10,0,0,0,0,0,0,2.08E-09,1.48E-07,1.30E-07,0,0,0,0,0,0,0,0,0,0,0,0,0,0,0,7.96E-08,0,0,0,0,0,0,0,0,0,0,0,0,0,0,0,0,0,0.058823466,0.007332526
1891.5,1891,1892,-0.011310425,0.149832855,-0.030986452,-0.242193182,0,-0.094971822,0.021795053,0.294287323,0.10373691,0.027878246,0,0,1.16E-08,0,0,0,5.15E-10,0,0,0,0,0,0,2.13E-09,1.58E-07,1.35E-07,8.86E-12,0,0,0,0,0,0,0,0,0,0,0,0,0,0,7.96E-08,0,0,0,0,0,0,0,0,0,0,0,0,0,0,0,0,0,0.05846068,0.007477126
1892.5,1892,1893,0.029079493,0.096282909,-0.031214485,-0.241277873,0,-0.096261702,0.021560558,0.300691231,0.105963819,0.028245556,0,0,1.19E-08,0,0,0,5.28E-10,0,0,0,0,0,0,2.19E-09,1.68E-07,1.39E-07,8.23E-11,0,0,0,0,0,0,0,0,0,0,0,0,0,0,7.96E-08,0,0,0,0,0,0,0,0,0,0,0,0,0,0,0,0,0,0.058797102,0.007647448
1893.5,1893,1894,0.038985863,0.168580464,-0.031620703,-0.243395995,0,-0.09755065,0.021781382,0.306321721,0.108111744,0.028674337,0,0,1.22E-08,0,0,0,5.40E-10,0,0,0,0,0,0,2.24E-09,1.77E-07,1.43E-07,1.87E-10,0,0,0,0,0,0,0,0,0,0,0,0,0,0,7.96E-08,0,0,0,0,0,0,0,0,0,0,0,0,0,0,0,0,0,0.06026749,0.00781214
1894.5,1894,1895,0.037737817,0.213182667,-0.03490206,-0.258397039,0,-0.098838342,0.022902314,0.312021543,0.109947853,0.029186449,0,0,1.25E-08,0,0,0,5.53E-10,0,0,0,0,0,0,2.29E-09,1.87E-07,1.48E-07,3.35E-10,0,0,0,0,0,0,0,0,0,0,0,0,0,0,7.96E-08,0,0,0,0,0,0,0,0,0,0,0,0,0,0,0,0,0,0.063281365,0.007953264
1895.5,1895,1896,0.020561572,-0.075952108,-0.036052466,-0.26377462,0,-0.100124817,0.02319721,0.317231081,0.111519664,0.029723871,0,0,1.27E-08,0,0,0,5.65E-10,0,0,0,0,0,0,2.34E-09,2.07E-07,1.53E-07,5.29E-10,0,0,0,0,0,0,0,0,0,0,0,0,0,0,7.96E-08,0,0,0,0,0,0,0,0,0,0,0,0,0,0,0,0,0,0.063920938,0.008074324
1896.5,1896,1897,-0.000109204,0.082721237,-0.037833378,-0.262782065,0,-0.10140977,0.022376237,0.322398101,0.112403192,0.030138799,0,0,1.30E-08,0,0,0,5.78E-10,0,0,0,0,0,0,2.40E-09,2.17E-07,1.57E-07,7.69E-10,0,0,0,0,0,0,0,0,0,0,0,0,0,0,7.96E-08,0,0,0,0,0,0,0,0,0,0,0,0,0,0,0,0,0,0.062500526,0.00814249
1897.5,1897,1898,-0.03276123,0.193324962,-0.040284881,-0.278154783,0,-0.102693854,0.023790963,0.32746795,0.113261944,0.030568067,0,0,1.33E-08,0,0,0,5.90E-10,0,0,0,0,0,0,2.45E-09,2.27E-07,1.62E-07,1.06E-09,0,0,0,0,0,0,0,0,0,0,0,0,0,0,7.96E-08,0,0,0,0,0,0,0,0,0,0,0,0,0,0,0,0,0,0.06566231,0.008208814
1898.5,1898,1899,-0.025460158,0.221808885,-0.042797778,-0.28662783,0,-0.103976585,0.024190362,0.333036454,0.114825526,0.030996387,0,0,1.36E-08,0,0,0,6.03E-10,0,0,0,0,0,0,2.50E-09,2.46E-07,1.67E-07,1.39E-09,0,0,0,0,0,0,0,0,0,0,0,0,0,0,7.96E-08,0,0,0,0,0,0,0,0,0,0,0,0,0,0,0,0,0,0.066762672,0.008329659
1899.5,1899,1900,-0.041653566,0.231952754,-0.04879029,-0.307275729,0,-0.105257667,0.025132123,0.339305876,0.116681996,0.031543316,0,0,1.39E-08,0,0,0,6.15E-10,0,0,0,0,0,0,2.55E-09,2.56E-07,1.72E-07,1.78E-09,0,0,0,0,0,0,0,0,0,0,0,0,0,0,7.96E-08,0,0,0,0,0,0,0,0,0,0,0,0,0,0,0,0,0,0.067893047,0.008473419
1900.5,1900,1901,-0.044321265,0.222365168,-0.051813175,-0.314563739,0,-0.106776502,0.025177902,0.346108024,0.118538608,0.032093536,0,0,1.41E-08,0,0,0,6.28E-10,0,0,0,0,0,0,2.60E-09,2.76E-07,1.77E-07,2.21E-09,0,0,0,0,0,0,0,0,0,0,0,-8.62E-12,-9.11E-18,3.28E-18,7.96E-08,-2.35E-14,-7.75E-13,0,0,0,0,0,0,0,0,0,0,0,0,0,0,0,0.068505659,0.008617485
1901.5,1901,1902,-0.05694214,0.231301107,-0.053081505,-0.319187581,0,-0.108532625,0.025504653,0.352104324,0.12037845,0.03269047,0,0,1.44E-08,0,0,0,6.41E-10,0,0,0,0,0,0,2.66E-09,2.86E-07,1.83E-07,2.70E-09,0,0,0,0,0,0,0,0,0,0,0,1.09E-11,-9.11E-18,-4.28E-18,7.96E-08,3.03E-14,-7.75E-13,0,0,0,0,0,0,0,0,0,0,0,0,0,0,0,0.069908602,0.008760553
1902.5,1902,1903,-0.0533072,0.193602568,-0.054971941,-0.322318351,0,-0.110288141,0.025414048,0.357835037,0.12259875,0.033607792,0,0,1.47E-08,0,0,0,6.53E-10,0,0,0,0,0,0,2.71E-09,5.23E-07,2.31E-07,4.05E-09,0,0,0,0,0,0,0,0,0,0,0,-1.41E-11,0,5.70E-18,7.96E-08,-3.96E-14,-7.75E-13,0,0,0,0,0,0,0,0,0,0,0,0,0,0,0,0.070658521,0.008933639
1903.5,1903,1904,-0.026926612,-0.111540681,-0.059637779,-0.33373825,0,-0.112042874,0.02573267,0.363763019,0.124881476,0.034693644,0,0,1.50E-08,0,0,0,6.66E-10,0,0,0,0,0,0,2.76E-09,7.89E-07,2.91E-07,6.75E-09,0,0,0,0,0,0,0,0,0,0,0,1.84E-11,0,-7.74E-18,7.96E-08,5.26E-14,-7.75E-13,0,0,0,0,0,0,0,0,0,0,0,0,0,0,0,0.071306565,0.00911207
1904.5,1904,1905,0.005912622,0.068043808,-0.062543323,-0.347725921,0,-0.113797129,0.026728326,0.3691492,0.127876125,0.03570927,0,0,1.53E-08,0,0,0,6.78E-10,0,0,0,0,0,0,2.81E-09,1.06E-06,3.61E-07,9.45E-09,0,0,0,0,0,0,0,0,0,0,0,-2.43E-11,0,1.06E-17,7.96E-08,-7.10E-14,-7.75E-13,0,0,0,0,0,0,0,0,0,0,0,0,0,0,0,0.075199544,0.009346728
1905.5,1905,1906,0.003588135,0.187980894,-0.066964735,-0.363406041,0,-0.115552153,0.027729779,0.375177268,0.130860021,0.03671316,0,0,1.56E-08,0,0,0,6.91E-10,0,0,0,0,0,0,2.86E-09,1.40E-06,4.48E-07,1.35E-08,0,0,0,0,0,0,0,0,0,0,0,3.27E-11,0,-1.48E-17,7.96E-08,7.02E-15,-7.75E-13,0,0,0,0,0,0,0,0,0,0,0,0,0,0,0,0.077925203,0.009581308
1906.5,1906,1907,0.014882959,0.217150903,-0.071403199,-0.375372973,0,-0.117307014,0.028272125,0.38190107,0.134012552,0.037722951,0,0,1.58E-08,0,0,0,7.03E-10,0,0,0,0,0,0,2.92E-09,1.84E-06,5.73E-07,1.62E-08,0,0,0,0,0,0,0,0,0,0,0,-4.45E-11,0,2.09E-17,7.96E-08,-8.72E-13,-7.75E-13,0,0,0,0,0,0,0,0,0,0,0,0,0,0,0,0.079631654,0.009829964
1907.5,1907,1908,0.01010918,-0.153820516,-0.080519062,-0.40925866,0,-0.119063749,0.030491308,0.389779791,0.137384237,0.038806802,0,0,1.61E-08,0,0,0,7.16E-10,0,0,0,0,0,0,2.97E-09,2.44E-06,7.50E-07,2.29E-08,0,0,0,0,0,0,0,0,0,0,0,6.14E-11,0,-3.00E-17,7.96E-08,-1.38E-12,-7.75E-13,0,0,0,0,0,0,0,0,0,0,0,0,0,0,0,0.083932259,0.010096855
1908.5,1908,1909,0.006770655,-0.091447847,-0.077621349,-0.401568947,0,-0.120821495,0.030179363,0.397353388,0.140115268,0.040030866,0,0,1.64E-08,0,0,0,7.28E-10,0,0,0,0,0,0,3.02E-09,3.19E-06,9.83E-07,2.97E-08,0,0,0,0,0,0,0,0,0,0,0,-8.56E-11,0,4.38E-17,7.96E-08,-2.66E-12,-7.75E-13,0,0,0,0,0,0,0,0,0,0,0,0,0,0,0,0.086306474,0.010313851
1909.5,1909,1910,-0.006084229,0.162935714,-0.081349711,-0.410499389,0,-0.122581345,0.030520111,0.404880353,0.14304995,0.041267619,0,0,1.67E-08,0,0,0,7.41E-10,0,0,0,0,0,0,3.07E-09,3.69E-06,1.13E-06,3.37E-08,0,0,0,0,0,0,0,0,0,0,0,1.21E-08,0,-6.48E-17,7.96E-08,-2.84E-12,-7.75E-13,0,0,0,0,0,0,0,0,0,0,0,0,0,0,0,0.087889485,0.010547727
1910.5,1910,1911,-0.03218401,0.221242803,-0.086763351,-0.430534689,0,-0.123725275,0.031826727,0.412820031,0.146016566,0.04259275,0,0,1.70E-08,0,0,0,7.54E-10,0,0,0,0,0,0,3.12E-09,4.76E-06,1.46E-06,4.32E-08,0,0,0,0,0,0,0,0,0,0,0,5.46E-08,0,9.72E-17,7.96E-08,-4.64E-12,-7.75E-13,0,0,0,0,0,0,0,0,0,0,0,0,0,0,0,0.091298703,0.010784933
1911.5,1911,1912,-0.051216725,0.219164613,-0.085969113,-0.423919909,0,-0.12425529,0.03135162,0.420951152,0.14858338,0.044071171,0,0,1.73E-08,0,0,0,7.66E-10,0,0,0,0,0,0,3.18E-09,6.37E-06,1.96E-06,5.67E-08,0,0,0,0,0,0,0,0,0,0,0,9.35E-06,0,-1.48E-16,7.96E-08,-4.04E-12,-7.75E-13,0,0,0,0,0,0,0,0,0,0,0,0,0,0,0,0.091941873,0.010990891
1912.5,1912,1913,-0.05352561,-0.445161184,-0.088620843,-0.428350255,0,-0.124788054,0.031464642,0.430391589,0.150850303,0.045158195,0,0,1.75E-08,0,0,0,7.79E-10,0,0,0,0,0,0,3.23E-09,7.87E-06,2.42E-06,7.15E-08,0,0,0,0,0,0,0,0,0,0,0,1.25E-05,0,2.29E-16,7.96E-08,-7.12E-12,-7.75E-13,0,0,0,0,0,0,0,0,0,0,0,0,0,0,0,0.092746948,0.0111732
1913.5,1913,1914,-0.05611531,-0.614586877,-0.093077512,-0.4465378,0,-0.125324105,0.032859932,0.440420442,0.152289661,0.046406825,0,0,1.78E-08,0,0,0,7.91E-10,0,0,0,0,0,0,3.28E-09,9.84E-06,3.02E-06,8.91E-08,0,0,0,0,0,0,0,0,0,0,0,1.52E-05,4.34E-18,-3.60E-16,7.96E-08,-4.64E-12,-7.75E-13,0,0,0,0,0,0,0,0,0,0,0,0,0,0,0,0.09552622,0.011289363
1914.5,1914,1915,-0.04547571,0.064390637,-0.086379082,-0.430213917,0,-0.125863874,0.032035853,0.449555306,0.15358043,0.047694243,0,0,1.81E-08,0,0,0,8.04E-10,0,0,0,0,0,0,3.33E-09,1.20E-05,3.68E-06,1.08E-07,0,0,0,0,0,0,0,0,0,0,0,2.80E-05,-4.34E-18,5.73E-16,7.96E-08,-1.08E-11,-7.75E-13,0,0,0,0,0,0,0,0,0,0,0,0,0,0,0,0.09764681,0.011393745
1915.5,1915,1916,0.006552246,0.206363321,-0.084332738,-0.42145085,0,-0.126407852,0.031541165,0.458841181,0.155131992,0.048897862,0,0,1.84E-08,0,0,0,8.16E-10,0,0,0,0,0,0,3.38E-09,1.42E-05,4.36E-06,1.28E-07,0,0,0,0,0,0,0,0,0,0,0,4.84E-05,9.54E-18,-9.27E-16,7.96E-08,-3.47E-12,-7.75E-13,0,0,0,0,0,0,0,0,0,0,0,0,0,0,0,0.097796845,0.011519306
1916.5,1916,1917,0.02503894,0.228657188,-0.092866109,-0.441466828,0,-0.126956548,0.032308845,0.468659336,0.158931739,0.04985944,0,0,1.87E-08,0,0,0,8.29E-10,0,0,0,0,0,0,3.44E-09,1.67E-05,5.13E-06,1.51E-07,0,0,0,0,0,0,0,0,0,0,0,8.24E-05,-1.43E-17,1.52E-15,7.96E-08,-1.76E-11,-7.75E-13,0,0,0,0,0,0,0,0,0,0,0,0,0,0,0,0.099895544,0.011827057
1917.5,1917,1918,0.073806375,0.222115479,-0.096884825,-0.459645152,0,-0.127510058,0.033928543,0.478061338,0.161701364,0.050958182,0,0,1.90E-08,0,0,0,8.41E-10,0,0,0,0,0,0,3.49E-09,2.03E-05,6.25E-06,1.84E-07,0,0,0,0,0,0,0,0,0,0,0,0.000121519,2.30E-17,-2.53E-15,7.96E-08,2.89E-12,-7.75E-13,0,0,0,0,0,0,0,0,0,0,0,0,0,0,0,0.104305163,0.012052299
1918.5,1918,1919,0.05695774,0.16492846,-0.096397825,-0.459245922,0,-0.128068578,0.033962959,0.485851787,0.165242407,0.05165137,0,0,1.92E-08,0,0,0,8.54E-10,0,0,0,0,0,0,3.54E-09,2.44E-05,7.49E-06,2.20E-07,0,0,0,0,0,0,0,0,0,0,0,0.000149988,-4.16E-17,4.29E-15,7.96E-08,-3.34E-11,-7.75E-13,0,0,0,0,0,0,0,0,0,0,0,0,0,0,0,0.106963644,0.01234101
1919.5,1919,1920,0.017893873,-0.024202593,-0.08193937,-0.412643436,0,-0.128633214,0.03104208,0.492309972,0.169276929,0.051829719,0,0,1.95E-08,0,0,0,8.67E-10,0,0,0,0,0,0,3.59E-09,2.85E-05,8.73E-06,2.56E-07,0,0,0,0,0,0,0,0,0,0,0,0.000176024,7.07E-17,-7.36E-15,7.96E-08,2.38E-11,-7.75E-13,0,0,0,0,0,0,0,0,0,0,0,0,0,0,0,0.107938675,0.012671064
1920.5,1920,1921,-0.015756592,0.172160834,-0.091257312,-0.444025864,0,-0.12948917,0.033135994,0.499974453,0.173261862,0.052121903,0,0,1.98E-08,0,0,0,8.79E-10,0,0,0,0,0,0,3.64E-09,3.21E-05,9.84E-06,2.89E-07,0,0,0,0,0,0,0,0,0,0,0,0.000191256,-1.16E-16,1.28E-14,7.96E-08,-5.25E-11,-7.75E-13,0,0,0,0,0,0,0,0,0,0,0,0,0,0,0,0.112048605,0.01299848
1921.5,1921,1922,-0.027862648,0.221691177,-0.075016128,-0.39328929,0,-0.13063674,0.030459595,0.506217299,0.177064747,0.052528587,0,0,2.01E-08,0,0,0,8.92E-10,0,0,0,0,0,0,3.70E-09,3.60E-05,1.10E-05,3.24E-07,0,0,0,0,0,0,0,0,0,0,0,0.000202162,2.10E-16,-2.27E-14,7.96E-08,2.59E-07,-7.75E-13,0,0,0,0,0,0,0,0,0,0,0,0,0,0,0,0.112646026,0.013312265
1922.5,1922,1923,-0.045428906,0.229888663,-0.078628563,-0.398587734,0,-0.131791332,0.030442599,0.512291395,0.18073019,0.053009965,0,0,2.04E-08,0,0,0,9.04E-10,0,0,0,0,0,0,3.75E-09,3.75E-05,1.15E-05,3.37E-07,0,0,0,0,0,0,2.78E-07,0,0,0,0,0.000226623,-3.73E-16,4.07E-14,7.96E-08,9.87E-07,-7.74E-13,0,0,0,0,0,0,0,0,0,0,0,0,0,0,0,0.114535383,0.013615931
1923.5,1923,1924,-0.049547464,0.230982284,-0.085515275,-0.447082851,0,-0.132952829,0.035572235,0.518015526,0.183919223,0.054082854,0,0,2.07E-08,0,0,0,9.17E-10,0,0,0,0,0,0,3.80E-09,4.01E-05,1.23E-05,3.60E-07,0,0,0,0,0,0,2.78E-07,0,0,0,0,0.000265855,6.71E-16,-7.42E-14,7.96E-08,2.10E-06,-7.75E-13,0,0,0,0,0,0,0,0,0,0,0,0,0,0,0,0.121737633,0.013881334
1924.5,1924,1925,-0.03862705,0.048176749,-0.085847752,-0.435095459,0,-0.13412227,0.033891949,0.524329864,0.186199267,0.054591709,0,0,2.09E-08,0,0,0,9.29E-10,0,0,0,0,0,0,3.85E-09,4.49E-05,1.37E-05,4.04E-07,0,0,0,0,0,0,5.55E-07,0,0,0,0,0.00030257,-1.24E-15,1.37E-13,7.96E-08,3.53E-06,-7.74E-13,0,0,0,0,0,0,0,0,0,0,0,0,0,0,0,0.120519536,0.014071535
1925.5,1925,1926,-0.011575635,0.151295255,-0.086352853,-0.438485282,0,-0.135299633,0.034398297,0.527466408,0.187628371,0.054779633,0,0,2.12E-08,0,0,0,9.42E-10,0,0,0,0,0,0,3.91E-09,5.03E-05,1.54E-05,4.52E-07,0,0,0,0,0,0,8.33E-07,0,0,0,0,0.000347511,2.31E-15,-2.58E-13,7.96E-08,5.19E-06,-7.75E-13,0,0,0,0,0,0,0,0,0,0,0,0,0,0,0,0.122540631,0.014190931
1926.5,1926,1927,0.012386866,-0.068067027,-0.090500452,-0.441388463,0,-0.136485871,0.033749119,0.529844048,0.188387805,0.054944559,0,0,2.15E-08,0,0,0,9.55E-10,0,0,0,0,0,0,3.96E-09,5.58E-05,1.70E-05,5.01E-07,0,0,0,0,0,0,1.39E-06,0,0,0,0,0.000404661,-4.37E-15,4.91E-13,7.96E-08,7.00E-06,-7.73E-13,0,0,0,0,0,0,0,0,0,0,0,0,0,0,0,0.12314322,0.014254477
1927.5,1927,1928,0.034258887,0.086334221,-0.097211939,-0.462216956,0,-0.137680593,0.035009294,0.533697837,0.189530237,0.055136568,0,0,2.18E-08,0,0,0,9.67E-10,0,0,0,0,0,0,4.01E-09,6.18E-05,1.88E-05,5.53E-07,0,0,0,0,0,0,1.67E-06,0,0,0,0,0.000443528,8.41E-15,-9.51E-13,7.96E-08,8.88E-06,-7.78E-13,0,0,0,0,0,0,0,0,0,0,0,0,0,0,0,0.126869111,0.014350143
1928.5,1928,1929,0.030202735,0.208283157,-0.099753412,-0.461145584,0,-0.138884939,0.034150046,0.536271018,0.192085879,0.055484867,0,0,2.21E-08,0,0,0,9.80E-10,0,0,0,0,0,0,4.06E-09,6.85E-05,2.08E-05,6.13E-07,0,0,0,0,0,0,2.22E-06,0,0,0,0,0.000498728,-1.64E-14,1.87E-12,7.96E-08,1.08E-05,-7.68E-13,0,0,0,0,0,0,0,0,0,0,0,0,0,0,0,0.128677944,0.014564529
1929.5,1929,1930,0.006411841,0.220294648,-0.109389839,-0.485489147,0,-0.140098417,0.035081664,0.53909542,0.195236179,0.055707137,0,1.60E-07,2.24E-08,0,0,0,9.92E-10,0,0,0,0,0,0,4.11E-09,7.64E-05,2.32E-05,6.83E-07,0,0,0,0,0,0,2.50E-06,0,0,0,0,0.000580349,3.25E-14,-3.65E-12,7.96E-08,1.25E-05,-7.87E-13,0,0,0,0,0,0,0,0,0,0,0,0,0,0,0,0.132477982,0.014829498
1930.5,1930,1931,-0.003572534,0.225101965,-0.102715561,-0.470242191,0,-0.141226278,0.034192821,0.541180782,0.198355471,0.0558904,0,9.76E-07,2.26E-08,0,0,0,1.00E-09,0,0,0,0,0,0,4.17E-09,8.47E-05,2.56E-05,7.57E-07,0,0,0,3.96E-07,0,0,3.05E-06,0,0,0,0,0.000671031,-6.55E-14,5.21E-12,7.96E-08,1.42E-05,-7.48E-13,0,0,0,0,0,0,0,0,0,0,0,0,0,0,0,0.134629956,0.015092695
1931.5,1931,1932,-0.02472693,0.212588035,-0.088022957,-0.41438121,2.94E-05,-0.142268604,0.030380711,0.54464893,0.200875881,0.056568245,0,2.63E-07,2.29E-08,0,0,0,1.02E-09,0,0,0,0,0,0,4.22E-09,9.23E-05,2.78E-05,8.23E-07,0,0,0,6.38E-06,0,0,3.61E-06,0,0,0,0,0.000777293,1.34E-13,2.87E-08,7.96E-08,1.58E-05,-8.30E-13,0,0,0,0,0,0,0,0,0,0,0,0,0,0,0,0.130402243,0.015306212
1932.5,1932,1933,-0.037987426,0.122609598,-0.076959629,-0.390512905,5.88E-05,-0.143321722,0.029880539,0.54935541,0.203194443,0.056933724,0,1.26E-07,2.32E-08,0,0,0,1.03E-09,0,0,0,0,0,0,4.27E-09,9.79E-05,2.94E-05,8.72E-07,0,0,0,2.26E-05,0,0,4.16E-06,0,0,0,0,0.000875532,-2.78E-13,1.65E-07,7.96E-08,1.74E-05,-6.57E-13,0,0,0,0,0,0,0,0,0,0,0,0,0,0,0,0.132165003,0.015503011
1933.5,1933,1934,-0.045912527,-0.163348254,-0.082800135,-0.400536418,8.81E-05,-0.144386146,0.029723307,0.554739876,0.205563391,0.057479562,0,1.37E-07,2.35E-08,0,0,0,1.04E-09,0,0,0,0,0,0,4.32E-09,0.000101222,3.04E-05,9.02E-07,0,0,0,3.77E-05,0,0,4.72E-06,0,0,0,0,0.000982408,5.86E-13,3.46E-07,7.96E-08,1.91E-05,-1.03E-12,0,0,0,0,0,0,0,0,0,0,0,0,0,0,0,0.132766192,0.015704652
1934.5,1934,1935,-0.03918867,0.104510577,-0.09346357,-0.438476342,0.000117506,-0.145462247,0.032141834,0.561446926,0.208262451,0.057836065,0,1.49E-07,2.38E-08,0,0,0,1.06E-09,0,0,0,0,0,0,4.37E-09,0.000104663,3.14E-05,9.31E-07,0,0,0,5.27E-05,0,0,5.55E-06,1.63E-07,0,0,0,0.001105761,-1.25E-12,5.18E-07,7.96E-08,2.09E-05,-2.17E-13,0,0,0,0,0,0,0,0,0,0,0,0,0,0,0,0.138031506,0.015934876
1935.5,1935,1936,-0.007425879,0.208783049,-0.101969158,-0.456151235,0.000146882,-0.146549899,0.032505022,0.56920333,0.210994584,0.058277026,0,1.62E-07,2.41E-08,0,0,0,1.07E-09,0,0,0,0,0,0,4.43E-09,0.000109228,3.27E-05,9.72E-07,0,0,0,6.78E-05,0,0,6.11E-06,4.08E-06,0,0,0,0.001257968,2.73E-12,6.91E-07,7.96E-08,2.28E-05,-2.02E-12,0,0,0,0,0,0,0,0,0,0,0,0,0,0,0,0.14013038,0.016168611
1936.5,1936,1937,0.058346193,0.225707076,-0.110354813,-0.488686059,0.000176259,-0.14765058,0.035011435,0.583080237,0.213431513,0.058858905,0,1.77E-07,2.43E-08,0,0,0,1.08E-09,0,0,0,0,0,0,4.48E-09,0.000116691,3.48E-05,1.04E-06,0,0,0,8.29E-05,0,0,6.66E-06,1.70E-05,0,0,0,0.001451636,-6.02E-12,8.64E-07,7.95E-08,2.47E-05,2.04E-12,0,0,0,0,0,0,0,0,0,0,0,0,0,0,0,0.145647676,0.016377736
1937.5,1937,1938,0.07820574,0.219511253,-0.119948846,-0.504282742,0.000205635,-0.148763458,0.035115619,0.596336548,0.215728199,0.059596665,0,1.92E-07,2.46E-08,0,0,0,1.09E-09,0,0,0,0,0,0,4.53E-09,0.000126826,3.76E-05,1.13E-06,0,0,0,9.80E-05,0,0,7.22E-06,2.99E-05,0,0,0,0.001661593,1.35E-11,1.04E-06,7.97E-08,2.68E-05,-7.26E-12,0,0,0,0,0,0,0,0,0,0,0,0,0,0,0,0.147728832,0.016575399
1938.5,1938,1939,0.066832915,0.221511255,-0.110317168,-0.470367593,0.000235012,-0.149889764,0.032827371,0.605613795,0.21792748,0.060462322,0,2.09E-07,2.49E-08,0,0,0,1.11E-09,0,0,0,0,0,0,4.58E-09,0.000139978,4.13E-05,1.24E-06,0,0,0,0.000113032,0,0,7.77E-06,4.28E-05,0,0,0,0.001867832,-3.07E-11,1.21E-06,7.94E-08,2.89E-05,1.44E-11,0,0,0,0,0,0,0,0,0,0,0,0,0,0,0,0.145718673,0.016765197
1939.5,1939,1940,0.050935913,0.226782893,-0.119994395,-0.503001653,0.000264388,-0.151029744,0.034904549,0.615357172,0.22112392,0.061168699,0,2.27E-07,2.52E-08,0,0,0,1.12E-09,0,0,0,0,0,0,4.63E-09,0.000154934,4.53E-05,1.38E-06,0,0,0,0.000128103,1.39E-07,0,8.33E-06,5.56E-05,0,0,0,0.002085435,7.10E-11,1.38E-06,8.00E-08,3.12E-05,-3.75E-11,0,0,0,0,0,0,0,0,0,0,0,0,0,0,0,0.151234365,0.017041553
1940.5,1940,1941,0.031965602,0.227742246,-0.133119688,-0.524570968,0.000293765,-0.15137003,0.035275156,0.624179266,0.222752745,0.06200665,0,2.46E-07,2.55E-08,0,0,0,1.13E-09,0,0,0,0,0,0,4.69E-09,0.000173025,5.02E-05,1.54E-06,0,0,0,0.000143174,2.90E-06,0,8.88E-06,6.84E-05,0,0,0,0.002337182,-1.67E-10,1.56E-06,7.86E-08,3.36E-05,1.26E-10,0,0,0,0,0,0,0,0,0,0,0,0,0,0,0,0.152968205,0.017182965
1941.5,1941,1942,0.016365016,0.227736583,-0.138062392,-0.535745073,0.000316656,-0.150911042,0.035955969,0.632067473,0.224332753,0.062890313,0,2.68E-07,2.58E-08,0,0,0,1.14E-09,0,0,0,0,0,0,4.74E-09,0.000191393,5.51E-05,1.70E-06,0,0,0,0.000158245,1.51E-05,0,9.16E-06,8.13E-05,0,0,0,0.002633162,4.03E-10,1.73E-06,3.79E-07,3.61E-05,2.31E-06,0,0,0,0,0,0,0,0,0,0,0,0,0,0,0,0.154773891,0.017320403
1942.5,1942,1943,-0.010545996,0.227570593,-0.142175995,-0.553670159,0.000343362,-0.150468173,0.037337893,0.638298654,0.226834821,0.063873249,0,2.91E-07,2.60E-08,0,0,0,1.16E-09,0,0,0,0,0,0,4.79E-09,0.000215804,6.15E-05,1.92E-06,0,0,0,0.000173316,3.54E-05,0,9.71E-06,9.41E-05,0,0,0,0.003006737,-1.21E-09,1.90E-06,1.28E-06,3.87E-05,4.27E-06,0,0,0,0,0,0,0,0,0,0,0,0,0,0,0,0.15695348,0.017538301
1943.5,1943,1944,-0.03379087,0.047650289,-0.14328149,-0.556353656,0.000370068,-0.150043779,0.037762415,0.641991333,0.2290808,0.066157803,0,3.16E-07,2.63E-08,0,0,0,1.17E-09,0,0,0,0,0,0,4.84E-09,0.000247569,6.97E-05,2.20E-06,0,0,0,0.000188387,6.36E-05,0,9.99E-06,0.000106926,0,0,0,0.003450997,4.34E-06,2.07E-06,2.76E-06,4.15E-05,5.84E-06,0,0,0,0,0,0,0,0,0,0,0,0,0,0,0,0.159810888,0.0177351
1944.5,1944,1945,-0.03544453,0.096494138,-0.138916919,-0.550358368,0.000400589,-0.149639623,0.03792008,0.642235489,0.230897415,0.066948427,0,3.44E-07,2.66E-08,0,0,0,1.18E-09,0,0,0,0,0,0,4.89E-09,0.000290131,8.05E-05,2.59E-06,0,6.96E-06,0,0.000203458,9.98E-05,0,1.03E-05,0.000119757,0,0,0,0.003961218,1.74E-05,2.25E-06,4.80E-06,4.44E-05,7.03E-06,0,0,0,0,0,0,0,0,0,0,0,0,0,0,0,0.162606168,0.017894072
1945.5,1945,1946,0.002979712,0.191964231,-0.119418709,-0.495165524,0.00043111,-0.149257648,0.034518341,0.641577876,0.232429242,0.067767847,0,3.74E-07,2.69E-08,0,0,0,1.19E-09,0,0,0,0,0,0,4.95E-09,0.000320191,8.78E-05,2.86E-06,0,0.000151056,1.42E-06,0.000218529,0.000143981,0,1.05E-05,0.000132588,0,0,0,0.004300096,2.91E-05,2.42E-06,7.37E-06,4.74E-05,7.97E-06,0,0,0,0,0,0,0,0,0,0,0,0,0,0,0,0.16179324,0.018028435
1946.5,1946,1947,0.04385325,0.218324175,-0.114797847,-0.482481716,0.000469261,-0.148899423,0.034156761,0.641504163,0.234606308,0.068489309,0,4.06E-07,2.72E-08,0,0,0,1.21E-09,0,0,0,0,0,0,5.00E-09,0.000329458,8.99E-05,2.95E-06,0,0.000586202,2.44E-05,0.0002336,0.000196002,0,1.08E-05,0.000145419,0,0,0,0.004566036,4.07E-05,2.59E-06,1.05E-05,5.07E-05,8.36E-06,0,0,0,0,0,0,0,0,0,0,0,0,0,0,0,0.16145549,0.018219527
1947.5,1947,1948,0.07597485,0.117495245,-0.129482106,-0.509374555,0.000503597,-0.148567152,0.03469837,0.64304087,0.237601095,0.068798952,0,4.42E-07,2.75E-08,0,0,0,1.22E-09,0,0,0,0,0,0,5.05E-09,0.000340145,9.23E-05,3.05E-06,0,0.001016006,8.79E-05,0.000248671,0.000255868,0,1.08E-05,0.00015825,0,0,0,0.00482754,5.24E-05,2.76E-06,1.40E-05,5.41E-05,8.51E-06,0,0,0,0,0,0,0,0,0,0,0,0,0,0,0,0.166077353,0.018482724
1948.5,1948,1949,0.09084222,0.150137679,-0.135506432,-0.531692703,0.000545563,-0.148262147,0.03644945,0.643499068,0.240592745,0.068971521,0,4.80E-07,2.77E-08,0,0,0,1.23E-09,0,0,0,0,0,0,5.10E-09,0.000356945,9.61E-05,3.20E-06,0,0.001442475,0.00014657,0.000263742,0.00032428,0,1.08E-05,0.00017108,0,0,0,0.005153642,6.40E-05,2.94E-06,1.81E-05,5.77E-05,8.52E-06,0,0,0,0,0,0,0,0,0,0,0,0,0,0,0,0.172315574,0.018746367
1949.5,1949,1950,0.07272993,0.21067207,-0.135849947,-0.526134608,0.00058753,-0.147987207,0.035117023,0.645301118,0.242944087,0.069135287,0,5.22E-07,2.80E-08,0,0,0,1.24E-09,0,0,0,0,0,1.56E-07,5.15E-09,0.000375155,0.000100145,3.38E-06,0,0.001868944,0.000205197,0.000278813,0.000393484,0,1.08E-05,0.000183913,0,0,0,0.005511085,7.57E-05,3.11E-06,2.25E-05,6.15E-05,8.30E-06,0,0,0,0,0,0,0,0,0,0,0,0,0,0,0,0.171703247,0.018954155
1950.5,1950,1951,0.035194922,0.222842836,-0.147842571,-0.566255582,0.000637127,-0.148668678,0.037904616,0.648481134,0.24466767,0.069648929,0,5.84E-07,2.83E-08,0,0,0,1.26E-09,0,0,0,0,0,1.09E-06,5.21E-09,0.000391787,0.000103629,3.54E-06,0,0.002287258,0.000262027,0.000293884,0.000465984,0,1.08E-05,0.000198346,0,0,0,0.005894498,8.73E-05,3.28E-06,2.74E-05,6.55E-05,7.76E-06,0,0,0,0,0,0,0,0,0,0,0,0,0,0,0,0.179821252,0.019107002
1951.5,1951,1952,0.007410279,0.196775468,-0.155584586,-0.552589991,0.000686723,-0.150392144,0.035300827,0.651729723,0.247141151,0.070089329,0,1.32E-06,2.86E-08,0,0,0,1.27E-09,0,0,0,0,0,3.10E-06,5.26E-09,0.000409572,0.000107199,3.71E-06,0,0.002786512,0.000336182,0.000308783,0.000545336,0,1.08E-05,0.000199949,0,0,0,0.006240276,9.93E-05,3.46E-06,3.27E-05,6.97E-05,7.13E-06,0,0,0,0,0,0,0,0,0,0,0,0,0,0,0,0.177961705,0.019326649
1952.5,1952,1953,-0.015834594,0.197371347,-0.161657649,-0.567717974,0.000740135,-0.152079625,0.03587391,0.657359328,0.249860037,0.070682507,0,3.99E-06,2.89E-08,0,0,0,1.28E-09,0,0,0,0,0,8.50E-06,5.31E-09,0.000429556,0.000111009,3.91E-06,0,0.003384662,0.000455537,0.000325328,0.000623726,0,1.08E-05,0.000196742,0,0,0,0.006427384,0.000112589,3.63E-06,3.84E-05,7.41E-05,6.70E-06,0,0,0,0,0,0,0,0,0,0,0,0,0,0,0,0.181865334,0.019568786
1953.5,1953,1954,-0.03170039,0.210556537,-0.167673176,-0.585031402,0.000801177,-0.153628039,0.036829662,0.664040288,0.25431449,0.071773962,0,8.89E-06,2.91E-08,0,0,0,1.29E-09,0,0,0,0,0,1.42E-05,5.36E-09,0.000449994,0.000114655,4.11E-06,0,0.004018605,0.000624209,0.000343296,0.000704072,0,1.08E-05,0.000198079,0,0,7.51E-08,0.006650846,0.000126642,3.82E-06,4.47E-05,7.89E-05,6.15E-06,0,0,0,0,0,0,0,0,0,0,0,0,0,0,0,0.187922536,0.019966997
1954.5,1954,1955,-0.04099834,0.21905403,-0.171913756,-0.595095204,0.000866034,-0.155307363,0.037541539,0.670309467,0.259739682,0.07252739,0,1.57E-05,2.94E-08,0,0,0,1.31E-09,0,0,0,0,0,1.98E-05,5.42E-09,0.000472374,0.000118382,4.33E-06,0,0.004731992,0.000839415,0.000364108,0.000784226,0,1.08E-05,0.000206099,0,0,1.13E-06,0.006898542,0.000146831,4.02E-06,5.17E-05,8.40E-05,5.72E-06,0,0,0,0,0,0,0,0,0,0,0,0,0,0,0,0.192240311,0.020454063
1955.5,1955,1956,-0.020655176,0.218408908,-0.187441057,-0.623263121,0.000934707,-0.157067166,0.038680085,0.675780078,0.265692867,0.073565611,0,2.44E-05,2.97E-08,0,0,0,1.32E-09,0,0,0,0,0,2.55E-05,5.47E-09,0.000494991,0.000121836,4.54E-06,0,0.005533218,0.001104465,0.000389961,0.00086438,0,1.08E-05,0.000225368,0,0,6.98E-06,0.007169465,0.000168948,4.21E-06,5.92E-05,8.94E-05,5.27E-06,0,0,0,0,0,0,0,0,0,0,0,0,0,0,0,0.199956759,0.020991711
1956.5,1956,1957,0.04875183,0.083301983,-0.201976463,-0.668283032,0.001011009,-0.158671854,0.042019262,0.680594584,0.272686672,0.074762945,0,3.48E-05,3.00E-08,0,0,0,1.33E-09,0,0,0,0,0,3.12E-05,5.52E-09,0.000517617,0.000124989,4.76E-06,0,0.006453355,0.001436578,0.000418433,0.000944927,0,1.08E-05,0.000253628,0,0,1.87E-05,0.007462953,0.000186212,4.41E-06,6.71E-05,9.51E-05,4.81E-06,0,0,0,0,0,0,0,0,0,0,0,0,0,0,0,0.209984,0.021627421
1957.5,1957,1958,0.10703562,0.082855337,-0.208650155,-0.696172667,0.001091127,-0.160160022,0.044583271,0.685598931,0.279752147,0.075895199,0,4.71E-05,3.03E-08,0,0,0,1.34E-09,0,0,0,0,0,3.68E-05,5.57E-09,0.000539297,0.000127734,4.96E-06,0,0.00751788,0.001828975,0.000451369,0.001021545,0,1.08E-05,0.000287942,0,0,3.64E-05,0.007777111,0.000203632,4.60E-06,7.53E-05,0.000101143,4.52E-06,0,0,0,0,0,0,0,0,0,0,0,0,0,0,0,0.218173051,0.0222741
1958.5,1958,1959,0.10333829,0.188206112,-0.207089405,-0.680135575,0.001178875,-0.161078624,0.043961971,0.691634986,0.285303164,0.076804357,0,6.11E-05,3.06E-08,0,0,0,1.36E-09,0,0,0,0,0,4.25E-05,5.62E-09,0.000558522,0.000129933,5.12E-06,0,0.008667126,0.002218208,0.000490556,0.00109921,0,1.08E-05,0.000338866,0,0,5.68E-05,0.008111092,0.000221368,4.80E-06,8.38E-05,0.000107415,4.22E-06,0,0,0,0,0,0,0,0,0,0,0,0,0,0,0,0.215502331,0.022785362
1959.5,1959,1960,0.0639936,0.217450891,-0.216092828,-0.696076139,0.001270438,-0.161719224,0.045117497,0.699576193,0.290008838,0.077558327,0,7.68E-05,3.08E-08,0,0,0,1.37E-09,0,0,0,0,0,4.82E-05,5.68E-09,0.000577234,0.000131893,5.27E-06,0,0.009894466,0.00257873,0.000535769,0.00117138,0,1.14E-05,0.000407606,0,0,7.99E-05,0.008465211,0.000239355,4.99E-06,9.28E-05,0.000113922,3.92E-06,0,0,0,0,0,0,0,0,0,0,0,0,0,0,0,0.218535683,0.023220954
1960.5,1960,1961,0.04441487,0.223006168,-0.228424104,-0.720209553,0.001373447,-0.162467874,0.046808973,0.713734006,0.293225144,0.07859824,0,9.41E-05,3.11E-08,0,0,0,1.38E-09,0,0,0,0,0,5.38E-05,7.49E-09,0.000598303,0.000133943,5.43E-06,3.53E-09,0.011326653,0.003000841,0.000586848,0.001238042,0,1.25E-05,0.000481036,0,0,0.000109816,0.008837426,0.000257385,5.21E-06,0.000102286,0.000120637,3.62E-06,3.63E-10,2.18E-09,0,0,0,0,0,0,0,0,0,0,0,0,0,0.223476298,0.023520217
1961.5,1961,1962,-0.004898584,0.223785618,-0.240060438,-0.744518165,0.001594387,-0.163068721,0.04685278,0.725345987,0.295742683,0.079721088,0,0.000113071,3.14E-08,0,0,0,1.39E-09,0,0,0,0,0,6.23E-05,7.90E-08,0.000620377,0.000135936,5.57E-06,5.45E-07,0.012986409,0.003566803,0.000645407,0.001308765,0,1.47E-05,0.000564062,0,0,0.00014065,0.009228284,0.000275127,5.42E-06,0.000112096,0.00012751,3.32E-06,2.90E-09,1.74E-08,0,0,0,0,0,0,0,0,0,0,0,0,0,0.230932436,0.023755353
1962.5,1962,1963,-0.028096655,0.223742828,-0.245862321,-0.745778063,0.001852107,-0.164025029,0.046894452,0.738173015,0.301903619,0.0809101,0,0.000133606,3.17E-08,0,0,0,1.41E-09,0,0,0,0,0,7.37E-05,1.89E-07,0.000642422,0.000137801,5.70E-06,2.13E-06,0.014864348,0.00429144,0.000713063,0.001382632,0,1.83E-05,0.00066917,0,0,0.000178922,0.009634362,0.000292305,5.64E-06,0.000122395,0.000134531,3.02E-06,5.80E-09,3.48E-08,0,0,0,0,0,0,0,0,0,0,0,0,0,0.234378511,0.024332122
1963.5,1963,1964,-0.03564734,-0.664880785,-0.264430984,-0.796087457,0.002055866,-0.164979916,0.049690239,0.748555925,0.310406286,0.082223467,0,0.000155679,3.20E-08,0,0,0,1.42E-09,0,0,0,0,0,8.78E-05,3.21E-07,0.000665955,0.000139704,5.82E-06,4.67E-06,0.01706042,0.005193452,0.000791384,0.001457225,3.53E-08,2.36E-05,0.000802734,0,0,0.000226648,0.010049762,0.000308697,5.88E-06,0.000133006,0.000141664,2.72E-06,8.70E-09,6.53E-08,0,0,0,0,0,0,0,0,0,0,0,0,0,0.249361201,0.025133602
1964.5,1964,1965,-0.038159035,-0.547657344,-0.274465328,-0.780004147,0.002256146,-0.165569143,0.047194335,0.760257558,0.318083066,0.083454166,0,0.000179248,3.23E-08,0,0,0,1.43E-09,0,0,0,0,0,0.000101982,4.80E-07,0.000690593,0.000141626,5.94E-06,8.08E-06,0.019639023,0.006279405,0.000880025,0.001533125,8.56E-07,3.14E-05,0.00096292,0,0,0.000274564,0.010476809,0.00032405,6.12E-06,0.000143864,0.000148945,2.42E-06,1.16E-08,1.00E-07,0,0,0,0,0,0,0,0,0,0,0,0,0,0.250509401,0.025862988
1965.5,1965,1966,-0.03372847,0.056009654,-0.285169783,-0.794057897,0.00252478,-0.166159675,0.047352488,0.768472237,0.324377279,0.084697196,0,0.000204274,3.25E-08,0,0,0,1.44E-09,0,0,0,0,0,0.000113313,6.83E-07,0.000718967,0.000143799,6.06E-06,1.23E-05,0.022588187,0.007536399,0.000982019,0.001614139,4.72E-06,4.16E-05,0.001152888,0,0,0.000334504,0.010900401,0.000338211,6.33E-06,0.00015492,0.000156392,2.08E-06,1.68E-08,1.43E-07,0,5.10E-09,0,0,1.04E-08,1.16E-08,0,0,0,0,0,0,0,0.258530089,0.026465269
1966.5,1966,1967,-0.008767529,0.170574279,-0.293151961,-0.801044802,0.002859448,-0.166659264,0.047545598,0.786722106,0.329486219,0.086106767,0,0.000230716,3.28E-08,0,0,0,1.46E-09,0,0,0,0,0,0.000124645,9.32E-07,0.00074953,0.000146129,6.18E-06,1.72E-05,0.02589204,0.00894166,0.001101136,0.001701584,9.73E-06,5.41E-05,0.001384153,0,0,0.000428145,0.011306563,0.000351071,6.56E-06,0.000166207,0.000163984,1.97E-06,3.57E-08,5.63E-07,0,6.10E-08,0,0,9.01E-08,1.06E-07,0,0,0,0,0,0,0,0.263180923,0.026957177
1967.5,1967,1968,0.017909473,0.200737785,-0.298642105,-0.821897696,0.003518906,-0.168098966,0.049109277,0.796918655,0.334956622,0.087511975,0,0.000258536,3.31E-08,0,0,0,1.47E-09,0,0,0,0,0,0.000135976,1.25E-06,0.000784253,0.000148836,6.32E-06,2.28E-05,0.029605626,0.010513659,0.001236395,0.001793889,1.57E-05,6.88E-05,0.001662525,0,0,0.00056896,0.01169787,0.000362659,6.83E-06,0.000177565,0.000171722,2.01E-06,6.69E-08,1.71E-06,0,1.69E-07,0,0,1.94E-07,2.39E-07,0,0,0,0,0,0,0,0.27397977,0.027486509
1968.5,1968,1969,0.024945337,0.103470889,-0.310942963,-0.829655349,0.004150011,-0.171092324,0.049240724,0.812417071,0.342812478,0.088908173,0,0.000287694,3.34E-08,0,0,0,1.48E-09,0,0,0,0,0,0.000152973,1.64E-06,0.00082436,0.000152115,6.48E-06,2.89E-05,0.033780552,0.012293756,0.001391249,0.001890538,2.43E-05,8.52E-05,0.002006735,0,0,0.00074539,0.012074107,0.000372956,7.08E-06,0.000188969,0.000179619,3.03E-06,1.08E-07,3.33E-06,1.07E-09,3.32E-07,0,0,3.11E-07,4.02E-07,0,0,0,0,0,0,0,0.280189798,0.028251033
1969.5,1969,1970,0.033619262,0.023511385,-0.321257846,-0.8378853,0.004517669,-0.173303796,0.049821723,0.827069618,0.350749286,0.090311925,0,0.000318149,3.37E-08,2.84E-10,1.63E-09,0,1.49E-09,0,0,0,0,6.75E-09,0.00016997,2.13E-06,0.000868814,0.000156021,6.66E-06,3.55E-05,0.038450039,0.014340845,0.001568543,0.001991012,3.53E-05,0.000102682,0.002393332,0,0,0.000945494,0.012436237,0.000381986,7.34E-06,0.000200356,0.000187713,6.65E-06,1.54E-07,5.20E-06,8.53E-09,5.56E-07,0,0,4.46E-07,5.90E-07,0,0,0,0,0,0,0,0.2856735,0.029029294
1970.5,1970,1971,0.032605227,0.163759687,-0.346353035,-0.87945827,0.004701892,-0.174709548,0.052019339,0.853148737,0.360431529,0.091716912,0,0.00034986,3.40E-08,2.00E-09,1.14E-08,0,1.51E-09,7.16E-12,0,0,0,4.85E-08,0.000184134,2.73E-06,0.000921954,0.000161184,6.89E-06,4.25E-05,0.043596345,0.016694896,0.001773076,0.002094793,5.01E-05,0.000120999,0.002800098,0,2.06E-07,0.001141079,0.012785173,0.000389878,7.60E-06,0.000211692,0.000195976,1.16E-05,2.36E-07,7.10E-06,1.81E-08,8.46E-07,0,0,5.97E-07,8.01E-07,0,0,0,0,0,0,0,0.299203324,0.029986436
1971.5,1971,1972,-0.004695776,0.21048292,-0.345214312,-0.890472786,0.005751222,-0.17555704,0.054102892,0.863525322,0.369261223,0.093153281,0,0.00038279,3.42E-08,2.35E-09,1.33E-08,0,1.87E-07,1.29E-08,0,1.96E-08,0,6.04E-08,0.000201131,3.47E-06,0.000981749,0.00016771,7.17E-06,4.97E-05,0.049147261,0.019301804,0.002007691,0.002201687,6.76E-05,0.000139593,0.003233424,0,4.07E-06,0.001343431,0.013120817,0.000396689,7.86E-06,0.00022295,0.000204459,1.70E-05,1.02E-06,9.10E-06,1.12E-07,1.19E-06,0,0,7.62E-07,1.03E-06,0,0,0,0,0,0,0,0.306857375,0.030867135
1972.5,1972,1973,0.005881421,0.219918212,-0.359042407,-0.945602999,0.006269175,-0.176146172,0.058898453,0.896530277,0.377209558,0.09461331,0,0.000416897,3.45E-08,2.43E-09,1.35E-08,0,6.82E-07,4.69E-08,0,7.13E-08,0,4.82E-08,0.000220961,4.33E-06,0.001048869,0.000175967,7.51E-06,5.73E-05,0.055138625,0.022181657,0.002276819,0.002312425,8.57E-05,0.000159019,0.003710809,0,1.35E-05,0.001608124,0.013443068,0.000402554,8.14E-06,0.000234096,0.000213231,2.31E-05,3.03E-06,1.14E-05,4.21E-07,1.59E-06,0,0,9.40E-07,1.28E-06,0,0,0,0,0,0,0,0.322827197,0.031666409
1973.5,1973,1974,-0.022995263,0.215287495,-0.370679951,-0.937582982,0.006703123,-0.177509386,0.058043128,0.939663374,0.383103866,0.096114871,0,0.000452144,3.48E-08,2.51E-09,1.38E-08,0,1.38E-06,9.49E-08,0,1.44E-07,0,3.46E-08,0.000240791,5.34E-06,0.001124389,0.000186358,7.92E-06,6.49E-05,0.061733143,0.025465257,0.002585116,0.002427869,0.000107861,0.000179,0.004261537,0,2.22E-05,0.001957229,0.013752741,0.000407579,8.45E-06,0.000245101,0.000222247,3.09E-05,6.26E-06,1.41E-05,9.12E-07,2.04E-06,0,0,1.13E-06,1.56E-06,0,0,0,0,0,0,0,0.323162344,0.032263449
1974.5,1974,1975,-0.03271443,0.213907141,-0.36429016,-0.936151911,0.006701857,-0.178491995,0.059158446,0.953761982,0.388839618,0.097667741,0,0.000488485,3.51E-08,2.58E-09,1.40E-08,0,2.18E-06,1.50E-07,0,2.28E-07,0,2.00E-08,0.000260621,6.48E-06,0.001211927,0.0001997,8.46E-06,7.27E-05,0.069010713,0.029178167,0.00293826,0.002548882,0.000133762,0.000199814,0.004817096,0,3.12E-05,0.002373039,0.014051846,0.000411803,8.72E-06,0.000255936,0.000231538,4.26E-05,1.05E-05,1.71E-05,1.56E-06,2.52E-06,0,0,1.33E-06,1.84E-06,0,0,0,0,0,0,0,0.323601489,0.032847713
1975.5,1975,1976,-0.040545925,0.203536622,-0.356715347,-0.924420573,0.00692789,-0.179084571,0.059426199,0.954797703,0.39553992,0.09926965,0,0.000525888,3.54E-08,2.66E-09,1.45E-08,2.87E-10,2.99E-06,2.05E-07,0,3.12E-07,0,1.70E-08,0.000283284,7.77E-06,0.001312006,0.000216277,9.18E-06,8.04E-05,0.076418727,0.032928181,0.003344479,0.002676333,0.000162943,0.000221461,0.005384556,0,3.77E-05,0.00275715,0.014340234,0.000415379,9.03E-06,0.00026657,0.000241173,5.97E-05,1.55E-05,2.06E-05,2.34E-06,3.05E-06,0,0,1.54E-06,2.13E-06,0,0,0,0,0,0,0,0.322063607,0.033534006
1976.5,1976,1977,-0.04335403,0.204081861,-0.374506629,-0.974243349,0.007147659,-0.179789694,0.063950008,0.966697236,0.402952252,0.100918117,0,0.000564306,3.57E-08,2.74E-09,1.25E-06,2.29E-09,3.69E-06,2.53E-07,0,3.85E-07,0,7.44E-08,0.00030843,9.23E-06,0.001402551,0.000231606,9.90E-06,8.81E-05,0.083500985,0.036562736,0.003808874,0.002814859,0.000199908,0.000243108,0.006029739,0,4.45E-05,0.003165156,0.014616775,0.000418428,9.36E-06,0.000276971,0.000251149,8.20E-05,2.61E-05,2.50E-05,3.22E-06,3.61E-06,0,0,1.77E-06,2.42E-06,0,0,0,0,0,0,0,0.333559239,0.034298137
1977.5,1977,1978,-0.021279199,0.217710129,-0.374082172,-0.983455739,0.007806015,-0.181223348,0.066297897,0.996798716,0.410820749,0.10261047,0,0.000603706,3.59E-08,2.81E-09,4.52E-06,4.58E-09,4.18E-06,2.87E-07,0,4.37E-07,0,1.02E-06,0.000336855,1.08E-05,0.001502758,0.000247757,1.07E-05,9.55E-05,0.090309079,0.040099374,0.004364175,0.002964723,0.000242222,0.000265032,0.006716558,0,5.12E-05,0.003713452,0.014882531,0.000420983,9.65E-06,0.00028711,0.000261477,0.000109626,4.50E-05,3.06E-05,4.19E-06,4.20E-06,0,0,2.02E-06,2.72E-06,0,0,0,0,0,0,0,0.339680815,0.035115041
1978.5,1978,1979,0.02764424,0.220255305,-0.373258385,-1.003145095,0.00829744,-0.183115996,0.070023203,1.02424457,0.418900035,0.104370713,0,0.000644041,3.62E-08,2.89E-09,9.09E-06,6.88E-09,4.37E-06,3.00E-07,0,4.56E-07,0,0,0.000373934,1.26E-05,0.00161584,0.000266573,1.18E-05,0.000102764,0.096762377,0.043385071,0.004811582,0.003120238,0.00028901,0.000287233,0.007639487,0,5.77E-05,0.004425727,0.015138319,0.000423118,9.98E-06,0.000296955,0.000272171,0.000141624,6.89E-05,3.69E-05,5.22E-06,4.82E-06,0,0,2.27E-06,3.01E-06,2.86E-05,0,5.72E-06,0.000103123,0,0,0,0.346995946,0.035960093
1979.5,1979,1980,0.07410278,0.195689698,-0.381625257,-1.017166482,0.008855483,-0.183930937,0.071143042,1.05239487,0.426943401,0.106201792,0,0.000684747,3.65E-08,1.17E-05,1.43E-05,9.17E-09,4.37E-06,3.00E-07,0,2.28E-07,0,8.18E-07,0.000436255,4.27E-05,0.001726054,0.000285802,1.29E-05,0.000110881,0.102673089,0.046209085,0.005330048,0.003275706,0.000339398,0.00030999,0.008658594,0,6.62E-05,0.005045853,0.015384436,0.000424908,1.03E-05,0.000306478,0.000283247,0.000175561,9.44E-05,4.35E-05,6.29E-06,5.46E-06,0,0,2.53E-06,3.29E-06,3.07E-05,0,6.08E-06,0.000113931,0,0,0,0.351944601,0.036807786
1980.5,1980,1981,0.07742571,0.151555791,-0.384477246,-1.009446451,0.009153713,-0.184864161,0.069178783,1.086350454,0.434719752,0.10843908,2.51E-05,0.00074896,2.94E-06,2.56E-05,1.61E-05,1.15E-08,3.00E-06,3.00E-07,0,1.17E-08,0,6.13E-07,0.000486117,7.27E-05,0.001914026,0.000317175,1.44E-05,0.00011932,0.108932455,0.048892143,0.006078854,0.003185682,0.000430938,0.000333579,0.009527336,0,7.96E-05,0.005545654,0.015587801,0.000426396,1.07E-05,0.000315644,0.000294717,0.00021168,0.000113035,4.55E-05,7.37E-06,6.11E-06,3.59E-06,0,2.82E-06,3.56E-06,3.31E-05,0,6.51E-06,0.000129399,2.09E-06,0,0,0.352461099,0.037633924
1981.5,1981,1982,0.083478734,0.118739404,-0.371568647,-0.982867353,0.009186114,-0.186270499,0.067333956,1.10603868,0.441993988,0.111243041,4.96E-05,0.000814702,4.06E-06,3.09E-05,3.51E-05,1.38E-08,8.19E-07,3.00E-07,0,2.91E-08,0,6.13E-07,0.000552406,8.05E-05,0.002027208,0.00033832,1.61E-05,0.000128023,0.114956783,0.051305216,0.007010117,0.003331125,0.000494962,0.000359111,0.010240707,3.12E-05,0.000145519,0.00590752,0.015848075,0.000427627,1.10E-05,0.000324429,0.000306629,0.000261438,0.000134968,5.17E-05,8.85E-06,7.13E-06,3.59E-06,0,3.30E-06,3.85E-06,3.59E-05,0,6.99E-06,0.00014224,2.37E-06,0,0,0.35036768,0.038413002
1982.5,1982,1983,0.027035816,-0.198464499,-0.370379291,-1.022603013,0.009582634,-0.187271929,0.071738843,1.118139674,0.448540014,0.115167147,5.67E-05,0.000879488,7.33E-06,1.79E-05,3.23E-05,1.60E-08,5.45E-07,3.00E-07,0,6.15E-08,1.34E-09,8.18E-07,0.00062436,8.53E-05,0.002125107,0.000356855,1.79E-05,0.000137278,0.120887932,0.053709935,0.008267348,0.003470413,0.000563913,0.000386585,0.010865549,3.17E-05,0.000151116,0.006189205,0.016038165,0.000428643,1.14E-05,0.000332797,0.000318929,0.000301957,0.000162141,5.83E-05,1.03E-05,8.36E-06,3.59E-06,0,3.91E-06,4.04E-06,3.93E-05,0,7.47E-06,0.000155081,3.63E-06,0,0,0.362915873,0.039120398
1983.5,1983,1984,0.027457032,-0.645011647,-0.353666652,-0.956390725,0.010008547,-0.18842084,0.067060299,1.145552038,0.454180089,0.117069288,7.05E-05,0.000953448,3.14E-06,3.34E-05,3.21E-05,1.83E-08,3.00E-06,3.00E-07,0,6.84E-07,1.13E-08,1.23E-06,0.000689516,8.98E-05,0.002225275,0.000375912,1.92E-05,0.000147387,0.127016189,0.056358248,0.009063398,0.003641827,0.00064025,0.000417668,0.011531432,3.03E-05,0.000154011,0.006442722,0.016255484,0.000429505,1.18E-05,0.000340722,0.000331588,0.000348479,0.000193881,6.31E-05,1.20E-05,9.58E-06,3.59E-06,0,4.51E-06,4.04E-06,4.33E-05,0,8.01E-06,0.000165393,4.46E-06,0,0,0.349024111,0.039731462
1984.5,1984,1985,-0.024695728,-0.242265168,-0.357432213,-0.980068075,0.010930145,-0.189529924,0.070208375,1.170571518,0.459033854,0.11935123,5.10E-05,0.001034478,3.24E-06,2.71E-05,3.48E-05,2.06E-08,4.64E-06,3.00E-07,0,1.14E-06,2.64E-08,1.64E-06,0.00075977,9.80E-05,0.00233047,0.000398623,2.05E-05,0.000158512,0.132728728,0.058783047,0.010330869,0.003827361,0.000721513,0.000450692,0.012327955,2.72E-05,0.000162889,0.006742159,0.016475001,0.000430223,1.21E-05,0.000348168,0.000344589,0.00039545,0.000232433,6.98E-05,1.38E-05,1.10E-05,3.59E-06,0,5.30E-06,4.32E-06,4.81E-05,0,8.73E-06,0.000180267,4.46E-06,0,0,0.356463398,0.040260739
1985.5,1985,1986,-0.04340083,0.027570317,-0.359593957,-0.99071103,0.011542963,-0.190504463,0.071551604,1.194361129,0.46410315,0.121182343,6.80E-05,0.001116465,6.20E-06,3.51E-05,4.02E-05,2.29E-07,4.64E-06,3.00E-07,0,9.13E-07,4.22E-08,1.84E-06,0.000841356,0.000110845,0.002432018,0.000422118,2.21E-05,0.000170656,0.138799644,0.061731821,0.011841285,0.003982902,0.000810163,0.000487603,0.013404884,3.27E-05,0.000168679,0.007002488,0.016679128,0.00043083,1.25E-05,0.000355111,0.00035786,0.000442122,0.000277646,7.65E-05,1.59E-05,1.24E-05,3.59E-06,0,6.34E-06,4.52E-06,5.44E-05,0,9.64E-06,0.00019514,4.46E-06,0,0,0.360437578,0.040815317
1986.5,1986,1987,-0.042636402,0.022630269,-0.356114445,-0.995924096,0.012489888,-0.191321306,0.073654315,1.217410711,0.469214148,0.124201056,7.05E-05,0.001200935,3.86E-06,3.39E-05,4.82E-05,2.01E-06,4.92E-06,3.00E-07,0,2.28E-07,9.30E-08,1.84E-06,0.000932574,0.0001237,0.002529819,0.000445612,2.40E-05,0.000201537,0.145583732,0.064746257,0.013405052,0.004190386,0.0009062,0.000529508,0.014711724,4.15E-05,0.000189329,0.007211394,0.016940417,0.000431314,1.29E-05,0.000361517,0.000371373,0.000493896,0.000332592,8.35E-05,1.79E-05,1.41E-05,7.18E-06,0,7.70E-06,5.30E-06,6.24E-05,0,1.07E-05,0.000207337,5.30E-06,0,0,0.366476033,0.04137869
1987.5,1987,1988,-0.025413355,0.098332455,-0.365633068,-1.027735008,0.013352212,-0.192023226,0.07654814,1.244874294,0.473232191,0.124835262,6.00E-05,0.001284259,2.22E-06,3.34E-05,5.16E-05,4.72E-06,6.01E-06,3.00E-07,0,6.84E-07,2.47E-07,1.64E-06,0.001025492,0.000131919,0.002629001,0.000468845,2.59E-05,0.000211582,0.152826544,0.068033454,0.015293448,0.00441521,0.001009625,0.000571414,0.015661234,3.85E-05,0.000189715,0.007458949,0.017139978,0.000431734,1.33E-05,0.000367357,0.000385233,0.000550323,0.000392029,8.95E-05,1.99E-05,1.55E-05,7.18E-06,0,9.28E-06,6.14E-06,7.16E-05,0,1.18E-05,0.000220425,5.58E-06,0,0,0.373850442,0.041821055
1988.5,1988,1989,0.013697315,0.151271119,-0.363950223,-1.036813121,0.014333108,-0.192660577,0.079462845,1.284483999,0.478298557,0.127172964,6.32E-05,0.001378285,3.86E-06,3.71E-05,6.13E-05,8.25E-06,5.46E-06,3.00E-07,0,6.84E-07,5.33E-07,1.64E-06,0.001118976,0.000138452,0.002730154,0.000492862,2.81E-05,0.000221,0.160933045,0.071182732,0.01739947,0.004603206,0.001120438,0.000609434,0.016617836,3.53E-05,0.000193189,0.007798543,0.017326178,0.000432079,1.38E-05,0.000372597,0.000400157,0.000607199,0.000449968,9.74E-05,2.21E-05,1.73E-05,1.08E-05,0,1.11E-05,7.53E-06,8.16E-05,0,1.31E-05,0.000237679,6.14E-06,0,0,0.379818846,0.042383306
1989.5,1989,1990,0.07742571,0.187976162,-0.360916734,-1.023214729,0.015255068,-0.192852849,0.078780223,1.310371942,0.48371709,0.13066631,7.00E-05,0.001483969,6.00E-06,3.71E-05,7.11E-05,1.26E-05,3.82E-06,3.00E-07,0,6.84E-07,9.35E-07,1.64E-06,0.001219825,0.000141824,0.002833181,0.00051714,3.00E-05,0.000229789,0.167720717,0.073741199,0.019409941,0.004761392,0.001233713,0.000643014,0.017829918,3.94E-05,0.000217314,0.008062868,0.017520907,0.000432359,1.42E-05,0.000377208,0.000408845,0.000665877,0.00050424,0.000105819,2.42E-05,1.92E-05,1.44E-05,0,1.29E-05,8.93E-06,9.26E-05,0,1.48E-05,0.000253147,6.55E-06,0,0,0.381854743,0.042988966
1990.5,1990,1991,0.06705132,0.183656021,-0.36201464,-1.03739208,0.015695334,-0.192968247,0.08045659,1.330466063,0.486726816,0.133736954,7.71E-05,0.00158908,5.18E-06,3.04E-05,8.06E-05,1.79E-05,3.82E-06,3.00E-07,0,1.14E-06,1.44E-06,1.84E-06,0.001330873,0.000142456,0.002934827,0.000541156,3.19E-05,0.000237951,0.173150137,0.075655946,0.021291405,0.004900824,0.001344525,0.000672153,0.019163831,4.44E-05,0.00029374,0.008347501,0.017641623,0.000432592,1.47E-05,0.000381622,0.000406629,0.000731007,0.000555667,0.000114546,2.62E-05,2.10E-05,1.44E-05,6.73E-06,1.47E-05,1.06E-05,0.000105015,0,1.66E-05,0.000270698,7.39E-06,0,0,0.385167668,0.043328353
1991.5,1991,1992,0.0533072,-0.528646173,-0.373625409,-1.115266116,0.015585714,-0.192290181,0.08857845,1.351444166,0.491995125,0.136048399,7.00E-05,0.001690941,5.59E-06,3.98E-05,8.99E-05,3.03E-05,1.12E-05,3.00E-07,0,1.83E-06,2.04E-06,2.86E-06,0.001451552,0.000144774,0.003033614,0.000564651,3.40E-05,0.000245799,0.177450669,0.076968157,0.022878381,0.004987919,0.001450412,0.000696298,0.020458853,4.17E-05,0.00044254,0.008493191,0.017613957,0.000432779,1.51E-05,0.000386158,0.000387808,0.000793586,0.000603801,0.000121247,2.84E-05,2.28E-05,1.80E-05,7.77E-06,1.70E-05,1.23E-05,0.000118547,0,1.86E-05,0.000278531,8.51E-06,0,0,0.411508115,0.043920225
1992.5,1992,1993,0.036552172,-1.741239475,-0.338543677,-0.994480039,0.017212921,-0.191571642,0.07861763,1.362454438,0.494965931,0.137776844,5.97E-05,0.001795861,7.02E-06,2.90E-05,9.41E-05,4.27E-05,9.29E-06,3.00E-07,0,1.14E-06,2.73E-06,4.70E-06,0.001571099,0.000153625,0.003117712,0.000587101,3.64E-05,0.00025302,0.181410741,0.077785266,0.024179159,0.005042357,0.001548913,0.000717389,0.021659797,4.52E-05,0.000624343,0.008574494,0.017552727,0.000432937,1.56E-05,0.000390601,0.000359181,0.000852464,0.000648491,0.000127637,3.04E-05,2.49E-05,2.15E-05,8.80E-06,1.92E-05,1.45E-05,0.00012926,0,2.04E-05,0.000285472,9.62E-06,0,0,0.3877828,0.044255874
1993.5,1993,1994,0.002433691,-0.747571441,-0.332339668,-1.00833075,0.018823886,-0.191506467,0.081655253,1.374076532,0.495734451,0.138827473,8.65E-05,0.001911291,4.88E-06,3.81E-05,0.00010374,5.09E-05,9.29E-06,6.00E-07,0,2.43E-07,3.52E-06,7.36E-06,0.001690645,0.000161844,0.003195203,0.000609551,3.91E-05,0.000259612,0.183937303,0.078188031,0.024808524,0.005084393,0.00164495,0.000735983,0.022571012,0.000121933,0.000734019,0.008198807,0.017427775,0.000433109,1.61E-05,0.000394727,0.000354615,0.000907589,0.000685844,0.000133559,3.26E-05,2.69E-05,2.51E-05,9.83E-06,2.11E-05,1.67E-05,0.000134899,0,2.19E-05,0.000288843,1.12E-05,0,0,0.393460259,0.044343766
1994.5,1994,1995,-0.025506958,-0.041033911,-0.335512556,-1.062474569,0.020045553,-0.191421695,0.088263155,1.397570187,0.497897591,0.140619257,0.00016012,0.002030162,4.37E-06,4.78E-05,0.000116592,6.00E-05,1.20E-05,6.00E-07,0,4.59E-07,4.38E-06,1.04E-05,0.00181699,0.000169431,0.00326816,0.000632002,4.24E-05,0.000266204,0.185972888,0.078212655,0.025190875,0.005113172,0.0017336,0.000749026,0.023725802,0.000303709,0.00096848,0.007531786,0.017292188,0.000411873,1.66E-05,0.000398321,0.000352677,0.000971219,0.000717285,0.000139014,3.47E-05,2.87E-05,2.87E-05,1.09E-05,2.33E-05,1.92E-05,0.000137718,0,3.32E-05,0.000294835,1.32E-05,0,0,0.411013462,0.044589742
1995.5,1995,1996,-0.036302563,0.132313999,-0.310180704,-1.017031414,0.021404484,-0.191166387,0.088198296,1.426269984,0.499827224,0.142593494,0.000306284,0.002157632,7.22E-06,6.51E-05,0.000138348,7.02E-05,1.23E-05,1.20E-06,0,9.13E-07,5.32E-06,1.39E-05,0.001956083,0.000179335,0.003341511,0.000656279,4.62E-05,0.000272796,0.188320261,0.077867637,0.025249049,0.00512754,0.0018124,0.000758185,0.024819324,0.000564524,0.001203134,0.006752368,0.017162334,0.000435182,1.57E-05,0.000401165,0.00034817,0.001024044,0.000744383,0.000142286,3.69E-05,3.08E-05,3.23E-05,1.19E-05,2.54E-05,2.18E-05,0.000138987,0,5.49E-05,0.000301456,1.42E-05,0,0,0.404543186,0.044810165
1996.5,1996,1997,-0.04603733,0.195139717,-0.301857957,-0.987580737,0.022656012,-0.191532493,0.085075549,1.453594435,0.500623498,0.145422011,0.000541199,0.002293702,1.20E-05,9.74E-05,0.000171528,8.34E-05,1.45E-05,1.80E-06,0,4.59E-07,6.33E-06,1.78E-05,0.002092626,0.000190926,0.003415158,0.000683168,5.10E-05,0.000279389,0.190334343,0.077595023,0.02525568,0.005136447,0.001873963,0.000763458,0.02597914,0.000872972,0.001400869,0.005879755,0.016985041,0.000376573,1.65E-05,0.00040303,0.000319712,0.001065063,0.000767963,0.000145092,3.91E-05,3.30E-05,3.95E-05,1.29E-05,2.74E-05,2.43E-05,0.000139268,0,6.75E-05,0.000301397,1.48E-05,0,0,0.404800998,0.044904325
1997.5,1997,1998,-0.030436743,0.215709424,-0.332768547,-1.09450112,0.023810453,-0.192147973,0.094372477,1.470761062,0.501924068,0.148188608,0.000881246,0.002440284,5.80E-06,0.000142372,0.000215712,9.77E-05,1.80E-05,2.40E-06,0,9.13E-07,7.41E-06,2.17E-05,0.002223221,0.000198723,0.003486734,0.000713449,5.64E-05,0.000285981,0.191710513,0.077267007,0.025159075,0.005144812,0.00192075,0.000769563,0.026934835,0.001180537,0.001620543,0.004998591,0.016824032,0.000394599,1.63E-05,0.000403762,0.000275077,0.001115786,0.000789223,0.000147585,4.13E-05,3.48E-05,4.31E-05,1.40E-05,2.94E-05,2.68E-05,0.000138987,0,7.05E-05,0.000303271,1.53E-05,0,0,0.442222829,0.045055437
1998.5,1998,1999,0.013697315,0.217367833,-0.323427276,-1.08296837,0.024772601,-0.192631644,0.094741208,1.511729533,0.505926974,0.150710938,0.001302856,0.002589923,1.27E-05,0.00020748,0.000276108,0.000114966,2.21E-05,3.30E-06,0,2.28E-06,9.41E-06,2.58E-05,0.0023473,0.00020926,0.003557029,0.00074582,6.26E-05,0.000292887,0.192699636,0.076848119,0.025036096,0.005151824,0.001957688,0.000775946,0.028130577,0.001466413,0.001808904,0.004197165,0.016663189,0.000499676,1.75E-05,0.000387609,0.000250655,0.001163209,0.000808087,0.000148209,4.35E-05,3.67E-05,5.03E-05,1.50E-05,3.12E-05,2.96E-05,0.000138282,0,7.35E-05,0.000305369,1.58E-05,0,0,0.43505832,0.045512513
1999.5,1999,2000,0.048283815,0.220854656,-0.293800471,-0.972561898,0.026280147,-0.193277945,0.082652764,1.543878284,0.508892327,0.153960418,0.001817898,0.002742811,1.76E-05,0.00026873,0.000340116,0.000136332,2.57E-05,4.20E-06,1.02E-09,2.51E-06,1.16E-05,3.03E-05,0.002467696,0.000218111,0.003625056,0.000779234,6.94E-05,0.000299794,0.193574077,0.076413842,0.024899101,0.005155254,0.001987238,0.000781219,0.029241956,0.001762491,0.001997749,0.003507329,0.016472936,0.000463417,1.63E-05,0.000389971,0.000247234,0.001202677,0.000825903,0.00014852,4.59E-05,3.85E-05,5.75E-05,1.60E-05,3.31E-05,3.24E-05,0.000137295,1.84E-05,7.66E-05,0.000305436,1.69E-05,0,0,0.420371019,0.045854363
2000.5,2000,2001,0.08413396,0.221501502,-0.290258149,-0.928315266,0.028348951,-0.193836382,0.076842402,1.561558246,0.509352034,0.157210115,0.002376313,0.002899521,2.34E-05,0.000344358,0.000411432,0.000159732,3.09E-05,5.40E-06,3.67E-06,2.38E-06,1.11E-05,3.54E-05,0.002581859,0.000225487,0.003691407,0.000812648,7.67E-05,0.000306386,0.194337421,0.07597297,0.024745226,0.00515485,0.0020094,0.000785104,0.030315055,0.002039211,0.002209788,0.002932859,0.016289496,0.000421495,1.64E-05,0.000378253,0.000200258,0.001236593,0.000844018,0.000148832,4.79E-05,4.01E-05,6.10E-05,1.71E-05,3.51E-05,3.49E-05,0.000136026,1.79E-05,7.98E-05,0.000307287,1.69E-05,1.84E-06,0,0.417495814,0.045911756
2001.5,2001,2002,0.062121533,0.216241088,-0.289775799,-0.929322166,0.029009886,-0.193532216,0.077557609,1.585874006,0.508741749,0.159654959,0.002962974,0.003031578,3.09E-05,0.000436117,0.000491064,0.000185167,3.85E-05,6.60E-06,1.47E-06,3.47E-06,1.11E-05,4.09E-05,0.002696873,0.000233495,0.003755589,0.000843974,8.42E-05,0.000312664,0.19467788,0.075494576,0.024586528,0.005152516,0.0020291,0.000789544,0.031580726,0.002273198,0.002404431,0.00244229,0.01612616,0.000371458,1.42E-05,0.000364042,0.000179364,0.001260604,0.000859738,0.000148988,5.03E-05,4.20E-05,6.82E-05,1.78E-05,3.69E-05,3.74E-05,0.000134476,1.77E-05,8.29E-05,0.000306877,1.73E-05,1.97E-06,0,0.420695477,0.045846183
2002.5,2002,2003,0.07606846,0.223024883,-0.304728539,-0.997956809,0.028463508,-0.193031195,0.083177821,1.616444282,0.509061171,0.161764311,0.003603121,0.003162297,4.21E-05,0.000536525,0.000585144,0.000221793,4.73E-05,8.10E-06,7.35E-07,5.63E-06,1.36E-05,4.72E-05,0.002819252,0.000244454,0.003821151,0.000874778,9.23E-05,0.000319571,0.194853485,0.074925458,0.024364231,0.005147579,0.002043875,0.000794817,0.032724396,0.00248646,0.00255945,0.002034946,0.015953852,0.000382771,1.26E-05,0.000417155,0.000175832,0.001275911,0.00087593,0.000148676,5.25E-05,4.34E-05,7.18E-05,1.86E-05,3.85E-05,3.96E-05,0.000132784,1.72E-05,8.60E-05,0.000305658,1.87E-05,2.18E-06,0,0.433477815,0.045885852
2003.5,2003,2004,0.012184058,0.206669847,-0.319504522,-1.023490822,0.029486088,-0.19325908,0.084352061,1.654976955,0.510649718,0.164058707,0.004295749,0.003299132,5.77E-05,0.000657974,0.00068838,0.000263507,5.68E-05,9.60E-06,1.00E-05,1.34E-05,1.93E-05,5.46E-05,0.002942198,0.000258574,0.003892826,0.000904277,0.000100166,0.000326791,0.194792561,0.074300498,0.024140728,0.005153749,0.002051263,0.00080009,0.033814497,0.002669039,0.002686344,0.0016995,0.015793176,0.000391544,1.17E-05,0.000433619,0.000179952,0.001286416,0.000889019,0.000147897,5.44E-05,4.44E-05,7.54E-05,1.93E-05,4.03E-05,4.16E-05,0.000131234,1.67E-05,8.92E-05,0.000304439,2.05E-05,2.38E-06,0,0.436652947,0.046070367
2004.5,2004,2005,-0.0159438,0.217584752,-0.319349137,-1.026271724,0.033537013,-0.193805838,0.087103073,1.682076478,0.510378525,0.166193849,0.005013531,0.003461193,8.32E-05,0.000786787,0.000809508,0.000318751,6.86E-05,1.11E-05,3.70E-05,2.80E-05,2.57E-05,6.32E-05,0.003071659,0.00027459,0.003971121,0.0009321,0.000108739,0.000334325,0.194631291,0.073713058,0.023886028,0.005152419,0.002054406,0.000810689,0.034838197,0.002784145,0.002817298,0.001412458,0.015629176,0.000401235,1.14E-05,0.000424254,0.000171712,0.001297371,0.00090921,0.000150566,5.60E-05,4.57E-05,7.90E-05,2.01E-05,4.19E-05,4.30E-05,0.000129824,1.65E-05,9.25E-05,0.000305502,2.45E-05,2.58E-06,0.000259013,0.444594636,0.046042858
2005.5,2005,2006,-0.0425428,0.187877554,-0.333498265,-1.056002907,0.035230123,-0.194328604,0.08996691,1.712332531,0.509580882,0.168513187,0.005773851,0.003643321,0.000120909,0.000926938,0.00094458,0.000376133,8.31E-05,1.26E-05,8.60E-05,4.75E-05,3.32E-05,7.32E-05,0.003199138,0.000285138,0.004038652,0.000957088,0.000116438,0.000342801,0.194369675,0.073111109,0.023707135,0.005119611,0.002057044,0.00081791,0.03607735,0.002839569,0.002928633,0.001181179,0.015470576,0.000392753,1.18E-05,0.000455173,0.000170903,0.001302774,0.000917637,0.000150093,5.75E-05,4.65E-05,8.26E-05,2.09E-05,4.35E-05,4.46E-05,0.000128556,1.65E-05,9.59E-05,0.000310856,3.05E-05,2.86E-06,0.000269373,0.450242585,0.045955691
2006.5,2006,2007,-0.045943726,0.167280369,-0.344185662,-1.070010739,0.036697412,-0.192275613,0.089070784,1.744514161,0.509628596,0.171248459,0.006502582,0.003844369,0.000161826,0.001084155,0.001098468,0.000444095,9.97E-05,1.53E-05,0.000147968,6.89E-05,4.07E-05,8.49E-05,0.003334548,0.000299904,0.00410363,0.000980785,0.000123455,0.000351904,0.193821357,0.072472958,0.023522666,0.005096193,0.002058498,0.00082446,0.037504158,0.002913227,0.003083555,0.000987623,0.015285141,0.000366575,1.08E-05,0.000461296,0.000171712,0.001298572,0.000927947,0.000148388,5.88E-05,4.73E-05,8.62E-05,2.16E-05,4.51E-05,4.55E-05,0.00012771,1.62E-05,9.79E-05,0.000305502,3.71E-05,3.26E-06,0.000273517,0.456579698,0.045965455
2007.5,2007,2008,-0.05453965,0.153785657,-0.330583362,-1.056029118,0.038624099,-0.190120339,0.091431998,1.770346853,0.512269537,0.173658473,0.007238666,0.004018088,0.000212875,0.001285206,0.001260756,0.000519993,0.000117496,1.65E-05,0.00020274,8.84E-05,4.82E-05,9.84E-05,0.003489505,0.000311856,0.004173669,0.001005389,0.000129702,0.000361322,0.193050846,0.071852102,0.023280174,0.005104955,0.002059023,0.000828766,0.039181383,0.003017891,0.003279068,0.000825112,0.015097381,0.000405675,1.02E-05,0.000495795,0.000188192,0.001288517,0.000938473,0.000146774,5.99E-05,4.79E-05,8.98E-05,2.24E-05,4.66E-05,4.66E-05,0.000127146,1.62E-05,9.82E-05,0.000305204,4.30E-05,3.94E-06,0.000279734,0.461301161,0.046270384
2008.5,2008,2009,-0.050935913,0.171549334,-0.315630182,-1.015616239,0.039390958,-0.190128844,0.08796175,1.801500764,0.514710738,0.176571784,0.007994724,0.004176518,0.000269017,0.0015177,0.001443456,0.000579765,0.000136077,1.85E-05,0.000252414,0.000104244,5.61E-05,0.000113895,0.00365126,0.000319556,0.004242609,0.001027763,0.000135285,0.000371681,0.192222993,0.071275948,0.023057876,0.005126565,0.00206026,0.000831986,0.040915386,0.003108497,0.003505314,0.000692676,0.014906047,0.000408442,9.20E-06,0.000562069,0.000181791,0.00127396,0.000947623,0.000145356,6.08E-05,4.87E-05,8.98E-05,2.32E-05,4.85E-05,4.74E-05,0.000126582,1.62E-05,9.82E-05,0.000308179,4.41E-05,4.69E-06,0.000259013,0.456692792,0.046554028
2009.5,2009,2010,-0.051669143,0.14285552,-0.287960838,-0.965338288,0.038333044,-0.190347118,0.08485456,1.823157743,0.516575638,0.178836479,0.008774516,0.004312397,0.00032548,0.001769247,0.001631784,0.000601741,0.000156844,2.06E-05,0.000291202,0.000122734,6.32E-05,0.000130867,0.003807917,0.000330345,0.004304209,0.001047241,0.000140377,0.000382982,0.191319882,0.070724564,0.022870092,0.005135681,0.00206176,0.000836388,0.042518299,0.003190991,0.003718126,0.000582202,0.014692033,0.000376479,8.21E-06,0.000555603,0.000166783,0.001255051,0.000952179,0.000143821,6.18E-05,4.93E-05,9.34E-05,2.39E-05,4.98E-05,4.80E-05,0.000125172,1.62E-05,0.000100894,0.000308179,4.30E-05,5.37E-06,0.000238292,0.449090851,0.046771219
2010.5,2010,2011,-0.032683227,0.177394253,-0.27884973,-0.99094179,0.042468772,-0.190340052,0.091162783,1.855945124,0.518540414,0.181661839,0.009617319,0.004443499,0.00042378,0.002056329,0.001815408,0.000626668,0.000178978,2.25E-05,0.000328912,0.000124615,6.97E-05,0.000149475,0.003970806,0.000344007,0.00436566,0.001066863,0.000145206,0.000395225,0.190262668,0.070167611,0.02267221,0.005130101,0.002063237,0.0008424,0.04412057,0.003288024,0.003948089,0.000487042,0.014501032,0.000385219,7.96E-06,0.000646621,0.000181939,0.001235542,0.000960028,0.000141873,6.25E-05,4.89E-05,9.34E-05,2.47E-05,5.16E-05,4.85E-05,0.000118406,1.62E-05,0.000110832,0.000315913,4.69E-05,5.71E-06,0.000227931,0.45791581,0.047001186
2011.5,2011,2012,0.001419653,0.136224342,-0.288973445,-0.967808578,0.044525167,-0.188851171,0.085423928,1.883060907,0.520565335,0.184902892,0.010485528,0.004596578,0.000524367,0.002405362,0.002016672,0.000666041,0.000198771,2.45E-05,0.000371981,0.000136982,7.61E-05,0.000169309,0.004135961,0.000360531,0.004432418,0.001087472,0.000149868,0.000409038,0.189320135,0.069556575,0.022474026,0.005108727,0.002065978,0.000849521,0.045585335,0.003432207,0.004097979,0.000405973,0.014303634,0.000340759,7.79E-06,0.000650889,0.000194372,0.001213932,0.000965538,0.000139704,6.34E-05,5.01E-05,9.70E-05,2.53E-05,5.30E-05,4.91E-05,0.000117561,1.62E-05,0.000119265,0.000309369,5.65E-05,6.12E-06,0.000223787,0.460900656,0.04723918
2012.5,2012,2013,0.02209043,0.174917764,-0.287812909,-0.991333675,0.044871003,-0.18756005,0.088471254,1.912371099,0.522453059,0.187688472,0.011298915,0.004769341,0.000624772,0.002784904,0.002233896,0.000683082,0.000221086,2.73E-05,0.000417473,0.000150815,8.16E-05,0.000190166,0.004301683,0.00037966,0.004502964,0.001108149,0.000154257,0.000423478,0.18833818,0.06897324,0.022280816,0.005072186,0.002069505,0.00085725,0.046756806,0.003593178,0.004183329,0.000337598,0.01411255,0.000373218,7.36E-06,0.000645269,0.000208792,0.001189021,0.000975407,0.000137643,6.43E-05,5.05E-05,9.70E-05,2.59E-05,5.43E-05,4.97E-05,0.000120803,1.57E-05,0.000130108,0.000315913,6.32E-05,6.32E-06,0.000221715,0.46617808,0.047461098
2013.5,2013,2014,0.027815845,0.211265707,-0.267707669,-0.932156792,0.046266004,-0.188020389,0.083539558,1.951868479,0.524466622,0.190647213,0.01213052,0.004963509,0.000765462,0.003223008,0.002458008,0.000681251,0.000246677,3.02E-05,0.000461353,0.000164588,8.53E-05,0.000212455,0.004482419,0.000401705,0.004574035,0.001128673,0.000158446,0.000438546,0.187245128,0.068478137,0.022080371,0.005053719,0.002072721,0.000864869,0.047936295,0.003737442,0.004255409,0.000280997,0.013935341,0.000371204,6.76E-06,0.000810934,0.000230495,0.001157956,0.00098228,0.000135518,6.53E-05,5.10E-05,0.000100549,2.66E-05,5.57E-05,5.02E-05,0.000119393,1.57E-05,0.000144564,0.000307287,6.32E-05,6.26E-06,0.000217571,0.459218243,0.047698256
2014.5,2014,2015,0.037488207,0.174008527,-0.264797938,-0.943295768,0.048205725,-0.188231479,0.084867229,1.979575237,0.527898633,0.194210717,0.013006083,0.005167041,0.000924547,0.003692555,0.002689932,0.000667007,0.000274272,3.29E-05,0.000502579,0.000179171,8.78E-05,0.000236992,0.004673353,0.000423886,0.004645563,0.001149641,0.000162532,0.000454242,0.186213001,0.068075226,0.021896204,0.005047092,0.002077145,0.000871235,0.048989186,0.003823872,0.004279249,0.000234972,0.013750737,0.000384644,6.11E-06,0.000818265,0.000271694,0.001128092,0.000987221,0.000133326,6.62E-05,5.14E-05,0.000100549,2.72E-05,5.71E-05,5.08E-05,0.000118406,1.65E-05,0.000154202,0.000305502,6.01E-05,5.64E-06,0.000213426,0.467702812,0.048101039
2015.5,2015,2016,0.045194898,0.138081906,-0.258297055,-0.935952187,0.050747745,-0.188185343,0.084498379,2.012418971,0.532056511,0.197143691,0.0139419,0.005359107,0.001087684,0.004229314,0.002951004,0.000671179,0.000299546,3.55E-05,0.000546361,0.0001952,9.08E-05,0.00026602,0.004857488,0.000444136,0.00471989,0.001170964,0.000166628,0.00047088,0.185130701,0.067701627,0.021704501,0.005034781,0.002084092,0.000876592,0.049896979,0.003891104,0.004284368,0.000198906,0.013561896,0.000405328,5.98E-06,0.000801645,0.000282656,0.001096878,0.000989916,0.000131335,7.01E-05,5.71E-05,9.88E-05,2.78E-05,5.53E-05,5.13E-05,0.000116151,1.62E-05,0.000163839,0.000312344,5.98E-05,6.01E-06,0.000211354,0.476777049,0.048588439
2016.5,2016,2017,-0.016677028,0.170457766,-0.23523751,-0.861863655,0.053342548,-0.188609179,0.078376663,2.060749926,0.535101835,0.199708363,0.014956105,0.005532635,0.001278039,0.004788165,0.003218124,0.000677588,0.000329484,3.82E-05,0.000594202,0.000212472,9.43E-05,0.000297177,0.005045872,0.000465395,0.004800233,0.001193214,0.000170824,0.000489087,0.183944471,0.067297396,0.021532993,0.005033475,0.00209315,0.000882775,0.050791727,0.003937532,0.004305937,0.000168239,0.013375132,0.000449802,6.72E-06,0.000835053,0.000311863,0.001066413,0.000989916,0.000129759,7.04E-05,5.64E-05,0.000100908,2.85E-05,5.73E-05,5.19E-05,0.000115305,1.65E-05,0.000177091,0.000309369,6.37E-05,6.01E-06,0.000207624,0.464016464,0.048947353
2017.5,2017,2018,-0.03884546,0.195311474,-0.226000278,-0.848342903,0.055809788,-0.188963352,0.078243063,2.090938576,0.53772345,0.202596237,0.016003404,0.005728522,0.001531857,0.005434216,0.003500112,0.000693612,0.000362739,4.15E-05,0.000646075,0.000225946,9.73E-05,0.000333469,0.005240489,0.00048756,0.004887401,0.00121718,0.000175233,0.000508864,0.182751073,0.067021265,0.021381529,0.005030384,0.002107304,0.000890763,0.051546297,0.003937586,0.004317839,0.000142988,0.013223511,0.000407721,5.90E-06,0.000909984,0.000350193,0.0010376,0.000991263,0.000126702,7.19E-05,5.79E-05,0.000101626,2.91E-05,5.81E-05,5.24E-05,0.00011446,1.67E-05,0.000190343,0.000307673,6.60E-05,6.01E-06,0.000204309,0.466996015,0.049258286
2018.5,2018,2019,-0.0425428,0.175525967,-0.223238262,-0.832851503,0.056371933,-0.189036728,0.075921267,2.124327861,0.540879577,0.206221729,0.017021788,0.005954605,0.001836334,0.006151336,0.003767316,0.000713553,0.000398325,4.50E-05,0.000700528,0.000238102,0.000100149,0.000375306,0.005435389,0.000507734,0.004978951,0.00124139,0.000179815,0.000529269,0.181686692,0.066772102,0.021208966,0.005030384,0.002122806,0.000900371,0.052187633,0.003915161,0.00430583,0.000122755,0.013084934,0.000397123,5.47E-06,0.000928397,0.000336509,0.001011488,0.000991413,0.000125767,7.34E-05,5.93E-05,0.000102345,2.97E-05,5.88E-05,5.30E-05,0.000113614,1.69E-05,0.000203594,0.00030687,6.58E-05,6.01E-06,0.000200994,0.46762296,0.04963389
2019.5,2019,2020,-0.04343203,0.066971995,-0.235358788,-0.877559079,0.061541386,-0.189741761,0.08,2.158520452,0.543955631,0.209149983,0.017990195,0.006262418,0.002162074,0.006913654,0.004033436,0.000725724,0.000437586,4.86E-05,0.000753524,0.000246859,0.000103288,0.000422293,0.005630652,0.000526326,0.005072619,0.001265285,0.000184544,0.00054936,0.180251367,0.066316497,0.021038815,0.005033475,0.002135509,0.000910451,0.052751157,0.003915553,0.004295361,0.0001047,0.012961474,0.000393391,5.15E-06,0.000971382,0.000293176,0.000978186,0.000993135,0.00012361,7.49E-05,6.08E-05,0.000103063,3.03E-05,5.95E-05,5.36E-05,0.000112768,1.71E-05,0.000216846,0.000306067,6.45E-05,6.01E-06,0.000197678,0.479125049,0.05
2020.5,2020,2021,-0.03483611,0.031984631,-0.18793836,-0.768604485,0.03067597,-0.190277255,0.0740985,2.191284528,0.548373994,0.212782866,0.018890127,0.006494249,0.00249168,0.007658335,0.004292002,0.00072109,0.000478944,5.19E-05,0.000799824,0.000250566,0.000106269,0.000474202,0.005824836,0.000545832,0.005167995,0.001289409,0.000189421,0.000568635,0.178810582,0.065628699,0.020807906,0.00502928,0.002143748,0.000919476,0.053002635,0.003936901,0.00424754,9.09E-05,0.012778411,0.000412284,5.56E-06,0.000983989,0.000266359,0.000946468,0.000992158,0.000122982,7.64E-05,6.23E-05,0.000103781,3.10E-05,6.03E-05,5.41E-05,0.000112768,1.73E-05,0.00024094,0.000305264,6.45E-05,6.01E-06,0.000194363,0.461935379,0.050526674
2021.5,2021,2022,-0.013541309,0.113283726,-0.212988825,-0.825746343,0.036909063,-0.190479846,0.077541113,2.222369247,0.554545673,0.216705639,0.019854115,0.00671511,0.002864119,0.008477328,0.004567803,0.000736092,0.000526673,5.52E-05,0.000838175,0.000257059,0.000108867,0.000530176,0.006032888,0.000569243,0.005265212,0.001314708,0.000194331,0.000588349,0.177421461,0.064951689,0.020596912,0.00502928,0.002154653,0.000927286,0.053205221,0.003953527,0.004206617,7.93E-05,0.012591778,0.000413515,5.38E-06,0.001091382,0.00025759,0.000921389,0.000994288,0.000122626,7.80E-05,6.37E-05,0.000104499,3.16E-05,6.10E-05,5.47E-05,0.000112768,1.75E-05,0.000265034,0.000304461,6.45E-05,6.01E-06,0.000191048,0.476627975,0.051263853
2022.5,2022,2023,0.049297854,-0.035362432,-0.186828766,-0.738823282,0.046869746,-0.190703752,0.070228328,2.254943801,0.56043814,0.220709783,0.020798542,0.006896009,0.003297932,0.009396137,0.004881003,0.000750858,0.000575799,5.87E-05,0.000870725,0.000261642,0.000110884,0.000588771,0.006249249,0.000593684,0.005362827,0.001341138,0.000199281,0.000608063,0.176111559,0.064288462,0.020446202,0.00502928,0.002172967,0.000934484,0.053183282,0.003953042,0.004152226,7.19E-05,0.012422875,0.000389452,4.97E-06,0.001092241,0.000229738,0.000893169,0.00099481,0.000122271,7.95E-05,6.52E-05,0.000105217,3.22E-05,6.18E-05,5.52E-05,0.000112768,1.77E-05,0.000289128,0.000303657,6.45E-05,6.01E-06,0.000187732,0.471179781,0.051972021
2023.5,2023,2024,0.10892329,0.168161177,-0.242386944,-0.888389074,0.058994272,-0.191346276,0.083364666,2.28600009,0.564151658,0.224036374,0.021643358,0.00707099,0.003772565,0.010337044,0.005198436,0.000751756,0.000623864,6.24E-05,0.000897624,0.0002605,0.00011093,0.000648728,0.006464318,0.000614997,0.005458757,0.001366811,0.000204353,0.000627777,0.174650888,0.063554792,0.02026535,0.00502928,0.002190716,0.000941095,0.052873067,0.003933422,0.004105884,6.46E-05,0.012281625,0.000370311,4.75E-06,0.001110136,0.000208879,0.000864855,0.000988925,0.000121716,8.10E-05,6.67E-05,0.000105936,3.29E-05,6.25E-05,5.58E-05,0.000112768,1.79E-05,0.000313222,0.000302854,6.45E-05,6.01E-06,0.000184417,0.50112113,0.052421773
2024.5,2024,2025,0.123899855,0.16631884,-0.215542654,-0.850660996,0.06487882,-0.191844339,0.082753389,2.33245544,0.566915515,0.227302407,0.022516925,0.007224705,0.004315282,0.011372752,0.005488527,0.000784229,0.000675596,6.62E-05,0.000919777,0.000251282,0.000109591,0.00070914,0.006679903,0.000634566,0.005553402,0.001391605,0.000209543,0.000647491,0.173136478,0.062861371,0.020084498,0.005027602,0.002202831,0.000947035,0.052434636,0.003914505,0.004051401,5.77E-05,0.012121087,0.000405828,5.27E-06,0.001211192,0.000221257,0.000836575,0.000984536,0.000121005,8.25E-05,6.82E-05,0.000106654,3.35E-05,6.33E-05,5.63E-05,0.000112768,1.81E-05,0.000337316,0.000302051,6.45E-05,6.01E-06,0.000181102,0.502505798,0.052759033
2025.5,2025,2026,0.10486714,0.157269385,-0.198500872,-0.763304221,0.067500187,-0.192211005,0.069986847,2.370924636,0.569585072,0.231590531,0.023453465,0.00742525,0.004715011,0.012234884,0.005792659,0.000791387,0.000723324,6.96E-05,0.000955031,0.000257672,0.000111921,0.000766732,0.00693676,0.000658631,0.005650946,0.001417683,0.000214465,0.000667206,0.171790559,0.062177537,0.01990666,0.005026763,0.002219252,0.000954553,0.052499322,0.00391881,0.00400483,4.86E-05,0.011951715,0.000381443,4.82E-06,0.001239736,0.00019509,0.000809595,0.000984762,0.000120661,8.40E-05,6.96E-05,0.000107372,3.41E-05,6.40E-05,5.69E-05,0.000112768,1.83E-05,0.00036141,0.000301248,6.45E-05,6.01E-06,0.000177786,0.482354429,0.053087731
